{"display":{"thirdperson_righthand":{"rotation":[54.25,174.75,-6.25],"translation":[0,4,1.25]},"thirdperson_lefthand":{"rotation":[54.25,174.75,-6.25],"translation":[0,4,1.25]},"firstperson_righthand":{"rotation":[33,174.75,-6.25],"translation":[0,3,1.25],"scale":[0.6,0.6,0.6]},"firstperson_lefthand":{"rotation":[33,174.75,-6.25],"translation":[0,3,1.25],"scale":[0.6,0.6,0.6]},"ground":{"scale":[0.6,0.6,0.6]},"gui":{"rotation":[90,-180,90],"translation":[-3,-3,0],"scale":[0.6,0.6,0.6]},"head":{"rotation":[135,0,0],"scale":[1.6,1.6,1.6]},"fixed":{"rotation":[-90,6,90],"translation":[3.5,-3,-0.25],"scale":[0.6,0.6,0.6]}},"texture_size":[32,32],"textures":{"0":"item/diamond_sword/11","particle":"item/diamond_sword/11"},"elements":[{"from":[7.5,0,0],"to":[8.5,3,3],"rotation":{"angle":0,"axis":"y","origin":[15,8,8]},"faces":{"north":{"uv":[1,14.5,2.5,15],"texture":"#0"},"east":{"uv":[1,13.5,2.5,15],"rotation":270,"texture":"#0"},"south":{"uv":[1,14.5,2.5,15],"texture":"#0"},"west":{"uv":[1,13.5,2.5,15],"texture":"#0"},"up":{"uv":[1,14.5,2.5,15],"texture":"#0"},"down":{"uv":[1,14.5,2.5,15],"texture":"#0"}}},{"from":[7.5,2,3],"to":[8.5,5,4],"rotation":{"angle":0,"axis":"y","origin":[15,10,9]},"faces":{"north":{"uv":[2.5,12.5,3,14],"texture":"#0"},"east":{"uv":[2.5,12.5,3,14],"texture":"#0"},"south":{"uv":[2.5,12.5,3,14],"texture":"#0"},"west":{"uv":[2.5,12.5,3,14],"texture":"#0"},"up":{"uv":[2.5,12.5,3,13],"texture":"#0"},"down":{"uv":[2.5,13.5,3,14],"texture":"#0"}}},{"from":[7.5,3,4],"to":[8.5,6,5],"rotation":{"angle":0,"axis":"y","origin":[15,11,10]},"faces":{"north":{"uv":[2.5,12.5,3,14],"texture":"#0"},"east":{"uv":[2.5,12.5,3,14],"texture":"#0"},"south":{"uv":[2.5,12.5,3,14],"texture":"#0"},"west":{"uv":[2.5,12.5,3,14],"texture":"#0"},"up":{"uv":[2.5,12.5,3,13],"texture":"#0"},"down":{"uv":[2.5,13.5,3,14],"texture":"#0"}}},{"from":[7.5,4,5],"to":[8.5,7,6],"rotation":{"angle":0,"axis":"y","origin":[15,12,11]},"faces":{"north":{"uv":[2.5,12.5,3,14],"texture":"#0"},"east":{"uv":[2.5,12.5,3,14],"texture":"#0"},"south":{"uv":[2.5,12.5,3,14],"texture":"#0"},"west":{"uv":[2.5,12.5,3,14],"texture":"#0"},"up":{"uv":[2.5,12.5,3,13],"texture":"#0"},"down":{"uv":[2.5,13.5,3,14],"texture":"#0"}}},{"from":[7.5,7,5],"to":[8.5,10,6],"rotation":{"angle":0,"axis":"y","origin":[15,15,11]},"faces":{"north":{"uv":[3.5,10,4,11.5],"texture":"#0"},"east":{"uv":[3.5,10,4,11.5],"texture":"#0"},"south":{"uv":[3.5,10,4,11.5],"texture":"#0"},"west":{"uv":[3.5,10,4,11.5],"texture":"#0"},"up":{"uv":[3.5,10,4,10.5],"texture":"#0"},"down":{"uv":[3.5,10,4,11.5],"texture":"#0"}}},{"from":[7.5,4,8],"to":[8.5,7,9],"rotation":{"angle":0,"axis":"y","origin":[15,12,14]},"faces":{"north":{"uv":[5,11.5,5.5,13],"texture":"#0"},"east":{"uv":[5,11.5,5.5,13],"texture":"#0"},"south":{"uv":[5,11.5,5.5,13],"texture":"#0"},"west":{"uv":[5,11.5,5.5,13],"texture":"#0"},"up":{"uv":[5,11.5,5.5,13],"texture":"#0"},"down":{"uv":[5,12.5,5.5,13],"texture":"#0"}}},{"from":[7.5,7,4],"to":[8.5,9,5],"rotation":{"angle":0,"axis":"y","origin":[15,15,10]},"faces":{"north":{"uv":[3,10.5,3.5,11.5],"texture":"#0"},"east":{"uv":[3,10.5,3.5,11.5],"texture":"#0"},"south":{"uv":[3,10.5,3.5,11.5],"texture":"#0"},"west":{"uv":[3,10.5,3.5,11.5],"texture":"#0"},"up":{"uv":[3,10.5,3.5,11.5],"texture":"#0"},"down":{"uv":[3,10.5,3.5,11.5],"texture":"#0"}}},{"from":[7.5,6,6],"to":[8.5,10,7],"rotation":{"angle":0,"axis":"y","origin":[15,14,12]},"faces":{"north":{"uv":[4,10,4.5,12],"texture":"#0"},"east":{"uv":[4,10,4.5,12],"texture":"#0"},"south":{"uv":[4,10,4.5,12],"texture":"#0"},"west":{"uv":[4,10,4.5,12],"texture":"#0"},"up":{"uv":[4,10,4.5,10.5],"texture":"#0"},"down":{"uv":[4,10,4.5,12],"texture":"#0"}}},{"from":[7.5,4,7],"to":[8.5,8,8],"rotation":{"angle":0,"axis":"y","origin":[15,12,13]},"faces":{"north":{"uv":[4.5,11,5,13],"texture":"#0"},"east":{"uv":[4.5,11,5,13],"texture":"#0"},"south":{"uv":[4.5,11,5,13],"texture":"#0"},"west":{"uv":[4.5,11,5,13],"texture":"#0"},"up":{"uv":[4.5,11,5,13],"texture":"#0"},"down":{"uv":[4.5,12.5,5,13],"texture":"#0"}}},{"from":[7.5,3,2],"to":[8.5,4,3],"rotation":{"angle":0,"axis":"y","origin":[15,10,8]},"faces":{"north":{"uv":[2,13,2.5,13.5],"texture":"#0"},"east":{"uv":[2,13,2.5,13.5],"texture":"#0"},"south":{"uv":[2,13,2.5,13.5],"texture":"#0"},"west":{"uv":[2,13,2.5,13.5],"texture":"#0"},"up":{"uv":[2,13,2.5,13.5],"texture":"#0"},"down":{"uv":[2,13,2.5,13.5],"texture":"#0"}}},{"from":[7.5,5,6],"to":[8.5,6,7],"rotation":{"angle":0,"axis":"y","origin":[15,12,12]},"faces":{"north":{"uv":[4,12,4.5,12.5],"texture":"#0"},"east":{"uv":[4,12,4.5,12.5],"texture":"#0"},"south":{"uv":[4,12,4.5,12.5],"texture":"#0"},"west":{"uv":[4,12,4.5,12.5],"texture":"#0"},"up":{"uv":[4,12,4.5,12.5],"texture":"#0"},"down":{"uv":[4,12,4.5,12.5],"texture":"#0"}}},{"from":[7.5,6,9],"to":[8.5,7,10],"rotation":{"angle":0,"axis":"y","origin":[15,13,15]},"faces":{"north":{"uv":[5.5,11.5,6,12],"texture":"#0"},"east":{"uv":[5.5,11.5,6,12],"texture":"#0"},"south":{"uv":[5.5,11.5,6,12],"texture":"#0"},"west":{"uv":[5.5,11.5,6,12],"texture":"#0"},"up":{"uv":[5.5,11.5,6,12],"texture":"#0"},"down":{"uv":[5.5,11.5,6,12],"texture":"#0"}}},{"from":[7.2,7,8],"to":[8.8,11,9],"rotation":{"angle":0,"axis":"y","origin":[15,14,14]},"faces":{"north":{"uv":[5,9.5,5.5,11.5],"texture":"#0"},"east":{"uv":[5,9.5,5.5,11.5],"texture":"#0"},"south":{"uv":[5,9.5,5.5,11.5],"texture":"#0"},"west":{"uv":[5,9.5,5.5,11.5],"texture":"#0"},"up":{"uv":[5,9.5,5.5,10],"texture":"#0"},"down":{"uv":[5,11,5.5,11.5],"texture":"#0"}}},{"from":[7.2,7,9],"to":[8.8,11,10],"rotation":{"angle":0,"axis":"y","origin":[15,14,15]},"faces":{"north":{"uv":[5.5,9.5,6,11.5],"texture":"#0"},"east":{"uv":[5.5,9.5,6,11.5],"texture":"#0"},"south":{"uv":[5.5,9.5,6,11.5],"texture":"#0"},"west":{"uv":[5.5,9.5,6,11.5],"texture":"#0"},"up":{"uv":[5.5,9.5,6,10],"texture":"#0"},"down":{"uv":[5.5,11,6,11.5],"texture":"#0"}}},{"from":[7.2,8,10],"to":[8.8,12,11],"rotation":{"angle":0,"axis":"y","origin":[15,15,16]},"faces":{"north":{"uv":[6,9,6.5,11],"texture":"#0"},"east":{"uv":[6,9,6.5,11],"texture":"#0"},"south":{"uv":[6,9,6.5,11],"texture":"#0"},"west":{"uv":[6,9,6.5,11],"texture":"#0"},"up":{"uv":[6,9,6.5,9.5],"texture":"#0"},"down":{"uv":[6,10.5,6.5,11],"texture":"#0"}}},{"from":[7.2,9,11],"to":[8.8,13,12],"rotation":{"angle":0,"axis":"y","origin":[15,16,17]},"faces":{"north":{"uv":[6.5,8.5,7,10.5],"texture":"#0"},"east":{"uv":[6.5,8.5,7,10.5],"texture":"#0"},"south":{"uv":[6.5,8.5,7,10.5],"texture":"#0"},"west":{"uv":[6.5,8.5,7,10.5],"texture":"#0"},"up":{"uv":[6.5,8.5,7,9],"texture":"#0"},"down":{"uv":[6.5,10,7,10.5],"texture":"#0"}}},{"from":[7.2,10,12],"to":[8.8,15,13],"rotation":{"angle":0,"axis":"y","origin":[15,17,18]},"faces":{"north":{"uv":[7,7.5,7.5,10],"texture":"#0"},"east":{"uv":[7,7.5,7.5,10],"texture":"#0"},"south":{"uv":[7,7.5,7.5,10],"texture":"#0"},"west":{"uv":[7,7.5,7.5,10],"texture":"#0"},"up":{"uv":[7,7.5,7.5,8],"texture":"#0"},"down":{"uv":[7,9.5,7.5,10],"texture":"#0"}}},{"from":[7.2,11,13],"to":[8.8,16,14],"rotation":{"angle":0,"axis":"y","origin":[15,18,19]},"faces":{"north":{"uv":[7.5,7,8,9.5],"texture":"#0"},"east":{"uv":[7.5,7,8,9.5],"texture":"#0"},"south":{"uv":[7.5,7,8,9.5],"texture":"#0"},"west":{"uv":[7.5,7,8,9.5],"texture":"#0"},"up":{"uv":[7.5,7,8,7.5],"texture":"#0"},"down":{"uv":[7.5,9,8,9.5],"texture":"#0"}}},{"from":[7.2,12,14],"to":[8.8,17,15],"rotation":{"angle":0,"axis":"y","origin":[15,19,20]},"faces":{"north":{"uv":[8,6.5,8.5,9],"texture":"#0"},"east":{"uv":[8,6.5,8.5,9],"texture":"#0"},"south":{"uv":[8,6.5,8.5,9],"texture":"#0"},"west":{"uv":[8,6.5,8.5,9],"texture":"#0"},"up":{"uv":[8,6.5,8.5,7],"texture":"#0"},"down":{"uv":[8,8.5,8.5,9],"texture":"#0"}}},{"from":[7.2,13,15],"to":[8.8,18,16],"rotation":{"angle":0,"axis":"y","origin":[15,20,21]},"faces":{"north":{"uv":[8.5,6,9,8.5],"texture":"#0"},"east":{"uv":[8.5,6,9,8.5],"texture":"#0"},"south":{"uv":[8.5,6,9,8.5],"texture":"#0"},"west":{"uv":[8.5,6,9,8.5],"texture":"#0"},"up":{"uv":[8.5,6,9,6.5],"texture":"#0"},"down":{"uv":[8.5,8,9,8.5],"texture":"#0"}}},{"from":[7.2,14,16],"to":[8.8,19,17],"rotation":{"angle":0,"axis":"y","origin":[15,21,22]},"faces":{"north":{"uv":[9,5.5,9.5,8],"texture":"#0"},"east":{"uv":[9,5.5,9.5,8],"texture":"#0"},"south":{"uv":[9,5.5,9.5,8],"texture":"#0"},"west":{"uv":[9,5.5,9.5,8],"texture":"#0"},"up":{"uv":[9,5.5,9.5,6],"texture":"#0"},"down":{"uv":[9,7.5,9.5,8],"texture":"#0"}}},{"from":[7.2,15,17],"to":[8.8,20,18],"rotation":{"angle":0,"axis":"y","origin":[15,22,23]},"faces":{"north":{"uv":[9.5,5,10,7.5],"texture":"#0"},"east":{"uv":[9.5,5,10,7.5],"texture":"#0"},"south":{"uv":[9.5,5,10,7.5],"texture":"#0"},"west":{"uv":[9.5,5,10,7.5],"texture":"#0"},"up":{"uv":[9.5,5,10,5.5],"texture":"#0"},"down":{"uv":[9.5,7,10,7.5],"texture":"#0"}}},{"from":[7.2,16,18],"to":[8.8,21,19],"rotation":{"angle":0,"axis":"y","origin":[15,23,24]},"faces":{"north":{"uv":[10,4.5,10.5,7],"texture":"#0"},"east":{"uv":[10,4.5,10.5,7],"texture":"#0"},"south":{"uv":[10,4.5,10.5,7],"texture":"#0"},"west":{"uv":[10,4.5,10.5,7],"texture":"#0"},"up":{"uv":[10,4.5,10.5,5],"texture":"#0"},"down":{"uv":[10,6.5,10.5,7],"texture":"#0"}}},{"from":[7.2,17,19],"to":[8.8,22,20],"rotation":{"angle":0,"axis":"y","origin":[15,24,25]},"faces":{"north":{"uv":[10.5,4,11,6.5],"texture":"#0"},"east":{"uv":[10.5,4,11,6.5],"texture":"#0"},"south":{"uv":[10.5,4,11,6.5],"texture":"#0"},"west":{"uv":[10.5,4,11,6.5],"texture":"#0"},"up":{"uv":[10.5,4,11,4.5],"texture":"#0"},"down":{"uv":[10.5,6,11,6.5],"texture":"#0"}}},{"from":[7.2,19,21],"to":[8.8,24,22],"rotation":{"angle":0,"axis":"y","origin":[15,26,27]},"faces":{"north":{"uv":[11.5,3,12,5.5],"texture":"#0"},"east":{"uv":[11.5,3,12,5.5],"texture":"#0"},"south":{"uv":[11.5,3,12,5.5],"texture":"#0"},"west":{"uv":[11.5,3,12,5.5],"texture":"#0"},"up":{"uv":[11.5,3,12,3.5],"texture":"#0"},"down":{"uv":[11,5.5,11.5,6],"texture":"#0"}}},{"from":[7.2,18,20],"to":[8.8,23,21],"rotation":{"angle":0,"axis":"y","origin":[15,25,26]},"faces":{"north":{"uv":[11,3.5,11.5,6],"texture":"#0"},"east":{"uv":[11,3.5,11.5,6],"texture":"#0"},"south":{"uv":[11,3.5,11.5,6],"texture":"#0"},"west":{"uv":[11,3.5,11.5,6],"texture":"#0"},"up":{"uv":[11,3.5,11.5,4],"texture":"#0"},"down":{"uv":[11,5.5,11.5,6],"texture":"#0"}}},{"from":[7.2,20,22],"to":[8.8,25,23],"rotation":{"angle":0,"axis":"y","origin":[15,27,28]},"faces":{"north":{"uv":[12,2.5,12.5,5],"texture":"#0"},"east":{"uv":[12,2.5,12.5,5],"texture":"#0"},"south":{"uv":[12,2.5,12.5,5],"texture":"#0"},"west":{"uv":[12,2.5,12.5,5],"texture":"#0"},"up":{"uv":[12,2.5,12.5,3],"texture":"#0"},"down":{"uv":[12,4.5,12.5,5],"texture":"#0"}}},{"from":[7.2,21,23],"to":[8.8,26,24],"rotation":{"angle":0,"axis":"y","origin":[15,28,29]},"faces":{"north":{"uv":[12.5,2,13,4.5],"texture":"#0"},"east":{"uv":[12.5,2,13,4.5],"texture":"#0"},"south":{"uv":[12.5,2,13,4.5],"texture":"#0"},"west":{"uv":[12.5,2,13,4.5],"texture":"#0"},"up":{"uv":[12.5,2,13,2.5],"texture":"#0"},"down":{"uv":[12.5,4,13,4.5],"texture":"#0"}}},{"from":[7.2,22,24],"to":[8.8,26,25],"rotation":{"angle":0,"axis":"y","origin":[15,28,30]},"faces":{"north":{"uv":[13,2,13.5,4],"texture":"#0"},"east":{"uv":[13,2,13.5,4],"texture":"#0"},"south":{"uv":[13,2,13.5,4],"texture":"#0"},"west":{"uv":[13,2,13.5,4],"texture":"#0"},"up":{"uv":[13,2,13.5,2.5],"texture":"#0"},"down":{"uv":[13,3.5,13.5,4],"texture":"#0"}}},{"from":[7.2,23,25],"to":[8.8,26,26],"rotation":{"angle":0,"axis":"y","origin":[15,28,31]},"faces":{"north":{"uv":[13.5,2,14,3.5],"texture":"#0"},"east":{"uv":[13.5,2,14,3.5],"texture":"#0"},"south":{"uv":[13.5,2,14,3.5],"texture":"#0"},"west":{"uv":[13.5,2,14,3.5],"texture":"#0"},"up":{"uv":[13.5,2,14,2.5],"texture":"#0"},"down":{"uv":[13.5,3,14,3.5],"texture":"#0"}}},{"from":[7.2,8,7],"to":[8.8,10,8],"rotation":{"angle":0,"axis":"y","origin":[15,14,13]},"faces":{"north":{"uv":[4.5,10.5,5,11],"texture":"#0"},"east":{"uv":[4.5,10.5,5,11],"texture":"#0"},"south":{"uv":[4.5,10.5,5,11],"texture":"#0"},"west":{"uv":[4.5,10.5,5,11],"texture":"#0"},"up":{"uv":[4.5,10.5,5,11],"texture":"#0"},"down":{"uv":[4.5,10.5,5,11],"texture":"#0"}}},{"from":[7.5,7,10],"to":[8.5,8,11],"rotation":{"angle":0,"axis":"y","origin":[15,14,16]},"faces":{"north":{"uv":[5.5,11.5,6,12],"texture":"#0"},"east":{"uv":[5.5,11.5,6,12],"texture":"#0"},"south":{"uv":[5.5,11.5,6,12],"texture":"#0"},"west":{"uv":[5.5,11.5,6,12],"texture":"#0"},"up":{"uv":[5.5,11.5,6,12],"texture":"#0"},"down":{"uv":[5.5,11.5,6,12],"texture":"#0"}}},{"from":[7.5,8,11],"to":[8.5,9,12],"rotation":{"angle":0,"axis":"y","origin":[15,15,17]},"faces":{"north":{"uv":[5.5,11.5,6,12],"texture":"#0"},"east":{"uv":[5.5,11.5,6,12],"texture":"#0"},"south":{"uv":[5.5,11.5,6,12],"texture":"#0"},"west":{"uv":[5.5,11.5,6,12],"texture":"#0"},"up":{"uv":[5.5,11.5,6,12],"texture":"#0"},"down":{"uv":[5.5,11.5,6,12],"texture":"#0"}}},{"from":[7.5,9,12],"to":[8.5,10,13],"rotation":{"angle":0,"axis":"y","origin":[15,16,18]},"faces":{"north":{"uv":[5.5,11.5,6,12],"texture":"#0"},"east":{"uv":[5.5,11.5,6,12],"texture":"#0"},"south":{"uv":[5.5,11.5,6,12],"texture":"#0"},"west":{"uv":[5.5,11.5,6,12],"texture":"#0"},"up":{"uv":[5.5,11.5,6,12],"texture":"#0"},"down":{"uv":[5.5,11.5,6,12],"texture":"#0"}}},{"from":[7.5,10,13],"to":[8.5,11,14],"rotation":{"angle":0,"axis":"y","origin":[15,17,19]},"faces":{"north":{"uv":[5.5,11.5,6,12],"texture":"#0"},"east":{"uv":[5.5,11.5,6,12],"texture":"#0"},"south":{"uv":[5.5,11.5,6,12],"texture":"#0"},"west":{"uv":[5.5,11.5,6,12],"texture":"#0"},"up":{"uv":[5.5,11.5,6,12],"texture":"#0"},"down":{"uv":[5.5,11.5,6,12],"texture":"#0"}}},{"from":[7.5,11,14],"to":[8.5,12,15],"rotation":{"angle":0,"axis":"y","origin":[15,18,20]},"faces":{"north":{"uv":[5.5,11.5,6,12],"texture":"#0"},"east":{"uv":[5.5,11.5,6,12],"texture":"#0"},"south":{"uv":[5.5,11.5,6,12],"texture":"#0"},"west":{"uv":[5.5,11.5,6,12],"texture":"#0"},"up":{"uv":[5.5,11.5,6,12],"texture":"#0"},"down":{"uv":[5.5,11.5,6,12],"texture":"#0"}}},{"from":[7.5,12,15],"to":[8.5,13,16],"rotation":{"angle":0,"axis":"y","origin":[15,19,21]},"faces":{"north":{"uv":[5.5,11.5,6,12],"texture":"#0"},"east":{"uv":[5.5,11.5,6,12],"texture":"#0"},"south":{"uv":[5.5,11.5,6,12],"texture":"#0"},"west":{"uv":[5.5,11.5,6,12],"texture":"#0"},"up":{"uv":[5.5,11.5,6,12],"texture":"#0"},"down":{"uv":[5.5,11.5,6,12],"texture":"#0"}}},{"from":[7.5,13,16],"to":[8.5,14,17],"rotation":{"angle":0,"axis":"y","origin":[15,20,22]},"faces":{"north":{"uv":[5.5,11.5,6,12],"texture":"#0"},"east":{"uv":[5.5,11.5,6,12],"texture":"#0"},"south":{"uv":[5.5,11.5,6,12],"texture":"#0"},"west":{"uv":[5.5,11.5,6,12],"texture":"#0"},"up":{"uv":[5.5,11.5,6,12],"texture":"#0"},"down":{"uv":[5.5,11.5,6,12],"texture":"#0"}}},{"from":[7.5,14,17],"to":[8.5,15,18],"rotation":{"angle":0,"axis":"y","origin":[15,21,23]},"faces":{"north":{"uv":[5.5,11.5,6,12],"texture":"#0"},"east":{"uv":[5.5,11.5,6,12],"texture":"#0"},"south":{"uv":[5.5,11.5,6,12],"texture":"#0"},"west":{"uv":[5.5,11.5,6,12],"texture":"#0"},"up":{"uv":[5.5,11.5,6,12],"texture":"#0"},"down":{"uv":[5.5,11.5,6,12],"texture":"#0"}}},{"from":[7.5,15,18],"to":[8.5,16,19],"rotation":{"angle":0,"axis":"y","origin":[15,22,24]},"faces":{"north":{"uv":[5.5,11.5,6,12],"texture":"#0"},"east":{"uv":[5.5,11.5,6,12],"texture":"#0"},"south":{"uv":[5.5,11.5,6,12],"texture":"#0"},"west":{"uv":[5.5,11.5,6,12],"texture":"#0"},"up":{"uv":[5.5,11.5,6,12],"texture":"#0"},"down":{"uv":[5.5,11.5,6,12],"texture":"#0"}}},{"from":[7.5,16,19],"to":[8.5,17,20],"rotation":{"angle":0,"axis":"y","origin":[15,23,25]},"faces":{"north":{"uv":[5.5,11.5,6,12],"texture":"#0"},"east":{"uv":[5.5,11.5,6,12],"texture":"#0"},"south":{"uv":[5.5,11.5,6,12],"texture":"#0"},"west":{"uv":[5.5,11.5,6,12],"texture":"#0"},"up":{"uv":[5.5,11.5,6,12],"texture":"#0"},"down":{"uv":[5.5,11.5,6,12],"texture":"#0"}}},{"from":[7.5,17,20],"to":[8.5,18,21],"rotation":{"angle":0,"axis":"y","origin":[15,24,26]},"faces":{"north":{"uv":[5.5,11.5,6,12],"texture":"#0"},"east":{"uv":[5.5,11.5,6,12],"texture":"#0"},"south":{"uv":[5.5,11.5,6,12],"texture":"#0"},"west":{"uv":[5.5,11.5,6,12],"texture":"#0"},"up":{"uv":[5.5,11.5,6,12],"texture":"#0"},"down":{"uv":[5.5,11.5,6,12],"texture":"#0"}}},{"from":[7.5,18,21],"to":[8.5,19,22],"rotation":{"angle":0,"axis":"y","origin":[15,25,27]},"faces":{"north":{"uv":[5.5,11.5,6,12],"texture":"#0"},"east":{"uv":[5.5,11.5,6,12],"texture":"#0"},"south":{"uv":[5.5,11.5,6,12],"texture":"#0"},"west":{"uv":[5.5,11.5,6,12],"texture":"#0"},"up":{"uv":[5.5,11.5,6,12],"texture":"#0"},"down":{"uv":[5.5,11.5,6,12],"texture":"#0"}}},{"from":[7.5,19,22],"to":[8.5,20,23],"rotation":{"angle":0,"axis":"y","origin":[15,26,28]},"faces":{"north":{"uv":[5.5,11.5,6,12],"texture":"#0"},"east":{"uv":[5.5,11.5,6,12],"texture":"#0"},"south":{"uv":[5.5,11.5,6,12],"texture":"#0"},"west":{"uv":[5.5,11.5,6,12],"texture":"#0"},"up":{"uv":[5.5,11.5,6,12],"texture":"#0"},"down":{"uv":[5.5,11.5,6,12],"texture":"#0"}}},{"from":[7.5,20,23],"to":[8.5,21,24],"rotation":{"angle":0,"axis":"y","origin":[15,27,29]},"faces":{"north":{"uv":[5.5,11.5,6,12],"texture":"#0"},"east":{"uv":[5.5,11.5,6,12],"texture":"#0"},"south":{"uv":[5.5,11.5,6,12],"texture":"#0"},"west":{"uv":[5.5,11.5,6,12],"texture":"#0"},"up":{"uv":[5.5,11.5,6,12],"texture":"#0"},"down":{"uv":[5.5,11.5,6,12],"texture":"#0"}}},{"from":[7.5,21,24],"to":[8.5,22,25],"rotation":{"angle":0,"axis":"y","origin":[15,28,30]},"faces":{"north":{"uv":[5.5,11.5,6,12],"texture":"#0"},"east":{"uv":[5.5,11.5,6,12],"texture":"#0"},"south":{"uv":[5.5,11.5,6,12],"texture":"#0"},"west":{"uv":[5.5,11.5,6,12],"texture":"#0"},"up":{"uv":[5.5,11.5,6,12],"texture":"#0"},"down":{"uv":[5.5,11.5,6,12],"texture":"#0"}}},{"from":[7.5,22,25],"to":[8.5,23,26],"rotation":{"angle":0,"axis":"y","origin":[15,29,31]},"faces":{"north":{"uv":[5.5,11.5,6,12],"texture":"#0"},"east":{"uv":[5.5,11.5,6,12],"texture":"#0"},"south":{"uv":[5.5,11.5,6,12],"texture":"#0"},"west":{"uv":[5.5,11.5,6,12],"texture":"#0"},"up":{"uv":[5.5,11.5,6,12],"texture":"#0"},"down":{"uv":[5.5,11.5,6,12],"texture":"#0"}}},{"from":[7.5,24,21],"to":[8.5,25,22],"rotation":{"angle":0,"axis":"y","origin":[15,31,27]},"faces":{"north":{"uv":[5.5,11.5,6,12],"texture":"#0"},"east":{"uv":[5.5,11.5,6,12],"texture":"#0"},"south":{"uv":[5.5,11.5,6,12],"texture":"#0"},"west":{"uv":[5.5,11.5,6,12],"texture":"#0"},"up":{"uv":[5.5,11.5,6,12],"texture":"#0"},"down":{"uv":[5.5,11.5,6,12],"texture":"#0"}}},{"from":[7.5,25,22],"to":[8.5,26,23],"rotation":{"angle":0,"axis":"y","origin":[15,32,28]},"faces":{"north":{"uv":[5.5,11.5,6,12],"texture":"#0"},"east":{"uv":[5.5,11.5,6,12],"texture":"#0"},"south":{"uv":[5.5,11.5,6,12],"texture":"#0"},"west":{"uv":[5.5,11.5,6,12],"texture":"#0"},"up":{"uv":[5.5,11.5,6,12],"texture":"#0"},"down":{"uv":[5.5,11.5,6,12],"texture":"#0"}}},{"from":[7.5,23,20],"to":[8.5,24,21],"rotation":{"angle":0,"axis":"y","origin":[15,30,26]},"faces":{"north":{"uv":[5.5,11.5,6,12],"texture":"#0"},"east":{"uv":[5.5,11.5,6,12],"texture":"#0"},"south":{"uv":[5.5,11.5,6,12],"texture":"#0"},"west":{"uv":[5.5,11.5,6,12],"texture":"#0"},"up":{"uv":[5.5,11.5,6,12],"texture":"#0"},"down":{"uv":[5.5,11.5,6,12],"texture":"#0"}}},{"from":[7.5,22,19],"to":[8.5,23,20],"rotation":{"angle":0,"axis":"y","origin":[15,29,25]},"faces":{"north":{"uv":[5.5,11.5,6,12],"texture":"#0"},"east":{"uv":[5.5,11.5,6,12],"texture":"#0"},"south":{"uv":[5.5,11.5,6,12],"texture":"#0"},"west":{"uv":[5.5,11.5,6,12],"texture":"#0"},"up":{"uv":[5.5,11.5,6,12],"texture":"#0"},"down":{"uv":[5.5,11.5,6,12],"texture":"#0"}}},{"from":[7.5,21,18],"to":[8.5,22,19],"rotation":{"angle":0,"axis":"y","origin":[15,28,24]},"faces":{"north":{"uv":[5.5,11.5,6,12],"texture":"#0"},"east":{"uv":[5.5,11.5,6,12],"texture":"#0"},"south":{"uv":[5.5,11.5,6,12],"texture":"#0"},"west":{"uv":[5.5,11.5,6,12],"texture":"#0"},"up":{"uv":[5.5,11.5,6,12],"texture":"#0"},"down":{"uv":[5.5,11.5,6,12],"texture":"#0"}}},{"from":[7.5,20,17],"to":[8.5,21,18],"rotation":{"angle":0,"axis":"y","origin":[15,27,23]},"faces":{"north":{"uv":[5.5,11.5,6,12],"texture":"#0"},"east":{"uv":[5.5,11.5,6,12],"texture":"#0"},"south":{"uv":[5.5,11.5,6,12],"texture":"#0"},"west":{"uv":[5.5,11.5,6,12],"texture":"#0"},"up":{"uv":[5.5,11.5,6,12],"texture":"#0"},"down":{"uv":[5.5,11.5,6,12],"texture":"#0"}}},{"from":[7.5,19,16],"to":[8.5,20,17],"rotation":{"angle":0,"axis":"y","origin":[15,26,22]},"faces":{"north":{"uv":[5.5,11.5,6,12],"texture":"#0"},"east":{"uv":[5.5,11.5,6,12],"texture":"#0"},"south":{"uv":[5.5,11.5,6,12],"texture":"#0"},"west":{"uv":[5.5,11.5,6,12],"texture":"#0"},"up":{"uv":[5.5,11.5,6,12],"texture":"#0"},"down":{"uv":[5.5,11.5,6,12],"texture":"#0"}}},{"from":[7.5,18,15],"to":[8.5,19,16],"rotation":{"angle":0,"axis":"y","origin":[15,25,21]},"faces":{"north":{"uv":[5.5,11.5,6,12],"texture":"#0"},"east":{"uv":[5.5,11.5,6,12],"texture":"#0"},"south":{"uv":[5.5,11.5,6,12],"texture":"#0"},"west":{"uv":[5.5,11.5,6,12],"texture":"#0"},"up":{"uv":[5.5,11.5,6,12],"texture":"#0"},"down":{"uv":[5.5,11.5,6,12],"texture":"#0"}}},{"from":[7.5,17,14],"to":[8.5,18,15],"rotation":{"angle":0,"axis":"y","origin":[15,24,20]},"faces":{"north":{"uv":[5.5,11.5,6,12],"texture":"#0"},"east":{"uv":[5.5,11.5,6,12],"texture":"#0"},"south":{"uv":[5.5,11.5,6,12],"texture":"#0"},"west":{"uv":[5.5,11.5,6,12],"texture":"#0"},"up":{"uv":[5.5,11.5,6,12],"texture":"#0"},"down":{"uv":[5.5,11.5,6,12],"texture":"#0"}}},{"from":[7.5,16,13],"to":[8.5,17,14],"rotation":{"angle":0,"axis":"y","origin":[15,23,19]},"faces":{"north":{"uv":[5.5,11.5,6,12],"texture":"#0"},"east":{"uv":[5.5,11.5,6,12],"texture":"#0"},"south":{"uv":[5.5,11.5,6,12],"texture":"#0"},"west":{"uv":[5.5,11.5,6,12],"texture":"#0"},"up":{"uv":[5.5,11.5,6,12],"texture":"#0"},"down":{"uv":[5.5,11.5,6,12],"texture":"#0"}}},{"from":[7.5,15,12],"to":[8.5,16,13],"rotation":{"angle":0,"axis":"y","origin":[15,22,18]},"faces":{"north":{"uv":[5.5,11.5,6,12],"texture":"#0"},"east":{"uv":[5.5,11.5,6,12],"texture":"#0"},"south":{"uv":[5.5,11.5,6,12],"texture":"#0"},"west":{"uv":[5.5,11.5,6,12],"texture":"#0"},"up":{"uv":[5.5,11.5,6,12],"texture":"#0"},"down":{"uv":[5.5,11.5,6,12],"texture":"#0"}}},{"from":[7.5,14,11],"to":[8.5,15,12],"rotation":{"angle":0,"axis":"y","origin":[15,21,17]},"faces":{"north":{"uv":[5.5,11.5,6,12],"texture":"#0"},"east":{"uv":[5.5,11.5,6,12],"texture":"#0"},"south":{"uv":[5.5,11.5,6,12],"texture":"#0"},"west":{"uv":[5.5,11.5,6,12],"texture":"#0"},"up":{"uv":[5.5,11.5,6,12],"texture":"#0"},"down":{"uv":[5.5,11.5,6,12],"texture":"#0"}}},{"from":[7.5,13,10],"to":[8.5,14,11],"rotation":{"angle":0,"axis":"y","origin":[15,20,16]},"faces":{"north":{"uv":[5.5,11.5,6,12],"texture":"#0"},"east":{"uv":[5.5,11.5,6,12],"texture":"#0"},"south":{"uv":[5.5,11.5,6,12],"texture":"#0"},"west":{"uv":[5.5,11.5,6,12],"texture":"#0"},"up":{"uv":[5.5,11.5,6,12],"texture":"#0"},"down":{"uv":[5.5,11.5,6,12],"texture":"#0"}}},{"from":[7.5,12,9],"to":[8.5,13,10],"rotation":{"angle":0,"axis":"y","origin":[15,19,15]},"faces":{"north":{"uv":[5.5,11.5,6,12],"texture":"#0"},"east":{"uv":[5.5,11.5,6,12],"texture":"#0"},"south":{"uv":[5.5,11.5,6,12],"texture":"#0"},"west":{"uv":[5.5,11.5,6,12],"texture":"#0"},"up":{"uv":[5.5,11.5,6,12],"texture":"#0"},"down":{"uv":[5.5,11.5,6,12],"texture":"#0"}}},{"from":[7.2,11,9],"to":[8.8,12,10],"rotation":{"angle":0,"axis":"y","origin":[15,18,15]},"faces":{"north":{"uv":[5.5,9,6,9.5],"texture":"#0"},"east":{"uv":[5.5,9,6,9.5],"texture":"#0"},"south":{"uv":[5.5,9,6,9.5],"texture":"#0"},"west":{"uv":[5.5,9,6,9.5],"texture":"#0"},"up":{"uv":[5.5,9,6,9.5],"texture":"#0"},"down":{"uv":[5.5,9,6,9.5],"texture":"#0"}}},{"from":[7.2,12,10],"to":[8.8,13,11],"rotation":{"angle":0,"axis":"y","origin":[15,19,16]},"faces":{"north":{"uv":[6,8.5,6.5,9],"texture":"#0"},"east":{"uv":[6,8.5,6.5,9],"texture":"#0"},"south":{"uv":[6,8.5,6.5,9],"texture":"#0"},"west":{"uv":[6,8.5,6.5,9],"texture":"#0"},"up":{"uv":[6,8.5,6.5,9],"texture":"#0"},"down":{"uv":[6,8.5,6.5,9],"texture":"#0"}}},{"from":[7.2,13,11],"to":[8.8,14,12],"rotation":{"angle":0,"axis":"y","origin":[15,20,17]},"faces":{"north":{"uv":[6.5,8,7,8.5],"texture":"#0"},"east":{"uv":[6.5,8,7,8.5],"texture":"#0"},"south":{"uv":[6.5,8,7,8.5],"texture":"#0"},"west":{"uv":[6.5,8,7,8.5],"texture":"#0"},"up":{"uv":[6.5,8,7,8.5],"texture":"#0"},"down":{"uv":[6.5,8,7,8.5],"texture":"#0"}}},{"from":[7.5,11,8],"to":[8.5,12,9],"rotation":{"angle":0,"axis":"y","origin":[15,18,14]},"faces":{"north":{"uv":[5.5,11.5,6,12],"texture":"#0"},"east":{"uv":[5.5,11.5,6,12],"texture":"#0"},"south":{"uv":[5.5,11.5,6,12],"texture":"#0"},"west":{"uv":[5.5,11.5,6,12],"texture":"#0"},"up":{"uv":[5.5,11.5,6,12],"texture":"#0"},"down":{"uv":[5.5,11.5,6,12],"texture":"#0"}}},{"from":[7.5,10,7],"to":[8.5,11,8],"rotation":{"angle":0,"axis":"y","origin":[15,17,13]},"faces":{"north":{"uv":[5.5,11.5,6,12],"texture":"#0"},"east":{"uv":[5.5,11.5,6,12],"texture":"#0"},"south":{"uv":[5.5,11.5,6,12],"texture":"#0"},"west":{"uv":[5.5,11.5,6,12],"texture":"#0"},"up":{"uv":[5.5,11.5,6,12],"texture":"#0"},"down":{"uv":[5.5,11.5,6,12],"texture":"#0"}}},{"from":[7.5,26,23],"to":[8.5,27,26],"rotation":{"angle":0,"axis":"y","origin":[15,33,30]},"faces":{"north":{"uv":[5.5,11.5,6,12],"texture":"#0"},"east":{"uv":[5.5,11.5,6,12],"texture":"#0"},"south":{"uv":[5.5,11.5,6,12],"texture":"#0"},"west":{"uv":[5.5,11.5,6,12],"texture":"#0"},"up":{"uv":[5.5,11.5,6,12],"texture":"#0"},"down":{"uv":[5.5,11.5,6,12],"texture":"#0"}}},{"from":[7.5,23,26],"to":[8.5,27,27],"rotation":{"angle":0,"axis":"y","origin":[15,30,32]},"faces":{"north":{"uv":[14,1.5,14.5,3.5],"texture":"#0"},"east":{"uv":[14,1.5,14.5,3.5],"texture":"#0"},"south":{"uv":[14,1.5,14.5,3.5],"texture":"#0"},"west":{"uv":[14,1.5,14.5,3.5],"texture":"#0"},"up":{"uv":[14,1.5,14.5,3.5],"texture":"#0"},"down":{"uv":[14,1.5,14.5,3.5],"texture":"#0"}}}],"gui_light":"front"}