{"display":{"thirdperson_righthand":{"rotation":[-45,0,0],"translation":[0,3,0]},"thirdperson_lefthand":{"rotation":[-45,0,0],"translation":[0,3,0]},"firstperson_righthand":{"rotation":[-45,0,0],"scale":[0.6,0.6,0.6]},"firstperson_lefthand":{"rotation":[-45,0,0],"scale":[0.6,0.6,0.6]},"ground":{"scale":[0.6,0.6,0.6]},"gui":{"rotation":[0,90,0],"translation":[-3.25,-3.25,0],"scale":[0.6,0.6,0.6]},"fixed":{"rotation":[0,-90,0],"translation":[3.25,-3.25,0],"scale":[0.6,0.6,0.6]}},"texture_size":[32,32],"textures":{"0":"item/diamond_sword/14","particle":"item/diamond_sword/14"},"elements":[{"from":[7.5,0,0],"to":[8.5,1,1],"faces":{"north":{"uv":[1,14.5,1.5,15],"texture":"#0"},"east":{"uv":[1,14.5,1.5,15],"texture":"#0"},"south":{"uv":[1,14.5,1.5,15],"texture":"#0"},"west":{"uv":[1,14.5,1.5,15],"texture":"#0"},"up":{"uv":[1,14.5,1.5,15],"texture":"#0"},"down":{"uv":[1,14.5,1.5,15],"texture":"#0"}}},{"from":[7.5,1,0],"to":[8.5,2,1],"faces":{"north":{"uv":[1,14,1.5,14.5],"texture":"#0"},"east":{"uv":[1,14,1.5,14.5],"texture":"#0"},"south":{"uv":[1,14,1.5,14.5],"texture":"#0"},"west":{"uv":[1,14,1.5,14.5],"texture":"#0"},"up":{"uv":[1,14,1.5,14.5],"texture":"#0"},"down":{"uv":[1,14,1.5,14.5],"texture":"#0"}}},{"from":[7.5,2,0],"to":[8.5,3,1],"faces":{"north":{"uv":[1,13.5,1.5,14],"texture":"#0"},"east":{"uv":[1,13.5,1.5,14],"texture":"#0"},"south":{"uv":[1,13.5,1.5,14],"texture":"#0"},"west":{"uv":[1,13.5,1.5,14],"texture":"#0"},"up":{"uv":[1,13.5,1.5,14],"texture":"#0"},"down":{"uv":[1,13.5,1.5,14],"texture":"#0"}}},{"from":[7.5,2,1],"to":[8.5,3,2],"faces":{"north":{"uv":[1.5,13.5,2,14],"texture":"#0"},"east":{"uv":[1.5,13.5,2,14],"texture":"#0"},"south":{"uv":[1.5,13.5,2,14],"texture":"#0"},"west":{"uv":[1.5,13.5,2,14],"texture":"#0"},"up":{"uv":[1.5,13.5,2,14],"texture":"#0"},"down":{"uv":[1.5,13.5,2,14],"texture":"#0"}}},{"from":[7.5,2,2],"to":[8.5,3,3],"faces":{"north":{"uv":[2,13.5,2.5,14],"texture":"#0"},"east":{"uv":[2,13.5,2.5,14],"texture":"#0"},"south":{"uv":[2,13.5,2.5,14],"texture":"#0"},"west":{"uv":[2,13.5,2.5,14],"texture":"#0"},"up":{"uv":[2,13.5,2.5,14],"texture":"#0"},"down":{"uv":[2,13.5,2.5,14],"texture":"#0"}}},{"from":[7.3,3,3],"to":[8.7,4,4],"faces":{"north":{"uv":[2.5,13,3,13.5],"texture":"#0"},"east":{"uv":[2.5,13,3,13.5],"texture":"#0"},"south":{"uv":[2.5,13,3,13.5],"texture":"#0"},"west":{"uv":[2.5,13,3,13.5],"texture":"#0"},"up":{"uv":[2.5,13,3,13.5],"texture":"#0"},"down":{"uv":[2.5,13,3,13.5],"texture":"#0"}}},{"from":[7.3,4,4],"to":[8.7,5,5],"faces":{"north":{"uv":[3,12.5,3.5,13],"texture":"#0"},"east":{"uv":[3,12.5,3.5,13],"texture":"#0"},"south":{"uv":[3,12.5,3.5,13],"texture":"#0"},"west":{"uv":[3,12.5,3.5,13],"texture":"#0"},"up":{"uv":[3,12.5,3.5,13],"texture":"#0"},"down":{"uv":[3,12.5,3.5,13],"texture":"#0"}}},{"from":[7.3,5,5],"to":[8.7,6,6],"faces":{"north":{"uv":[3.5,12,4,12.5],"texture":"#0"},"east":{"uv":[3.5,12,4,12.5],"texture":"#0"},"south":{"uv":[3.5,12,4,12.5],"texture":"#0"},"west":{"uv":[3.5,12,4,12.5],"texture":"#0"},"up":{"uv":[3.5,12,4,12.5],"texture":"#0"},"down":{"uv":[3.5,12,4,12.5],"texture":"#0"}}},{"from":[7.3,6,6],"to":[8.7,7,7],"faces":{"north":{"uv":[4,11.5,4.5,12],"texture":"#0"},"east":{"uv":[4,11.5,4.5,12],"texture":"#0"},"south":{"uv":[4,11.5,4.5,12],"texture":"#0"},"west":{"uv":[4,11.5,4.5,12],"texture":"#0"},"up":{"uv":[4,11.5,4.5,12],"texture":"#0"},"down":{"uv":[4,11.5,4.5,12],"texture":"#0"}}},{"from":[7.3,7,7],"to":[8.7,8,8],"faces":{"north":{"uv":[4.5,11,5,11.5],"texture":"#0"},"east":{"uv":[4.5,11,5,11.5],"texture":"#0"},"south":{"uv":[4.5,11,5,11.5],"texture":"#0"},"west":{"uv":[4.5,11,5,11.5],"texture":"#0"},"up":{"uv":[4.5,11,5,11.5],"texture":"#0"},"down":{"uv":[4.5,11,5,11.5],"texture":"#0"}}},{"from":[7.3,7,8],"to":[8.7,8,9],"faces":{"north":{"uv":[5,11,5.5,11.5],"texture":"#0"},"east":{"uv":[5,11,5.5,11.5],"texture":"#0"},"south":{"uv":[5,11,5.5,11.5],"texture":"#0"},"west":{"uv":[5,11,5.5,11.5],"texture":"#0"},"up":{"uv":[5,11,5.5,11.5],"texture":"#0"},"down":{"uv":[5,11,5.5,11.5],"texture":"#0"}}},{"from":[7.5,7,9],"to":[8.5,8,10],"faces":{"north":{"uv":[5.5,11,6,11.5],"texture":"#0"},"east":{"uv":[5.5,11,6,11.5],"texture":"#0"},"south":{"uv":[5.5,11,6,11.5],"texture":"#0"},"west":{"uv":[5.5,11,6,11.5],"texture":"#0"},"up":{"uv":[5.5,11,6,11.5],"texture":"#0"},"down":{"uv":[5.5,11,6,11.5],"texture":"#0"}}},{"from":[7.5,3,2],"to":[8.5,4,3],"faces":{"north":{"uv":[2,13,2.5,13.5],"texture":"#0"},"east":{"uv":[2,13,2.5,13.5],"texture":"#0"},"south":{"uv":[2,13,2.5,13.5],"texture":"#0"},"west":{"uv":[2,13,2.5,13.5],"texture":"#0"},"up":{"uv":[2,13,2.5,13.5],"texture":"#0"},"down":{"uv":[2,13,2.5,13.5],"texture":"#0"}}},{"from":[7.5,4,3],"to":[8.5,5,4],"faces":{"north":{"uv":[2.5,12.5,3,13],"texture":"#0"},"east":{"uv":[2.5,12.5,3,13],"texture":"#0"},"south":{"uv":[2.5,12.5,3,13],"texture":"#0"},"west":{"uv":[2.5,12.5,3,13],"texture":"#0"},"up":{"uv":[2.5,12.5,3,13],"texture":"#0"},"down":{"uv":[2.5,12.5,3,13],"texture":"#0"}}},{"from":[7.5,5,4],"to":[8.5,6,5],"faces":{"north":{"uv":[3,12,3.5,12.5],"texture":"#0"},"east":{"uv":[3,12,3.5,12.5],"texture":"#0"},"south":{"uv":[3,12,3.5,12.5],"texture":"#0"},"west":{"uv":[3,12,3.5,12.5],"texture":"#0"},"up":{"uv":[3,12,3.5,12.5],"texture":"#0"},"down":{"uv":[3,12,3.5,12.5],"texture":"#0"}}},{"from":[7.5,6,5],"to":[8.5,7,6],"faces":{"north":{"uv":[3.5,11.5,4,12],"texture":"#0"},"east":{"uv":[3.5,11.5,4,12],"texture":"#0"},"south":{"uv":[3.5,11.5,4,12],"texture":"#0"},"west":{"uv":[3.5,11.5,4,12],"texture":"#0"},"up":{"uv":[3.5,11.5,4,12],"texture":"#0"},"down":{"uv":[3.5,11.5,4,12],"texture":"#0"}}},{"from":[7.5,7,6],"to":[8.5,8,7],"faces":{"north":{"uv":[4,11,4.5,11.5],"texture":"#0"},"east":{"uv":[4,11,4.5,11.5],"texture":"#0"},"south":{"uv":[4,11,4.5,11.5],"texture":"#0"},"west":{"uv":[4,11,4.5,11.5],"texture":"#0"},"up":{"uv":[4,11,4.5,11.5],"texture":"#0"},"down":{"uv":[4,11,4.5,11.5],"texture":"#0"}}},{"from":[7.3,8,7],"to":[8.7,9,8],"faces":{"north":{"uv":[4.5,10.5,5,11],"texture":"#0"},"east":{"uv":[4.5,10.5,5,11],"texture":"#0"},"south":{"uv":[4.5,10.5,5,11],"texture":"#0"},"west":{"uv":[4.5,10.5,5,11],"texture":"#0"},"up":{"uv":[4.5,10.5,5,11],"texture":"#0"},"down":{"uv":[4.5,10.5,5,11],"texture":"#0"}}},{"from":[7.3,8,6],"to":[8.7,9,7],"faces":{"north":{"uv":[4,10.5,4.5,11],"texture":"#0"},"east":{"uv":[4,10.5,4.5,11],"texture":"#0"},"south":{"uv":[4,10.5,4.5,11],"texture":"#0"},"west":{"uv":[4,10.5,4.5,11],"texture":"#0"},"up":{"uv":[4,10.5,4.5,11],"texture":"#0"},"down":{"uv":[4,10.5,4.5,11],"texture":"#0"}}},{"from":[7.5,8,5],"to":[8.5,9,6],"faces":{"north":{"uv":[3.5,10.5,4,11],"texture":"#0"},"east":{"uv":[3.5,10.5,4,11],"texture":"#0"},"south":{"uv":[3.5,10.5,4,11],"texture":"#0"},"west":{"uv":[3.5,10.5,4,11],"texture":"#0"},"up":{"uv":[3.5,10.5,4,11],"texture":"#0"},"down":{"uv":[3.5,10.5,4,11],"texture":"#0"}}},{"from":[7.5,9,7],"to":[8.5,10,8],"faces":{"north":{"uv":[4.5,10,5,10.5],"texture":"#0"},"east":{"uv":[4.5,10,5,10.5],"texture":"#0"},"south":{"uv":[4.5,10,5,10.5],"texture":"#0"},"west":{"uv":[4.5,10,5,10.5],"texture":"#0"},"up":{"uv":[4.5,10,5,10.5],"texture":"#0"},"down":{"uv":[4.5,10,5,10.5],"texture":"#0"}}},{"from":[7.3,9,6],"to":[8.7,10,7],"faces":{"north":{"uv":[4,10,4.5,10.5],"texture":"#0"},"east":{"uv":[4,10,4.5,10.5],"texture":"#0"},"south":{"uv":[4,10,4.5,10.5],"texture":"#0"},"west":{"uv":[4,10,4.5,10.5],"texture":"#0"},"up":{"uv":[4,10,4.5,10.5],"texture":"#0"},"down":{"uv":[4,10,4.5,10.5],"texture":"#0"}}},{"from":[7.5,10,6],"to":[8.5,11,7],"faces":{"north":{"uv":[4,9.5,4.5,10],"texture":"#0"},"east":{"uv":[4,9.5,4.5,10],"texture":"#0"},"south":{"uv":[4,9.5,4.5,10],"texture":"#0"},"west":{"uv":[4,9.5,4.5,10],"texture":"#0"},"up":{"uv":[4,9.5,4.5,10],"texture":"#0"},"down":{"uv":[4,9.5,4.5,10],"texture":"#0"}}},{"from":[7.5,11,6],"to":[8.5,12,7],"faces":{"north":{"uv":[4,9,4.5,9.5],"texture":"#0"},"east":{"uv":[4,9,4.5,9.5],"texture":"#0"},"south":{"uv":[4,9,4.5,9.5],"texture":"#0"},"west":{"uv":[4,9,4.5,9.5],"texture":"#0"},"up":{"uv":[4,9,4.5,9.5],"texture":"#0"},"down":{"uv":[4,9,4.5,9.5],"texture":"#0"}}},{"from":[7.2,12,6],"to":[8.8,13,7],"faces":{"north":{"uv":[4,8.5,4.5,9],"texture":"#0"},"east":{"uv":[4,8.5,4.5,9],"texture":"#0"},"south":{"uv":[4,8.5,4.5,9],"texture":"#0"},"west":{"uv":[4,8.5,4.5,9],"texture":"#0"},"up":{"uv":[4,8.5,4.5,9],"texture":"#0"},"down":{"uv":[4,8.5,4.5,9],"texture":"#0"}}},{"from":[7.5,12,7],"to":[8.5,13,8],"faces":{"north":{"uv":[4.5,8.5,5,9],"texture":"#0"},"east":{"uv":[4.5,8.5,5,9],"texture":"#0"},"south":{"uv":[4.5,8.5,5,9],"texture":"#0"},"west":{"uv":[4.5,8.5,5,9],"texture":"#0"},"up":{"uv":[4.5,8.5,5,9],"texture":"#0"},"down":{"uv":[4.5,8.5,5,9],"texture":"#0"}}},{"from":[7.5,13,6],"to":[8.5,14,7],"faces":{"north":{"uv":[4,8,4.5,8.5],"texture":"#0"},"east":{"uv":[4,8,4.5,8.5],"texture":"#0"},"south":{"uv":[4,8,4.5,8.5],"texture":"#0"},"west":{"uv":[4,8,4.5,8.5],"texture":"#0"},"up":{"uv":[4,8,4.5,8.5],"texture":"#0"},"down":{"uv":[4,8,4.5,8.5],"texture":"#0"}}},{"from":[7.5,13,7],"to":[8.5,14,8],"faces":{"north":{"uv":[4.5,8,5,8.5],"texture":"#0"},"east":{"uv":[4.5,8,5,8.5],"texture":"#0"},"south":{"uv":[4.5,8,5,8.5],"texture":"#0"},"west":{"uv":[4.5,8,5,8.5],"texture":"#0"},"up":{"uv":[4.5,8,5,8.5],"texture":"#0"},"down":{"uv":[4.5,8,5,8.5],"texture":"#0"}}},{"from":[7.5,9,5],"to":[8.5,10,6],"faces":{"north":{"uv":[3.5,10,4,10.5],"texture":"#0"},"east":{"uv":[3.5,10,4,10.5],"texture":"#0"},"south":{"uv":[3.5,10,4,10.5],"texture":"#0"},"west":{"uv":[3.5,10,4,10.5],"texture":"#0"},"up":{"uv":[3.5,10,4,10.5],"texture":"#0"},"down":{"uv":[3.5,10,4,10.5],"texture":"#0"}}},{"from":[7.2,10,5],"to":[8.8,11,6],"faces":{"north":{"uv":[3.5,9.5,4,10],"texture":"#0"},"east":{"uv":[3.5,9.5,4,10],"texture":"#0"},"south":{"uv":[3.5,9.5,4,10],"texture":"#0"},"west":{"uv":[3.5,9.5,4,10],"texture":"#0"},"up":{"uv":[3.5,9.5,4,10],"texture":"#0"},"down":{"uv":[3.5,9.5,4,10],"texture":"#0"}}},{"from":[7.2,11,5],"to":[8.8,12,6],"faces":{"north":{"uv":[3.5,9,4,9.5],"texture":"#0"},"east":{"uv":[3.5,9,4,9.5],"texture":"#0"},"south":{"uv":[3.5,9,4,9.5],"texture":"#0"},"west":{"uv":[3.5,9,4,9.5],"texture":"#0"},"up":{"uv":[3.5,9,4,9.5],"texture":"#0"},"down":{"uv":[3.5,9,4,9.5],"texture":"#0"}}},{"from":[7.5,12,5],"to":[8.5,13,6],"faces":{"north":{"uv":[3.5,8.5,4,9],"texture":"#0"},"east":{"uv":[3.5,8.5,4,9],"texture":"#0"},"south":{"uv":[3.5,8.5,4,9],"texture":"#0"},"west":{"uv":[3.5,8.5,4,9],"texture":"#0"},"up":{"uv":[3.5,8.5,4,9],"texture":"#0"},"down":{"uv":[3.5,8.5,4,9],"texture":"#0"}}},{"from":[7.5,10,4],"to":[8.5,11,5],"faces":{"north":{"uv":[3,9.5,3.5,10],"texture":"#0"},"east":{"uv":[3,9.5,3.5,10],"texture":"#0"},"south":{"uv":[3,9.5,3.5,10],"texture":"#0"},"west":{"uv":[3,9.5,3.5,10],"texture":"#0"},"up":{"uv":[3,9.5,3.5,10],"texture":"#0"},"down":{"uv":[3,9.5,3.5,10],"texture":"#0"}}},{"from":[7.5,11,4],"to":[8.5,12,5],"faces":{"north":{"uv":[3,9,3.5,9.5],"texture":"#0"},"east":{"uv":[3,9,3.5,9.5],"texture":"#0"},"south":{"uv":[3,9,3.5,9.5],"texture":"#0"},"west":{"uv":[3,9,3.5,9.5],"texture":"#0"},"up":{"uv":[3,9,3.5,9.5],"texture":"#0"},"down":{"uv":[3,9,3.5,9.5],"texture":"#0"}}},{"from":[7.2,8,8],"to":[8.8,9,9],"faces":{"north":{"uv":[5,10.5,5.5,11],"texture":"#0"},"east":{"uv":[5,10.5,5.5,11],"texture":"#0"},"south":{"uv":[5,10.5,5.5,11],"texture":"#0"},"west":{"uv":[5,10.5,5.5,11],"texture":"#0"},"up":{"uv":[5,10.5,5.5,11],"texture":"#0"},"down":{"uv":[5,10.5,5.5,11],"texture":"#0"}}},{"from":[7.2,9,8],"to":[8.8,10,9],"faces":{"north":{"uv":[5,10,5.5,10.5],"texture":"#0"},"east":{"uv":[5,10,5.5,10.5],"texture":"#0"},"south":{"uv":[5,10,5.5,10.5],"texture":"#0"},"west":{"uv":[5,10,5.5,10.5],"texture":"#0"},"up":{"uv":[5,10,5.5,10.5],"texture":"#0"},"down":{"uv":[5,10,5.5,10.5],"texture":"#0"}}},{"from":[7.5,10,8],"to":[8.5,11,9],"faces":{"north":{"uv":[5,9.5,5.5,10],"texture":"#0"},"east":{"uv":[5,9.5,5.5,10],"texture":"#0"},"south":{"uv":[5,9.5,5.5,10],"texture":"#0"},"west":{"uv":[5,9.5,5.5,10],"texture":"#0"},"up":{"uv":[5,9.5,5.5,10],"texture":"#0"},"down":{"uv":[5,9.5,5.5,10],"texture":"#0"}}},{"from":[7.2,8,9],"to":[8.8,9,10],"faces":{"north":{"uv":[5.5,10.5,6,11],"texture":"#0"},"east":{"uv":[5.5,10.5,6,11],"texture":"#0"},"south":{"uv":[5.5,10.5,6,11],"texture":"#0"},"west":{"uv":[5.5,10.5,6,11],"texture":"#0"},"up":{"uv":[5.5,10.5,6,11],"texture":"#0"},"down":{"uv":[5.5,10.5,6,11],"texture":"#0"}}},{"from":[7.2,9,9],"to":[8.8,10,10],"faces":{"north":{"uv":[5.5,10,6,10.5],"texture":"#0"},"east":{"uv":[5.5,10,6,10.5],"texture":"#0"},"south":{"uv":[5.5,10,6,10.5],"texture":"#0"},"west":{"uv":[5.5,10,6,10.5],"texture":"#0"},"up":{"uv":[5.5,10,6,10.5],"texture":"#0"},"down":{"uv":[5.5,10,6,10.5],"texture":"#0"}}},{"from":[7.5,8,10],"to":[8.5,9,11],"faces":{"north":{"uv":[6,10.5,6.5,11],"texture":"#0"},"east":{"uv":[6,10.5,6.5,11],"texture":"#0"},"south":{"uv":[6,10.5,6.5,11],"texture":"#0"},"west":{"uv":[6,10.5,6.5,11],"texture":"#0"},"up":{"uv":[6,10.5,6.5,11],"texture":"#0"},"down":{"uv":[6,10.5,6.5,11],"texture":"#0"}}},{"from":[7.5,9,11],"to":[8.5,10,12],"faces":{"north":{"uv":[6.5,10,7,10.5],"texture":"#0"},"east":{"uv":[6.5,10,7,10.5],"texture":"#0"},"south":{"uv":[6.5,10,7,10.5],"texture":"#0"},"west":{"uv":[6.5,10,7,10.5],"texture":"#0"},"up":{"uv":[6.5,10,7,10.5],"texture":"#0"},"down":{"uv":[6.5,10,7,10.5],"texture":"#0"}}},{"from":[7.5,10,12],"to":[8.5,11,13],"faces":{"north":{"uv":[7,9.5,7.5,10],"texture":"#0"},"east":{"uv":[7,9.5,7.5,10],"texture":"#0"},"south":{"uv":[7,9.5,7.5,10],"texture":"#0"},"west":{"uv":[7,9.5,7.5,10],"texture":"#0"},"up":{"uv":[7,9.5,7.5,10],"texture":"#0"},"down":{"uv":[7,9.5,7.5,10],"texture":"#0"}}},{"from":[7.5,11,13],"to":[8.5,12,14],"faces":{"north":{"uv":[7.5,9,8,9.5],"texture":"#0"},"east":{"uv":[7.5,9,8,9.5],"texture":"#0"},"south":{"uv":[7.5,9,8,9.5],"texture":"#0"},"west":{"uv":[7.5,9,8,9.5],"texture":"#0"},"up":{"uv":[7.5,9,8,9.5],"texture":"#0"},"down":{"uv":[7.5,9,8,9.5],"texture":"#0"}}},{"from":[7.5,12,14],"to":[8.5,13,15],"faces":{"north":{"uv":[8,8.5,8.5,9],"texture":"#0"},"east":{"uv":[8,8.5,8.5,9],"texture":"#0"},"south":{"uv":[8,8.5,8.5,9],"texture":"#0"},"west":{"uv":[8,8.5,8.5,9],"texture":"#0"},"up":{"uv":[8,8.5,8.5,9],"texture":"#0"},"down":{"uv":[8,8.5,8.5,9],"texture":"#0"}}},{"from":[7.5,13,15],"to":[8.5,14,16],"faces":{"north":{"uv":[8.5,8,9,8.5],"texture":"#0"},"east":{"uv":[8.5,8,9,8.5],"texture":"#0"},"south":{"uv":[8.5,8,9,8.5],"texture":"#0"},"west":{"uv":[8.5,8,9,8.5],"texture":"#0"},"up":{"uv":[8.5,8,9,8.5],"texture":"#0"},"down":{"uv":[8.5,8,9,8.5],"texture":"#0"}}},{"from":[7.5,14,16],"to":[8.5,15,17],"faces":{"north":{"uv":[9,7.5,9.5,8],"texture":"#0"},"east":{"uv":[9,7.5,9.5,8],"texture":"#0"},"south":{"uv":[9,7.5,9.5,8],"texture":"#0"},"west":{"uv":[9,7.5,9.5,8],"texture":"#0"},"up":{"uv":[9,7.5,9.5,8],"texture":"#0"},"down":{"uv":[9,7.5,9.5,8],"texture":"#0"}}},{"from":[7.5,15,17],"to":[8.5,16,18],"faces":{"north":{"uv":[9.5,7,10,7.5],"texture":"#0"},"east":{"uv":[9.5,7,10,7.5],"texture":"#0"},"south":{"uv":[9.5,7,10,7.5],"texture":"#0"},"west":{"uv":[9.5,7,10,7.5],"texture":"#0"},"up":{"uv":[9.5,7,10,7.5],"texture":"#0"},"down":{"uv":[9.5,7,10,7.5],"texture":"#0"}}},{"from":[7.5,16,18],"to":[8.5,17,19],"faces":{"north":{"uv":[10,6.5,10.5,7],"texture":"#0"},"east":{"uv":[10,6.5,10.5,7],"texture":"#0"},"south":{"uv":[10,6.5,10.5,7],"texture":"#0"},"west":{"uv":[10,6.5,10.5,7],"texture":"#0"},"up":{"uv":[10,6.5,10.5,7],"texture":"#0"},"down":{"uv":[10,6.5,10.5,7],"texture":"#0"}}},{"from":[7.5,17,19],"to":[8.5,18,20],"faces":{"north":{"uv":[10.5,6,11,6.5],"texture":"#0"},"east":{"uv":[10.5,6,11,6.5],"texture":"#0"},"south":{"uv":[10.5,6,11,6.5],"texture":"#0"},"west":{"uv":[10.5,6,11,6.5],"texture":"#0"},"up":{"uv":[10.5,6,11,6.5],"texture":"#0"},"down":{"uv":[10.5,6,11,6.5],"texture":"#0"}}},{"from":[7.5,18,20],"to":[8.5,19,21],"faces":{"north":{"uv":[11,5.5,11.5,6],"texture":"#0"},"east":{"uv":[11,5.5,11.5,6],"texture":"#0"},"south":{"uv":[11,5.5,11.5,6],"texture":"#0"},"west":{"uv":[11,5.5,11.5,6],"texture":"#0"},"up":{"uv":[11,5.5,11.5,6],"texture":"#0"},"down":{"uv":[11,5.5,11.5,6],"texture":"#0"}}},{"from":[7.5,19,21],"to":[8.5,20,22],"faces":{"north":{"uv":[11.5,5,12,5.5],"texture":"#0"},"east":{"uv":[11.5,5,12,5.5],"texture":"#0"},"south":{"uv":[11.5,5,12,5.5],"texture":"#0"},"west":{"uv":[11.5,5,12,5.5],"texture":"#0"},"up":{"uv":[11.5,5,12,5.5],"texture":"#0"},"down":{"uv":[11.5,5,12,5.5],"texture":"#0"}}},{"from":[7.5,20,22],"to":[8.5,21,23],"faces":{"north":{"uv":[12,4.5,12.5,5],"texture":"#0"},"east":{"uv":[12,4.5,12.5,5],"texture":"#0"},"south":{"uv":[12,4.5,12.5,5],"texture":"#0"},"west":{"uv":[12,4.5,12.5,5],"texture":"#0"},"up":{"uv":[12,4.5,12.5,5],"texture":"#0"},"down":{"uv":[12,4.5,12.5,5],"texture":"#0"}}},{"from":[7.5,21,23],"to":[8.5,22,24],"faces":{"north":{"uv":[12.5,4,13,4.5],"texture":"#0"},"east":{"uv":[12.5,4,13,4.5],"texture":"#0"},"south":{"uv":[12.5,4,13,4.5],"texture":"#0"},"west":{"uv":[12.5,4,13,4.5],"texture":"#0"},"up":{"uv":[12.5,4,13,4.5],"texture":"#0"},"down":{"uv":[12.5,4,13,4.5],"texture":"#0"}}},{"from":[7.5,22,24],"to":[8.5,23,25],"faces":{"north":{"uv":[13,3.5,13.5,4],"texture":"#0"},"east":{"uv":[13,3.5,13.5,4],"texture":"#0"},"south":{"uv":[13,3.5,13.5,4],"texture":"#0"},"west":{"uv":[13,3.5,13.5,4],"texture":"#0"},"up":{"uv":[13,3.5,13.5,4],"texture":"#0"},"down":{"uv":[13,3.5,13.5,4],"texture":"#0"}}},{"from":[7.2,9,10],"to":[8.8,10,11],"faces":{"north":{"uv":[6,10,6.5,10.5],"texture":"#0"},"east":{"uv":[6,10,6.5,10.5],"texture":"#0"},"south":{"uv":[6,10,6.5,10.5],"texture":"#0"},"west":{"uv":[6,10,6.5,10.5],"texture":"#0"},"up":{"uv":[6,10,6.5,10.5],"texture":"#0"},"down":{"uv":[6,10,6.5,10.5],"texture":"#0"}}},{"from":[7.2,10,11],"to":[8.8,11,12],"faces":{"north":{"uv":[6.5,9.5,7,10],"texture":"#0"},"east":{"uv":[6.5,9.5,7,10],"texture":"#0"},"south":{"uv":[6.5,9.5,7,10],"texture":"#0"},"west":{"uv":[6.5,9.5,7,10],"texture":"#0"},"up":{"uv":[6.5,9.5,7,10],"texture":"#0"},"down":{"uv":[6.5,9.5,7,10],"texture":"#0"}}},{"from":[7.2,10,10],"to":[8.8,11,11],"faces":{"north":{"uv":[6,9.5,6.5,10],"texture":"#0"},"east":{"uv":[6,9.5,6.5,10],"texture":"#0"},"south":{"uv":[6,9.5,6.5,10],"texture":"#0"},"west":{"uv":[6,9.5,6.5,10],"texture":"#0"},"up":{"uv":[6,9.5,6.5,10],"texture":"#0"},"down":{"uv":[6,9.5,6.5,10],"texture":"#0"}}},{"from":[7.2,10,9],"to":[8.8,11,10],"faces":{"north":{"uv":[5.5,9.5,6,10],"texture":"#0"},"east":{"uv":[5.5,9.5,6,10],"texture":"#0"},"south":{"uv":[5.5,9.5,6,10],"texture":"#0"},"west":{"uv":[5.5,9.5,6,10],"texture":"#0"},"up":{"uv":[5.5,9.5,6,10],"texture":"#0"},"down":{"uv":[5.5,9.5,6,10],"texture":"#0"}}},{"from":[7.2,11,12],"to":[8.8,12,13],"faces":{"north":{"uv":[7,9,7.5,9.5],"texture":"#0"},"east":{"uv":[7,9,7.5,9.5],"texture":"#0"},"south":{"uv":[7,9,7.5,9.5],"texture":"#0"},"west":{"uv":[7,9,7.5,9.5],"texture":"#0"},"up":{"uv":[7,9,7.5,9.5],"texture":"#0"},"down":{"uv":[7,9,7.5,9.5],"texture":"#0"}}},{"from":[7.2,11,11],"to":[8.8,12,12],"faces":{"north":{"uv":[6.5,9,7,9.5],"texture":"#0"},"east":{"uv":[6.5,9,7,9.5],"texture":"#0"},"south":{"uv":[6.5,9,7,9.5],"texture":"#0"},"west":{"uv":[6.5,9,7,9.5],"texture":"#0"},"up":{"uv":[6.5,9,7,9.5],"texture":"#0"},"down":{"uv":[6.5,9,7,9.5],"texture":"#0"}}},{"from":[7.2,11,10],"to":[8.8,12,11],"faces":{"north":{"uv":[6,9,6.5,9.5],"texture":"#0"},"east":{"uv":[6,9,6.5,9.5],"texture":"#0"},"south":{"uv":[6,9,6.5,9.5],"texture":"#0"},"west":{"uv":[6,9,6.5,9.5],"texture":"#0"},"up":{"uv":[6,9,6.5,9.5],"texture":"#0"},"down":{"uv":[6,9,6.5,9.5],"texture":"#0"}}},{"from":[7.5,11,9],"to":[8.5,12,10],"faces":{"north":{"uv":[5.5,9,6,9.5],"texture":"#0"},"east":{"uv":[5.5,9,6,9.5],"texture":"#0"},"south":{"uv":[5.5,9,6,9.5],"texture":"#0"},"west":{"uv":[5.5,9,6,9.5],"texture":"#0"},"up":{"uv":[5.5,9,6,9.5],"texture":"#0"},"down":{"uv":[5.5,9,6,9.5],"texture":"#0"}}},{"from":[7.2,12,13],"to":[8.8,13,14],"faces":{"north":{"uv":[7.5,8.5,8,9],"texture":"#0"},"east":{"uv":[7.5,8.5,8,9],"texture":"#0"},"south":{"uv":[7.5,8.5,8,9],"texture":"#0"},"west":{"uv":[7.5,8.5,8,9],"texture":"#0"},"up":{"uv":[7.5,8.5,8,9],"texture":"#0"},"down":{"uv":[7.5,8.5,8,9],"texture":"#0"}}},{"from":[7.2,12,12],"to":[8.8,13,13],"faces":{"north":{"uv":[7,8.5,7.5,9],"texture":"#0"},"east":{"uv":[7,8.5,7.5,9],"texture":"#0"},"south":{"uv":[7,8.5,7.5,9],"texture":"#0"},"west":{"uv":[7,8.5,7.5,9],"texture":"#0"},"up":{"uv":[7,8.5,7.5,9],"texture":"#0"},"down":{"uv":[7,8.5,7.5,9],"texture":"#0"}}},{"from":[7.2,12,11],"to":[8.8,13,12],"faces":{"north":{"uv":[6.5,8.5,7,9],"texture":"#0"},"east":{"uv":[6.5,8.5,7,9],"texture":"#0"},"south":{"uv":[6.5,8.5,7,9],"texture":"#0"},"west":{"uv":[6.5,8.5,7,9],"texture":"#0"},"up":{"uv":[6.5,8.5,7,9],"texture":"#0"},"down":{"uv":[6.5,8.5,7,9],"texture":"#0"}}},{"from":[7.5,12,10],"to":[8.5,13,11],"faces":{"north":{"uv":[6,8.5,6.5,9],"texture":"#0"},"east":{"uv":[6,8.5,6.5,9],"texture":"#0"},"south":{"uv":[6,8.5,6.5,9],"texture":"#0"},"west":{"uv":[6,8.5,6.5,9],"texture":"#0"},"up":{"uv":[6,8.5,6.5,9],"texture":"#0"},"down":{"uv":[6,8.5,6.5,9],"texture":"#0"}}},{"from":[7.2,13,14],"to":[8.8,14,15],"faces":{"north":{"uv":[8,8,8.5,8.5],"texture":"#0"},"east":{"uv":[8,8,8.5,8.5],"texture":"#0"},"south":{"uv":[8,8,8.5,8.5],"texture":"#0"},"west":{"uv":[8,8,8.5,8.5],"texture":"#0"},"up":{"uv":[8,8,8.5,8.5],"texture":"#0"},"down":{"uv":[8,8,8.5,8.5],"texture":"#0"}}},{"from":[7.2,13,13],"to":[8.8,14,14],"faces":{"north":{"uv":[7.5,8,8,8.5],"texture":"#0"},"east":{"uv":[7.5,8,8,8.5],"texture":"#0"},"south":{"uv":[7.5,8,8,8.5],"texture":"#0"},"west":{"uv":[7.5,8,8,8.5],"texture":"#0"},"up":{"uv":[7.5,8,8,8.5],"texture":"#0"},"down":{"uv":[7.5,8,8,8.5],"texture":"#0"}}},{"from":[7.2,13,12],"to":[8.8,14,13],"faces":{"north":{"uv":[7,8,7.5,8.5],"texture":"#0"},"east":{"uv":[7,8,7.5,8.5],"texture":"#0"},"south":{"uv":[7,8,7.5,8.5],"texture":"#0"},"west":{"uv":[7,8,7.5,8.5],"texture":"#0"},"up":{"uv":[7,8,7.5,8.5],"texture":"#0"},"down":{"uv":[7,8,7.5,8.5],"texture":"#0"}}},{"from":[7.5,13,11],"to":[8.5,14,12],"faces":{"north":{"uv":[6.5,8,7,8.5],"texture":"#0"},"east":{"uv":[6.5,8,7,8.5],"texture":"#0"},"south":{"uv":[6.5,8,7,8.5],"texture":"#0"},"west":{"uv":[6.5,8,7,8.5],"texture":"#0"},"up":{"uv":[6.5,8,7,8.5],"texture":"#0"},"down":{"uv":[6.5,8,7,8.5],"texture":"#0"}}},{"from":[7.2,14,15],"to":[8.8,15,16],"faces":{"north":{"uv":[8.5,7.5,9,8],"texture":"#0"},"east":{"uv":[8.5,7.5,9,8],"texture":"#0"},"south":{"uv":[8.5,7.5,9,8],"texture":"#0"},"west":{"uv":[8.5,7.5,9,8],"texture":"#0"},"up":{"uv":[8.5,7.5,9,8],"texture":"#0"},"down":{"uv":[8.5,7.5,9,8],"texture":"#0"}}},{"from":[7.2,14,14],"to":[8.8,15,15],"faces":{"north":{"uv":[8,7.5,8.5,8],"texture":"#0"},"east":{"uv":[8,7.5,8.5,8],"texture":"#0"},"south":{"uv":[8,7.5,8.5,8],"texture":"#0"},"west":{"uv":[8,7.5,8.5,8],"texture":"#0"},"up":{"uv":[8,7.5,8.5,8],"texture":"#0"},"down":{"uv":[8,7.5,8.5,8],"texture":"#0"}}},{"from":[7.2,14,13],"to":[8.8,15,14],"faces":{"north":{"uv":[7.5,7.5,8,8],"texture":"#0"},"east":{"uv":[7.5,7.5,8,8],"texture":"#0"},"south":{"uv":[7.5,7.5,8,8],"texture":"#0"},"west":{"uv":[7.5,7.5,8,8],"texture":"#0"},"up":{"uv":[7.5,7.5,8,8],"texture":"#0"},"down":{"uv":[7.5,7.5,8,8],"texture":"#0"}}},{"from":[7.5,14,12],"to":[8.5,15,13],"faces":{"north":{"uv":[7,7.5,7.5,8],"texture":"#0"},"east":{"uv":[7,7.5,7.5,8],"texture":"#0"},"south":{"uv":[7,7.5,7.5,8],"texture":"#0"},"west":{"uv":[7,7.5,7.5,8],"texture":"#0"},"up":{"uv":[7,7.5,7.5,8],"texture":"#0"},"down":{"uv":[7,7.5,7.5,8],"texture":"#0"}}},{"from":[7.2,15,16],"to":[8.8,16,17],"faces":{"north":{"uv":[9,7,9.5,7.5],"texture":"#0"},"east":{"uv":[9,7,9.5,7.5],"texture":"#0"},"south":{"uv":[9,7,9.5,7.5],"texture":"#0"},"west":{"uv":[9,7,9.5,7.5],"texture":"#0"},"up":{"uv":[9,7,9.5,7.5],"texture":"#0"},"down":{"uv":[9,7,9.5,7.5],"texture":"#0"}}},{"from":[7.2,15,15],"to":[8.8,16,16],"faces":{"north":{"uv":[8.5,7,9,7.5],"texture":"#0"},"east":{"uv":[8.5,7,9,7.5],"texture":"#0"},"south":{"uv":[8.5,7,9,7.5],"texture":"#0"},"west":{"uv":[8.5,7,9,7.5],"texture":"#0"},"up":{"uv":[8.5,7,9,7.5],"texture":"#0"},"down":{"uv":[8.5,7,9,7.5],"texture":"#0"}}},{"from":[7.2,15,14],"to":[8.8,16,15],"faces":{"north":{"uv":[8,7,8.5,7.5],"texture":"#0"},"east":{"uv":[8,7,8.5,7.5],"texture":"#0"},"south":{"uv":[8,7,8.5,7.5],"texture":"#0"},"west":{"uv":[8,7,8.5,7.5],"texture":"#0"},"up":{"uv":[8,7,8.5,7.5],"texture":"#0"},"down":{"uv":[8,7,8.5,7.5],"texture":"#0"}}},{"from":[7.5,15,13],"to":[8.5,16,14],"faces":{"north":{"uv":[7.5,7,8,7.5],"texture":"#0"},"east":{"uv":[7.5,7,8,7.5],"texture":"#0"},"south":{"uv":[7.5,7,8,7.5],"texture":"#0"},"west":{"uv":[7.5,7,8,7.5],"texture":"#0"},"up":{"uv":[7.5,7,8,7.5],"texture":"#0"},"down":{"uv":[7.5,7,8,7.5],"texture":"#0"}}},{"from":[7.2,16,17],"to":[8.8,17,18],"faces":{"north":{"uv":[9.5,6.5,10,7],"texture":"#0"},"east":{"uv":[9.5,6.5,10,7],"texture":"#0"},"south":{"uv":[9.5,6.5,10,7],"texture":"#0"},"west":{"uv":[9.5,6.5,10,7],"texture":"#0"},"up":{"uv":[9.5,6.5,10,7],"texture":"#0"},"down":{"uv":[9.5,6.5,10,7],"texture":"#0"}}},{"from":[7.2,16,16],"to":[8.8,17,17],"faces":{"north":{"uv":[9,6.5,9.5,7],"texture":"#0"},"east":{"uv":[9,6.5,9.5,7],"texture":"#0"},"south":{"uv":[9,6.5,9.5,7],"texture":"#0"},"west":{"uv":[9,6.5,9.5,7],"texture":"#0"},"up":{"uv":[9,6.5,9.5,7],"texture":"#0"},"down":{"uv":[9,6.5,9.5,7],"texture":"#0"}}},{"from":[7.2,16,15],"to":[8.8,17,16],"faces":{"north":{"uv":[8.5,6.5,9,7],"texture":"#0"},"east":{"uv":[8.5,6.5,9,7],"texture":"#0"},"south":{"uv":[8.5,6.5,9,7],"texture":"#0"},"west":{"uv":[8.5,6.5,9,7],"texture":"#0"},"up":{"uv":[8.5,6.5,9,7],"texture":"#0"},"down":{"uv":[8.5,6.5,9,7],"texture":"#0"}}},{"from":[7.5,16,14],"to":[8.5,17,15],"faces":{"north":{"uv":[8,6.5,8.5,7],"texture":"#0"},"east":{"uv":[8,6.5,8.5,7],"texture":"#0"},"south":{"uv":[8,6.5,8.5,7],"texture":"#0"},"west":{"uv":[8,6.5,8.5,7],"texture":"#0"},"up":{"uv":[8,6.5,8.5,7],"texture":"#0"},"down":{"uv":[8,6.5,8.5,7],"texture":"#0"}}},{"from":[7.2,17,18],"to":[8.8,18,19],"faces":{"north":{"uv":[10,6,10.5,6.5],"texture":"#0"},"east":{"uv":[10,6,10.5,6.5],"texture":"#0"},"south":{"uv":[10,6,10.5,6.5],"texture":"#0"},"west":{"uv":[10,6,10.5,6.5],"texture":"#0"},"up":{"uv":[10,6,10.5,6.5],"texture":"#0"},"down":{"uv":[10,6,10.5,6.5],"texture":"#0"}}},{"from":[7.2,17,17],"to":[8.8,18,18],"faces":{"north":{"uv":[9.5,6,10,6.5],"texture":"#0"},"east":{"uv":[9.5,6,10,6.5],"texture":"#0"},"south":{"uv":[9.5,6,10,6.5],"texture":"#0"},"west":{"uv":[9.5,6,10,6.5],"texture":"#0"},"up":{"uv":[9.5,6,10,6.5],"texture":"#0"},"down":{"uv":[9.5,6,10,6.5],"texture":"#0"}}},{"from":[7.2,17,16],"to":[8.8,18,17],"faces":{"north":{"uv":[9,6,9.5,6.5],"texture":"#0"},"east":{"uv":[9,6,9.5,6.5],"texture":"#0"},"south":{"uv":[9,6,9.5,6.5],"texture":"#0"},"west":{"uv":[9,6,9.5,6.5],"texture":"#0"},"up":{"uv":[9,6,9.5,6.5],"texture":"#0"},"down":{"uv":[9,6,9.5,6.5],"texture":"#0"}}},{"from":[7.5,17,15],"to":[8.5,18,16],"faces":{"north":{"uv":[8.5,6,9,6.5],"texture":"#0"},"east":{"uv":[8.5,6,9,6.5],"texture":"#0"},"south":{"uv":[8.5,6,9,6.5],"texture":"#0"},"west":{"uv":[8.5,6,9,6.5],"texture":"#0"},"up":{"uv":[8.5,6,9,6.5],"texture":"#0"},"down":{"uv":[8.5,6,9,6.5],"texture":"#0"}}},{"from":[7.2,18,19],"to":[8.8,19,20],"faces":{"north":{"uv":[10.5,5.5,11,6],"texture":"#0"},"east":{"uv":[10.5,5.5,11,6],"texture":"#0"},"south":{"uv":[10.5,5.5,11,6],"texture":"#0"},"west":{"uv":[10.5,5.5,11,6],"texture":"#0"},"up":{"uv":[10.5,5.5,11,6],"texture":"#0"},"down":{"uv":[10.5,5.5,11,6],"texture":"#0"}}},{"from":[7.2,18,18],"to":[8.8,19,19],"faces":{"north":{"uv":[10,5.5,10.5,6],"texture":"#0"},"east":{"uv":[10,5.5,10.5,6],"texture":"#0"},"south":{"uv":[10,5.5,10.5,6],"texture":"#0"},"west":{"uv":[10,5.5,10.5,6],"texture":"#0"},"up":{"uv":[10,5.5,10.5,6],"texture":"#0"},"down":{"uv":[10,5.5,10.5,6],"texture":"#0"}}},{"from":[7.2,18,17],"to":[8.8,19,18],"faces":{"north":{"uv":[9.5,5.5,10,6],"texture":"#0"},"east":{"uv":[9.5,5.5,10,6],"texture":"#0"},"south":{"uv":[9.5,5.5,10,6],"texture":"#0"},"west":{"uv":[9.5,5.5,10,6],"texture":"#0"},"up":{"uv":[9.5,5.5,10,6],"texture":"#0"},"down":{"uv":[9.5,5.5,10,6],"texture":"#0"}}},{"from":[7.5,18,16],"to":[8.5,19,17],"faces":{"north":{"uv":[9,5.5,9.5,6],"texture":"#0"},"east":{"uv":[9,5.5,9.5,6],"texture":"#0"},"south":{"uv":[9,5.5,9.5,6],"texture":"#0"},"west":{"uv":[9,5.5,9.5,6],"texture":"#0"},"up":{"uv":[9,5.5,9.5,6],"texture":"#0"},"down":{"uv":[9,5.5,9.5,6],"texture":"#0"}}},{"from":[7.2,19,20],"to":[8.8,20,21],"faces":{"north":{"uv":[11,5,11.5,5.5],"texture":"#0"},"east":{"uv":[11,5,11.5,5.5],"texture":"#0"},"south":{"uv":[11,5,11.5,5.5],"texture":"#0"},"west":{"uv":[11,5,11.5,5.5],"texture":"#0"},"up":{"uv":[11,5,11.5,5.5],"texture":"#0"},"down":{"uv":[11,5,11.5,5.5],"texture":"#0"}}},{"from":[7.2,19,19],"to":[8.8,20,20],"faces":{"north":{"uv":[10.5,5,11,5.5],"texture":"#0"},"east":{"uv":[10.5,5,11,5.5],"texture":"#0"},"south":{"uv":[10.5,5,11,5.5],"texture":"#0"},"west":{"uv":[10.5,5,11,5.5],"texture":"#0"},"up":{"uv":[10.5,5,11,5.5],"texture":"#0"},"down":{"uv":[10.5,5,11,5.5],"texture":"#0"}}},{"from":[7.2,19,18],"to":[8.8,20,19],"faces":{"north":{"uv":[10,5,10.5,5.5],"texture":"#0"},"east":{"uv":[10,5,10.5,5.5],"texture":"#0"},"south":{"uv":[10,5,10.5,5.5],"texture":"#0"},"west":{"uv":[10,5,10.5,5.5],"texture":"#0"},"up":{"uv":[10,5,10.5,5.5],"texture":"#0"},"down":{"uv":[10,5,10.5,5.5],"texture":"#0"}}},{"from":[7.5,19,17],"to":[8.5,20,18],"faces":{"north":{"uv":[9.5,5,10,5.5],"texture":"#0"},"east":{"uv":[9.5,5,10,5.5],"texture":"#0"},"south":{"uv":[9.5,5,10,5.5],"texture":"#0"},"west":{"uv":[9.5,5,10,5.5],"texture":"#0"},"up":{"uv":[9.5,5,10,5.5],"texture":"#0"},"down":{"uv":[9.5,5,10,5.5],"texture":"#0"}}},{"from":[7.2,20,21],"to":[8.8,21,22],"faces":{"north":{"uv":[11.5,4.5,12,5],"texture":"#0"},"east":{"uv":[11.5,4.5,12,5],"texture":"#0"},"south":{"uv":[11.5,4.5,12,5],"texture":"#0"},"west":{"uv":[11.5,4.5,12,5],"texture":"#0"},"up":{"uv":[11.5,4.5,12,5],"texture":"#0"},"down":{"uv":[11.5,4.5,12,5],"texture":"#0"}}},{"from":[7.2,20,20],"to":[8.8,21,21],"faces":{"north":{"uv":[11,4.5,11.5,5],"texture":"#0"},"east":{"uv":[11,4.5,11.5,5],"texture":"#0"},"south":{"uv":[11,4.5,11.5,5],"texture":"#0"},"west":{"uv":[11,4.5,11.5,5],"texture":"#0"},"up":{"uv":[11,4.5,11.5,5],"texture":"#0"},"down":{"uv":[11,4.5,11.5,5],"texture":"#0"}}},{"from":[7.2,20,19],"to":[8.8,21,20],"faces":{"north":{"uv":[10.5,4.5,11,5],"texture":"#0"},"east":{"uv":[10.5,4.5,11,5],"texture":"#0"},"south":{"uv":[10.5,4.5,11,5],"texture":"#0"},"west":{"uv":[10.5,4.5,11,5],"texture":"#0"},"up":{"uv":[10.5,4.5,11,5],"texture":"#0"},"down":{"uv":[10.5,4.5,11,5],"texture":"#0"}}},{"from":[7.5,20,18],"to":[8.5,21,19],"faces":{"north":{"uv":[10,4.5,10.5,5],"texture":"#0"},"east":{"uv":[10,4.5,10.5,5],"texture":"#0"},"south":{"uv":[10,4.5,10.5,5],"texture":"#0"},"west":{"uv":[10,4.5,10.5,5],"texture":"#0"},"up":{"uv":[10,4.5,10.5,5],"texture":"#0"},"down":{"uv":[10,4.5,10.5,5],"texture":"#0"}}},{"from":[7.2,21,22],"to":[8.8,22,23],"faces":{"north":{"uv":[12,4,12.5,4.5],"texture":"#0"},"east":{"uv":[12,4,12.5,4.5],"texture":"#0"},"south":{"uv":[12,4,12.5,4.5],"texture":"#0"},"west":{"uv":[12,4,12.5,4.5],"texture":"#0"},"up":{"uv":[12,4,12.5,4.5],"texture":"#0"},"down":{"uv":[12,4,12.5,4.5],"texture":"#0"}}},{"from":[7.2,21,21],"to":[8.8,22,22],"faces":{"north":{"uv":[11.5,4,12,4.5],"texture":"#0"},"east":{"uv":[11.5,4,12,4.5],"texture":"#0"},"south":{"uv":[11.5,4,12,4.5],"texture":"#0"},"west":{"uv":[11.5,4,12,4.5],"texture":"#0"},"up":{"uv":[11.5,4,12,4.5],"texture":"#0"},"down":{"uv":[11.5,4,12,4.5],"texture":"#0"}}},{"from":[7.2,21,20],"to":[8.8,22,21],"faces":{"north":{"uv":[11,4,11.5,4.5],"texture":"#0"},"east":{"uv":[11,4,11.5,4.5],"texture":"#0"},"south":{"uv":[11,4,11.5,4.5],"texture":"#0"},"west":{"uv":[11,4,11.5,4.5],"texture":"#0"},"up":{"uv":[11,4,11.5,4.5],"texture":"#0"},"down":{"uv":[11,4,11.5,4.5],"texture":"#0"}}},{"from":[7.5,21,19],"to":[8.5,22,20],"faces":{"north":{"uv":[10.5,4,11,4.5],"texture":"#0"},"east":{"uv":[10.5,4,11,4.5],"texture":"#0"},"south":{"uv":[10.5,4,11,4.5],"texture":"#0"},"west":{"uv":[10.5,4,11,4.5],"texture":"#0"},"up":{"uv":[10.5,4,11,4.5],"texture":"#0"},"down":{"uv":[10.5,4,11,4.5],"texture":"#0"}}},{"from":[7.2,22,23],"to":[8.8,23,24],"faces":{"north":{"uv":[12.5,3.5,13,4],"texture":"#0"},"east":{"uv":[12.5,3.5,13,4],"texture":"#0"},"south":{"uv":[12.5,3.5,13,4],"texture":"#0"},"west":{"uv":[12.5,3.5,13,4],"texture":"#0"},"up":{"uv":[12.5,3.5,13,4],"texture":"#0"},"down":{"uv":[12.5,3.5,13,4],"texture":"#0"}}},{"from":[7.2,22,22],"to":[8.8,23,23],"faces":{"north":{"uv":[12,3.5,12.5,4],"texture":"#0"},"east":{"uv":[12,3.5,12.5,4],"texture":"#0"},"south":{"uv":[12,3.5,12.5,4],"texture":"#0"},"west":{"uv":[12,3.5,12.5,4],"texture":"#0"},"up":{"uv":[12,3.5,12.5,4],"texture":"#0"},"down":{"uv":[12,3.5,12.5,4],"texture":"#0"}}},{"from":[7.5,22,21],"to":[8.5,23,22],"faces":{"north":{"uv":[11.5,3.5,12,4],"texture":"#0"},"east":{"uv":[11.5,3.5,12,4],"texture":"#0"},"south":{"uv":[11.5,3.5,12,4],"texture":"#0"},"west":{"uv":[11.5,3.5,12,4],"texture":"#0"},"up":{"uv":[11.5,3.5,12,4],"texture":"#0"},"down":{"uv":[11.5,3.5,12,4],"texture":"#0"}}},{"from":[7.5,22,20],"to":[8.5,23,21],"faces":{"north":{"uv":[11,3.5,11.5,4],"texture":"#0"},"east":{"uv":[11,3.5,11.5,4],"texture":"#0"},"south":{"uv":[11,3.5,11.5,4],"texture":"#0"},"west":{"uv":[11,3.5,11.5,4],"texture":"#0"},"up":{"uv":[11,3.5,11.5,4],"texture":"#0"},"down":{"uv":[11,3.5,11.5,4],"texture":"#0"}}},{"from":[7.5,23,24],"to":[8.5,24,25],"faces":{"north":{"uv":[13,3,13.5,3.5],"texture":"#0"},"east":{"uv":[13,3,13.5,3.5],"texture":"#0"},"south":{"uv":[13,3,13.5,3.5],"texture":"#0"},"west":{"uv":[13,3,13.5,3.5],"texture":"#0"},"up":{"uv":[13,3,13.5,3.5],"texture":"#0"},"down":{"uv":[13,3,13.5,3.5],"texture":"#0"}}},{"from":[7.5,23,23],"to":[8.5,24,24],"faces":{"north":{"uv":[12.5,3,13,3.5],"texture":"#0"},"east":{"uv":[12.5,3,13,3.5],"texture":"#0"},"south":{"uv":[12.5,3,13,3.5],"texture":"#0"},"west":{"uv":[12.5,3,13,3.5],"texture":"#0"},"up":{"uv":[12.5,3,13,3.5],"texture":"#0"},"down":{"uv":[12.5,3,13,3.5],"texture":"#0"}}},{"from":[7.5,23,22],"to":[8.5,24,23],"faces":{"north":{"uv":[12,3,12.5,3.5],"texture":"#0"},"east":{"uv":[12,3,12.5,3.5],"texture":"#0"},"south":{"uv":[12,3,12.5,3.5],"texture":"#0"},"west":{"uv":[12,3,12.5,3.5],"texture":"#0"},"up":{"uv":[12,3,12.5,3.5],"texture":"#0"},"down":{"uv":[12,3,12.5,3.5],"texture":"#0"}}},{"from":[7.5,23,25],"to":[8.5,24,26],"faces":{"north":{"uv":[13.5,3,14,3.5],"texture":"#0"},"east":{"uv":[13.5,3,14,3.5],"texture":"#0"},"south":{"uv":[13.5,3,14,3.5],"texture":"#0"},"west":{"uv":[13.5,3,14,3.5],"texture":"#0"},"up":{"uv":[13.5,3,14,3.5],"texture":"#0"},"down":{"uv":[13.5,3,14,3.5],"texture":"#0"}}},{"from":[7.5,1,2],"to":[8.5,2,3],"faces":{"north":{"uv":[2,14,2.5,14.5],"texture":"#0"},"east":{"uv":[2,14,2.5,14.5],"texture":"#0"},"south":{"uv":[2,14,2.5,14.5],"texture":"#0"},"west":{"uv":[2,14,2.5,14.5],"texture":"#0"},"up":{"uv":[2,14,2.5,14.5],"texture":"#0"},"down":{"uv":[2,14,2.5,14.5],"texture":"#0"}}},{"from":[7.5,2,3],"to":[8.5,3,4],"faces":{"north":{"uv":[2.5,13.5,3,14],"texture":"#0"},"east":{"uv":[2.5,13.5,3,14],"texture":"#0"},"south":{"uv":[2.5,13.5,3,14],"texture":"#0"},"west":{"uv":[2.5,13.5,3,14],"texture":"#0"},"up":{"uv":[2.5,13.5,3,14],"texture":"#0"},"down":{"uv":[2.5,13.5,3,14],"texture":"#0"}}},{"from":[7.5,3,4],"to":[8.5,4,5],"faces":{"north":{"uv":[3,13,3.5,13.5],"texture":"#0"},"east":{"uv":[3,13,3.5,13.5],"texture":"#0"},"south":{"uv":[3,13,3.5,13.5],"texture":"#0"},"west":{"uv":[3,13,3.5,13.5],"texture":"#0"},"up":{"uv":[3,13,3.5,13.5],"texture":"#0"},"down":{"uv":[3,13,3.5,13.5],"texture":"#0"}}},{"from":[7.5,4,5],"to":[8.5,5,6],"faces":{"north":{"uv":[3.5,12.5,4,13],"texture":"#0"},"east":{"uv":[3.5,12.5,4,13],"texture":"#0"},"south":{"uv":[3.5,12.5,4,13],"texture":"#0"},"west":{"uv":[3.5,12.5,4,13],"texture":"#0"},"up":{"uv":[3.5,12.5,4,13],"texture":"#0"},"down":{"uv":[3.5,12.5,4,13],"texture":"#0"}}},{"from":[7.5,5,6],"to":[8.5,6,7],"faces":{"north":{"uv":[4,12,4.5,12.5],"texture":"#0"},"east":{"uv":[4,12,4.5,12.5],"texture":"#0"},"south":{"uv":[4,12,4.5,12.5],"texture":"#0"},"west":{"uv":[4,12,4.5,12.5],"texture":"#0"},"up":{"uv":[4,12,4.5,12.5],"texture":"#0"},"down":{"uv":[4,12,4.5,12.5],"texture":"#0"}}},{"from":[7.5,6,7],"to":[8.5,7,8],"faces":{"north":{"uv":[4.5,11.5,5,12],"texture":"#0"},"east":{"uv":[4.5,11.5,5,12],"texture":"#0"},"south":{"uv":[4.5,11.5,5,12],"texture":"#0"},"west":{"uv":[4.5,11.5,5,12],"texture":"#0"},"up":{"uv":[4.5,11.5,5,12],"texture":"#0"},"down":{"uv":[4.5,11.5,5,12],"texture":"#0"}}},{"from":[7.3,6,8],"to":[8.7,7,9],"faces":{"north":{"uv":[5,11.5,5.5,12],"texture":"#0"},"east":{"uv":[5,11.5,5.5,12],"texture":"#0"},"south":{"uv":[5,11.5,5.5,12],"texture":"#0"},"west":{"uv":[5,11.5,5.5,12],"texture":"#0"},"up":{"uv":[5,11.5,5.5,12],"texture":"#0"},"down":{"uv":[5,11.5,5.5,12],"texture":"#0"}}},{"from":[7.5,5,8],"to":[8.5,6,9],"faces":{"north":{"uv":[5,12,5.5,12.5],"texture":"#0"},"east":{"uv":[5,12,5.5,12.5],"texture":"#0"},"south":{"uv":[5,12,5.5,12.5],"texture":"#0"},"west":{"uv":[5,12,5.5,12.5],"texture":"#0"},"up":{"uv":[5,12,5.5,12.5],"texture":"#0"},"down":{"uv":[5,12,5.5,12.5],"texture":"#0"}}},{"from":[7.3,6,9],"to":[8.7,7,10],"faces":{"north":{"uv":[5.5,11.5,6,12],"texture":"#0"},"east":{"uv":[5.5,11.5,6,12],"texture":"#0"},"south":{"uv":[5.5,11.5,6,12],"texture":"#0"},"west":{"uv":[5.5,11.5,6,12],"texture":"#0"},"up":{"uv":[5.5,11.5,6,12],"texture":"#0"},"down":{"uv":[5.5,11.5,6,12],"texture":"#0"}}},{"from":[7.5,5,9],"to":[8.5,6,10],"faces":{"north":{"uv":[5.5,12,6,12.5],"texture":"#0"},"east":{"uv":[5.5,12,6,12.5],"texture":"#0"},"south":{"uv":[5.5,12,6,12.5],"texture":"#0"},"west":{"uv":[5.5,12,6,12.5],"texture":"#0"},"up":{"uv":[5.5,12,6,12.5],"texture":"#0"},"down":{"uv":[5.5,12,6,12.5],"texture":"#0"}}},{"from":[7.5,6,10],"to":[8.5,7,11],"faces":{"north":{"uv":[6,11.5,6.5,12],"texture":"#0"},"east":{"uv":[6,11.5,6.5,12],"texture":"#0"},"south":{"uv":[6,11.5,6.5,12],"texture":"#0"},"west":{"uv":[6,11.5,6.5,12],"texture":"#0"},"up":{"uv":[6,11.5,6.5,12],"texture":"#0"},"down":{"uv":[6,11.5,6.5,12],"texture":"#0"}}},{"from":[7.5,6,11],"to":[8.5,7,12],"faces":{"north":{"uv":[6.5,11.5,7,12],"texture":"#0"},"east":{"uv":[6.5,11.5,7,12],"texture":"#0"},"south":{"uv":[6.5,11.5,7,12],"texture":"#0"},"west":{"uv":[6.5,11.5,7,12],"texture":"#0"},"up":{"uv":[6.5,11.5,7,12],"texture":"#0"},"down":{"uv":[6.5,11.5,7,12],"texture":"#0"}}},{"from":[7.2,6,12],"to":[8.8,7,13],"faces":{"north":{"uv":[7,11.5,7.5,12],"texture":"#0"},"east":{"uv":[7,11.5,7.5,12],"texture":"#0"},"south":{"uv":[7,11.5,7.5,12],"texture":"#0"},"west":{"uv":[7,11.5,7.5,12],"texture":"#0"},"up":{"uv":[7,11.5,7.5,12],"texture":"#0"},"down":{"uv":[7,11.5,7.5,12],"texture":"#0"}}},{"from":[7.5,7,12],"to":[8.5,8,13],"faces":{"north":{"uv":[7,11,7.5,11.5],"texture":"#0"},"east":{"uv":[7,11,7.5,11.5],"texture":"#0"},"south":{"uv":[7,11,7.5,11.5],"texture":"#0"},"west":{"uv":[7,11,7.5,11.5],"texture":"#0"},"up":{"uv":[7,11,7.5,11.5],"texture":"#0"},"down":{"uv":[7,11,7.5,11.5],"texture":"#0"}}},{"from":[7.5,7,13],"to":[8.5,8,14],"faces":{"north":{"uv":[7.5,11,8,11.5],"texture":"#0"},"east":{"uv":[7.5,11,8,11.5],"texture":"#0"},"south":{"uv":[7.5,11,8,11.5],"texture":"#0"},"west":{"uv":[7.5,11,8,11.5],"texture":"#0"},"up":{"uv":[7.5,11,8,11.5],"texture":"#0"},"down":{"uv":[7.5,11,8,11.5],"texture":"#0"}}},{"from":[7.2,5,10],"to":[8.8,6,11],"faces":{"north":{"uv":[6,12,6.5,12.5],"texture":"#0"},"east":{"uv":[6,12,6.5,12.5],"texture":"#0"},"south":{"uv":[6,12,6.5,12.5],"texture":"#0"},"west":{"uv":[6,12,6.5,12.5],"texture":"#0"},"up":{"uv":[6,12,6.5,12.5],"texture":"#0"},"down":{"uv":[6,12,6.5,12.5],"texture":"#0"}}},{"from":[7.5,4,10],"to":[8.5,5,11],"faces":{"north":{"uv":[6,12.5,6.5,13],"texture":"#0"},"east":{"uv":[6,12.5,6.5,13],"texture":"#0"},"south":{"uv":[6,12.5,6.5,13],"texture":"#0"},"west":{"uv":[6,12.5,6.5,13],"texture":"#0"},"up":{"uv":[6,12.5,6.5,13],"texture":"#0"},"down":{"uv":[6,12.5,6.5,13],"texture":"#0"}}},{"from":[7.5,4,11],"to":[8.5,5,12],"faces":{"north":{"uv":[6.5,12.5,7,13],"texture":"#0"},"east":{"uv":[6.5,12.5,7,13],"texture":"#0"},"south":{"uv":[6.5,12.5,7,13],"texture":"#0"},"west":{"uv":[6.5,12.5,7,13],"texture":"#0"},"up":{"uv":[6.5,12.5,7,13],"texture":"#0"},"down":{"uv":[6.5,12.5,7,13],"texture":"#0"}}},{"from":[7.2,5,11],"to":[8.8,6,12],"faces":{"north":{"uv":[6.5,12,7,12.5],"texture":"#0"},"east":{"uv":[6.5,12,7,12.5],"texture":"#0"},"south":{"uv":[6.5,12,7,12.5],"texture":"#0"},"west":{"uv":[6.5,12,7,12.5],"texture":"#0"},"up":{"uv":[6.5,12,7,12.5],"texture":"#0"},"down":{"uv":[6.5,12,7,12.5],"texture":"#0"}}},{"from":[7.5,5,12],"to":[8.5,6,13],"faces":{"north":{"uv":[7,12,7.5,12.5],"texture":"#0"},"east":{"uv":[7,12,7.5,12.5],"texture":"#0"},"south":{"uv":[7,12,7.5,12.5],"texture":"#0"},"west":{"uv":[7,12,7.5,12.5],"texture":"#0"},"up":{"uv":[7,12,7.5,12.5],"texture":"#0"},"down":{"uv":[7,12,7.5,12.5],"texture":"#0"}}},{"from":[7.5,6,13],"to":[8.5,7,14],"faces":{"north":{"uv":[7.5,11.5,8,12],"texture":"#0"},"east":{"uv":[7.5,11.5,8,12],"texture":"#0"},"south":{"uv":[7.5,11.5,8,12],"texture":"#0"},"west":{"uv":[7.5,11.5,8,12],"texture":"#0"},"up":{"uv":[7.5,11.5,8,12],"texture":"#0"},"down":{"uv":[7.5,11.5,8,12],"texture":"#0"}}},{"from":[7.5,0,2],"to":[8.5,1,3],"faces":{"north":{"uv":[2,14.5,2.5,15],"texture":"#0"},"east":{"uv":[2,14.5,2.5,15],"texture":"#0"},"south":{"uv":[2,14.5,2.5,15],"texture":"#0"},"west":{"uv":[2,14.5,2.5,15],"texture":"#0"},"up":{"uv":[2,14.5,2.5,15],"texture":"#0"},"down":{"uv":[2,14.5,2.5,15],"texture":"#0"}}},{"from":[7.5,0,1],"to":[8.5,1,2],"faces":{"north":{"uv":[1.5,14.5,2,15],"texture":"#0"},"east":{"uv":[1.5,14.5,2,15],"texture":"#0"},"south":{"uv":[1.5,14.5,2,15],"texture":"#0"},"west":{"uv":[1.5,14.5,2,15],"texture":"#0"},"up":{"uv":[1.5,14.5,2,15],"texture":"#0"},"down":{"uv":[1.5,14.5,2,15],"texture":"#0"}}},{"from":[7.2,1,1],"to":[8.8,2,2],"faces":{"north":{"uv":[1.5,14,2,14.5],"texture":"#0"},"east":{"uv":[1.5,14,2,14.5],"texture":"#0"},"south":{"uv":[1.5,14,2,14.5],"texture":"#0"},"west":{"uv":[1.5,14,2,14.5],"texture":"#0"},"up":{"uv":[1.5,14,2,14.5],"texture":"#0"},"down":{"uv":[1.5,14,2,14.5],"texture":"#0"}}}],"gui_light":"front"}