{"display":{"thirdperson_righthand":{"rotation":[-45,0,0],"translation":[0,3.5,0]},"thirdperson_lefthand":{"rotation":[-45,0,0],"translation":[0,3.5,0]},"firstperson_righthand":{"rotation":[-45,0,0],"translation":[0,2,0],"scale":[0.8,0.8,0.8]},"firstperson_lefthand":{"rotation":[-45,0,0],"translation":[0,2,0],"scale":[0.8,0.8,0.8]},"ground":{"scale":[0.6,0.6,0.6]},"gui":{"rotation":[0,90,0],"translation":[-3.25,-3.25,0],"scale":[0.6,0.6,0.6]},"fixed":{"rotation":[0,-90,0],"translation":[2.5,-2.5,0],"scale":[0.6,0.6,0.6]}},"gui_light":"front","texture_size":[32,32],"textures":{"0":"item/diamond_sword/20","particle":"item/diamond_sword/20"},"elements":[{"from":[7.5,0,0],"to":[8.5,1,1],"faces":{"north":{"uv":[0,15.5,0.5,16],"texture":"#0"},"east":{"uv":[0,15.5,0.5,16],"texture":"#0"},"south":{"uv":[0,15.5,0.5,16],"texture":"#0"},"west":{"uv":[0,15.5,0.5,16],"texture":"#0"},"up":{"uv":[0,15.5,0.5,16],"texture":"#0"},"down":{"uv":[0,15.5,0.5,16],"texture":"#0"}}},{"from":[7.5,0,1],"to":[8.5,1,2],"rotation":{"angle":0,"axis":"y","origin":[8,8,9]},"faces":{"north":{"uv":[0.5,15.5,1,16],"texture":"#0"},"east":{"uv":[0.5,15.5,1,16],"texture":"#0"},"south":{"uv":[0.5,15.5,1,16],"texture":"#0"},"west":{"uv":[0.5,15.5,1,16],"texture":"#0"},"up":{"uv":[0.5,15.5,1,16],"texture":"#0"},"down":{"uv":[0.5,15.5,1,16],"texture":"#0"}}},{"from":[7.5,0,2],"to":[8.5,1,3],"rotation":{"angle":0,"axis":"y","origin":[8,8,10]},"faces":{"north":{"uv":[1,15.5,1.5,16],"texture":"#0"},"east":{"uv":[1,15.5,1.5,16],"texture":"#0"},"south":{"uv":[1,15.5,1.5,16],"texture":"#0"},"west":{"uv":[1,15.5,1.5,16],"texture":"#0"},"up":{"uv":[1,15.5,1.5,16],"texture":"#0"},"down":{"uv":[1,15.5,1.5,16],"texture":"#0"}}},{"from":[7.5,1,2],"to":[8.5,2,3],"rotation":{"angle":0,"axis":"y","origin":[8,9,10]},"faces":{"north":{"uv":[1,15,1.5,15.5],"texture":"#0"},"east":{"uv":[1,15,1.5,15.5],"texture":"#0"},"south":{"uv":[1,15,1.5,15.5],"texture":"#0"},"west":{"uv":[1,15,1.5,15.5],"texture":"#0"},"up":{"uv":[1,15,1.5,15.5],"texture":"#0"},"down":{"uv":[1,15,1.5,15.5],"texture":"#0"}}},{"from":[7.2,1,1],"to":[8.8,2,2],"rotation":{"angle":0,"axis":"y","origin":[8,9,9]},"faces":{"north":{"uv":[0.5,15,1,15.5],"texture":"#0"},"east":{"uv":[0.5,15,1,15.5],"texture":"#0"},"south":{"uv":[0.5,15,1,15.5],"texture":"#0"},"west":{"uv":[0.5,15,1,15.5],"texture":"#0"},"up":{"uv":[0.5,15,1,15.5],"texture":"#0"},"down":{"uv":[0.5,15,1,15.5],"texture":"#0"}}},{"from":[7.3,2,2],"to":[8.7,3,3],"rotation":{"angle":0,"axis":"y","origin":[8,10,10]},"faces":{"north":{"uv":[1,14.5,1.5,15],"texture":"#0"},"east":{"uv":[1,14.5,1.5,15],"texture":"#0"},"south":{"uv":[1,14.5,1.5,15],"texture":"#0"},"west":{"uv":[1,14.5,1.5,15],"texture":"#0"},"up":{"uv":[1,14.5,1.5,15],"texture":"#0"},"down":{"uv":[1,14.5,1.5,15],"texture":"#0"}}},{"from":[7.5,2,3],"to":[8.5,3,4],"rotation":{"angle":0,"axis":"y","origin":[8,10,11]},"faces":{"north":{"uv":[1.5,14.5,2,15],"texture":"#0"},"east":{"uv":[1.5,14.5,2,15],"texture":"#0"},"south":{"uv":[1.5,14.5,2,15],"texture":"#0"},"west":{"uv":[1.5,14.5,2,15],"texture":"#0"},"up":{"uv":[1.5,14.5,2,15],"texture":"#0"},"down":{"uv":[1.5,14.5,2,15],"texture":"#0"}}},{"from":[7.5,3,2],"to":[8.5,4,3],"rotation":{"angle":0,"axis":"y","origin":[8,11,10]},"faces":{"north":{"uv":[1,14,1.5,14.5],"texture":"#0"},"east":{"uv":[1,14,1.5,14.5],"texture":"#0"},"south":{"uv":[1,14,1.5,14.5],"texture":"#0"},"west":{"uv":[1,14,1.5,14.5],"texture":"#0"},"up":{"uv":[1,14,1.5,14.5],"texture":"#0"},"down":{"uv":[1,14,1.5,14.5],"texture":"#0"}}},{"from":[7.3,3,3],"to":[8.7,4,4],"rotation":{"angle":0,"axis":"y","origin":[8,11,11]},"faces":{"north":{"uv":[1.5,14,2,14.5],"texture":"#0"},"east":{"uv":[1.5,14,2,14.5],"texture":"#0"},"south":{"uv":[1.5,14,2,14.5],"texture":"#0"},"west":{"uv":[1.5,14,2,14.5],"texture":"#0"},"up":{"uv":[1.5,14,2,14.5],"texture":"#0"},"down":{"uv":[1.5,14,2,14.5],"texture":"#0"}}},{"from":[7.5,3,4],"to":[8.5,4,5],"rotation":{"angle":0,"axis":"y","origin":[8,11,12]},"faces":{"north":{"uv":[2,14,2.5,14.5],"texture":"#0"},"east":{"uv":[2,14,2.5,14.5],"texture":"#0"},"south":{"uv":[2,14,2.5,14.5],"texture":"#0"},"west":{"uv":[2,14,2.5,14.5],"texture":"#0"},"up":{"uv":[2,14,2.5,14.5],"texture":"#0"},"down":{"uv":[2,14,2.5,14.5],"texture":"#0"}}},{"from":[7.5,4,3],"to":[8.5,5,4],"rotation":{"angle":0,"axis":"y","origin":[8,12,11]},"faces":{"north":{"uv":[1.5,13.5,2,14],"texture":"#0"},"east":{"uv":[1.5,13.5,2,14],"texture":"#0"},"south":{"uv":[1.5,13.5,2,14],"texture":"#0"},"west":{"uv":[1.5,13.5,2,14],"texture":"#0"},"up":{"uv":[1.5,13.5,2,14],"texture":"#0"},"down":{"uv":[1.5,13.5,2,14],"texture":"#0"}}},{"from":[7.3,4,4],"to":[8.7,5,5],"rotation":{"angle":0,"axis":"y","origin":[8,12,12]},"faces":{"north":{"uv":[2,13.5,2.5,14],"texture":"#0"},"east":{"uv":[2,13.5,2.5,14],"texture":"#0"},"south":{"uv":[2,13.5,2.5,14],"texture":"#0"},"west":{"uv":[2,13.5,2.5,14],"texture":"#0"},"up":{"uv":[2,13.5,2.5,14],"texture":"#0"},"down":{"uv":[2,13.5,2.5,14],"texture":"#0"}}},{"from":[7.5,4,5],"to":[8.5,5,6],"rotation":{"angle":0,"axis":"y","origin":[8,12,13]},"faces":{"north":{"uv":[2.5,13.5,3,14],"texture":"#0"},"east":{"uv":[2.5,13.5,3,14],"texture":"#0"},"south":{"uv":[2.5,13.5,3,14],"texture":"#0"},"west":{"uv":[2.5,13.5,3,14],"texture":"#0"},"up":{"uv":[2.5,13.5,3,14],"texture":"#0"},"down":{"uv":[2.5,13.5,3,14],"texture":"#0"}}},{"from":[7.5,5,4],"to":[8.5,6,5],"rotation":{"angle":0,"axis":"y","origin":[8,13,12]},"faces":{"north":{"uv":[2,13,2.5,13.5],"texture":"#0"},"east":{"uv":[2,13,2.5,13.5],"texture":"#0"},"south":{"uv":[2,13,2.5,13.5],"texture":"#0"},"west":{"uv":[2,13,2.5,13.5],"texture":"#0"},"up":{"uv":[2,13,2.5,13.5],"texture":"#0"},"down":{"uv":[2,13,2.5,13.5],"texture":"#0"}}},{"from":[7.3,5,5],"to":[8.7,6,6],"rotation":{"angle":0,"axis":"y","origin":[8,13,13]},"faces":{"north":{"uv":[2.5,13,3,13.5],"texture":"#0"},"east":{"uv":[2.5,13,3,13.5],"texture":"#0"},"south":{"uv":[2.5,13,3,13.5],"texture":"#0"},"west":{"uv":[2.5,13,3,13.5],"texture":"#0"},"up":{"uv":[2.5,13,3,13.5],"texture":"#0"},"down":{"uv":[2.5,13,3,13.5],"texture":"#0"}}},{"from":[7.5,5,6],"to":[8.5,6,7],"rotation":{"angle":0,"axis":"y","origin":[8,13,14]},"faces":{"north":{"uv":[3,13,3.5,13.5],"texture":"#0"},"east":{"uv":[3,13,3.5,13.5],"texture":"#0"},"south":{"uv":[3,13,3.5,13.5],"texture":"#0"},"west":{"uv":[3,13,3.5,13.5],"texture":"#0"},"up":{"uv":[3,13,3.5,13.5],"texture":"#0"},"down":{"uv":[3,13,3.5,13.5],"texture":"#0"}}},{"from":[7.5,5,7],"to":[8.5,6,8],"rotation":{"angle":0,"axis":"y","origin":[8,13,15]},"faces":{"north":{"uv":[3.5,13,4,13.5],"texture":"#0"},"east":{"uv":[3.5,13,4,13.5],"texture":"#0"},"south":{"uv":[3.5,13,4,13.5],"texture":"#0"},"west":{"uv":[3.5,13,4,13.5],"texture":"#0"},"up":{"uv":[3.5,13,4,13.5],"texture":"#0"},"down":{"uv":[3.5,13,4,13.5],"texture":"#0"}}},{"from":[7.2,5,8],"to":[8.8,6,9],"rotation":{"angle":0,"axis":"y","origin":[8,13,16]},"faces":{"north":{"uv":[4,13,4.5,13.5],"texture":"#0"},"east":{"uv":[4,13,4.5,13.5],"texture":"#0"},"south":{"uv":[4,13,4.5,13.5],"texture":"#0"},"west":{"uv":[4,13,4.5,13.5],"texture":"#0"},"up":{"uv":[4,13,4.5,13.5],"texture":"#0"},"down":{"uv":[4,13,4.5,13.5],"texture":"#0"}}},{"from":[7.5,4,8],"to":[8.5,5,9],"rotation":{"angle":0,"axis":"y","origin":[8,12,16]},"faces":{"north":{"uv":[4,13.5,4.5,14],"texture":"#0"},"east":{"uv":[4,13.5,4.5,14],"texture":"#0"},"south":{"uv":[4,13.5,4.5,14],"texture":"#0"},"west":{"uv":[4,13.5,4.5,14],"texture":"#0"},"up":{"uv":[4,13.5,4.5,14],"texture":"#0"},"down":{"uv":[4,13.5,4.5,14],"texture":"#0"}}},{"from":[7.5,4,9],"to":[8.5,5,10],"rotation":{"angle":0,"axis":"y","origin":[8,12,17]},"faces":{"north":{"uv":[4.5,13.5,5,14],"texture":"#0"},"east":{"uv":[4.5,13.5,5,14],"texture":"#0"},"south":{"uv":[4.5,13.5,5,14],"texture":"#0"},"west":{"uv":[4.5,13.5,5,14],"texture":"#0"},"up":{"uv":[4.5,13.5,5,14],"texture":"#0"},"down":{"uv":[4.5,13.5,5,14],"texture":"#0"}}},{"from":[7.3,4,7],"to":[8.7,5,8],"rotation":{"angle":0,"axis":"y","origin":[8,12,15]},"faces":{"north":{"uv":[3.5,13.5,4,14],"texture":"#0"},"east":{"uv":[3.5,13.5,4,14],"texture":"#0"},"south":{"uv":[3.5,13.5,4,14],"texture":"#0"},"west":{"uv":[3.5,13.5,4,14],"texture":"#0"},"up":{"uv":[3.5,13.5,4,14],"texture":"#0"},"down":{"uv":[3.5,13.5,4,14],"texture":"#0"}}},{"from":[7.3,3,8],"to":[8.7,4,9],"rotation":{"angle":0,"axis":"y","origin":[8,11,16]},"faces":{"north":{"uv":[4,14,4.5,14.5],"texture":"#0"},"east":{"uv":[4,14,4.5,14.5],"texture":"#0"},"south":{"uv":[4,14,4.5,14.5],"texture":"#0"},"west":{"uv":[4,14,4.5,14.5],"texture":"#0"},"up":{"uv":[4,14,4.5,14.5],"texture":"#0"},"down":{"uv":[4,14,4.5,14.5],"texture":"#0"}}},{"from":[7.2,5,9],"to":[8.8,6,10],"rotation":{"angle":0,"axis":"y","origin":[8,13,17]},"faces":{"north":{"uv":[4.5,13,5,13.5],"texture":"#0"},"east":{"uv":[4.5,13,5,13.5],"texture":"#0"},"south":{"uv":[4.5,13,5,13.5],"texture":"#0"},"west":{"uv":[4.5,13,5,13.5],"texture":"#0"},"up":{"uv":[4.5,13,5,13.5],"texture":"#0"},"down":{"uv":[4.5,13,5,13.5],"texture":"#0"}}},{"from":[7.5,5,10],"to":[8.5,6,11],"rotation":{"angle":0,"axis":"y","origin":[8,13,18]},"faces":{"north":{"uv":[5,13,5.5,13.5],"texture":"#0"},"east":{"uv":[5,13,5.5,13.5],"texture":"#0"},"south":{"uv":[5,13,5.5,13.5],"texture":"#0"},"west":{"uv":[5,13,5.5,13.5],"texture":"#0"},"up":{"uv":[5,13,5.5,13.5],"texture":"#0"},"down":{"uv":[5,13,5.5,13.5],"texture":"#0"}}},{"from":[7.5,6,8],"to":[8.5,7,9],"rotation":{"angle":0,"axis":"y","origin":[8,14,16]},"faces":{"north":{"uv":[4,12.5,4.5,13],"texture":"#0"},"east":{"uv":[4,12.5,4.5,13],"texture":"#0"},"south":{"uv":[4,12.5,4.5,13],"texture":"#0"},"west":{"uv":[4,12.5,4.5,13],"texture":"#0"},"up":{"uv":[4,12.5,4.5,13],"texture":"#0"},"down":{"uv":[4,12.5,4.5,13],"texture":"#0"}}},{"from":[7.5,7,8],"to":[8.5,8,9],"rotation":{"angle":0,"axis":"y","origin":[8,15,16]},"faces":{"north":{"uv":[4,12,4.5,12.5],"texture":"#0"},"east":{"uv":[4,12,4.5,12.5],"texture":"#0"},"south":{"uv":[4,12,4.5,12.5],"texture":"#0"},"west":{"uv":[4,12,4.5,12.5],"texture":"#0"},"up":{"uv":[4,12,4.5,12.5],"texture":"#0"},"down":{"uv":[4,12,4.5,12.5],"texture":"#0"}}},{"from":[7.5,7,9],"to":[8.5,8,10],"rotation":{"angle":0,"axis":"y","origin":[8,15,17]},"faces":{"north":{"uv":[4.5,12,5,12.5],"texture":"#0"},"east":{"uv":[4.5,12,5,12.5],"texture":"#0"},"south":{"uv":[4.5,12,5,12.5],"texture":"#0"},"west":{"uv":[4.5,12,5,12.5],"texture":"#0"},"up":{"uv":[4.5,12,5,12.5],"texture":"#0"},"down":{"uv":[4.5,12,5,12.5],"texture":"#0"}}},{"from":[7.5,8,10],"to":[8.5,9,11],"rotation":{"angle":0,"axis":"y","origin":[8,16,18]},"faces":{"north":{"uv":[5,11.5,5.5,12],"texture":"#0"},"east":{"uv":[5,11.5,5.5,12],"texture":"#0"},"south":{"uv":[5,11.5,5.5,12],"texture":"#0"},"west":{"uv":[5,11.5,5.5,12],"texture":"#0"},"up":{"uv":[5,11.5,5.5,12],"texture":"#0"},"down":{"uv":[5,11.5,5.5,12],"texture":"#0"}}},{"from":[7.5,9,11],"to":[8.5,10,12],"rotation":{"angle":0,"axis":"y","origin":[8,17,19]},"faces":{"north":{"uv":[5.5,11,6,11.5],"texture":"#0"},"east":{"uv":[5.5,11,6,11.5],"texture":"#0"},"south":{"uv":[5.5,11,6,11.5],"texture":"#0"},"west":{"uv":[5.5,11,6,11.5],"texture":"#0"},"up":{"uv":[5.5,11,6,11.5],"texture":"#0"},"down":{"uv":[5.5,11,6,11.5],"texture":"#0"}}},{"from":[7.5,10,12],"to":[8.5,11,13],"rotation":{"angle":0,"axis":"y","origin":[8,18,20]},"faces":{"north":{"uv":[6,10.5,6.5,11],"texture":"#0"},"east":{"uv":[6,10.5,6.5,11],"texture":"#0"},"south":{"uv":[6,10.5,6.5,11],"texture":"#0"},"west":{"uv":[6,10.5,6.5,11],"texture":"#0"},"up":{"uv":[6,10.5,6.5,11],"texture":"#0"},"down":{"uv":[6,10.5,6.5,11],"texture":"#0"}}},{"from":[7.5,11,13],"to":[8.5,12,14],"rotation":{"angle":0,"axis":"y","origin":[8,19,21]},"faces":{"north":{"uv":[6.5,10,7,10.5],"texture":"#0"},"east":{"uv":[6.5,10,7,10.5],"texture":"#0"},"south":{"uv":[6.5,10,7,10.5],"texture":"#0"},"west":{"uv":[6.5,10,7,10.5],"texture":"#0"},"up":{"uv":[6.5,10,7,10.5],"texture":"#0"},"down":{"uv":[6.5,10,7,10.5],"texture":"#0"}}},{"from":[7.3,12,14],"to":[8.7,13,15],"rotation":{"angle":0,"axis":"y","origin":[8,20,22]},"faces":{"north":{"uv":[7,9.5,7.5,10],"texture":"#0"},"east":{"uv":[7,9.5,7.5,10],"texture":"#0"},"south":{"uv":[7,9.5,7.5,10],"texture":"#0"},"west":{"uv":[7,9.5,7.5,10],"texture":"#0"},"up":{"uv":[7,9.5,7.5,10],"texture":"#0"},"down":{"uv":[7,9.5,7.5,10],"texture":"#0"}}},{"from":[7.5,12,15],"to":[8.5,13,16],"rotation":{"angle":0,"axis":"y","origin":[8,20,23]},"faces":{"north":{"uv":[7.5,9.5,8,10],"texture":"#0"},"east":{"uv":[7.5,9.5,8,10],"texture":"#0"},"south":{"uv":[7.5,9.5,8,10],"texture":"#0"},"west":{"uv":[7.5,9.5,8,10],"texture":"#0"},"up":{"uv":[7.5,9.5,8,10],"texture":"#0"},"down":{"uv":[7.5,9.5,8,10],"texture":"#0"}}},{"from":[7.5,11,15],"to":[8.5,12,16],"rotation":{"angle":0,"axis":"y","origin":[8,19,23]},"faces":{"north":{"uv":[7.5,10,8,10.5],"texture":"#0"},"east":{"uv":[7.5,10,8,10.5],"texture":"#0"},"south":{"uv":[7.5,10,8,10.5],"texture":"#0"},"west":{"uv":[7.5,10,8,10.5],"texture":"#0"},"up":{"uv":[7.5,10,8,10.5],"texture":"#0"},"down":{"uv":[7.5,10,8,10.5],"texture":"#0"}}},{"from":[7.5,13,16],"to":[8.5,14,17],"rotation":{"angle":0,"axis":"y","origin":[8,21,24]},"faces":{"north":{"uv":[8,9,8.5,9.5],"texture":"#0"},"east":{"uv":[8,9,8.5,9.5],"texture":"#0"},"south":{"uv":[8,9,8.5,9.5],"texture":"#0"},"west":{"uv":[8,9,8.5,9.5],"texture":"#0"},"up":{"uv":[8,9,8.5,9.5],"texture":"#0"},"down":{"uv":[8,9,8.5,9.5],"texture":"#0"}}},{"from":[7.5,13,17],"to":[8.5,14,18],"rotation":{"angle":0,"axis":"y","origin":[8,21,25]},"faces":{"north":{"uv":[8.5,9,9,9.5],"texture":"#0"},"east":{"uv":[8.5,9,9,9.5],"texture":"#0"},"south":{"uv":[8.5,9,9,9.5],"texture":"#0"},"west":{"uv":[8.5,9,9,9.5],"texture":"#0"},"up":{"uv":[8.5,9,9,9.5],"texture":"#0"},"down":{"uv":[8.5,9,9,9.5],"texture":"#0"}}},{"from":[7.5,14,17],"to":[8.5,15,18],"rotation":{"angle":0,"axis":"y","origin":[8,22,25]},"faces":{"north":{"uv":[8.5,8.5,9,9],"texture":"#0"},"east":{"uv":[8.5,8.5,9,9],"texture":"#0"},"south":{"uv":[8.5,8.5,9,9],"texture":"#0"},"west":{"uv":[8.5,8.5,9,9],"texture":"#0"},"up":{"uv":[8.5,8.5,9,9],"texture":"#0"},"down":{"uv":[8.5,8.5,9,9],"texture":"#0"}}},{"from":[7.5,15,18],"to":[8.5,16,19],"rotation":{"angle":0,"axis":"y","origin":[8,23,26]},"faces":{"north":{"uv":[9,8,9.5,8.5],"texture":"#0"},"east":{"uv":[9,8,9.5,8.5],"texture":"#0"},"south":{"uv":[9,8,9.5,8.5],"texture":"#0"},"west":{"uv":[9,8,9.5,8.5],"texture":"#0"},"up":{"uv":[9,8,9.5,8.5],"texture":"#0"},"down":{"uv":[9,8,9.5,8.5],"texture":"#0"}}},{"from":[7.5,15,19],"to":[8.5,16,20],"rotation":{"angle":0,"axis":"y","origin":[8,23,27]},"faces":{"north":{"uv":[9.5,8,10,8.5],"texture":"#0"},"east":{"uv":[9.5,8,10,8.5],"texture":"#0"},"south":{"uv":[9.5,8,10,8.5],"texture":"#0"},"west":{"uv":[9.5,8,10,8.5],"texture":"#0"},"up":{"uv":[9.5,8,10,8.5],"texture":"#0"},"down":{"uv":[9.5,8,10,8.5],"texture":"#0"}}},{"from":[7.5,15,20],"to":[8.5,16,21],"rotation":{"angle":0,"axis":"y","origin":[8,23,28]},"faces":{"north":{"uv":[10,8,10.5,8.5],"texture":"#0"},"east":{"uv":[10,8,10.5,8.5],"texture":"#0"},"south":{"uv":[10,8,10.5,8.5],"texture":"#0"},"west":{"uv":[10,8,10.5,8.5],"texture":"#0"},"up":{"uv":[10,8,10.5,8.5],"texture":"#0"},"down":{"uv":[10,8,10.5,8.5],"texture":"#0"}}},{"from":[7.5,16,19],"to":[8.5,17,20],"rotation":{"angle":0,"axis":"y","origin":[8,24,27]},"faces":{"north":{"uv":[9.5,7.5,10,8],"texture":"#0"},"east":{"uv":[9.5,7.5,10,8],"texture":"#0"},"south":{"uv":[9.5,7.5,10,8],"texture":"#0"},"west":{"uv":[9.5,7.5,10,8],"texture":"#0"},"up":{"uv":[9.5,7.5,10,8],"texture":"#0"},"down":{"uv":[9.5,7.5,10,8],"texture":"#0"}}},{"from":[7.5,17,20],"to":[8.5,18,21],"rotation":{"angle":0,"axis":"y","origin":[8,25,28]},"faces":{"north":{"uv":[10,7,10.5,7.5],"texture":"#0"},"east":{"uv":[10,7,10.5,7.5],"texture":"#0"},"south":{"uv":[10,7,10.5,7.5],"texture":"#0"},"west":{"uv":[10,7,10.5,7.5],"texture":"#0"},"up":{"uv":[10,7,10.5,7.5],"texture":"#0"},"down":{"uv":[10,7,10.5,7.5],"texture":"#0"}}},{"from":[7.5,18,21],"to":[8.5,19,22],"rotation":{"angle":0,"axis":"y","origin":[8,26,29]},"faces":{"north":{"uv":[10.5,6.5,11,7],"texture":"#0"},"east":{"uv":[10.5,6.5,11,7],"texture":"#0"},"south":{"uv":[10.5,6.5,11,7],"texture":"#0"},"west":{"uv":[10.5,6.5,11,7],"texture":"#0"},"up":{"uv":[10.5,6.5,11,7],"texture":"#0"},"down":{"uv":[10.5,6.5,11,7],"texture":"#0"}}},{"from":[7.5,18,22],"to":[8.5,19,23],"rotation":{"angle":0,"axis":"y","origin":[8,26,30]},"faces":{"north":{"uv":[11,6.5,11.5,7],"texture":"#0"},"east":{"uv":[11,6.5,11.5,7],"texture":"#0"},"south":{"uv":[11,6.5,11.5,7],"texture":"#0"},"west":{"uv":[11,6.5,11.5,7],"texture":"#0"},"up":{"uv":[11,6.5,11.5,7],"texture":"#0"},"down":{"uv":[11,6.5,11.5,7],"texture":"#0"}}},{"from":[7.5,19,21],"to":[8.5,20,22],"rotation":{"angle":0,"axis":"y","origin":[8,27,29]},"faces":{"north":{"uv":[10.5,6,11,6.5],"texture":"#0"},"east":{"uv":[10.5,6,11,6.5],"texture":"#0"},"south":{"uv":[10.5,6,11,6.5],"texture":"#0"},"west":{"uv":[10.5,6,11,6.5],"texture":"#0"},"up":{"uv":[10.5,6,11,6.5],"texture":"#0"},"down":{"uv":[10.5,6,11,6.5],"texture":"#0"}}},{"from":[7.5,19,20],"to":[8.5,20,21],"rotation":{"angle":0,"axis":"y","origin":[8,27,28]},"faces":{"north":{"uv":[10,6,10.5,6.5],"texture":"#0"},"east":{"uv":[10,6,10.5,6.5],"texture":"#0"},"south":{"uv":[10,6,10.5,6.5],"texture":"#0"},"west":{"uv":[10,6,10.5,6.5],"texture":"#0"},"up":{"uv":[10,6,10.5,6.5],"texture":"#0"},"down":{"uv":[10,6,10.5,6.5],"texture":"#0"}}},{"from":[7.5,19,19],"to":[8.5,20,20],"rotation":{"angle":0,"axis":"y","origin":[8,27,27]},"faces":{"north":{"uv":[9.5,6,10,6.5],"texture":"#0"},"east":{"uv":[9.5,6,10,6.5],"texture":"#0"},"south":{"uv":[9.5,6,10,6.5],"texture":"#0"},"west":{"uv":[9.5,6,10,6.5],"texture":"#0"},"up":{"uv":[9.5,6,10,6.5],"texture":"#0"},"down":{"uv":[9.5,6,10,6.5],"texture":"#0"}}},{"from":[7.5,19,18],"to":[8.5,20,19],"rotation":{"angle":0,"axis":"y","origin":[8,27,26]},"faces":{"north":{"uv":[9,6,9.5,6.5],"texture":"#0"},"east":{"uv":[9,6,9.5,6.5],"texture":"#0"},"south":{"uv":[9,6,9.5,6.5],"texture":"#0"},"west":{"uv":[9,6,9.5,6.5],"texture":"#0"},"up":{"uv":[9,6,9.5,6.5],"texture":"#0"},"down":{"uv":[9,6,9.5,6.5],"texture":"#0"}}},{"from":[7.2,18,18],"to":[8.8,19,19],"rotation":{"angle":0,"axis":"y","origin":[8,26,26]},"faces":{"north":{"uv":[9,6.5,9.5,7],"texture":"#0"},"east":{"uv":[9,6.5,9.5,7],"texture":"#0"},"south":{"uv":[9,6.5,9.5,7],"texture":"#0"},"west":{"uv":[9,6.5,9.5,7],"texture":"#0"},"up":{"uv":[9,6.5,9.5,7],"texture":"#0"},"down":{"uv":[9,6.5,9.5,7],"texture":"#0"}}},{"from":[7.5,18,17],"to":[8.5,19,18],"rotation":{"angle":0,"axis":"y","origin":[8,26,25]},"faces":{"north":{"uv":[8.5,6.5,9,7],"texture":"#0"},"east":{"uv":[8.5,6.5,9,7],"texture":"#0"},"south":{"uv":[8.5,6.5,9,7],"texture":"#0"},"west":{"uv":[8.5,6.5,9,7],"texture":"#0"},"up":{"uv":[8.5,6.5,9,7],"texture":"#0"},"down":{"uv":[8.5,6.5,9,7],"texture":"#0"}}},{"from":[7.5,18,16],"to":[8.5,19,17],"rotation":{"angle":0,"axis":"y","origin":[8,26,24]},"faces":{"north":{"uv":[8,6.5,8.5,7],"texture":"#0"},"east":{"uv":[8,6.5,8.5,7],"texture":"#0"},"south":{"uv":[8,6.5,8.5,7],"texture":"#0"},"west":{"uv":[8,6.5,8.5,7],"texture":"#0"},"up":{"uv":[8,6.5,8.5,7],"texture":"#0"},"down":{"uv":[8,6.5,8.5,7],"texture":"#0"}}},{"from":[7.2,17,16],"to":[8.8,18,17],"rotation":{"angle":0,"axis":"y","origin":[8,25,24]},"faces":{"north":{"uv":[8,7,8.5,7.5],"texture":"#0"},"east":{"uv":[8,7,8.5,7.5],"texture":"#0"},"south":{"uv":[8,7,8.5,7.5],"texture":"#0"},"west":{"uv":[8,7,8.5,7.5],"texture":"#0"},"up":{"uv":[8,7,8.5,7.5],"texture":"#0"},"down":{"uv":[8,7,8.5,7.5],"texture":"#0"}}},{"from":[7.5,17,15],"to":[8.5,18,16],"rotation":{"angle":0,"axis":"y","origin":[8,25,23]},"faces":{"north":{"uv":[7.5,7,8,7.5],"texture":"#0"},"east":{"uv":[7.5,7,8,7.5],"texture":"#0"},"south":{"uv":[7.5,7,8,7.5],"texture":"#0"},"west":{"uv":[7.5,7,8,7.5],"texture":"#0"},"up":{"uv":[7.5,7,8,7.5],"texture":"#0"},"down":{"uv":[7.5,7,8,7.5],"texture":"#0"}}},{"from":[7.2,16,15],"to":[8.8,17,16],"rotation":{"angle":0,"axis":"y","origin":[8,24,23]},"faces":{"north":{"uv":[7.5,7.5,8,8],"texture":"#0"},"east":{"uv":[7.5,7.5,8,8],"texture":"#0"},"south":{"uv":[7.5,7.5,8,8],"texture":"#0"},"west":{"uv":[7.5,7.5,8,8],"texture":"#0"},"up":{"uv":[7.5,7.5,8,8],"texture":"#0"},"down":{"uv":[7.5,7.5,8,8],"texture":"#0"}}},{"from":[7.5,16,14],"to":[8.5,17,15],"rotation":{"angle":0,"axis":"y","origin":[8,24,22]},"faces":{"north":{"uv":[7,7.5,7.5,8],"texture":"#0"},"east":{"uv":[7,7.5,7.5,8],"texture":"#0"},"south":{"uv":[7,7.5,7.5,8],"texture":"#0"},"west":{"uv":[7,7.5,7.5,8],"texture":"#0"},"up":{"uv":[7,7.5,7.5,8],"texture":"#0"},"down":{"uv":[7,7.5,7.5,8],"texture":"#0"}}},{"from":[7.2,15,14],"to":[8.8,16,15],"rotation":{"angle":0,"axis":"y","origin":[8,23,22]},"faces":{"north":{"uv":[7,8,7.5,8.5],"texture":"#0"},"east":{"uv":[7,8,7.5,8.5],"texture":"#0"},"south":{"uv":[7,8,7.5,8.5],"texture":"#0"},"west":{"uv":[7,8,7.5,8.5],"texture":"#0"},"up":{"uv":[7,8,7.5,8.5],"texture":"#0"},"down":{"uv":[7,8,7.5,8.5],"texture":"#0"}}},{"from":[7.5,15,13],"to":[8.5,16,14],"rotation":{"angle":0,"axis":"y","origin":[8,23,21]},"faces":{"north":{"uv":[6.5,8,7,8.5],"texture":"#0"},"east":{"uv":[6.5,8,7,8.5],"texture":"#0"},"south":{"uv":[6.5,8,7,8.5],"texture":"#0"},"west":{"uv":[6.5,8,7,8.5],"texture":"#0"},"up":{"uv":[6.5,8,7,8.5],"texture":"#0"},"down":{"uv":[6.5,8,7,8.5],"texture":"#0"}}},{"from":[7.2,14,13],"to":[8.8,15,14],"rotation":{"angle":0,"axis":"y","origin":[8,22,21]},"faces":{"north":{"uv":[6.5,8.5,7,9],"texture":"#0"},"east":{"uv":[6.5,8.5,7,9],"texture":"#0"},"south":{"uv":[6.5,8.5,7,9],"texture":"#0"},"west":{"uv":[6.5,8.5,7,9],"texture":"#0"},"up":{"uv":[6.5,8.5,7,9],"texture":"#0"},"down":{"uv":[6.5,8.5,7,9],"texture":"#0"}}},{"from":[7.5,14,12],"to":[8.5,15,13],"rotation":{"angle":0,"axis":"y","origin":[8,22,20]},"faces":{"north":{"uv":[6,8.5,6.5,9],"texture":"#0"},"east":{"uv":[6,8.5,6.5,9],"texture":"#0"},"south":{"uv":[6,8.5,6.5,9],"texture":"#0"},"west":{"uv":[6,8.5,6.5,9],"texture":"#0"},"up":{"uv":[6,8.5,6.5,9],"texture":"#0"},"down":{"uv":[6,8.5,6.5,9],"texture":"#0"}}},{"from":[7.2,13,12],"to":[8.8,14,13],"rotation":{"angle":0,"axis":"y","origin":[8,21,20]},"faces":{"north":{"uv":[6,9,6.5,9.5],"texture":"#0"},"east":{"uv":[6,9,6.5,9.5],"texture":"#0"},"south":{"uv":[6,9,6.5,9.5],"texture":"#0"},"west":{"uv":[6,9,6.5,9.5],"texture":"#0"},"up":{"uv":[6,9,6.5,9.5],"texture":"#0"},"down":{"uv":[6,9,6.5,9.5],"texture":"#0"}}},{"from":[7.5,13,11],"to":[8.5,14,12],"rotation":{"angle":0,"axis":"y","origin":[8,21,19]},"faces":{"north":{"uv":[5.5,9,6,9.5],"texture":"#0"},"east":{"uv":[5.5,9,6,9.5],"texture":"#0"},"south":{"uv":[5.5,9,6,9.5],"texture":"#0"},"west":{"uv":[5.5,9,6,9.5],"texture":"#0"},"up":{"uv":[5.5,9,6,9.5],"texture":"#0"},"down":{"uv":[5.5,9,6,9.5],"texture":"#0"}}},{"from":[7.2,12,11],"to":[8.8,13,12],"rotation":{"angle":0,"axis":"y","origin":[8,20,19]},"faces":{"north":{"uv":[5.5,9.5,6,10],"texture":"#0"},"east":{"uv":[5.5,9.5,6,10],"texture":"#0"},"south":{"uv":[5.5,9.5,6,10],"texture":"#0"},"west":{"uv":[5.5,9.5,6,10],"texture":"#0"},"up":{"uv":[5.5,9.5,6,10],"texture":"#0"},"down":{"uv":[5.5,9.5,6,10],"texture":"#0"}}},{"from":[7.5,12,10],"to":[8.5,13,11],"rotation":{"angle":0,"axis":"y","origin":[8,20,18]},"faces":{"north":{"uv":[5,9.5,5.5,10],"texture":"#0"},"east":{"uv":[5,9.5,5.5,10],"texture":"#0"},"south":{"uv":[5,9.5,5.5,10],"texture":"#0"},"west":{"uv":[5,9.5,5.5,10],"texture":"#0"},"up":{"uv":[5,9.5,5.5,10],"texture":"#0"},"down":{"uv":[5,9.5,5.5,10],"texture":"#0"}}},{"from":[7.2,11,10],"to":[8.8,12,11],"rotation":{"angle":0,"axis":"y","origin":[8,19,18]},"faces":{"north":{"uv":[5,10,5.5,10.5],"texture":"#0"},"east":{"uv":[5,10,5.5,10.5],"texture":"#0"},"south":{"uv":[5,10,5.5,10.5],"texture":"#0"},"west":{"uv":[5,10,5.5,10.5],"texture":"#0"},"up":{"uv":[5,10,5.5,10.5],"texture":"#0"},"down":{"uv":[5,10,5.5,10.5],"texture":"#0"}}},{"from":[7.5,11,9],"to":[8.5,12,10],"rotation":{"angle":0,"axis":"y","origin":[8,19,17]},"faces":{"north":{"uv":[4.5,10,5,10.5],"texture":"#0"},"east":{"uv":[4.5,10,5,10.5],"texture":"#0"},"south":{"uv":[4.5,10,5,10.5],"texture":"#0"},"west":{"uv":[4.5,10,5,10.5],"texture":"#0"},"up":{"uv":[4.5,10,5,10.5],"texture":"#0"},"down":{"uv":[4.5,10,5,10.5],"texture":"#0"}}},{"from":[7.2,10,9],"to":[8.8,11,10],"rotation":{"angle":0,"axis":"y","origin":[8,18,17]},"faces":{"north":{"uv":[4.5,10.5,5,11],"texture":"#0"},"east":{"uv":[4.5,10.5,5,11],"texture":"#0"},"south":{"uv":[4.5,10.5,5,11],"texture":"#0"},"west":{"uv":[4.5,10.5,5,11],"texture":"#0"},"up":{"uv":[4.5,10.5,5,11],"texture":"#0"},"down":{"uv":[4.5,10.5,5,11],"texture":"#0"}}},{"from":[7.2,9,9],"to":[8.8,10,10],"rotation":{"angle":0,"axis":"y","origin":[8,17,17]},"faces":{"north":{"uv":[4.5,11,5,11.5],"texture":"#0"},"east":{"uv":[4.5,11,5,11.5],"texture":"#0"},"south":{"uv":[4.5,11,5,11.5],"texture":"#0"},"west":{"uv":[4.5,11,5,11.5],"texture":"#0"},"up":{"uv":[4.5,11,5,11.5],"texture":"#0"},"down":{"uv":[4.5,11,5,11.5],"texture":"#0"}}},{"from":[7.2,9,10],"to":[8.8,10,11],"rotation":{"angle":0,"axis":"y","origin":[8,17,18]},"faces":{"north":{"uv":[5,11,5.5,11.5],"texture":"#0"},"east":{"uv":[5,11,5.5,11.5],"texture":"#0"},"south":{"uv":[5,11,5.5,11.5],"texture":"#0"},"west":{"uv":[5,11,5.5,11.5],"texture":"#0"},"up":{"uv":[5,11,5.5,11.5],"texture":"#0"},"down":{"uv":[5,11,5.5,11.5],"texture":"#0"}}},{"from":[7.2,10,10],"to":[8.8,11,11],"rotation":{"angle":0,"axis":"y","origin":[8,18,18]},"faces":{"north":{"uv":[5,10.5,5.5,11],"texture":"#0"},"east":{"uv":[5,10.5,5.5,11],"texture":"#0"},"south":{"uv":[5,10.5,5.5,11],"texture":"#0"},"west":{"uv":[5,10.5,5.5,11],"texture":"#0"},"up":{"uv":[5,10.5,5.5,11],"texture":"#0"},"down":{"uv":[5,10.5,5.5,11],"texture":"#0"}}},{"from":[7.2,10,11],"to":[8.8,11,12],"rotation":{"angle":0,"axis":"y","origin":[8,18,19]},"faces":{"north":{"uv":[5.5,10.5,6,11],"texture":"#0"},"east":{"uv":[5.5,10.5,6,11],"texture":"#0"},"south":{"uv":[5.5,10.5,6,11],"texture":"#0"},"west":{"uv":[5.5,10.5,6,11],"texture":"#0"},"up":{"uv":[5.5,10.5,6,11],"texture":"#0"},"down":{"uv":[5.5,10.5,6,11],"texture":"#0"}}},{"from":[7.2,11,11],"to":[8.8,12,12],"rotation":{"angle":0,"axis":"y","origin":[8,19,19]},"faces":{"north":{"uv":[5.5,10,6,10.5],"texture":"#0"},"east":{"uv":[5.5,10,6,10.5],"texture":"#0"},"south":{"uv":[5.5,10,6,10.5],"texture":"#0"},"west":{"uv":[5.5,10,6,10.5],"texture":"#0"},"up":{"uv":[5.5,10,6,10.5],"texture":"#0"},"down":{"uv":[5.5,10,6,10.5],"texture":"#0"}}},{"from":[7.2,11,12],"to":[8.8,12,13],"rotation":{"angle":0,"axis":"y","origin":[8,19,20]},"faces":{"north":{"uv":[6,10,6.5,10.5],"texture":"#0"},"east":{"uv":[6,10,6.5,10.5],"texture":"#0"},"south":{"uv":[6,10,6.5,10.5],"texture":"#0"},"west":{"uv":[6,10,6.5,10.5],"texture":"#0"},"up":{"uv":[6,10,6.5,10.5],"texture":"#0"},"down":{"uv":[6,10,6.5,10.5],"texture":"#0"}}},{"from":[7.2,12,12],"to":[8.8,13,13],"rotation":{"angle":0,"axis":"y","origin":[8,20,20]},"faces":{"north":{"uv":[5.5,10,6,10.5],"texture":"#0"},"east":{"uv":[5.5,10,6,10.5],"texture":"#0"},"south":{"uv":[5.5,10,6,10.5],"texture":"#0"},"west":{"uv":[5.5,10,6,10.5],"texture":"#0"},"up":{"uv":[5.5,10,6,10.5],"texture":"#0"},"down":{"uv":[5.5,10,6,10.5],"texture":"#0"}}},{"from":[7.2,12,13],"to":[8.8,13,14],"rotation":{"angle":0,"axis":"y","origin":[8,20,21]},"faces":{"north":{"uv":[6,10,6.5,10.5],"texture":"#0"},"east":{"uv":[6,10,6.5,10.5],"texture":"#0"},"south":{"uv":[6,10,6.5,10.5],"texture":"#0"},"west":{"uv":[6,10,6.5,10.5],"texture":"#0"},"up":{"uv":[6,10,6.5,10.5],"texture":"#0"},"down":{"uv":[6,10,6.5,10.5],"texture":"#0"}}},{"from":[7.2,13,13],"to":[8.8,14,14],"rotation":{"angle":0,"axis":"y","origin":[8,21,21]},"faces":{"north":{"uv":[6,9.5,6.5,10],"texture":"#0"},"east":{"uv":[6,9.5,6.5,10],"texture":"#0"},"south":{"uv":[6,9.5,6.5,10],"texture":"#0"},"west":{"uv":[6,9.5,6.5,10],"texture":"#0"},"up":{"uv":[6,9.5,6.5,10],"texture":"#0"},"down":{"uv":[6,9.5,6.5,10],"texture":"#0"}}},{"from":[7.2,13,14],"to":[8.8,14,15],"rotation":{"angle":0,"axis":"y","origin":[8,21,22]},"faces":{"north":{"uv":[6.5,9.5,7,10],"texture":"#0"},"east":{"uv":[6.5,9.5,7,10],"texture":"#0"},"south":{"uv":[6.5,9.5,7,10],"texture":"#0"},"west":{"uv":[6.5,9.5,7,10],"texture":"#0"},"up":{"uv":[6.5,9.5,7,10],"texture":"#0"},"down":{"uv":[6.5,9.5,7,10],"texture":"#0"}}},{"from":[7.2,14,14],"to":[8.8,15,15],"rotation":{"angle":0,"axis":"y","origin":[8,22,22]},"faces":{"north":{"uv":[6.5,9,7,9.5],"texture":"#0"},"east":{"uv":[6.5,9,7,9.5],"texture":"#0"},"south":{"uv":[6.5,9,7,9.5],"texture":"#0"},"west":{"uv":[6.5,9,7,9.5],"texture":"#0"},"up":{"uv":[6.5,9,7,9.5],"texture":"#0"},"down":{"uv":[6.5,9,7,9.5],"texture":"#0"}}},{"from":[7.2,14,15],"to":[8.8,15,16],"rotation":{"angle":0,"axis":"y","origin":[8,22,23]},"faces":{"north":{"uv":[7,9,7.5,9.5],"texture":"#0"},"east":{"uv":[7,9,7.5,9.5],"texture":"#0"},"south":{"uv":[7,9,7.5,9.5],"texture":"#0"},"west":{"uv":[7,9,7.5,9.5],"texture":"#0"},"up":{"uv":[7,9,7.5,9.5],"texture":"#0"},"down":{"uv":[7,9,7.5,9.5],"texture":"#0"}}},{"from":[7.3,14,16],"to":[8.7,15,17],"rotation":{"angle":0,"axis":"y","origin":[8,22,24]},"faces":{"north":{"uv":[7.5,9,8,9.5],"texture":"#0"},"east":{"uv":[7.5,9,8,9.5],"texture":"#0"},"south":{"uv":[7.5,9,8,9.5],"texture":"#0"},"west":{"uv":[7.5,9,8,9.5],"texture":"#0"},"up":{"uv":[7.5,9,8,9.5],"texture":"#0"},"down":{"uv":[7.5,9,8,9.5],"texture":"#0"}}},{"from":[7.2,15,16],"to":[8.8,16,17],"rotation":{"angle":0,"axis":"y","origin":[8,23,24]},"faces":{"north":{"uv":[7.5,8.5,8,9],"texture":"#0"},"east":{"uv":[7.5,8.5,8,9],"texture":"#0"},"south":{"uv":[7.5,8.5,8,9],"texture":"#0"},"west":{"uv":[7.5,8.5,8,9],"texture":"#0"},"up":{"uv":[7.5,8.5,8,9],"texture":"#0"},"down":{"uv":[7.5,8.5,8,9],"texture":"#0"}}},{"from":[7.3,15,17],"to":[8.7,16,18],"rotation":{"angle":0,"axis":"y","origin":[8,23,25]},"faces":{"north":{"uv":[8,8.5,8.5,9],"texture":"#0"},"east":{"uv":[8,8.5,8.5,9],"texture":"#0"},"south":{"uv":[8,8.5,8.5,9],"texture":"#0"},"west":{"uv":[8,8.5,8.5,9],"texture":"#0"},"up":{"uv":[8,8.5,8.5,9],"texture":"#0"},"down":{"uv":[8,8.5,8.5,9],"texture":"#0"}}},{"from":[7.2,16,16],"to":[8.8,17,17],"rotation":{"angle":0,"axis":"y","origin":[8,24,24]},"faces":{"north":{"uv":[7.5,8,8,8.5],"texture":"#0"},"east":{"uv":[7.5,8,8,8.5],"texture":"#0"},"south":{"uv":[7.5,8,8,8.5],"texture":"#0"},"west":{"uv":[7.5,8,8,8.5],"texture":"#0"},"up":{"uv":[7.5,8,8,8.5],"texture":"#0"},"down":{"uv":[7.5,8,8,8.5],"texture":"#0"}}},{"from":[7.2,16,17],"to":[8.8,17,18],"rotation":{"angle":0,"axis":"y","origin":[8,24,25]},"faces":{"north":{"uv":[8,8,8.5,8.5],"texture":"#0"},"east":{"uv":[8,8,8.5,8.5],"texture":"#0"},"south":{"uv":[8,8,8.5,8.5],"texture":"#0"},"west":{"uv":[8,8,8.5,8.5],"texture":"#0"},"up":{"uv":[8,8,8.5,8.5],"texture":"#0"},"down":{"uv":[8,8,8.5,8.5],"texture":"#0"}}},{"from":[7.3,16,18],"to":[8.7,17,19],"rotation":{"angle":0,"axis":"y","origin":[8,24,26]},"faces":{"north":{"uv":[8.5,8,9,8.5],"texture":"#0"},"east":{"uv":[8.5,8,9,8.5],"texture":"#0"},"south":{"uv":[8.5,8,9,8.5],"texture":"#0"},"west":{"uv":[8.5,8,9,8.5],"texture":"#0"},"up":{"uv":[8.5,8,9,8.5],"texture":"#0"},"down":{"uv":[8.5,8,9,8.5],"texture":"#0"}}},{"from":[7.2,17,18],"to":[8.8,18,19],"rotation":{"angle":0,"axis":"y","origin":[8,25,26]},"faces":{"north":{"uv":[8.5,7.5,9,8],"texture":"#0"},"east":{"uv":[8.5,7.5,9,8],"texture":"#0"},"south":{"uv":[8.5,7.5,9,8],"texture":"#0"},"west":{"uv":[8.5,7.5,9,8],"texture":"#0"},"up":{"uv":[8.5,7.5,9,8],"texture":"#0"},"down":{"uv":[8.5,7.5,9,8],"texture":"#0"}}},{"from":[7.2,17,19],"to":[8.8,18,20],"rotation":{"angle":0,"axis":"y","origin":[8,25,27]},"faces":{"north":{"uv":[9,7.5,9.5,8],"texture":"#0"},"east":{"uv":[9,7.5,9.5,8],"texture":"#0"},"south":{"uv":[9,7.5,9.5,8],"texture":"#0"},"west":{"uv":[9,7.5,9.5,8],"texture":"#0"},"up":{"uv":[9,7.5,9.5,8],"texture":"#0"},"down":{"uv":[9,7.5,9.5,8],"texture":"#0"}}},{"from":[7.2,18,19],"to":[8.8,19,20],"rotation":{"angle":0,"axis":"y","origin":[8,26,27]},"faces":{"north":{"uv":[9,7,9.5,7.5],"texture":"#0"},"east":{"uv":[9,7,9.5,7.5],"texture":"#0"},"south":{"uv":[9,7,9.5,7.5],"texture":"#0"},"west":{"uv":[9,7,9.5,7.5],"texture":"#0"},"up":{"uv":[9,7,9.5,7.5],"texture":"#0"},"down":{"uv":[9,7,9.5,7.5],"texture":"#0"}}},{"from":[7.2,18,20],"to":[8.8,19,21],"rotation":{"angle":0,"axis":"y","origin":[8,26,28]},"faces":{"north":{"uv":[9.5,7,10,7.5],"texture":"#0"},"east":{"uv":[9.5,7,10,7.5],"texture":"#0"},"south":{"uv":[9.5,7,10,7.5],"texture":"#0"},"west":{"uv":[9.5,7,10,7.5],"texture":"#0"},"up":{"uv":[9.5,7,10,7.5],"texture":"#0"},"down":{"uv":[9.5,7,10,7.5],"texture":"#0"}}},{"from":[7.2,17,17],"to":[8.8,18,18],"rotation":{"angle":0,"axis":"y","origin":[8,25,25]},"faces":{"north":{"uv":[8,7.5,8.5,8],"texture":"#0"},"east":{"uv":[8,7.5,8.5,8],"texture":"#0"},"south":{"uv":[8,7.5,8.5,8],"texture":"#0"},"west":{"uv":[8,7.5,8.5,8],"texture":"#0"},"up":{"uv":[8,7.5,8.5,8],"texture":"#0"},"down":{"uv":[8,7.5,8.5,8],"texture":"#0"}}},{"from":[7.2,15,15],"to":[8.8,16,16],"rotation":{"angle":0,"axis":"y","origin":[8,23,23]},"faces":{"north":{"uv":[7,8.5,7.5,9],"texture":"#0"},"east":{"uv":[7,8.5,7.5,9],"texture":"#0"},"south":{"uv":[7,8.5,7.5,9],"texture":"#0"},"west":{"uv":[7,8.5,7.5,9],"texture":"#0"},"up":{"uv":[7,8.5,7.5,9],"texture":"#0"},"down":{"uv":[7,8.5,7.5,9],"texture":"#0"}}},{"from":[7.3,13,15],"to":[8.7,14,16],"rotation":{"angle":0,"axis":"y","origin":[8,21,23]},"faces":{"north":{"uv":[7,9.5,7.5,10],"texture":"#0"},"east":{"uv":[7,9.5,7.5,10],"texture":"#0"},"south":{"uv":[7,9.5,7.5,10],"texture":"#0"},"west":{"uv":[7,9.5,7.5,10],"texture":"#0"},"up":{"uv":[7,9.5,7.5,10],"texture":"#0"},"down":{"uv":[7,9.5,7.5,10],"texture":"#0"}}},{"from":[7.2,8,9],"to":[8.8,9,10],"rotation":{"angle":0,"axis":"y","origin":[8,16,17]},"faces":{"north":{"uv":[4.5,11.5,5,12],"texture":"#0"},"east":{"uv":[4.5,11.5,5,12],"texture":"#0"},"south":{"uv":[4.5,11.5,5,12],"texture":"#0"},"west":{"uv":[4.5,11.5,5,12],"texture":"#0"},"up":{"uv":[4.5,11.5,5,12],"texture":"#0"},"down":{"uv":[4.5,11.5,5,12],"texture":"#0"}}},{"from":[7.2,8,8],"to":[8.8,9,9],"rotation":{"angle":0,"axis":"y","origin":[8,16,16]},"faces":{"north":{"uv":[4,11.5,4.5,12],"texture":"#0"},"east":{"uv":[4,11.5,4.5,12],"texture":"#0"},"south":{"uv":[4,11.5,4.5,12],"texture":"#0"},"west":{"uv":[4,11.5,4.5,12],"texture":"#0"},"up":{"uv":[4,11.5,4.5,12],"texture":"#0"},"down":{"uv":[4,11.5,4.5,12],"texture":"#0"}}},{"from":[7.2,9,8],"to":[8.8,10,9],"rotation":{"angle":0,"axis":"y","origin":[8,17,16]},"faces":{"north":{"uv":[4,11,4.5,11.5],"texture":"#0"},"east":{"uv":[4,11,4.5,11.5],"texture":"#0"},"south":{"uv":[4,11,4.5,11.5],"texture":"#0"},"west":{"uv":[4,11,4.5,11.5],"texture":"#0"},"up":{"uv":[4,11,4.5,11.5],"texture":"#0"},"down":{"uv":[4,11,4.5,11.5],"texture":"#0"}}},{"from":[7.5,13,18],"to":[8.5,14,19],"rotation":{"angle":0,"axis":"y","origin":[8,21,26]},"faces":{"north":{"uv":[9,9,9.5,9.5],"texture":"#0"},"east":{"uv":[9,9,9.5,9.5],"texture":"#0"},"south":{"uv":[9,9,9.5,9.5],"texture":"#0"},"west":{"uv":[9,9,9.5,9.5],"texture":"#0"},"up":{"uv":[9,9,9.5,9.5],"texture":"#0"},"down":{"uv":[9,9,9.5,9.5],"texture":"#0"}}},{"from":[7.5,6,7],"to":[8.5,7,8],"rotation":{"angle":0,"axis":"y","origin":[8,14,15]},"faces":{"north":{"uv":[3.5,12.5,4,13],"texture":"#0"},"east":{"uv":[3.5,12.5,4,13],"texture":"#0"},"south":{"uv":[3.5,12.5,4,13],"texture":"#0"},"west":{"uv":[3.5,12.5,4,13],"texture":"#0"},"up":{"uv":[3.5,12.5,4,13],"texture":"#0"},"down":{"uv":[3.5,12.5,4,13],"texture":"#0"}}},{"from":[7.2,7,7],"to":[8.8,8,8],"rotation":{"angle":0,"axis":"y","origin":[8,15,15]},"faces":{"north":{"uv":[3.5,12,4,12.5],"texture":"#0"},"east":{"uv":[3.5,12,4,12.5],"texture":"#0"},"south":{"uv":[3.5,12,4,12.5],"texture":"#0"},"west":{"uv":[3.5,12,4,12.5],"texture":"#0"},"up":{"uv":[3.5,12,4,12.5],"texture":"#0"},"down":{"uv":[3.5,12,4,12.5],"texture":"#0"}}},{"from":[7.5,7,6],"to":[8.5,8,7],"rotation":{"angle":0,"axis":"y","origin":[8,15,14]},"faces":{"north":{"uv":[3,12,3.5,12.5],"texture":"#0"},"east":{"uv":[3,12,3.5,12.5],"texture":"#0"},"south":{"uv":[3,12,3.5,12.5],"texture":"#0"},"west":{"uv":[3,12,3.5,12.5],"texture":"#0"},"up":{"uv":[3,12,3.5,12.5],"texture":"#0"},"down":{"uv":[3,12,3.5,12.5],"texture":"#0"}}},{"from":[7.5,7,5],"to":[8.5,8,6],"rotation":{"angle":0,"axis":"y","origin":[8,15,13]},"faces":{"north":{"uv":[2.5,12,3,12.5],"texture":"#0"},"east":{"uv":[2.5,12,3,12.5],"texture":"#0"},"south":{"uv":[2.5,12,3,12.5],"texture":"#0"},"west":{"uv":[2.5,12,3,12.5],"texture":"#0"},"up":{"uv":[2.5,12,3,12.5],"texture":"#0"},"down":{"uv":[2.5,12,3,12.5],"texture":"#0"}}},{"from":[7.5,8,4],"to":[8.5,9,5],"rotation":{"angle":0,"axis":"y","origin":[8,16,12]},"faces":{"north":{"uv":[2,11.5,2.5,12],"texture":"#0"},"east":{"uv":[2,11.5,2.5,12],"texture":"#0"},"south":{"uv":[2,11.5,2.5,12],"texture":"#0"},"west":{"uv":[2,11.5,2.5,12],"texture":"#0"},"up":{"uv":[2,11.5,2.5,12],"texture":"#0"},"down":{"uv":[2,11.5,2.5,12],"texture":"#0"}}},{"from":[7.5,9,4],"to":[8.5,10,5],"rotation":{"angle":0,"axis":"y","origin":[8,17,12]},"faces":{"north":{"uv":[2,11,2.5,11.5],"texture":"#0"},"east":{"uv":[2,11,2.5,11.5],"texture":"#0"},"south":{"uv":[2,11,2.5,11.5],"texture":"#0"},"west":{"uv":[2,11,2.5,11.5],"texture":"#0"},"up":{"uv":[2,11,2.5,11.5],"texture":"#0"},"down":{"uv":[2,11,2.5,11.5],"texture":"#0"}}},{"from":[7.5,9,3],"to":[8.5,10,4],"rotation":{"angle":0,"axis":"y","origin":[8,17,11]},"faces":{"north":{"uv":[1.5,11,2,11.5],"texture":"#0"},"east":{"uv":[1.5,11,2,11.5],"texture":"#0"},"south":{"uv":[1.5,11,2,11.5],"texture":"#0"},"west":{"uv":[1.5,11,2,11.5],"texture":"#0"},"up":{"uv":[1.5,11,2,11.5],"texture":"#0"},"down":{"uv":[1.5,11,2,11.5],"texture":"#0"}}},{"from":[7.5,10,3],"to":[8.5,11,4],"rotation":{"angle":0,"axis":"y","origin":[8,18,11]},"faces":{"north":{"uv":[1.5,10.5,2,11],"texture":"#0"},"east":{"uv":[1.5,10.5,2,11],"texture":"#0"},"south":{"uv":[1.5,10.5,2,11],"texture":"#0"},"west":{"uv":[1.5,10.5,2,11],"texture":"#0"},"up":{"uv":[1.5,10.5,2,11],"texture":"#0"},"down":{"uv":[1.5,10.5,2,11],"texture":"#0"}}},{"from":[7.5,10,4],"to":[8.5,11,5],"rotation":{"angle":0,"axis":"y","origin":[8,18,12]},"faces":{"north":{"uv":[2,10.5,2.5,11],"texture":"#0"},"east":{"uv":[2,10.5,2.5,11],"texture":"#0"},"south":{"uv":[2,10.5,2.5,11],"texture":"#0"},"west":{"uv":[2,10.5,2.5,11],"texture":"#0"},"up":{"uv":[2,10.5,2.5,11],"texture":"#0"},"down":{"uv":[2,10.5,2.5,11],"texture":"#0"}}},{"from":[7.3,10,5],"to":[8.7,11,6],"rotation":{"angle":0,"axis":"y","origin":[8,18,13]},"faces":{"north":{"uv":[2.5,10.5,3,11],"texture":"#0"},"east":{"uv":[2.5,10.5,3,11],"texture":"#0"},"south":{"uv":[2.5,10.5,3,11],"texture":"#0"},"west":{"uv":[2.5,10.5,3,11],"texture":"#0"},"up":{"uv":[2.5,10.5,3,11],"texture":"#0"},"down":{"uv":[2.5,10.5,3,11],"texture":"#0"}}},{"from":[7.2,9,5],"to":[8.8,10,6],"rotation":{"angle":0,"axis":"y","origin":[8,17,13]},"faces":{"north":{"uv":[2.5,11,3,11.5],"texture":"#0"},"east":{"uv":[2.5,11,3,11.5],"texture":"#0"},"south":{"uv":[2.5,11,3,11.5],"texture":"#0"},"west":{"uv":[2.5,11,3,11.5],"texture":"#0"},"up":{"uv":[2.5,11,3,11.5],"texture":"#0"},"down":{"uv":[2.5,11,3,11.5],"texture":"#0"}}},{"from":[7.2,8,5],"to":[8.8,9,6],"rotation":{"angle":0,"axis":"y","origin":[8,16,13]},"faces":{"north":{"uv":[2.5,11.5,3,12],"texture":"#0"},"east":{"uv":[2.5,11.5,3,12],"texture":"#0"},"south":{"uv":[2.5,11.5,3,12],"texture":"#0"},"west":{"uv":[2.5,11.5,3,12],"texture":"#0"},"up":{"uv":[2.5,11.5,3,12],"texture":"#0"},"down":{"uv":[2.5,11.5,3,12],"texture":"#0"}}},{"from":[7.2,8,6],"to":[8.8,9,7],"rotation":{"angle":0,"axis":"y","origin":[8,16,14]},"faces":{"north":{"uv":[3,11.5,3.5,12],"texture":"#0"},"east":{"uv":[3,11.5,3.5,12],"texture":"#0"},"south":{"uv":[3,11.5,3.5,12],"texture":"#0"},"west":{"uv":[3,11.5,3.5,12],"texture":"#0"},"up":{"uv":[3,11.5,3.5,12],"texture":"#0"},"down":{"uv":[3,11.5,3.5,12],"texture":"#0"}}},{"from":[7.5,8,7],"to":[8.5,9,8],"rotation":{"angle":0,"axis":"y","origin":[8,16,15]},"faces":{"north":{"uv":[3.5,11.5,4,12],"texture":"#0"},"east":{"uv":[3.5,11.5,4,12],"texture":"#0"},"south":{"uv":[3.5,11.5,4,12],"texture":"#0"},"west":{"uv":[3.5,11.5,4,12],"texture":"#0"},"up":{"uv":[3.5,11.5,4,12],"texture":"#0"},"down":{"uv":[3.5,11.5,4,12],"texture":"#0"}}},{"from":[7.5,9,7],"to":[8.5,10,8],"rotation":{"angle":0,"axis":"y","origin":[8,17,15]},"faces":{"north":{"uv":[3.5,11,4,11.5],"texture":"#0"},"east":{"uv":[3.5,11,4,11.5],"texture":"#0"},"south":{"uv":[3.5,11,4,11.5],"texture":"#0"},"west":{"uv":[3.5,11,4,11.5],"texture":"#0"},"up":{"uv":[3.5,11,4,11.5],"texture":"#0"},"down":{"uv":[3.5,11,4,11.5],"texture":"#0"}}},{"from":[7.5,10,8],"to":[8.5,11,9],"rotation":{"angle":0,"axis":"y","origin":[8,18,16]},"faces":{"north":{"uv":[4,10.5,4.5,11],"texture":"#0"},"east":{"uv":[4,10.5,4.5,11],"texture":"#0"},"south":{"uv":[4,10.5,4.5,11],"texture":"#0"},"west":{"uv":[4,10.5,4.5,11],"texture":"#0"},"up":{"uv":[4,10.5,4.5,11],"texture":"#0"},"down":{"uv":[4,10.5,4.5,11],"texture":"#0"}}},{"from":[7.3,9,2],"to":[8.7,10,3],"rotation":{"angle":0,"axis":"y","origin":[8,17,10]},"faces":{"north":{"uv":[1,11,1.5,11.5],"texture":"#0"},"east":{"uv":[1,11,1.5,11.5],"texture":"#0"},"south":{"uv":[1,11,1.5,11.5],"texture":"#0"},"west":{"uv":[1,11,1.5,11.5],"texture":"#0"},"up":{"uv":[1,11,1.5,11.5],"texture":"#0"},"down":{"uv":[1,11,1.5,11.5],"texture":"#0"}}},{"from":[7.5,8,2],"to":[8.5,9,3],"rotation":{"angle":0,"axis":"y","origin":[8,16,10]},"faces":{"north":{"uv":[1,11.5,1.5,12],"texture":"#0"},"east":{"uv":[1,11.5,1.5,12],"texture":"#0"},"south":{"uv":[1,11.5,1.5,12],"texture":"#0"},"west":{"uv":[1,11.5,1.5,12],"texture":"#0"},"up":{"uv":[1,11.5,1.5,12],"texture":"#0"},"down":{"uv":[1,11.5,1.5,12],"texture":"#0"}}},{"from":[7.3,8,1],"to":[8.7,9,2],"rotation":{"angle":0,"axis":"y","origin":[8,16,9]},"faces":{"north":{"uv":[0.5,11.5,1,12],"texture":"#0"},"east":{"uv":[0.5,11.5,1,12],"texture":"#0"},"south":{"uv":[0.5,11.5,1,12],"texture":"#0"},"west":{"uv":[0.5,11.5,1,12],"texture":"#0"},"up":{"uv":[0.5,11.5,1,12],"texture":"#0"},"down":{"uv":[0.5,11.5,1,12],"texture":"#0"}}},{"from":[7.5,6,5],"to":[8.5,7,6],"rotation":{"angle":0,"axis":"y","origin":[8,14,13]},"faces":{"north":{"uv":[2.5,12.5,3,13],"texture":"#0"},"east":{"uv":[2.5,12.5,3,13],"texture":"#0"},"south":{"uv":[2.5,12.5,3,13],"texture":"#0"},"west":{"uv":[2.5,12.5,3,13],"texture":"#0"},"up":{"uv":[2.5,12.5,3,13],"texture":"#0"},"down":{"uv":[2.5,12.5,3,13],"texture":"#0"}}},{"from":[7.3,6,6],"to":[8.7,7,7],"rotation":{"angle":0,"axis":"y","origin":[8,14,14]},"faces":{"north":{"uv":[3,12.5,3.5,13],"texture":"#0"},"east":{"uv":[3,12.5,3.5,13],"texture":"#0"},"south":{"uv":[3,12.5,3.5,13],"texture":"#0"},"west":{"uv":[3,12.5,3.5,13],"texture":"#0"},"up":{"uv":[3,12.5,3.5,13],"texture":"#0"},"down":{"uv":[3,12.5,3.5,13],"texture":"#0"}}},{"from":[7.5,1,0],"to":[8.5,2,1],"rotation":{"angle":0,"axis":"y","origin":[8,9,8]},"faces":{"north":{"uv":[0,15,0.5,15.5],"texture":"#0"},"east":{"uv":[0,15,0.5,15.5],"texture":"#0"},"south":{"uv":[0,15,0.5,15.5],"texture":"#0"},"west":{"uv":[0,15,0.5,15.5],"texture":"#0"},"up":{"uv":[0,15,0.5,15.5],"texture":"#0"},"down":{"uv":[0,15,0.5,15.5],"texture":"#0"}}},{"from":[7.5,2,0],"to":[8.5,3,1],"rotation":{"angle":0,"axis":"y","origin":[8,10,8]},"faces":{"north":{"uv":[0,14.5,0.5,15],"texture":"#0"},"east":{"uv":[0,14.5,0.5,15],"texture":"#0"},"south":{"uv":[0,14.5,0.5,15],"texture":"#0"},"west":{"uv":[0,14.5,0.5,15],"texture":"#0"},"up":{"uv":[0,14.5,0.5,15],"texture":"#0"},"down":{"uv":[0,14.5,0.5,15],"texture":"#0"}}},{"from":[7.5,2,1],"to":[8.5,3,2],"rotation":{"angle":0,"axis":"y","origin":[8,10,9]},"faces":{"north":{"uv":[0.5,14.5,1,15],"texture":"#0"},"east":{"uv":[0.5,14.5,1,15],"texture":"#0"},"south":{"uv":[0.5,14.5,1,15],"texture":"#0"},"west":{"uv":[0.5,14.5,1,15],"texture":"#0"},"up":{"uv":[0.5,14.5,1,15],"texture":"#0"},"down":{"uv":[0.5,14.5,1,15],"texture":"#0"}}}]}