{"display":{"thirdperson_righthand":{"rotation":[-45,0,0],"translation":[0,7,0]},"thirdperson_lefthand":{"rotation":[-45,0,0],"translation":[0,7,0]},"firstperson_righthand":{"rotation":[-45,0,0],"translation":[0,7,0]},"firstperson_lefthand":{"rotation":[-45,0,0],"translation":[0,7,0]},"ground":{"scale":[0.6,0.6,0.6]},"gui":{"rotation":[0,90,0]},"fixed":{"rotation":[0,-90,0]}},"gui_light":"front","texture_size":[32,32],"textures":{"0":"item/diamond_sword/21","particle":"item/diamond_sword/21"},"elements":[{"from":[7.5,0,0],"to":[8.5,1,1],"faces":{"north":{"uv":[0.5,15.5,1,16],"texture":"#0"},"east":{"uv":[0.5,15.5,1,16],"texture":"#0"},"south":{"uv":[0.5,15.5,1,16],"texture":"#0"},"west":{"uv":[0.5,15.5,1,16],"texture":"#0"},"up":{"uv":[0.5,15.5,1,16],"texture":"#0"},"down":{"uv":[0.5,15.5,1,16],"texture":"#0"}}},{"from":[7.5,0,1],"to":[8.5,1,2],"faces":{"north":{"uv":[1,15.5,1.5,16],"texture":"#0"},"east":{"uv":[1,15.5,1.5,16],"texture":"#0"},"south":{"uv":[1,15.5,1.5,16],"texture":"#0"},"west":{"uv":[1,15.5,1.5,16],"texture":"#0"},"up":{"uv":[1,15.5,1.5,16],"texture":"#0"},"down":{"uv":[1,15.5,1.5,16],"texture":"#0"}}},{"from":[7.5,1,2],"to":[8.5,2,3],"faces":{"north":{"uv":[1.5,15,2,15.5],"texture":"#0"},"east":{"uv":[1.5,15,2,15.5],"texture":"#0"},"south":{"uv":[1.5,15,2,15.5],"texture":"#0"},"west":{"uv":[1.5,15,2,15.5],"texture":"#0"},"up":{"uv":[1.5,15,2,15.5],"texture":"#0"},"down":{"uv":[1.5,15,2,15.5],"texture":"#0"}}},{"from":[7.5,2,3],"to":[8.5,3,4],"faces":{"north":{"uv":[2,14.5,2.5,15],"texture":"#0"},"east":{"uv":[2,14.5,2.5,15],"texture":"#0"},"south":{"uv":[2,14.5,2.5,15],"texture":"#0"},"west":{"uv":[2,14.5,2.5,15],"texture":"#0"},"up":{"uv":[2,14.5,2.5,15],"texture":"#0"},"down":{"uv":[2,14.5,2.5,15],"texture":"#0"}}},{"from":[7.5,3,4],"to":[8.5,4,5],"faces":{"north":{"uv":[2.5,14,3,14.5],"texture":"#0"},"east":{"uv":[2.5,14,3,14.5],"texture":"#0"},"south":{"uv":[2.5,14,3,14.5],"texture":"#0"},"west":{"uv":[2.5,14,3,14.5],"texture":"#0"},"up":{"uv":[2.5,14,3,14.5],"texture":"#0"},"down":{"uv":[2.5,14,3,14.5],"texture":"#0"}}},{"from":[7.5,3,5],"to":[8.5,4,6],"faces":{"north":{"uv":[3,14,3.5,14.5],"texture":"#0"},"east":{"uv":[3,14,3.5,14.5],"texture":"#0"},"south":{"uv":[3,14,3.5,14.5],"texture":"#0"},"west":{"uv":[3,14,3.5,14.5],"texture":"#0"},"up":{"uv":[3,14,3.5,14.5],"texture":"#0"},"down":{"uv":[3,14,3.5,14.5],"texture":"#0"}}},{"from":[7.5,2,6],"to":[8.5,3,7],"faces":{"north":{"uv":[3.5,14.5,4,15],"texture":"#0"},"east":{"uv":[3.5,14.5,4,15],"texture":"#0"},"south":{"uv":[3.5,14.5,4,15],"texture":"#0"},"west":{"uv":[3.5,14.5,4,15],"texture":"#0"},"up":{"uv":[3.5,14.5,4,15],"texture":"#0"},"down":{"uv":[3.5,14.5,4,15],"texture":"#0"}}},{"from":[7.5,1,7],"to":[8.5,2,8],"faces":{"north":{"uv":[4,15,4.5,15.5],"texture":"#0"},"east":{"uv":[4,15,4.5,15.5],"texture":"#0"},"south":{"uv":[4,15,4.5,15.5],"texture":"#0"},"west":{"uv":[4,15,4.5,15.5],"texture":"#0"},"up":{"uv":[4,15,4.5,15.5],"texture":"#0"},"down":{"uv":[4,15,4.5,15.5],"texture":"#0"}}},{"from":[7.5,1,0],"to":[8.5,2,1],"faces":{"north":{"uv":[0.5,15,1,15.5],"texture":"#0"},"east":{"uv":[0.5,15,1,15.5],"texture":"#0"},"south":{"uv":[0.5,15,1,15.5],"texture":"#0"},"west":{"uv":[0.5,15,1,15.5],"texture":"#0"},"up":{"uv":[0.5,15,1,15.5],"texture":"#0"},"down":{"uv":[0.5,15,1,15.5],"texture":"#0"}}},{"from":[7.3,1,1],"to":[8.7,2,2],"faces":{"north":{"uv":[1,15,1.5,15.5],"texture":"#0"},"east":{"uv":[1,15,1.5,15.5],"texture":"#0"},"south":{"uv":[1,15,1.5,15.5],"texture":"#0"},"west":{"uv":[1,15,1.5,15.5],"texture":"#0"},"up":{"uv":[1,15,1.5,15.5],"texture":"#0"},"down":{"uv":[1,15,1.5,15.5],"texture":"#0"}}},{"from":[7.5,2,1],"to":[8.5,3,2],"faces":{"north":{"uv":[1,14.5,1.5,15],"texture":"#0"},"east":{"uv":[1,14.5,1.5,15],"texture":"#0"},"south":{"uv":[1,14.5,1.5,15],"texture":"#0"},"west":{"uv":[1,14.5,1.5,15],"texture":"#0"},"up":{"uv":[1,14.5,1.5,15],"texture":"#0"},"down":{"uv":[1,14.5,1.5,15],"texture":"#0"}}},{"from":[7.3,2,2],"to":[8.7,3,3],"faces":{"north":{"uv":[1.5,14.5,2,15],"texture":"#0"},"east":{"uv":[1.5,14.5,2,15],"texture":"#0"},"south":{"uv":[1.5,14.5,2,15],"texture":"#0"},"west":{"uv":[1.5,14.5,2,15],"texture":"#0"},"up":{"uv":[1.5,14.5,2,15],"texture":"#0"},"down":{"uv":[1.5,14.5,2,15],"texture":"#0"}}},{"from":[7.5,3,3],"to":[8.5,4,4],"faces":{"north":{"uv":[2,14,2.5,14.5],"texture":"#0"},"east":{"uv":[2,14,2.5,14.5],"texture":"#0"},"south":{"uv":[2,14,2.5,14.5],"texture":"#0"},"west":{"uv":[2,14,2.5,14.5],"texture":"#0"},"up":{"uv":[2,14,2.5,14.5],"texture":"#0"},"down":{"uv":[2,14,2.5,14.5],"texture":"#0"}}},{"from":[7.5,2,5],"to":[8.5,3,6],"faces":{"north":{"uv":[3,14.5,3.5,15],"texture":"#0"},"east":{"uv":[3,14.5,3.5,15],"texture":"#0"},"south":{"uv":[3,14.5,3.5,15],"texture":"#0"},"west":{"uv":[3,14.5,3.5,15],"texture":"#0"},"up":{"uv":[3,14.5,3.5,15],"texture":"#0"},"down":{"uv":[3,14.5,3.5,15],"texture":"#0"}}},{"from":[7.5,1,6],"to":[8.5,2,7],"faces":{"north":{"uv":[3.5,15,4,15.5],"texture":"#0"},"east":{"uv":[3.5,15,4,15.5],"texture":"#0"},"south":{"uv":[3.5,15,4,15.5],"texture":"#0"},"west":{"uv":[3.5,15,4,15.5],"texture":"#0"},"up":{"uv":[3.5,15,4,15.5],"texture":"#0"},"down":{"uv":[3.5,15,4,15.5],"texture":"#0"}}},{"from":[7.2,4,4],"to":[8.8,5,5],"faces":{"north":{"uv":[2.5,13.5,3,14],"texture":"#0"},"east":{"uv":[2.5,13.5,3,14],"texture":"#0"},"south":{"uv":[2.5,13.5,3,14],"texture":"#0"},"west":{"uv":[2.5,13.5,3,14],"texture":"#0"},"up":{"uv":[2.5,13.5,3,14],"texture":"#0"},"down":{"uv":[2.5,13.5,3,14],"texture":"#0"}}},{"from":[7.2,4,5],"to":[8.8,5,6],"faces":{"north":{"uv":[3,13.5,3.5,14],"texture":"#0"},"east":{"uv":[3,13.5,3.5,14],"texture":"#0"},"south":{"uv":[3,13.5,3.5,14],"texture":"#0"},"west":{"uv":[3,13.5,3.5,14],"texture":"#0"},"up":{"uv":[3,13.5,3.5,14],"texture":"#0"},"down":{"uv":[3,13.5,3.5,14],"texture":"#0"}}},{"from":[7.5,4,6],"to":[8.5,5,7],"faces":{"north":{"uv":[3.5,13.5,4,14],"texture":"#0"},"east":{"uv":[3.5,13.5,4,14],"texture":"#0"},"south":{"uv":[3.5,13.5,4,14],"texture":"#0"},"west":{"uv":[3.5,13.5,4,14],"texture":"#0"},"up":{"uv":[3.5,13.5,4,14],"texture":"#0"},"down":{"uv":[3.5,13.5,4,14],"texture":"#0"}}},{"from":[7.5,5,7],"to":[8.5,6,8],"faces":{"north":{"uv":[4,13,4.5,13.5],"texture":"#0"},"east":{"uv":[4,13,4.5,13.5],"texture":"#0"},"south":{"uv":[4,13,4.5,13.5],"texture":"#0"},"west":{"uv":[4,13,4.5,13.5],"texture":"#0"},"up":{"uv":[4,13,4.5,13.5],"texture":"#0"},"down":{"uv":[4,13,4.5,13.5],"texture":"#0"}}},{"from":[7.5,6,8],"to":[8.5,7,9],"faces":{"north":{"uv":[4.5,12.5,5,13],"texture":"#0"},"east":{"uv":[4.5,12.5,5,13],"texture":"#0"},"south":{"uv":[4.5,12.5,5,13],"texture":"#0"},"west":{"uv":[4.5,12.5,5,13],"texture":"#0"},"up":{"uv":[4.5,12.5,5,13],"texture":"#0"},"down":{"uv":[4.5,12.5,5,13],"texture":"#0"}}},{"from":[7.5,7,9],"to":[8.5,8,10],"faces":{"north":{"uv":[5,12,5.5,12.5],"texture":"#0"},"east":{"uv":[5,12,5.5,12.5],"texture":"#0"},"south":{"uv":[5,12,5.5,12.5],"texture":"#0"},"west":{"uv":[5,12,5.5,12.5],"texture":"#0"},"up":{"uv":[5,12,5.5,12.5],"texture":"#0"},"down":{"uv":[5,12,5.5,12.5],"texture":"#0"}}},{"from":[7.5,8,10],"to":[8.5,9,11],"faces":{"north":{"uv":[5.5,11.5,6,12],"texture":"#0"},"east":{"uv":[5.5,11.5,6,12],"texture":"#0"},"south":{"uv":[5.5,11.5,6,12],"texture":"#0"},"west":{"uv":[5.5,11.5,6,12],"texture":"#0"},"up":{"uv":[5.5,11.5,6,12],"texture":"#0"},"down":{"uv":[5.5,11.5,6,12],"texture":"#0"}}},{"from":[7.5,9,11],"to":[8.5,10,12],"faces":{"north":{"uv":[6,11,6.5,11.5],"texture":"#0"},"east":{"uv":[6,11,6.5,11.5],"texture":"#0"},"south":{"uv":[6,11,6.5,11.5],"texture":"#0"},"west":{"uv":[6,11,6.5,11.5],"texture":"#0"},"up":{"uv":[6,11,6.5,11.5],"texture":"#0"},"down":{"uv":[6,11,6.5,11.5],"texture":"#0"}}},{"from":[7.5,10,12],"to":[8.5,11,13],"faces":{"north":{"uv":[6.5,10.5,7,11],"texture":"#0"},"east":{"uv":[6.5,10.5,7,11],"texture":"#0"},"south":{"uv":[6.5,10.5,7,11],"texture":"#0"},"west":{"uv":[6.5,10.5,7,11],"texture":"#0"},"up":{"uv":[6.5,10.5,7,11],"texture":"#0"},"down":{"uv":[6.5,10.5,7,11],"texture":"#0"}}},{"from":[7.5,11,13],"to":[8.5,12,14],"faces":{"north":{"uv":[7,10,7.5,10.5],"texture":"#0"},"east":{"uv":[7,10,7.5,10.5],"texture":"#0"},"south":{"uv":[7,10,7.5,10.5],"texture":"#0"},"west":{"uv":[7,10,7.5,10.5],"texture":"#0"},"up":{"uv":[7,10,7.5,10.5],"texture":"#0"},"down":{"uv":[7,10,7.5,10.5],"texture":"#0"}}},{"from":[7.5,12,14],"to":[8.5,13,15],"faces":{"north":{"uv":[7.5,9.5,8,10],"texture":"#0"},"east":{"uv":[7.5,9.5,8,10],"texture":"#0"},"south":{"uv":[7.5,9.5,8,10],"texture":"#0"},"west":{"uv":[7.5,9.5,8,10],"texture":"#0"},"up":{"uv":[7.5,9.5,8,10],"texture":"#0"},"down":{"uv":[7.5,9.5,8,10],"texture":"#0"}}},{"from":[7.5,3,2],"to":[8.5,4,3],"faces":{"north":{"uv":[1.5,14,2,14.5],"texture":"#0"},"east":{"uv":[1.5,14,2,14.5],"texture":"#0"},"south":{"uv":[1.5,14,2,14.5],"texture":"#0"},"west":{"uv":[1.5,14,2,14.5],"texture":"#0"},"up":{"uv":[1.5,14,2,14.5],"texture":"#0"},"down":{"uv":[1.5,14,2,14.5],"texture":"#0"}}},{"from":[7.5,4,3],"to":[8.5,5,4],"faces":{"north":{"uv":[2,13.5,2.5,14],"texture":"#0"},"east":{"uv":[2,13.5,2.5,14],"texture":"#0"},"south":{"uv":[2,13.5,2.5,14],"texture":"#0"},"west":{"uv":[2,13.5,2.5,14],"texture":"#0"},"up":{"uv":[2,13.5,2.5,14],"texture":"#0"},"down":{"uv":[2,13.5,2.5,14],"texture":"#0"}}},{"from":[7.5,5,3],"to":[8.5,6,4],"faces":{"north":{"uv":[2,13,2.5,13.5],"texture":"#0"},"east":{"uv":[2,13,2.5,13.5],"texture":"#0"},"south":{"uv":[2,13,2.5,13.5],"texture":"#0"},"west":{"uv":[2,13,2.5,13.5],"texture":"#0"},"up":{"uv":[2,13,2.5,13.5],"texture":"#0"},"down":{"uv":[2,13,2.5,13.5],"texture":"#0"}}},{"from":[7.5,6,2],"to":[8.5,7,3],"faces":{"north":{"uv":[1.5,12.5,2,13],"texture":"#0"},"east":{"uv":[1.5,12.5,2,13],"texture":"#0"},"south":{"uv":[1.5,12.5,2,13],"texture":"#0"},"west":{"uv":[1.5,12.5,2,13],"texture":"#0"},"up":{"uv":[1.5,12.5,2,13],"texture":"#0"},"down":{"uv":[1.5,12.5,2,13],"texture":"#0"}}},{"from":[7.5,6,1],"to":[8.5,7,2],"faces":{"north":{"uv":[1,12.5,1.5,13],"texture":"#0"},"east":{"uv":[1,12.5,1.5,13],"texture":"#0"},"south":{"uv":[1,12.5,1.5,13],"texture":"#0"},"west":{"uv":[1,12.5,1.5,13],"texture":"#0"},"up":{"uv":[1,12.5,1.5,13],"texture":"#0"},"down":{"uv":[1,12.5,1.5,13],"texture":"#0"}}},{"from":[7.5,6,0],"to":[8.5,7,1],"faces":{"north":{"uv":[0.5,12.5,1,13],"texture":"#0"},"east":{"uv":[0.5,12.5,1,13],"texture":"#0"},"south":{"uv":[0.5,12.5,1,13],"texture":"#0"},"west":{"uv":[0.5,12.5,1,13],"texture":"#0"},"up":{"uv":[0.5,12.5,1,13],"texture":"#0"},"down":{"uv":[0.5,12.5,1,13],"texture":"#0"}}},{"from":[7.5,5,-1],"to":[8.5,6,0],"faces":{"north":{"uv":[0,13,0.5,13.5],"texture":"#0"},"east":{"uv":[0,13,0.5,13.5],"texture":"#0"},"south":{"uv":[0,13,0.5,13.5],"texture":"#0"},"west":{"uv":[0,13,0.5,13.5],"texture":"#0"},"up":{"uv":[0,13,0.5,13.5],"texture":"#0"},"down":{"uv":[0,13,0.5,13.5],"texture":"#0"}}},{"from":[7.5,5,0],"to":[8.5,6,1],"faces":{"north":{"uv":[0.5,13,1,13.5],"texture":"#0"},"east":{"uv":[0.5,13,1,13.5],"texture":"#0"},"south":{"uv":[0.5,13,1,13.5],"texture":"#0"},"west":{"uv":[0.5,13,1,13.5],"texture":"#0"},"up":{"uv":[0.5,13,1,13.5],"texture":"#0"},"down":{"uv":[0.5,13,1,13.5],"texture":"#0"}}},{"from":[7.5,4,-1],"to":[8.5,5,0],"faces":{"north":{"uv":[0,13.5,0.5,14],"texture":"#0"},"east":{"uv":[0,13.5,0.5,14],"texture":"#0"},"south":{"uv":[0,13.5,0.5,14],"texture":"#0"},"west":{"uv":[0,13.5,0.5,14],"texture":"#0"},"up":{"uv":[0,13.5,0.5,14],"texture":"#0"},"down":{"uv":[0,13.5,0.5,14],"texture":"#0"}}},{"from":[7.5,5,2],"to":[8.5,6,3],"faces":{"north":{"uv":[1.5,13,2,13.5],"texture":"#0"},"east":{"uv":[1.5,13,2,13.5],"texture":"#0"},"south":{"uv":[1.5,13,2,13.5],"texture":"#0"},"west":{"uv":[1.5,13,2,13.5],"texture":"#0"},"up":{"uv":[1.5,13,2,13.5],"texture":"#0"},"down":{"uv":[1.5,13,2,13.5],"texture":"#0"}}},{"from":[7.2,5,4],"to":[8.8,6,5],"faces":{"north":{"uv":[2.5,13,3,13.5],"texture":"#0"},"east":{"uv":[2.5,13,3,13.5],"texture":"#0"},"south":{"uv":[2.5,13,3,13.5],"texture":"#0"},"west":{"uv":[2.5,13,3,13.5],"texture":"#0"},"up":{"uv":[2.5,13,3,13.5],"texture":"#0"},"down":{"uv":[2.5,13,3,13.5],"texture":"#0"}}},{"from":[7.2,5,5],"to":[8.8,6,6],"faces":{"north":{"uv":[3,13,3.5,13.5],"texture":"#0"},"east":{"uv":[3,13,3.5,13.5],"texture":"#0"},"south":{"uv":[3,13,3.5,13.5],"texture":"#0"},"west":{"uv":[3,13,3.5,13.5],"texture":"#0"},"up":{"uv":[3,13,3.5,13.5],"texture":"#0"},"down":{"uv":[3,13,3.5,13.5],"texture":"#0"}}},{"from":[7.2,5,6],"to":[8.8,6,7],"faces":{"north":{"uv":[3.5,13,4,13.5],"texture":"#0"},"east":{"uv":[3.5,13,4,13.5],"texture":"#0"},"south":{"uv":[3.5,13,4,13.5],"texture":"#0"},"west":{"uv":[3.5,13,4,13.5],"texture":"#0"},"up":{"uv":[3.5,13,4,13.5],"texture":"#0"},"down":{"uv":[3.5,13,4,13.5],"texture":"#0"}}},{"from":[7.2,6,7],"to":[8.8,7,8],"faces":{"north":{"uv":[4,12.5,4.5,13],"texture":"#0"},"east":{"uv":[4,12.5,4.5,13],"texture":"#0"},"south":{"uv":[4,12.5,4.5,13],"texture":"#0"},"west":{"uv":[4,12.5,4.5,13],"texture":"#0"},"up":{"uv":[4,12.5,4.5,13],"texture":"#0"},"down":{"uv":[4,12.5,4.5,13],"texture":"#0"}}},{"from":[7.2,6,6],"to":[8.8,7,7],"faces":{"north":{"uv":[3.5,12.5,4,13],"texture":"#0"},"east":{"uv":[3.5,12.5,4,13],"texture":"#0"},"south":{"uv":[3.5,12.5,4,13],"texture":"#0"},"west":{"uv":[3.5,12.5,4,13],"texture":"#0"},"up":{"uv":[3.5,12.5,4,13],"texture":"#0"},"down":{"uv":[3.5,12.5,4,13],"texture":"#0"}}},{"from":[7.2,6,5],"to":[8.8,7,6],"faces":{"north":{"uv":[3,12.5,3.5,13],"texture":"#0"},"east":{"uv":[3,12.5,3.5,13],"texture":"#0"},"south":{"uv":[3,12.5,3.5,13],"texture":"#0"},"west":{"uv":[3,12.5,3.5,13],"texture":"#0"},"up":{"uv":[3,12.5,3.5,13],"texture":"#0"},"down":{"uv":[3,12.5,3.5,13],"texture":"#0"}}},{"from":[7.5,6,4],"to":[8.5,7,5],"faces":{"north":{"uv":[2.5,12.5,3,13],"texture":"#0"},"east":{"uv":[2.5,12.5,3,13],"texture":"#0"},"south":{"uv":[2.5,12.5,3,13],"texture":"#0"},"west":{"uv":[2.5,12.5,3,13],"texture":"#0"},"up":{"uv":[2.5,12.5,3,13],"texture":"#0"},"down":{"uv":[2.5,12.5,3,13],"texture":"#0"}}},{"from":[7.2,7,8],"to":[8.8,8,9],"faces":{"north":{"uv":[4.5,12,5,12.5],"texture":"#0"},"east":{"uv":[4.5,12,5,12.5],"texture":"#0"},"south":{"uv":[4.5,12,5,12.5],"texture":"#0"},"west":{"uv":[4.5,12,5,12.5],"texture":"#0"},"up":{"uv":[4.5,12,5,12.5],"texture":"#0"},"down":{"uv":[4.5,12,5,12.5],"texture":"#0"}}},{"from":[7.2,7,7],"to":[8.8,8,8],"faces":{"north":{"uv":[4,12,4.5,12.5],"texture":"#0"},"east":{"uv":[4,12,4.5,12.5],"texture":"#0"},"south":{"uv":[4,12,4.5,12.5],"texture":"#0"},"west":{"uv":[4,12,4.5,12.5],"texture":"#0"},"up":{"uv":[4,12,4.5,12.5],"texture":"#0"},"down":{"uv":[4,12,4.5,12.5],"texture":"#0"}}},{"from":[7.2,7,6],"to":[8.8,8,7],"faces":{"north":{"uv":[3.5,12,4,12.5],"texture":"#0"},"east":{"uv":[3.5,12,4,12.5],"texture":"#0"},"south":{"uv":[3.5,12,4,12.5],"texture":"#0"},"west":{"uv":[3.5,12,4,12.5],"texture":"#0"},"up":{"uv":[3.5,12,4,12.5],"texture":"#0"},"down":{"uv":[3.5,12,4,12.5],"texture":"#0"}}},{"from":[7.5,7,5],"to":[8.5,8,6],"faces":{"north":{"uv":[3,12,3.5,12.5],"texture":"#0"},"east":{"uv":[3,12,3.5,12.5],"texture":"#0"},"south":{"uv":[3,12,3.5,12.5],"texture":"#0"},"west":{"uv":[3,12,3.5,12.5],"texture":"#0"},"up":{"uv":[3,12,3.5,12.5],"texture":"#0"},"down":{"uv":[3,12,3.5,12.5],"texture":"#0"}}},{"from":[7.2,8,9],"to":[8.8,9,10],"faces":{"north":{"uv":[5,11.5,5.5,12],"texture":"#0"},"east":{"uv":[5,11.5,5.5,12],"texture":"#0"},"south":{"uv":[5,11.5,5.5,12],"texture":"#0"},"west":{"uv":[5,11.5,5.5,12],"texture":"#0"},"up":{"uv":[5,11.5,5.5,12],"texture":"#0"},"down":{"uv":[5,11.5,5.5,12],"texture":"#0"}}},{"from":[7.2,8,8],"to":[8.8,9,9],"faces":{"north":{"uv":[4.5,11.5,5,12],"texture":"#0"},"east":{"uv":[4.5,11.5,5,12],"texture":"#0"},"south":{"uv":[4.5,11.5,5,12],"texture":"#0"},"west":{"uv":[4.5,11.5,5,12],"texture":"#0"},"up":{"uv":[4.5,11.5,5,12],"texture":"#0"},"down":{"uv":[4.5,11.5,5,12],"texture":"#0"}}},{"from":[7.2,8,7],"to":[8.8,9,8],"faces":{"north":{"uv":[4,11.5,4.5,12],"texture":"#0"},"east":{"uv":[4,11.5,4.5,12],"texture":"#0"},"south":{"uv":[4,11.5,4.5,12],"texture":"#0"},"west":{"uv":[4,11.5,4.5,12],"texture":"#0"},"up":{"uv":[4,11.5,4.5,12],"texture":"#0"},"down":{"uv":[4,11.5,4.5,12],"texture":"#0"}}},{"from":[7.5,8,6],"to":[8.5,9,7],"faces":{"north":{"uv":[3.5,11.5,4,12],"texture":"#0"},"east":{"uv":[3.5,11.5,4,12],"texture":"#0"},"south":{"uv":[3.5,11.5,4,12],"texture":"#0"},"west":{"uv":[3.5,11.5,4,12],"texture":"#0"},"up":{"uv":[3.5,11.5,4,12],"texture":"#0"},"down":{"uv":[3.5,11.5,4,12],"texture":"#0"}}},{"from":[7.2,9,10],"to":[8.8,10,11],"faces":{"north":{"uv":[5.5,11,6,11.5],"texture":"#0"},"east":{"uv":[5.5,11,6,11.5],"texture":"#0"},"south":{"uv":[5.5,11,6,11.5],"texture":"#0"},"west":{"uv":[5.5,11,6,11.5],"texture":"#0"},"up":{"uv":[5.5,11,6,11.5],"texture":"#0"},"down":{"uv":[5.5,11,6,11.5],"texture":"#0"}}},{"from":[7.2,9,9],"to":[8.8,10,10],"faces":{"north":{"uv":[5,11,5.5,11.5],"texture":"#0"},"east":{"uv":[5,11,5.5,11.5],"texture":"#0"},"south":{"uv":[5,11,5.5,11.5],"texture":"#0"},"west":{"uv":[5,11,5.5,11.5],"texture":"#0"},"up":{"uv":[5,11,5.5,11.5],"texture":"#0"},"down":{"uv":[5,11,5.5,11.5],"texture":"#0"}}},{"from":[7.2,9,8],"to":[8.8,10,9],"faces":{"north":{"uv":[4.5,11,5,11.5],"texture":"#0"},"east":{"uv":[4.5,11,5,11.5],"texture":"#0"},"south":{"uv":[4.5,11,5,11.5],"texture":"#0"},"west":{"uv":[4.5,11,5,11.5],"texture":"#0"},"up":{"uv":[4.5,11,5,11.5],"texture":"#0"},"down":{"uv":[4.5,11,5,11.5],"texture":"#0"}}},{"from":[7.5,9,7],"to":[8.5,10,8],"faces":{"north":{"uv":[4,11,4.5,11.5],"texture":"#0"},"east":{"uv":[4,11,4.5,11.5],"texture":"#0"},"south":{"uv":[4,11,4.5,11.5],"texture":"#0"},"west":{"uv":[4,11,4.5,11.5],"texture":"#0"},"up":{"uv":[4,11,4.5,11.5],"texture":"#0"},"down":{"uv":[4,11,4.5,11.5],"texture":"#0"}}},{"from":[7.2,10,11],"to":[8.8,11,12],"faces":{"north":{"uv":[6,10.5,6.5,11],"texture":"#0"},"east":{"uv":[6,10.5,6.5,11],"texture":"#0"},"south":{"uv":[6,10.5,6.5,11],"texture":"#0"},"west":{"uv":[6,10.5,6.5,11],"texture":"#0"},"up":{"uv":[6,10.5,6.5,11],"texture":"#0"},"down":{"uv":[6,10.5,6.5,11],"texture":"#0"}}},{"from":[7.2,10,10],"to":[8.8,11,11],"faces":{"north":{"uv":[5.5,10.5,6,11],"texture":"#0"},"east":{"uv":[5.5,10.5,6,11],"texture":"#0"},"south":{"uv":[5.5,10.5,6,11],"texture":"#0"},"west":{"uv":[5.5,10.5,6,11],"texture":"#0"},"up":{"uv":[5.5,10.5,6,11],"texture":"#0"},"down":{"uv":[5.5,10.5,6,11],"texture":"#0"}}},{"from":[7.2,10,9],"to":[8.8,11,10],"faces":{"north":{"uv":[5,10.5,5.5,11],"texture":"#0"},"east":{"uv":[5,10.5,5.5,11],"texture":"#0"},"south":{"uv":[5,10.5,5.5,11],"texture":"#0"},"west":{"uv":[5,10.5,5.5,11],"texture":"#0"},"up":{"uv":[5,10.5,5.5,11],"texture":"#0"},"down":{"uv":[5,10.5,5.5,11],"texture":"#0"}}},{"from":[7.5,10,8],"to":[8.5,11,9],"faces":{"north":{"uv":[4.5,10.5,5,11],"texture":"#0"},"east":{"uv":[4.5,10.5,5,11],"texture":"#0"},"south":{"uv":[4.5,10.5,5,11],"texture":"#0"},"west":{"uv":[4.5,10.5,5,11],"texture":"#0"},"up":{"uv":[4.5,10.5,5,11],"texture":"#0"},"down":{"uv":[4.5,10.5,5,11],"texture":"#0"}}},{"from":[7.2,11,12],"to":[8.8,12,13],"faces":{"north":{"uv":[6.5,10,7,10.5],"texture":"#0"},"east":{"uv":[6.5,10,7,10.5],"texture":"#0"},"south":{"uv":[6.5,10,7,10.5],"texture":"#0"},"west":{"uv":[6.5,10,7,10.5],"texture":"#0"},"up":{"uv":[6.5,10,7,10.5],"texture":"#0"},"down":{"uv":[6.5,10,7,10.5],"texture":"#0"}}},{"from":[7.2,11,11],"to":[8.8,12,12],"faces":{"north":{"uv":[6,10,6.5,10.5],"texture":"#0"},"east":{"uv":[6,10,6.5,10.5],"texture":"#0"},"south":{"uv":[6,10,6.5,10.5],"texture":"#0"},"west":{"uv":[6,10,6.5,10.5],"texture":"#0"},"up":{"uv":[6,10,6.5,10.5],"texture":"#0"},"down":{"uv":[6,10,6.5,10.5],"texture":"#0"}}},{"from":[7.2,11,10],"to":[8.8,12,11],"faces":{"north":{"uv":[5.5,10,6,10.5],"texture":"#0"},"east":{"uv":[5.5,10,6,10.5],"texture":"#0"},"south":{"uv":[5.5,10,6,10.5],"texture":"#0"},"west":{"uv":[5.5,10,6,10.5],"texture":"#0"},"up":{"uv":[5.5,10,6,10.5],"texture":"#0"},"down":{"uv":[5.5,10,6,10.5],"texture":"#0"}}},{"from":[7.5,11,9],"to":[8.5,12,10],"faces":{"north":{"uv":[5,10,5.5,10.5],"texture":"#0"},"east":{"uv":[5,10,5.5,10.5],"texture":"#0"},"south":{"uv":[5,10,5.5,10.5],"texture":"#0"},"west":{"uv":[5,10,5.5,10.5],"texture":"#0"},"up":{"uv":[5,10,5.5,10.5],"texture":"#0"},"down":{"uv":[5,10,5.5,10.5],"texture":"#0"}}},{"from":[7.2,12,13],"to":[8.8,13,14],"faces":{"north":{"uv":[7,9.5,7.5,10],"texture":"#0"},"east":{"uv":[7,9.5,7.5,10],"texture":"#0"},"south":{"uv":[7,9.5,7.5,10],"texture":"#0"},"west":{"uv":[7,9.5,7.5,10],"texture":"#0"},"up":{"uv":[7,9.5,7.5,10],"texture":"#0"},"down":{"uv":[7,9.5,7.5,10],"texture":"#0"}}},{"from":[7.2,12,12],"to":[8.8,13,13],"faces":{"north":{"uv":[6.5,9.5,7,10],"texture":"#0"},"east":{"uv":[6.5,9.5,7,10],"texture":"#0"},"south":{"uv":[6.5,9.5,7,10],"texture":"#0"},"west":{"uv":[6.5,9.5,7,10],"texture":"#0"},"up":{"uv":[6.5,9.5,7,10],"texture":"#0"},"down":{"uv":[6.5,9.5,7,10],"texture":"#0"}}},{"from":[7.2,12,11],"to":[8.8,13,12],"faces":{"north":{"uv":[6,9.5,6.5,10],"texture":"#0"},"east":{"uv":[6,9.5,6.5,10],"texture":"#0"},"south":{"uv":[6,9.5,6.5,10],"texture":"#0"},"west":{"uv":[6,9.5,6.5,10],"texture":"#0"},"up":{"uv":[6,9.5,6.5,10],"texture":"#0"},"down":{"uv":[6,9.5,6.5,10],"texture":"#0"}}},{"from":[7.5,12,10],"to":[8.5,13,11],"faces":{"north":{"uv":[5.5,9.5,6,10],"texture":"#0"},"east":{"uv":[5.5,9.5,6,10],"texture":"#0"},"south":{"uv":[5.5,9.5,6,10],"texture":"#0"},"west":{"uv":[5.5,9.5,6,10],"texture":"#0"},"up":{"uv":[5.5,9.5,6,10],"texture":"#0"},"down":{"uv":[5.5,9.5,6,10],"texture":"#0"}}},{"from":[7.5,13,14],"to":[8.5,14,15],"faces":{"north":{"uv":[7.5,9,8,9.5],"texture":"#0"},"east":{"uv":[7.5,9,8,9.5],"texture":"#0"},"south":{"uv":[7.5,9,8,9.5],"texture":"#0"},"west":{"uv":[7.5,9,8,9.5],"texture":"#0"},"up":{"uv":[7.5,9,8,9.5],"texture":"#0"},"down":{"uv":[7.5,9,8,9.5],"texture":"#0"}}},{"from":[7.2,13,13],"to":[8.8,14,14],"faces":{"north":{"uv":[7,9,7.5,9.5],"texture":"#0"},"east":{"uv":[7,9,7.5,9.5],"texture":"#0"},"south":{"uv":[7,9,7.5,9.5],"texture":"#0"},"west":{"uv":[7,9,7.5,9.5],"texture":"#0"},"up":{"uv":[7,9,7.5,9.5],"texture":"#0"},"down":{"uv":[7,9,7.5,9.5],"texture":"#0"}}},{"from":[7.5,14,13],"to":[8.5,15,14],"faces":{"north":{"uv":[7,8.5,7.5,9],"texture":"#0"},"east":{"uv":[7,8.5,7.5,9],"texture":"#0"},"south":{"uv":[7,8.5,7.5,9],"texture":"#0"},"west":{"uv":[7,8.5,7.5,9],"texture":"#0"},"up":{"uv":[7,8.5,7.5,9],"texture":"#0"},"down":{"uv":[7,8.5,7.5,9],"texture":"#0"}}},{"from":[7.2,13,12],"to":[8.8,14,13],"faces":{"north":{"uv":[6.5,9,7,9.5],"texture":"#0"},"east":{"uv":[6.5,9,7,9.5],"texture":"#0"},"south":{"uv":[6.5,9,7,9.5],"texture":"#0"},"west":{"uv":[6.5,9,7,9.5],"texture":"#0"},"up":{"uv":[6.5,9,7,9.5],"texture":"#0"},"down":{"uv":[6.5,9,7,9.5],"texture":"#0"}}},{"from":[7.5,14,12],"to":[8.5,15,13],"faces":{"north":{"uv":[6.5,8.5,7,9],"texture":"#0"},"east":{"uv":[6.5,8.5,7,9],"texture":"#0"},"south":{"uv":[6.5,8.5,7,9],"texture":"#0"},"west":{"uv":[6.5,8.5,7,9],"texture":"#0"},"up":{"uv":[6.5,8.5,7,9],"texture":"#0"},"down":{"uv":[6.5,8.5,7,9],"texture":"#0"}}},{"from":[7.5,13,11],"to":[8.5,14,12],"faces":{"north":{"uv":[6,9,6.5,9.5],"texture":"#0"},"east":{"uv":[6,9,6.5,9.5],"texture":"#0"},"south":{"uv":[6,9,6.5,9.5],"texture":"#0"},"west":{"uv":[6,9,6.5,9.5],"texture":"#0"},"up":{"uv":[6,9,6.5,9.5],"texture":"#0"},"down":{"uv":[6,9,6.5,9.5],"texture":"#0"}}},{"from":[7.5,14,14],"to":[8.5,15,15],"faces":{"north":{"uv":[7.5,8.5,8,9],"texture":"#0"},"east":{"uv":[7.5,8.5,8,9],"texture":"#0"},"south":{"uv":[7.5,8.5,8,9],"texture":"#0"},"west":{"uv":[7.5,8.5,8,9],"texture":"#0"},"up":{"uv":[7.5,8.5,8,9],"texture":"#0"},"down":{"uv":[7.5,8.5,8,9],"texture":"#0"}}}]}