{"display":{"thirdperson_righthand":{"rotation":[-60.25,-3,-84.5],"translation":[6,12.5,-4.25]},"thirdperson_lefthand":{"rotation":[-58.75,1.25,89.25],"translation":[-7.75,10.75,-3.25]},"firstperson_righthand":{"rotation":[-118,3,-81.75],"translation":[8.75,3.75,-6.25]},"firstperson_lefthand":{"rotation":[-32.25,-169.75,449.75],"translation":[7,4.25,-5]},"ground":{"rotation":[0,0,-94],"translation":[2,0.75,2.75],"scale":[0.2,0.2,0.2]},"gui":{"rotation":[-90,90,0],"translation":[3.25,3.25,0],"scale":[0.5,0.5,0.5]},"head":{"rotation":[-135.75,0,-90],"translation":[12.5,-8.25,4.25],"scale":[1.6,1.6,1.6]},"fixed":{"rotation":[-89.5,0,0],"translation":[-3.5,3.75,-4.25],"scale":[0.5,0.5,0.5]}},"texture_size":[32,32],"textures":{"0":"item/diamond_sword/23","particle":"item/diamond_sword/23"},"elements":[{"from":[3,-0.5,11],"to":[5,1.5,13],"rotation":{"angle":0,"axis":"y","origin":[11,7,18]},"faces":{"north":{"uv":[2,13.5,2.5,14],"texture":"#0"},"east":{"uv":[2,13.5,2.5,14],"texture":"#0"},"south":{"uv":[2,13.5,2.5,14],"texture":"#0"},"west":{"uv":[2,13.5,2.5,14],"texture":"#0"},"up":{"uv":[2,13,3,14],"texture":"#0"},"down":{"uv":[2,13,3,14],"rotation":90,"texture":"#0"}}},{"from":[5,-0.5,9],"to":[7,1.5,11],"rotation":{"angle":0,"axis":"y","origin":[13,7,16]},"faces":{"north":{"uv":[2,13.5,2.5,14],"texture":"#0"},"east":{"uv":[2,13.5,2.5,14],"texture":"#0"},"south":{"uv":[2,13.5,2.5,14],"texture":"#0"},"west":{"uv":[2,13.5,2.5,14],"texture":"#0"},"up":{"uv":[3,12,4,13],"texture":"#0"},"down":{"uv":[3,12,4,13],"rotation":90,"texture":"#0"}}},{"from":[8,-0.5,8],"to":[10,1.5,9],"rotation":{"angle":0,"axis":"y","origin":[16,7,15]},"faces":{"north":{"uv":[2,13.5,2.5,14],"texture":"#0"},"east":{"uv":[2,13.5,2.5,14],"texture":"#0"},"south":{"uv":[2,13.5,2.5,14],"texture":"#0"},"west":{"uv":[2,13.5,2.5,14],"texture":"#0"},"up":{"uv":[4.5,11.5,5.5,12],"texture":"#0"},"down":{"uv":[4.5,11.5,5.5,12],"rotation":90,"texture":"#0"}}},{"from":[7,-0.5,6],"to":[8,1.5,8],"rotation":{"angle":0,"axis":"y","origin":[14,7,14]},"faces":{"north":{"uv":[2,13.5,2.5,14],"texture":"#0"},"east":{"uv":[2,13.5,2.5,14],"texture":"#0"},"south":{"uv":[2,13.5,2.5,14],"texture":"#0"},"west":{"uv":[2,13.5,2.5,14],"texture":"#0"},"up":{"uv":[4.5,11.5,5.5,12],"texture":"#0"},"down":{"uv":[4.5,11.5,5.5,12],"rotation":90,"texture":"#0"}}},{"from":[7,-0.5,8],"to":[8,1.5,9],"rotation":{"angle":0,"axis":"y","origin":[15,7,14]},"faces":{"north":{"uv":[4,11.5,4.5,12],"texture":"#0"},"east":{"uv":[4,11.5,4.5,12],"texture":"#0"},"south":{"uv":[4,11.5,4.5,12],"texture":"#0"},"west":{"uv":[4,11.5,4.5,12],"texture":"#0"},"up":{"uv":[4,11.5,4.5,12],"texture":"#0"},"down":{"uv":[4,11.5,4.5,12],"rotation":90,"texture":"#0"}}},{"from":[2,-0.5,13],"to":[3,1.5,14],"rotation":{"angle":0,"axis":"y","origin":[9,7,20]},"faces":{"north":{"uv":[2,13.5,2.5,14],"texture":"#0"},"east":{"uv":[2,13.5,2.5,14],"texture":"#0"},"south":{"uv":[2,13.5,2.5,14],"texture":"#0"},"west":{"uv":[2,13.5,2.5,14],"texture":"#0"},"up":{"uv":[1.5,14,2,14.5],"texture":"#0"},"down":{"uv":[1.5,14,2,14.5],"rotation":90,"texture":"#0"}}},{"from":[5,-0.5,11],"to":[6,1.5,12],"rotation":{"angle":0,"axis":"y","origin":[12,7,18]},"faces":{"north":{"uv":[2,13.5,2.5,14],"texture":"#0"},"east":{"uv":[2,13.5,2.5,14],"texture":"#0"},"south":{"uv":[2,13.5,2.5,14],"texture":"#0"},"west":{"uv":[2,13.5,2.5,14],"texture":"#0"},"up":{"uv":[3,13,3.5,13.5],"texture":"#0"},"down":{"uv":[3,13,3.5,13.5],"rotation":90,"texture":"#0"}}},{"from":[7,-0.5,9],"to":[8,1.5,10],"rotation":{"angle":0,"axis":"y","origin":[14,7,16]},"faces":{"north":{"uv":[2,13.5,2.5,14],"texture":"#0"},"east":{"uv":[2,13.5,2.5,14],"texture":"#0"},"south":{"uv":[2,13.5,2.5,14],"texture":"#0"},"west":{"uv":[2,13.5,2.5,14],"texture":"#0"},"up":{"uv":[3,13,3.5,13.5],"texture":"#0"},"down":{"uv":[3,13,3.5,13.5],"rotation":90,"texture":"#0"}}},{"from":[4,-0.5,10],"to":[5,1.5,11],"rotation":{"angle":0,"axis":"y","origin":[11,7,17]},"faces":{"north":{"uv":[2,13.5,2.5,14],"texture":"#0"},"east":{"uv":[2,13.5,2.5,14],"texture":"#0"},"south":{"uv":[2,13.5,2.5,14],"texture":"#0"},"west":{"uv":[2,13.5,2.5,14],"texture":"#0"},"up":{"uv":[3,13,3.5,13.5],"texture":"#0"},"down":{"uv":[3,13,3.5,13.5],"rotation":90,"texture":"#0"}}},{"from":[6,-0.5,8],"to":[7,1.5,9],"rotation":{"angle":0,"axis":"y","origin":[13,7,15]},"faces":{"north":{"uv":[2,13.5,2.5,14],"texture":"#0"},"east":{"uv":[2,13.5,2.5,14],"texture":"#0"},"south":{"uv":[2,13.5,2.5,14],"texture":"#0"},"west":{"uv":[2,13.5,2.5,14],"texture":"#0"},"up":{"uv":[3,12,3.5,12.5],"texture":"#0"},"down":{"uv":[3,12,3.5,12.5],"rotation":90,"texture":"#0"}}},{"from":[1,-0.5,14],"to":[2,1.5,15],"rotation":{"angle":0,"axis":"y","origin":[8,7,21]},"faces":{"north":{"uv":[2,13.5,2.5,14],"texture":"#0"},"east":{"uv":[2,13.5,2.5,14],"texture":"#0"},"south":{"uv":[2,13.5,2.5,14],"texture":"#0"},"west":{"uv":[2,13.5,2.5,14],"texture":"#0"},"up":{"uv":[1.5,14,2,14.5],"texture":"#0"},"down":{"uv":[1.5,14,2,14.5],"rotation":90,"texture":"#0"}}},{"from":[3,0,13],"to":[5,1,14],"rotation":{"angle":0,"axis":"y","origin":[11,8,21]},"faces":{"north":{"uv":[2,14,3,14.5],"texture":"#0"},"east":{"uv":[2,14,3,14.5],"texture":"#0"},"south":{"uv":[2,14,3,14.5],"texture":"#0"},"west":{"uv":[2,14,2.5,14.5],"texture":"#0"},"up":{"uv":[2,14,3,14.5],"texture":"#0"},"down":{"uv":[2,14,3,14.5],"texture":"#0"}}},{"from":[9,0,9],"to":[10,1,11],"rotation":{"angle":0,"axis":"y","origin":[16,8,18]},"faces":{"north":{"uv":[2,14,3,14.5],"texture":"#0"},"east":{"uv":[2,14,3,14.5],"texture":"#0"},"south":{"uv":[2,14,3,14.5],"texture":"#0"},"west":{"uv":[2,14,2.5,14.5],"texture":"#0"},"up":{"uv":[2,14,3,14.5],"texture":"#0"},"down":{"uv":[2,14,3,14.5],"texture":"#0"}}},{"from":[0,0,11],"to":[2,1,12],"rotation":{"angle":0,"axis":"y","origin":[8,8,19]},"faces":{"north":{"uv":[2,14,3,14.5],"texture":"#0"},"east":{"uv":[2,14,3,14.5],"texture":"#0"},"south":{"uv":[2,14,3,14.5],"texture":"#0"},"west":{"uv":[2,14,2.5,14.5],"texture":"#0"},"up":{"uv":[2,14,3,14.5],"texture":"#0"},"down":{"uv":[2,14,3,14.5],"texture":"#0"}}},{"from":[10,0,8],"to":[12,1,9],"rotation":{"angle":0,"axis":"y","origin":[18,8,16]},"faces":{"north":{"uv":[2,14,3,14.5],"texture":"#0"},"east":{"uv":[2,14,3,14.5],"texture":"#0"},"south":{"uv":[2,14,3,14.5],"texture":"#0"},"west":{"uv":[2,14,2.5,14.5],"texture":"#0"},"up":{"uv":[2,14,3,14.5],"texture":"#0"},"down":{"uv":[2,14,3,14.5],"texture":"#0"}}},{"from":[5,0,6],"to":[7,1,7],"rotation":{"angle":0,"axis":"y","origin":[13,8,14]},"faces":{"north":{"uv":[2,14,3,14.5],"texture":"#0"},"east":{"uv":[2,14,3,14.5],"texture":"#0"},"south":{"uv":[2,14,3,14.5],"texture":"#0"},"west":{"uv":[2,14,2.5,14.5],"texture":"#0"},"up":{"uv":[2,14,3,14.5],"texture":"#0"},"down":{"uv":[2,14,3,14.5],"texture":"#0"}}},{"from":[4,0,14],"to":[5,1,16],"rotation":{"angle":0,"axis":"y","origin":[11,8,22]},"faces":{"north":{"uv":[2,14,3,14.5],"texture":"#0"},"east":{"uv":[2,14,3,14.5],"texture":"#0"},"south":{"uv":[2,14,3,14.5],"texture":"#0"},"west":{"uv":[2,14,2.5,14.5],"texture":"#0"},"up":{"uv":[2,14,3,14.5],"texture":"#0"},"down":{"uv":[2,14,3,14.5],"texture":"#0"}}},{"from":[7,0,4],"to":[8,1,6],"rotation":{"angle":0,"axis":"y","origin":[14,8,12]},"faces":{"north":{"uv":[2,14,3,14.5],"texture":"#0"},"east":{"uv":[2,14,3,14.5],"texture":"#0"},"south":{"uv":[2,14,3,14.5],"texture":"#0"},"west":{"uv":[2,14,2.5,14.5],"texture":"#0"},"up":{"uv":[2,14,3,14.5],"texture":"#0"},"down":{"uv":[2,14,3,14.5],"texture":"#0"}}},{"from":[0,0,15],"to":[2,1,16],"rotation":{"angle":0,"axis":"y","origin":[8,8,23]},"faces":{"north":{"uv":[2,14,3,14.5],"texture":"#0"},"east":{"uv":[2,14,3,14.5],"texture":"#0"},"south":{"uv":[2,14,3,14.5],"texture":"#0"},"west":{"uv":[2,14,2.5,14.5],"texture":"#0"},"up":{"uv":[2,14,3,14.5],"texture":"#0"},"down":{"uv":[2,14,3,14.5],"texture":"#0"}}},{"from":[0,0,14],"to":[1,1,15],"rotation":{"angle":0,"axis":"y","origin":[8,8,22]},"faces":{"north":{"uv":[2,14,3,14.5],"texture":"#0"},"east":{"uv":[2,14,3,14.5],"texture":"#0"},"south":{"uv":[2,14,3,14.5],"texture":"#0"},"west":{"uv":[2,14,2.5,14.5],"texture":"#0"},"up":{"uv":[2,14,3,14.5],"texture":"#0"},"down":{"uv":[2,14,3,14.5],"texture":"#0"}}},{"from":[1,0,13],"to":[2,1,14],"rotation":{"angle":0,"axis":"y","origin":[9,8,21]},"faces":{"north":{"uv":[2,14,3,14.5],"texture":"#0"},"east":{"uv":[2,14,3,14.5],"texture":"#0"},"south":{"uv":[2,14,3,14.5],"texture":"#0"},"west":{"uv":[2,14,2.5,14.5],"texture":"#0"},"up":{"uv":[2,14,3,14.5],"texture":"#0"},"down":{"uv":[2,14,3,14.5],"texture":"#0"}}},{"from":[2,0,14],"to":[3,1,15],"rotation":{"angle":0,"axis":"y","origin":[10,8,22]},"faces":{"north":{"uv":[2,14,3,14.5],"texture":"#0"},"east":{"uv":[2,14,3,14.5],"texture":"#0"},"south":{"uv":[2,14,3,14.5],"texture":"#0"},"west":{"uv":[2,14,2.5,14.5],"texture":"#0"},"up":{"uv":[2,14,3,14.5],"texture":"#0"},"down":{"uv":[2,14,3,14.5],"texture":"#0"}}},{"from":[5,0,12],"to":[6,1,13],"rotation":{"angle":0,"axis":"y","origin":[13,8,20]},"faces":{"north":{"uv":[2,14,3,14.5],"texture":"#0"},"east":{"uv":[2,14,3,14.5],"texture":"#0"},"south":{"uv":[2,14,3,14.5],"texture":"#0"},"west":{"uv":[2,14,2.5,14.5],"texture":"#0"},"up":{"uv":[2,14,3,14.5],"texture":"#0"},"down":{"uv":[2,14,3,14.5],"texture":"#0"}}},{"from":[11,-0.1,6],"to":[12,1.1,7],"rotation":{"angle":0,"axis":"y","origin":[19,8,14]},"faces":{"north":{"uv":[2,14,3,14.5],"texture":"#0"},"east":{"uv":[2,14,3,14.5],"texture":"#0"},"south":{"uv":[2,14,3,14.5],"texture":"#0"},"west":{"uv":[2,14,2.5,14.5],"texture":"#0"},"up":{"uv":[2,14,3,14.5],"texture":"#0"},"down":{"uv":[2,14,3,14.5],"texture":"#0"}}},{"from":[12,-0.1,5],"to":[13,1.1,6],"rotation":{"angle":0,"axis":"y","origin":[20,8,13]},"faces":{"north":{"uv":[2,14,3,14.5],"texture":"#0"},"east":{"uv":[2,14,3,14.5],"texture":"#0"},"south":{"uv":[2,14,3,14.5],"texture":"#0"},"west":{"uv":[2,14,2.5,14.5],"texture":"#0"},"up":{"uv":[2,14,3,14.5],"texture":"#0"},"down":{"uv":[2,14,3,14.5],"texture":"#0"}}},{"from":[9,-0.1,4],"to":[10,1.1,5],"rotation":{"angle":0,"axis":"y","origin":[17,8,12]},"faces":{"north":{"uv":[2,14,3,14.5],"texture":"#0"},"east":{"uv":[2,14,3,14.5],"texture":"#0"},"south":{"uv":[2,14,3,14.5],"texture":"#0"},"west":{"uv":[2,14,2.5,14.5],"texture":"#0"},"up":{"uv":[2,14,3,14.5],"texture":"#0"},"down":{"uv":[2,14,3,14.5],"texture":"#0"}}},{"from":[10,-0.1,3],"to":[11,1.1,4],"rotation":{"angle":0,"axis":"y","origin":[18,8,11]},"faces":{"north":{"uv":[2,14,3,14.5],"texture":"#0"},"east":{"uv":[2,14,3,14.5],"texture":"#0"},"south":{"uv":[2,14,3,14.5],"texture":"#0"},"west":{"uv":[2,14,2.5,14.5],"texture":"#0"},"up":{"uv":[2,14,3,14.5],"texture":"#0"},"down":{"uv":[2,14,3,14.5],"texture":"#0"}}},{"from":[6,0,11],"to":[7,1,12],"rotation":{"angle":0,"axis":"y","origin":[14,8,19]},"faces":{"north":{"uv":[2,14,3,14.5],"texture":"#0"},"east":{"uv":[2,14,3,14.5],"texture":"#0"},"south":{"uv":[2,14,3,14.5],"texture":"#0"},"west":{"uv":[2,14,2.5,14.5],"texture":"#0"},"up":{"uv":[2,14,3,14.5],"texture":"#0"},"down":{"uv":[2,14,3,14.5],"texture":"#0"}}},{"from":[9,0,7],"to":[10,1,8],"rotation":{"angle":0,"axis":"y","origin":[17,8,15]},"faces":{"north":{"uv":[5,11,5.5,11.5],"texture":"#0"},"east":{"uv":[5,11,5.5,11.5],"texture":"#0"},"south":{"uv":[5,11,5.5,11.5],"texture":"#0"},"west":{"uv":[5,11,5.5,11.5],"texture":"#0"},"up":{"uv":[5,11,5.5,11.5],"texture":"#0"},"down":{"uv":[5,11,5.5,11.5],"texture":"#0"}}},{"from":[9,0,5],"to":[10,1,6],"rotation":{"angle":0,"axis":"y","origin":[17,8,13]},"faces":{"north":{"uv":[4.5,10.5,5,11],"texture":"#0"},"east":{"uv":[4.5,10.5,5,11],"texture":"#0"},"south":{"uv":[4.5,10.5,5,11],"texture":"#0"},"west":{"uv":[4.5,10.5,5,11],"texture":"#0"},"up":{"uv":[4.5,10.5,5,11],"texture":"#0"},"down":{"uv":[4.5,10.5,5,11],"texture":"#0"}}},{"from":[10,0,4],"to":[11,1,5],"rotation":{"angle":0,"axis":"y","origin":[18,8,12]},"faces":{"north":{"uv":[4.5,10.5,5,11],"texture":"#0"},"east":{"uv":[4.5,10.5,5,11],"texture":"#0"},"south":{"uv":[4.5,10.5,5,11],"texture":"#0"},"west":{"uv":[4.5,10.5,5,11],"texture":"#0"},"up":{"uv":[4.5,10.5,5,11],"texture":"#0"},"down":{"uv":[4.5,10.5,5,11],"texture":"#0"}}},{"from":[11,0,3],"to":[12,1,4],"rotation":{"angle":0,"axis":"y","origin":[19,8,11]},"faces":{"north":{"uv":[4.5,10.5,5,11],"texture":"#0"},"east":{"uv":[4.5,10.5,5,11],"texture":"#0"},"south":{"uv":[4.5,10.5,5,11],"texture":"#0"},"west":{"uv":[4.5,10.5,5,11],"texture":"#0"},"up":{"uv":[4.5,10.5,5,11],"texture":"#0"},"down":{"uv":[4.5,10.5,5,11],"texture":"#0"}}},{"from":[12,0,2],"to":[13,1,3],"rotation":{"angle":0,"axis":"y","origin":[20,8,10]},"faces":{"north":{"uv":[4.5,10.5,5,11],"texture":"#0"},"east":{"uv":[4.5,10.5,5,11],"texture":"#0"},"south":{"uv":[4.5,10.5,5,11],"texture":"#0"},"west":{"uv":[4.5,10.5,5,11],"texture":"#0"},"up":{"uv":[4.5,10.5,5,11],"texture":"#0"},"down":{"uv":[4.5,10.5,5,11],"texture":"#0"}}},{"from":[13,0,1],"to":[14,1,2],"rotation":{"angle":0,"axis":"y","origin":[21,8,9]},"faces":{"north":{"uv":[4.5,10.5,5,11],"texture":"#0"},"east":{"uv":[4.5,10.5,5,11],"texture":"#0"},"south":{"uv":[4.5,10.5,5,11],"texture":"#0"},"west":{"uv":[4.5,10.5,5,11],"texture":"#0"},"up":{"uv":[4.5,10.5,5,11],"texture":"#0"},"down":{"uv":[4.5,10.5,5,11],"texture":"#0"}}},{"from":[14,0,0],"to":[15,1,1],"rotation":{"angle":0,"axis":"y","origin":[22,8,8]},"faces":{"north":{"uv":[4.5,10.5,5,11],"texture":"#0"},"east":{"uv":[4.5,10.5,5,11],"texture":"#0"},"south":{"uv":[4.5,10.5,5,11],"texture":"#0"},"west":{"uv":[4.5,10.5,5,11],"texture":"#0"},"up":{"uv":[4.5,10.5,5,11],"texture":"#0"},"down":{"uv":[4.5,10.5,5,11],"texture":"#0"}}},{"from":[15,0,-1],"to":[16,1,0],"rotation":{"angle":0,"axis":"y","origin":[23,8,7]},"faces":{"north":{"uv":[4.5,10.5,5,11],"texture":"#0"},"east":{"uv":[4.5,10.5,5,11],"texture":"#0"},"south":{"uv":[4.5,10.5,5,11],"texture":"#0"},"west":{"uv":[4.5,10.5,5,11],"texture":"#0"},"up":{"uv":[4.5,10.5,5,11],"texture":"#0"},"down":{"uv":[4.5,10.5,5,11],"texture":"#0"}}},{"from":[16,0,-2],"to":[17,1,-1],"rotation":{"angle":0,"axis":"y","origin":[24,8,6]},"faces":{"north":{"uv":[4.5,10.5,5,11],"texture":"#0"},"east":{"uv":[4.5,10.5,5,11],"texture":"#0"},"south":{"uv":[4.5,10.5,5,11],"texture":"#0"},"west":{"uv":[4.5,10.5,5,11],"texture":"#0"},"up":{"uv":[4.5,10.5,5,11],"texture":"#0"},"down":{"uv":[4.5,10.5,5,11],"texture":"#0"}}},{"from":[17,0,-3],"to":[18,1,-2],"rotation":{"angle":0,"axis":"y","origin":[25,8,5]},"faces":{"north":{"uv":[4.5,10.5,5,11],"texture":"#0"},"east":{"uv":[4.5,10.5,5,11],"texture":"#0"},"south":{"uv":[4.5,10.5,5,11],"texture":"#0"},"west":{"uv":[4.5,10.5,5,11],"texture":"#0"},"up":{"uv":[4.5,10.5,5,11],"texture":"#0"},"down":{"uv":[4.5,10.5,5,11],"texture":"#0"}}},{"from":[18,0,-4],"to":[19,1,-3],"rotation":{"angle":0,"axis":"y","origin":[26,8,4]},"faces":{"north":{"uv":[4.5,10.5,5,11],"texture":"#0"},"east":{"uv":[4.5,10.5,5,11],"texture":"#0"},"south":{"uv":[4.5,10.5,5,11],"texture":"#0"},"west":{"uv":[4.5,10.5,5,11],"texture":"#0"},"up":{"uv":[4.5,10.5,5,11],"texture":"#0"},"down":{"uv":[4.5,10.5,5,11],"texture":"#0"}}},{"from":[19,0,-5],"to":[20,1,-4],"rotation":{"angle":0,"axis":"y","origin":[27,8,3]},"faces":{"north":{"uv":[4.5,10.5,5,11],"texture":"#0"},"east":{"uv":[4.5,10.5,5,11],"texture":"#0"},"south":{"uv":[4.5,10.5,5,11],"texture":"#0"},"west":{"uv":[4.5,10.5,5,11],"texture":"#0"},"up":{"uv":[4.5,10.5,5,11],"texture":"#0"},"down":{"uv":[4.5,10.5,5,11],"texture":"#0"}}},{"from":[20,0,-6],"to":[21,1,-5],"rotation":{"angle":0,"axis":"y","origin":[28,8,2]},"faces":{"north":{"uv":[4.5,10.5,5,11],"texture":"#0"},"east":{"uv":[4.5,10.5,5,11],"texture":"#0"},"south":{"uv":[4.5,10.5,5,11],"texture":"#0"},"west":{"uv":[4.5,10.5,5,11],"texture":"#0"},"up":{"uv":[4.5,10.5,5,11],"texture":"#0"},"down":{"uv":[4.5,10.5,5,11],"texture":"#0"}}},{"from":[21,0,-7],"to":[22,1,-6],"rotation":{"angle":0,"axis":"y","origin":[29,8,1]},"faces":{"north":{"uv":[4.5,10.5,5,11],"texture":"#0"},"east":{"uv":[4.5,10.5,5,11],"texture":"#0"},"south":{"uv":[4.5,10.5,5,11],"texture":"#0"},"west":{"uv":[4.5,10.5,5,11],"texture":"#0"},"up":{"uv":[4.5,10.5,5,11],"texture":"#0"},"down":{"uv":[4.5,10.5,5,11],"texture":"#0"}}},{"from":[22,0,-8],"to":[23,1,-7],"rotation":{"angle":0,"axis":"y","origin":[30,8,0]},"faces":{"north":{"uv":[4.5,10.5,5,11],"texture":"#0"},"east":{"uv":[4.5,10.5,5,11],"texture":"#0"},"south":{"uv":[4.5,10.5,5,11],"texture":"#0"},"west":{"uv":[4.5,10.5,5,11],"texture":"#0"},"up":{"uv":[4.5,10.5,5,11],"texture":"#0"},"down":{"uv":[4.5,10.5,5,11],"texture":"#0"}}},{"from":[23,0,-9],"to":[24,1,-8],"rotation":{"angle":0,"axis":"y","origin":[31,8,-1]},"faces":{"north":{"uv":[4.5,10.5,5,11],"texture":"#0"},"east":{"uv":[4.5,10.5,5,11],"texture":"#0"},"south":{"uv":[4.5,10.5,5,11],"texture":"#0"},"west":{"uv":[4.5,10.5,5,11],"texture":"#0"},"up":{"uv":[4.5,10.5,5,11],"texture":"#0"},"down":{"uv":[4.5,10.5,5,11],"texture":"#0"}}},{"from":[25,0,-11],"to":[26,1,-10],"rotation":{"angle":0,"axis":"y","origin":[33,8,-3]},"faces":{"north":{"uv":[4.5,10.5,5,11],"texture":"#0"},"east":{"uv":[4.5,10.5,5,11],"texture":"#0"},"south":{"uv":[4.5,10.5,5,11],"texture":"#0"},"west":{"uv":[4.5,10.5,5,11],"texture":"#0"},"up":{"uv":[4.5,10.5,5,11],"texture":"#0"},"down":{"uv":[4.5,10.5,5,11],"texture":"#0"}}},{"from":[24,0,-10],"to":[25,1,-9],"rotation":{"angle":0,"axis":"y","origin":[32,8,-2]},"faces":{"north":{"uv":[4.5,10.5,5,11],"texture":"#0"},"east":{"uv":[4.5,10.5,5,11],"texture":"#0"},"south":{"uv":[4.5,10.5,5,11],"texture":"#0"},"west":{"uv":[4.5,10.5,5,11],"texture":"#0"},"up":{"uv":[4.5,10.5,5,11],"texture":"#0"},"down":{"uv":[4.5,10.5,5,11],"texture":"#0"}}},{"from":[26,0,-12],"to":[27,1,-11],"rotation":{"angle":0,"axis":"y","origin":[34,8,-4]},"faces":{"north":{"uv":[4.5,10.5,5,11],"texture":"#0"},"east":{"uv":[4.5,10.5,5,11],"texture":"#0"},"south":{"uv":[4.5,10.5,5,11],"texture":"#0"},"west":{"uv":[4.5,10.5,5,11],"texture":"#0"},"up":{"uv":[4.5,10.5,5,11],"texture":"#0"},"down":{"uv":[4.5,10.5,5,11],"texture":"#0"}}},{"from":[27,0,-13],"to":[28,1,-12],"rotation":{"angle":0,"axis":"y","origin":[35,8,-5]},"faces":{"north":{"uv":[4.5,10.5,5,11],"texture":"#0"},"east":{"uv":[4.5,10.5,5,11],"texture":"#0"},"south":{"uv":[4.5,10.5,5,11],"texture":"#0"},"west":{"uv":[4.5,10.5,5,11],"texture":"#0"},"up":{"uv":[4.5,10.5,5,11],"texture":"#0"},"down":{"uv":[4.5,10.5,5,11],"texture":"#0"}}},{"from":[8,0,6],"to":[9,1,7],"rotation":{"angle":0,"axis":"y","origin":[16,8,14]},"faces":{"north":{"uv":[4.5,10.5,5,11],"texture":"#0"},"east":{"uv":[4.5,10.5,5,11],"texture":"#0"},"south":{"uv":[4.5,10.5,5,11],"texture":"#0"},"west":{"uv":[4.5,10.5,5,11],"texture":"#0"},"up":{"uv":[4.5,10.5,5,11],"texture":"#0"},"down":{"uv":[4.5,10.5,5,11],"texture":"#0"}}},{"from":[10,0,6],"to":[11,1,7],"rotation":{"angle":0,"axis":"y","origin":[18,8,14]},"faces":{"north":{"uv":[5,11,5.5,11.5],"texture":"#0"},"east":{"uv":[5,11,5.5,11.5],"texture":"#0"},"south":{"uv":[5,11,5.5,11.5],"texture":"#0"},"west":{"uv":[5,11,5.5,11.5],"texture":"#0"},"up":{"uv":[5,11,5.5,11.5],"texture":"#0"},"down":{"uv":[5,11,5.5,11.5],"texture":"#0"}}},{"from":[11,0,5],"to":[12,1,6],"rotation":{"angle":0,"axis":"y","origin":[19,8,13]},"faces":{"north":{"uv":[5,11,5.5,11.5],"texture":"#0"},"east":{"uv":[5,11,5.5,11.5],"texture":"#0"},"south":{"uv":[5,11,5.5,11.5],"texture":"#0"},"west":{"uv":[5,11,5.5,11.5],"texture":"#0"},"up":{"uv":[5,11,5.5,11.5],"texture":"#0"},"down":{"uv":[5,11,5.5,11.5],"texture":"#0"}}},{"from":[12,0,4],"to":[13,1,5],"rotation":{"angle":0,"axis":"y","origin":[20,8,12]},"faces":{"north":{"uv":[5,11,5.5,11.5],"texture":"#0"},"east":{"uv":[5,11,5.5,11.5],"texture":"#0"},"south":{"uv":[5,11,5.5,11.5],"texture":"#0"},"west":{"uv":[5,11,5.5,11.5],"texture":"#0"},"up":{"uv":[5,11,5.5,11.5],"texture":"#0"},"down":{"uv":[5,11,5.5,11.5],"texture":"#0"}}},{"from":[13,0,3],"to":[14,1,4],"rotation":{"angle":0,"axis":"y","origin":[21,8,11]},"faces":{"north":{"uv":[5,11,5.5,11.5],"texture":"#0"},"east":{"uv":[5,11,5.5,11.5],"texture":"#0"},"south":{"uv":[5,11,5.5,11.5],"texture":"#0"},"west":{"uv":[5,11,5.5,11.5],"texture":"#0"},"up":{"uv":[5,11,5.5,11.5],"texture":"#0"},"down":{"uv":[5,11,5.5,11.5],"texture":"#0"}}},{"from":[14,0,2],"to":[15,1,3],"rotation":{"angle":0,"axis":"y","origin":[22,8,10]},"faces":{"north":{"uv":[5,11,5.5,11.5],"texture":"#0"},"east":{"uv":[5,11,5.5,11.5],"texture":"#0"},"south":{"uv":[5,11,5.5,11.5],"texture":"#0"},"west":{"uv":[5,11,5.5,11.5],"texture":"#0"},"up":{"uv":[5,11,5.5,11.5],"texture":"#0"},"down":{"uv":[5,11,5.5,11.5],"texture":"#0"}}},{"from":[15,0,1],"to":[16,1,2],"rotation":{"angle":0,"axis":"y","origin":[23,8,9]},"faces":{"north":{"uv":[5,11,5.5,11.5],"texture":"#0"},"east":{"uv":[5,11,5.5,11.5],"texture":"#0"},"south":{"uv":[5,11,5.5,11.5],"texture":"#0"},"west":{"uv":[5,11,5.5,11.5],"texture":"#0"},"up":{"uv":[5,11,5.5,11.5],"texture":"#0"},"down":{"uv":[5,11,5.5,11.5],"texture":"#0"}}},{"from":[16,0,0],"to":[17,1,1],"rotation":{"angle":0,"axis":"y","origin":[24,8,8]},"faces":{"north":{"uv":[5,11,5.5,11.5],"texture":"#0"},"east":{"uv":[5,11,5.5,11.5],"texture":"#0"},"south":{"uv":[5,11,5.5,11.5],"texture":"#0"},"west":{"uv":[5,11,5.5,11.5],"texture":"#0"},"up":{"uv":[5,11,5.5,11.5],"texture":"#0"},"down":{"uv":[5,11,5.5,11.5],"texture":"#0"}}},{"from":[17,0,-1],"to":[18,1,0],"rotation":{"angle":0,"axis":"y","origin":[25,8,7]},"faces":{"north":{"uv":[5,11,5.5,11.5],"texture":"#0"},"east":{"uv":[5,11,5.5,11.5],"texture":"#0"},"south":{"uv":[5,11,5.5,11.5],"texture":"#0"},"west":{"uv":[5,11,5.5,11.5],"texture":"#0"},"up":{"uv":[5,11,5.5,11.5],"texture":"#0"},"down":{"uv":[5,11,5.5,11.5],"texture":"#0"}}},{"from":[18,0,-2],"to":[19,1,-1],"rotation":{"angle":0,"axis":"y","origin":[26,8,6]},"faces":{"north":{"uv":[5,11,5.5,11.5],"texture":"#0"},"east":{"uv":[5,11,5.5,11.5],"texture":"#0"},"south":{"uv":[5,11,5.5,11.5],"texture":"#0"},"west":{"uv":[5,11,5.5,11.5],"texture":"#0"},"up":{"uv":[5,11,5.5,11.5],"texture":"#0"},"down":{"uv":[5,11,5.5,11.5],"texture":"#0"}}},{"from":[19,0,-3],"to":[20,1,-2],"rotation":{"angle":0,"axis":"y","origin":[27,8,5]},"faces":{"north":{"uv":[5,11,5.5,11.5],"texture":"#0"},"east":{"uv":[5,11,5.5,11.5],"texture":"#0"},"south":{"uv":[5,11,5.5,11.5],"texture":"#0"},"west":{"uv":[5,11,5.5,11.5],"texture":"#0"},"up":{"uv":[5,11,5.5,11.5],"texture":"#0"},"down":{"uv":[5,11,5.5,11.5],"texture":"#0"}}},{"from":[20,0,-4],"to":[21,1,-3],"rotation":{"angle":0,"axis":"y","origin":[28,8,4]},"faces":{"north":{"uv":[5,11,5.5,11.5],"texture":"#0"},"east":{"uv":[5,11,5.5,11.5],"texture":"#0"},"south":{"uv":[5,11,5.5,11.5],"texture":"#0"},"west":{"uv":[5,11,5.5,11.5],"texture":"#0"},"up":{"uv":[5,11,5.5,11.5],"texture":"#0"},"down":{"uv":[5,11,5.5,11.5],"texture":"#0"}}},{"from":[22,0,-6],"to":[23,1,-5],"rotation":{"angle":0,"axis":"y","origin":[30,8,2]},"faces":{"north":{"uv":[5,11,5.5,11.5],"texture":"#0"},"east":{"uv":[5,11,5.5,11.5],"texture":"#0"},"south":{"uv":[5,11,5.5,11.5],"texture":"#0"},"west":{"uv":[5,11,5.5,11.5],"texture":"#0"},"up":{"uv":[5,11,5.5,11.5],"texture":"#0"},"down":{"uv":[5,11,5.5,11.5],"texture":"#0"}}},{"from":[23,0,-7],"to":[24,1,-6],"rotation":{"angle":0,"axis":"y","origin":[31,8,1]},"faces":{"north":{"uv":[5,11,5.5,11.5],"texture":"#0"},"east":{"uv":[5,11,5.5,11.5],"texture":"#0"},"south":{"uv":[5,11,5.5,11.5],"texture":"#0"},"west":{"uv":[5,11,5.5,11.5],"texture":"#0"},"up":{"uv":[5,11,5.5,11.5],"texture":"#0"},"down":{"uv":[5,11,5.5,11.5],"texture":"#0"}}},{"from":[24,0,-8],"to":[25,1,-7],"rotation":{"angle":0,"axis":"y","origin":[32,8,0]},"faces":{"north":{"uv":[5,11,5.5,11.5],"texture":"#0"},"east":{"uv":[5,11,5.5,11.5],"texture":"#0"},"south":{"uv":[5,11,5.5,11.5],"texture":"#0"},"west":{"uv":[5,11,5.5,11.5],"texture":"#0"},"up":{"uv":[5,11,5.5,11.5],"texture":"#0"},"down":{"uv":[5,11,5.5,11.5],"texture":"#0"}}},{"from":[25,0,-9],"to":[26,1,-8],"rotation":{"angle":0,"axis":"y","origin":[33,8,-1]},"faces":{"north":{"uv":[5,11,5.5,11.5],"texture":"#0"},"east":{"uv":[5,11,5.5,11.5],"texture":"#0"},"south":{"uv":[5,11,5.5,11.5],"texture":"#0"},"west":{"uv":[5,11,5.5,11.5],"texture":"#0"},"up":{"uv":[5,11,5.5,11.5],"texture":"#0"},"down":{"uv":[5,11,5.5,11.5],"texture":"#0"}}},{"from":[26,0,-10],"to":[27,1,-9],"rotation":{"angle":0,"axis":"y","origin":[34,8,-2]},"faces":{"north":{"uv":[5,11,5.5,11.5],"texture":"#0"},"east":{"uv":[5,11,5.5,11.5],"texture":"#0"},"south":{"uv":[5,11,5.5,11.5],"texture":"#0"},"west":{"uv":[5,11,5.5,11.5],"texture":"#0"},"up":{"uv":[5,11,5.5,11.5],"texture":"#0"},"down":{"uv":[5,11,5.5,11.5],"texture":"#0"}}},{"from":[27,0,-11],"to":[28,1,-10],"rotation":{"angle":0,"axis":"y","origin":[35,8,-3]},"faces":{"north":{"uv":[5,11,5.5,11.5],"texture":"#0"},"east":{"uv":[5,11,5.5,11.5],"texture":"#0"},"south":{"uv":[5,11,5.5,11.5],"texture":"#0"},"west":{"uv":[5,11,5.5,11.5],"texture":"#0"},"up":{"uv":[5,11,5.5,11.5],"texture":"#0"},"down":{"uv":[5,11,5.5,11.5],"texture":"#0"}}},{"from":[28,0,-12],"to":[29,1,-11],"rotation":{"angle":0,"axis":"y","origin":[36,8,-4]},"faces":{"north":{"uv":[5,11,5.5,11.5],"texture":"#0"},"east":{"uv":[5,11,5.5,11.5],"texture":"#0"},"south":{"uv":[5,11,5.5,11.5],"texture":"#0"},"west":{"uv":[5,11,5.5,11.5],"texture":"#0"},"up":{"uv":[5,11,5.5,11.5],"texture":"#0"},"down":{"uv":[5,11,5.5,11.5],"texture":"#0"}}},{"from":[21,0,-5],"to":[22,1,-4],"rotation":{"angle":0,"axis":"y","origin":[29,8,3]},"faces":{"north":{"uv":[5,11,5.5,11.5],"texture":"#0"},"east":{"uv":[5,11,5.5,11.5],"texture":"#0"},"south":{"uv":[5,11,5.5,11.5],"texture":"#0"},"west":{"uv":[5,11,5.5,11.5],"texture":"#0"},"up":{"uv":[5,11,5.5,11.5],"texture":"#0"},"down":{"uv":[5,11,5.5,11.5],"texture":"#0"}}},{"from":[7,0,10],"to":[8,1,11],"rotation":{"angle":0,"axis":"y","origin":[15,8,18]},"faces":{"north":{"uv":[2,14,3,14.5],"texture":"#0"},"east":{"uv":[2,14,3,14.5],"texture":"#0"},"south":{"uv":[2,14,3,14.5],"texture":"#0"},"west":{"uv":[2,14,2.5,14.5],"texture":"#0"},"up":{"uv":[2,14,3,14.5],"texture":"#0"},"down":{"uv":[2,14,3,14.5],"texture":"#0"}}},{"from":[8,0,9],"to":[9,1,10],"rotation":{"angle":0,"axis":"y","origin":[16,8,17]},"faces":{"north":{"uv":[2,14,3,14.5],"texture":"#0"},"east":{"uv":[2,14,3,14.5],"texture":"#0"},"south":{"uv":[2,14,3,14.5],"texture":"#0"},"west":{"uv":[2,14,2.5,14.5],"texture":"#0"},"up":{"uv":[2,14,3,14.5],"texture":"#0"},"down":{"uv":[2,14,3,14.5],"texture":"#0"}}},{"from":[6,0,7],"to":[7,1,8],"rotation":{"angle":0,"axis":"y","origin":[14,8,15]},"faces":{"north":{"uv":[2,14,3,14.5],"texture":"#0"},"east":{"uv":[2,14,3,14.5],"texture":"#0"},"south":{"uv":[2,14,3,14.5],"texture":"#0"},"west":{"uv":[2,14,2.5,14.5],"texture":"#0"},"up":{"uv":[2,14,3,14.5],"texture":"#0"},"down":{"uv":[2,14,3,14.5],"texture":"#0"}}},{"from":[5,0,8],"to":[6,1,9],"rotation":{"angle":0,"axis":"y","origin":[13,8,16]},"faces":{"north":{"uv":[2,14,3,14.5],"texture":"#0"},"east":{"uv":[2,14,3,14.5],"texture":"#0"},"south":{"uv":[2,14,3,14.5],"texture":"#0"},"west":{"uv":[2,14,2.5,14.5],"texture":"#0"},"up":{"uv":[2,14,3,14.5],"texture":"#0"},"down":{"uv":[2,14,3,14.5],"texture":"#0"}}},{"from":[4,0,9],"to":[5,1,10],"rotation":{"angle":0,"axis":"y","origin":[12,8,17]},"faces":{"north":{"uv":[2,14,3,14.5],"texture":"#0"},"east":{"uv":[2,14,3,14.5],"texture":"#0"},"south":{"uv":[2,14,3,14.5],"texture":"#0"},"west":{"uv":[2,14,2.5,14.5],"texture":"#0"},"up":{"uv":[2,14,3,14.5],"texture":"#0"},"down":{"uv":[2,14,3,14.5],"texture":"#0"}}},{"from":[3,0,10],"to":[4,1,11],"rotation":{"angle":0,"axis":"y","origin":[11,8,18]},"faces":{"north":{"uv":[2,14,3,14.5],"texture":"#0"},"east":{"uv":[2,14,3,14.5],"texture":"#0"},"south":{"uv":[2,14,3,14.5],"texture":"#0"},"west":{"uv":[2,14,2.5,14.5],"texture":"#0"},"up":{"uv":[2,14,3,14.5],"texture":"#0"},"down":{"uv":[2,14,3,14.5],"texture":"#0"}}},{"from":[2,0,11],"to":[3,1,13],"rotation":{"angle":0,"axis":"y","origin":[10,8,20]},"faces":{"north":{"uv":[2,14,3,14.5],"texture":"#0"},"east":{"uv":[2,14,3,14.5],"texture":"#0"},"south":{"uv":[2,14,3,14.5],"texture":"#0"},"west":{"uv":[2,14,2.5,14.5],"texture":"#0"},"up":{"uv":[2,14,3,14.5],"texture":"#0"},"down":{"uv":[2,14,3,14.5],"texture":"#0"}}},{"from":[8,-0.3,7],"to":[9,1.2,8],"rotation":{"angle":0,"axis":"y","origin":[16,2,15]},"faces":{"north":{"uv":[4.5,11,5,11.5],"texture":"#0"},"east":{"uv":[4.5,11,5,11.5],"texture":"#0"},"south":{"uv":[5.5,10,6,10.5],"texture":"#0"},"west":{"uv":[4.5,11,5,11.5],"texture":"#0"},"up":{"uv":[4.5,11,5,11.5],"texture":"#0"},"down":{"uv":[4.5,11,5,11.5],"texture":"#0"}}},{"from":[9,-0.3,6],"to":[10,1.2,7],"rotation":{"angle":0,"axis":"y","origin":[17,2,14]},"faces":{"north":{"uv":[4.5,11,5,11.5],"texture":"#0"},"east":{"uv":[4.5,11,5,11.5],"texture":"#0"},"south":{"uv":[5.5,10,6,10.5],"texture":"#0"},"west":{"uv":[4.5,11,5,11.5],"texture":"#0"},"up":{"uv":[4.5,11,5,11.5],"texture":"#0"},"down":{"uv":[4.5,11,5,11.5],"texture":"#0"}}},{"from":[10,-0.3,5],"to":[11,1.2,6],"rotation":{"angle":0,"axis":"y","origin":[18,2,13]},"faces":{"north":{"uv":[5.5,10,6,10.5],"texture":"#0"},"east":{"uv":[5.5,10,6,10.5],"texture":"#0"},"south":{"uv":[5.5,10,6,10.5],"texture":"#0"},"west":{"uv":[5.5,10,6,10.5],"texture":"#0"},"up":{"uv":[5.5,10,6,10.5],"texture":"#0"},"down":{"uv":[5.5,10,6,10.5],"texture":"#0"}}},{"from":[13,-0.3,2],"to":[14,1.2,3],"rotation":{"angle":0,"axis":"y","origin":[21,2,10]},"faces":{"north":{"uv":[5.5,10,6,10.5],"texture":"#0"},"east":{"uv":[5.5,10,6,10.5],"texture":"#0"},"south":{"uv":[5.5,10,6,10.5],"texture":"#0"},"west":{"uv":[5.5,10,6,10.5],"texture":"#0"},"up":{"uv":[5.5,10,6,10.5],"texture":"#0"},"down":{"uv":[5.5,10,6,10.5],"texture":"#0"}}},{"from":[16,-0.3,-1],"to":[17,1.2,0],"rotation":{"angle":0,"axis":"y","origin":[24,2,7]},"faces":{"north":{"uv":[5.5,10,6,10.5],"texture":"#0"},"east":{"uv":[5.5,10,6,10.5],"texture":"#0"},"south":{"uv":[5.5,10,6,10.5],"texture":"#0"},"west":{"uv":[5.5,10,6,10.5],"texture":"#0"},"up":{"uv":[5.5,10,6,10.5],"texture":"#0"},"down":{"uv":[5.5,10,6,10.5],"texture":"#0"}}},{"from":[19,-0.3,-4],"to":[20,1.2,-3],"rotation":{"angle":0,"axis":"y","origin":[27,2,4]},"faces":{"north":{"uv":[5.5,10,6,10.5],"texture":"#0"},"east":{"uv":[5.5,10,6,10.5],"texture":"#0"},"south":{"uv":[5.5,10,6,10.5],"texture":"#0"},"west":{"uv":[5.5,10,6,10.5],"texture":"#0"},"up":{"uv":[5.5,10,6,10.5],"texture":"#0"},"down":{"uv":[5.5,10,6,10.5],"texture":"#0"}}},{"from":[22,-0.3,-7],"to":[23,1.2,-6],"rotation":{"angle":0,"axis":"y","origin":[30,2,1]},"faces":{"north":{"uv":[5.5,10,6,10.5],"texture":"#0"},"east":{"uv":[5.5,10,6,10.5],"texture":"#0"},"south":{"uv":[5.5,10,6,10.5],"texture":"#0"},"west":{"uv":[5.5,10,6,10.5],"texture":"#0"},"up":{"uv":[5.5,10,6,10.5],"texture":"#0"},"down":{"uv":[5.5,10,6,10.5],"texture":"#0"}}},{"from":[25,-0.3,-10],"to":[26,1.2,-9],"rotation":{"angle":0,"axis":"y","origin":[33,2,-2]},"faces":{"north":{"uv":[5.5,10,6,10.5],"texture":"#0"},"east":{"uv":[5.5,10,6,10.5],"texture":"#0"},"south":{"uv":[5.5,10,6,10.5],"texture":"#0"},"west":{"uv":[5.5,10,6,10.5],"texture":"#0"},"up":{"uv":[5.5,10,6,10.5],"texture":"#0"},"down":{"uv":[5.5,10,6,10.5],"texture":"#0"}}},{"from":[11,-0.3,4],"to":[12,1.2,5],"rotation":{"angle":0,"axis":"y","origin":[19,2,12]},"faces":{"north":{"uv":[4.5,11,5,11.5],"texture":"#0"},"east":{"uv":[4.5,11,5,11.5],"texture":"#0"},"south":{"uv":[5.5,10,6,10.5],"texture":"#0"},"west":{"uv":[4.5,11,5,11.5],"texture":"#0"},"up":{"uv":[4.5,11,5,11.5],"texture":"#0"},"down":{"uv":[4.5,11,5,11.5],"texture":"#0"}}},{"from":[12,-0.3,3],"to":[13,1.2,4],"rotation":{"angle":0,"axis":"y","origin":[20,2,11]},"faces":{"north":{"uv":[4.5,11,5,11.5],"texture":"#0"},"east":{"uv":[4.5,11,5,11.5],"texture":"#0"},"south":{"uv":[5.5,10,6,10.5],"texture":"#0"},"west":{"uv":[4.5,11,5,11.5],"texture":"#0"},"up":{"uv":[4.5,11,5,11.5],"texture":"#0"},"down":{"uv":[4.5,11,5,11.5],"texture":"#0"}}},{"from":[14,-0.3,1],"to":[15,1.2,2],"rotation":{"angle":0,"axis":"y","origin":[22,2,9]},"faces":{"north":{"uv":[4.5,11,5,11.5],"texture":"#0"},"east":{"uv":[4.5,11,5,11.5],"texture":"#0"},"south":{"uv":[5.5,10,6,10.5],"texture":"#0"},"west":{"uv":[4.5,11,5,11.5],"texture":"#0"},"up":{"uv":[4.5,11,5,11.5],"texture":"#0"},"down":{"uv":[4.5,11,5,11.5],"texture":"#0"}}},{"from":[15,-0.3,0],"to":[16,1.2,1],"rotation":{"angle":0,"axis":"y","origin":[23,2,8]},"faces":{"north":{"uv":[4.5,11,5,11.5],"texture":"#0"},"east":{"uv":[4.5,11,5,11.5],"texture":"#0"},"south":{"uv":[5.5,10,6,10.5],"texture":"#0"},"west":{"uv":[4.5,11,5,11.5],"texture":"#0"},"up":{"uv":[4.5,11,5,11.5],"texture":"#0"},"down":{"uv":[4.5,11,5,11.5],"texture":"#0"}}},{"from":[17,-0.3,-2],"to":[18,1.2,-1],"rotation":{"angle":0,"axis":"y","origin":[25,2,6]},"faces":{"north":{"uv":[4.5,11,5,11.5],"texture":"#0"},"east":{"uv":[4.5,11,5,11.5],"texture":"#0"},"south":{"uv":[5.5,10,6,10.5],"texture":"#0"},"west":{"uv":[4.5,11,5,11.5],"texture":"#0"},"up":{"uv":[4.5,11,5,11.5],"texture":"#0"},"down":{"uv":[4.5,11,5,11.5],"texture":"#0"}}},{"from":[18,-0.3,-3],"to":[19,1.2,-2],"rotation":{"angle":0,"axis":"y","origin":[26,2,5]},"faces":{"north":{"uv":[4.5,11,5,11.5],"texture":"#0"},"east":{"uv":[4.5,11,5,11.5],"texture":"#0"},"south":{"uv":[5.5,10,6,10.5],"texture":"#0"},"west":{"uv":[4.5,11,5,11.5],"texture":"#0"},"up":{"uv":[4.5,11,5,11.5],"texture":"#0"},"down":{"uv":[4.5,11,5,11.5],"texture":"#0"}}},{"from":[20,-0.3,-5],"to":[21,1.2,-4],"rotation":{"angle":0,"axis":"y","origin":[28,2,3]},"faces":{"north":{"uv":[4.5,11,5,11.5],"texture":"#0"},"east":{"uv":[4.5,11,5,11.5],"texture":"#0"},"south":{"uv":[5.5,10,6,10.5],"texture":"#0"},"west":{"uv":[4.5,11,5,11.5],"texture":"#0"},"up":{"uv":[4.5,11,5,11.5],"texture":"#0"},"down":{"uv":[4.5,11,5,11.5],"texture":"#0"}}},{"from":[21,-0.3,-6],"to":[22,1.2,-5],"rotation":{"angle":0,"axis":"y","origin":[29,2,2]},"faces":{"north":{"uv":[4.5,11,5,11.5],"texture":"#0"},"east":{"uv":[4.5,11,5,11.5],"texture":"#0"},"south":{"uv":[5.5,10,6,10.5],"texture":"#0"},"west":{"uv":[4.5,11,5,11.5],"texture":"#0"},"up":{"uv":[4.5,11,5,11.5],"texture":"#0"},"down":{"uv":[4.5,11,5,11.5],"texture":"#0"}}},{"from":[23,-0.3,-8],"to":[24,1.2,-7],"rotation":{"angle":0,"axis":"y","origin":[31,2,0]},"faces":{"north":{"uv":[4.5,11,5,11.5],"texture":"#0"},"east":{"uv":[4.5,11,5,11.5],"texture":"#0"},"south":{"uv":[5.5,10,6,10.5],"texture":"#0"},"west":{"uv":[4.5,11,5,11.5],"texture":"#0"},"up":{"uv":[4.5,11,5,11.5],"texture":"#0"},"down":{"uv":[4.5,11,5,11.5],"texture":"#0"}}},{"from":[24,-0.3,-9],"to":[25,1.2,-8],"rotation":{"angle":0,"axis":"y","origin":[32,2,-1]},"faces":{"north":{"uv":[4.5,11,5,11.5],"texture":"#0"},"east":{"uv":[4.5,11,5,11.5],"texture":"#0"},"south":{"uv":[5.5,10,6,10.5],"texture":"#0"},"west":{"uv":[4.5,11,5,11.5],"texture":"#0"},"up":{"uv":[4.5,11,5,11.5],"texture":"#0"},"down":{"uv":[4.5,11,5,11.5],"texture":"#0"}}},{"from":[26,-0.3,-11],"to":[27,1.2,-10],"rotation":{"angle":0,"axis":"y","origin":[34,2,-3]},"faces":{"north":{"uv":[4.5,11,5,11.5],"texture":"#0"},"east":{"uv":[4.5,11,5,11.5],"texture":"#0"},"south":{"uv":[5.5,10,6,10.5],"texture":"#0"},"west":{"uv":[4.5,11,5,11.5],"texture":"#0"},"up":{"uv":[4.5,11,5,11.5],"texture":"#0"},"down":{"uv":[4.5,11,5,11.5],"texture":"#0"}}},{"from":[27,-0.3,-12],"to":[28,1.2,-11],"rotation":{"angle":0,"axis":"y","origin":[35,2,-4]},"faces":{"north":{"uv":[4.5,11,5,11.5],"texture":"#0"},"east":{"uv":[4.5,11,5,11.5],"texture":"#0"},"south":{"uv":[5.5,10,6,10.5],"texture":"#0"},"west":{"uv":[4.5,11,5,11.5],"texture":"#0"},"up":{"uv":[4.5,11,5,11.5],"texture":"#0"},"down":{"uv":[4.5,11,5,11.5],"texture":"#0"}}},{"from":[29,-0.5,-13],"to":[30,1.5,-11],"rotation":{"angle":0,"axis":"y","origin":[37,6,-4]},"faces":{"north":{"uv":[15,1,15.5,1.5],"texture":"#0"},"east":{"uv":[14.5,1,15,1.5],"texture":"#0"},"south":{"uv":[14.5,1,15,1.5],"texture":"#0"},"west":{"uv":[14.5,1,15,1.5],"texture":"#0"},"up":{"uv":[14.5,1,15.5,1.5],"texture":"#0"},"down":{"uv":[14.5,1,15.5,1.5],"texture":"#0"}}},{"from":[28,-0.5,-14],"to":[29,1.5,-12],"rotation":{"angle":0,"axis":"y","origin":[36,6,-5]},"faces":{"north":{"uv":[15,1,15.5,1.5],"texture":"#0"},"east":{"uv":[14.5,1,15,1.5],"texture":"#0"},"south":{"uv":[14.5,1,15,1.5],"texture":"#0"},"west":{"uv":[14.5,1,15,1.5],"texture":"#0"},"up":{"uv":[14.5,1,15.5,1.5],"texture":"#0"},"down":{"uv":[14.5,1,15.5,1.5],"texture":"#0"}}},{"from":[27,-0.5,-14],"to":[28,1.5,-13],"rotation":{"angle":0,"axis":"y","origin":[35,6,-5]},"faces":{"north":{"uv":[15,1,15.5,1.5],"texture":"#0"},"east":{"uv":[14.5,1,15,1.5],"texture":"#0"},"south":{"uv":[14.5,1,15,1.5],"texture":"#0"},"west":{"uv":[14.5,1,15,1.5],"texture":"#0"},"up":{"uv":[14.5,1,15.5,1.5],"texture":"#0"},"down":{"uv":[14.5,1,15.5,1.5],"texture":"#0"}}}]}