{"display":{"thirdperson_righthand":{"rotation":[-25,0,0],"translation":[0,1,1]},"thirdperson_lefthand":{"rotation":[-25,0,0],"translation":[0,1,1]},"firstperson_righthand":{"rotation":[-64.25,0,0],"translation":[0,1,1],"scale":[0.8,0.8,0.8]},"firstperson_lefthand":{"rotation":[-64.25,0,0],"translation":[2,1,1],"scale":[0.8,0.8,0.8]},"ground":{"translation":[0,3,0],"scale":[0.6,0.6,0.6]},"gui":{"rotation":[0,90,0],"scale":[0.6,0.6,0.6]},"fixed":{"rotation":[0,-90,0],"scale":[0.6,0.6,0.6]}},"gui_light":"front","texture_size":[32,32],"textures":{"0":"item/diamond_sword/25","particle":"item/diamond_sword/25"},"elements":[{"from":[7.5,-8,-8],"to":[8.5,-7,-7],"rotation":{"angle":0,"axis":"y","origin":[8,0,0]},"faces":{"north":{"uv":[0,15.5,0.5,16],"texture":"#0"},"east":{"uv":[0,15.5,0.5,16],"texture":"#0"},"south":{"uv":[0,15.5,0.5,16],"texture":"#0"},"west":{"uv":[0,15.5,0.5,16],"texture":"#0"},"up":{"uv":[0,15.5,0.5,16],"texture":"#0"},"down":{"uv":[0,15.5,0.5,16],"texture":"#0"}}},{"from":[7.5,-7,-8],"to":[8.5,-6,-7],"rotation":{"angle":0,"axis":"y","origin":[8,1,0]},"faces":{"north":{"uv":[0,15,0.5,15.5],"texture":"#0"},"east":{"uv":[0,15,0.5,15.5],"texture":"#0"},"south":{"uv":[0,15,0.5,15.5],"texture":"#0"},"west":{"uv":[0,15,0.5,15.5],"texture":"#0"},"up":{"uv":[0,15,0.5,15.5],"texture":"#0"},"down":{"uv":[0,15,0.5,15.5],"texture":"#0"}}},{"from":[7.3,-7,-7],"to":[8.7,-6,-6],"rotation":{"angle":0,"axis":"y","origin":[8,1,1]},"faces":{"north":{"uv":[0.5,15,1,15.5],"texture":"#0"},"east":{"uv":[0.5,15,1,15.5],"texture":"#0"},"south":{"uv":[0.5,15,1,15.5],"texture":"#0"},"west":{"uv":[0.5,15,1,15.5],"texture":"#0"},"up":{"uv":[0.5,15,1,15.5],"texture":"#0"},"down":{"uv":[0.5,15,1,15.5],"texture":"#0"}}},{"from":[7.3,-6,-7],"to":[8.7,-5,-6],"rotation":{"angle":0,"axis":"y","origin":[8,2,1]},"faces":{"north":{"uv":[0.5,14.5,1,15],"texture":"#0"},"east":{"uv":[0.5,14.5,1,15],"texture":"#0"},"south":{"uv":[0.5,14.5,1,15],"texture":"#0"},"west":{"uv":[0.5,14.5,1,15],"texture":"#0"},"up":{"uv":[0.5,14.5,1,15],"texture":"#0"},"down":{"uv":[0.5,14.5,1,15],"texture":"#0"}}},{"from":[7.3,-6,-6],"to":[8.7,-5,-5],"rotation":{"angle":0,"axis":"y","origin":[8,2,2]},"faces":{"north":{"uv":[1,14.5,1.5,15],"texture":"#0"},"east":{"uv":[1,14.5,1.5,15],"texture":"#0"},"south":{"uv":[1,14.5,1.5,15],"texture":"#0"},"west":{"uv":[1,14.5,1.5,15],"texture":"#0"},"up":{"uv":[1,14.5,1.5,15],"texture":"#0"},"down":{"uv":[1,14.5,1.5,15],"texture":"#0"}}},{"from":[7.3,-6,-5],"to":[8.7,-5,-4],"rotation":{"angle":0,"axis":"y","origin":[8,2,3]},"faces":{"north":{"uv":[1.5,14.5,2,15],"texture":"#0"},"east":{"uv":[1.5,14.5,2,15],"texture":"#0"},"south":{"uv":[1.5,14.5,2,15],"texture":"#0"},"west":{"uv":[1.5,14.5,2,15],"texture":"#0"},"up":{"uv":[1.5,14.5,2,15],"texture":"#0"},"down":{"uv":[1.5,14.5,2,15],"texture":"#0"}}},{"from":[7.3,-5,-5],"to":[8.7,-4,-4],"rotation":{"angle":0,"axis":"y","origin":[8,3,3]},"faces":{"north":{"uv":[1.5,14,2,14.5],"texture":"#0"},"east":{"uv":[1.5,14,2,14.5],"texture":"#0"},"south":{"uv":[1.5,14,2,14.5],"texture":"#0"},"west":{"uv":[1.5,14,2,14.5],"texture":"#0"},"up":{"uv":[1.5,14,2,14.5],"texture":"#0"},"down":{"uv":[1.5,14,2,14.5],"texture":"#0"}}},{"from":[7.3,-4,-4],"to":[8.7,-3,-3],"rotation":{"angle":0,"axis":"y","origin":[8,4,4]},"faces":{"north":{"uv":[2,13.5,2.5,14],"texture":"#0"},"east":{"uv":[2,13.5,2.5,14],"texture":"#0"},"south":{"uv":[2,13.5,2.5,14],"texture":"#0"},"west":{"uv":[2,13.5,2.5,14],"texture":"#0"},"up":{"uv":[2,13.5,2.5,14],"texture":"#0"},"down":{"uv":[2,13.5,2.5,14],"texture":"#0"}}},{"from":[7.3,-3,-3],"to":[8.7,-2,-2],"rotation":{"angle":0,"axis":"y","origin":[8,5,5]},"faces":{"north":{"uv":[2.5,13,3,13.5],"texture":"#0"},"east":{"uv":[2.5,13,3,13.5],"texture":"#0"},"south":{"uv":[2.5,13,3,13.5],"texture":"#0"},"west":{"uv":[2.5,13,3,13.5],"texture":"#0"},"up":{"uv":[2.5,13,3,13.5],"texture":"#0"},"down":{"uv":[2.5,13,3,13.5],"texture":"#0"}}},{"from":[7.3,-2,-2],"to":[8.7,-1,-1],"rotation":{"angle":0,"axis":"y","origin":[8,6,6]},"faces":{"north":{"uv":[3,12.5,3.5,13],"texture":"#0"},"east":{"uv":[3,12.5,3.5,13],"texture":"#0"},"south":{"uv":[3,12.5,3.5,13],"texture":"#0"},"west":{"uv":[3,12.5,3.5,13],"texture":"#0"},"up":{"uv":[3,12.5,3.5,13],"texture":"#0"},"down":{"uv":[3,12.5,3.5,13],"texture":"#0"}}},{"from":[7.3,-1,-1],"to":[8.7,0,0],"rotation":{"angle":0,"axis":"y","origin":[8,7,7]},"faces":{"north":{"uv":[3,12.5,3.5,13],"texture":"#0"},"east":{"uv":[3,12.5,3.5,13],"texture":"#0"},"south":{"uv":[3,12.5,3.5,13],"texture":"#0"},"west":{"uv":[3,12.5,3.5,13],"texture":"#0"},"up":{"uv":[3,12.5,3.5,13],"texture":"#0"},"down":{"uv":[3,12.5,3.5,13],"texture":"#0"}}},{"from":[7.3,0,0],"to":[8.7,1,1],"faces":{"north":{"uv":[3,12.5,3.5,13],"texture":"#0"},"east":{"uv":[3,12.5,3.5,13],"texture":"#0"},"south":{"uv":[3,12.5,3.5,13],"texture":"#0"},"west":{"uv":[3,12.5,3.5,13],"texture":"#0"},"up":{"uv":[3,12.5,3.5,13],"texture":"#0"},"down":{"uv":[3,12.5,3.5,13],"texture":"#0"}}},{"from":[7.3,1,1],"to":[8.7,2,2],"rotation":{"angle":0,"axis":"y","origin":[8,9,9]},"faces":{"north":{"uv":[4.5,11,5,11.5],"texture":"#0"},"east":{"uv":[4.5,11,5,11.5],"texture":"#0"},"south":{"uv":[4.5,11,5,11.5],"texture":"#0"},"west":{"uv":[4.5,11,5,11.5],"texture":"#0"},"up":{"uv":[4.5,11,5,11.5],"texture":"#0"},"down":{"uv":[4.5,11,5,11.5],"texture":"#0"}}},{"from":[7.3,2,2],"to":[8.7,3,3],"rotation":{"angle":0,"axis":"y","origin":[8,10,10]},"faces":{"north":{"uv":[4.5,11,5,11.5],"texture":"#0"},"east":{"uv":[4.5,11,5,11.5],"texture":"#0"},"south":{"uv":[4.5,11,5,11.5],"texture":"#0"},"west":{"uv":[4.5,11,5,11.5],"texture":"#0"},"up":{"uv":[4.5,11,5,11.5],"texture":"#0"},"down":{"uv":[4.5,11,5,11.5],"texture":"#0"}}},{"from":[7.3,3,3],"to":[8.7,4,4],"rotation":{"angle":0,"axis":"y","origin":[8,11,11]},"faces":{"north":{"uv":[5.5,10,6,10.5],"texture":"#0"},"east":{"uv":[5.5,10,6,10.5],"texture":"#0"},"south":{"uv":[5.5,10,6,10.5],"texture":"#0"},"west":{"uv":[5.5,10,6,10.5],"texture":"#0"},"up":{"uv":[5.5,10,6,10.5],"texture":"#0"},"down":{"uv":[5.5,10,6,10.5],"texture":"#0"}}},{"from":[7.3,4,4],"to":[8.7,5,5],"rotation":{"angle":0,"axis":"y","origin":[8,12,12]},"faces":{"north":{"uv":[6,9.5,6.5,10],"texture":"#0"},"east":{"uv":[6,9.5,6.5,10],"texture":"#0"},"south":{"uv":[6,9.5,6.5,10],"texture":"#0"},"west":{"uv":[6,9.5,6.5,10],"texture":"#0"},"up":{"uv":[6,9.5,6.5,10],"texture":"#0"},"down":{"uv":[6,9.5,6.5,10],"texture":"#0"}}},{"from":[7.3,5,5],"to":[8.7,6,6],"rotation":{"angle":0,"axis":"y","origin":[8,13,13]},"faces":{"north":{"uv":[6.5,9,7,9.5],"texture":"#0"},"east":{"uv":[6.5,9,7,9.5],"texture":"#0"},"south":{"uv":[6.5,9,7,9.5],"texture":"#0"},"west":{"uv":[6.5,9,7,9.5],"texture":"#0"},"up":{"uv":[6.5,9,7,9.5],"texture":"#0"},"down":{"uv":[6.5,9,7,9.5],"texture":"#0"}}},{"from":[7.3,6,6],"to":[8.7,7,7],"rotation":{"angle":0,"axis":"y","origin":[8,14,14]},"faces":{"north":{"uv":[7,8.5,7.5,9],"texture":"#0"},"east":{"uv":[7,8.5,7.5,9],"texture":"#0"},"south":{"uv":[7,8.5,7.5,9],"texture":"#0"},"west":{"uv":[7,8.5,7.5,9],"texture":"#0"},"up":{"uv":[7,8.5,7.5,9],"texture":"#0"},"down":{"uv":[7,8.5,7.5,9],"texture":"#0"}}},{"from":[7.3,7,7],"to":[8.7,8,8],"rotation":{"angle":0,"axis":"y","origin":[8,15,15]},"faces":{"north":{"uv":[7.5,8,8,8.5],"texture":"#0"},"east":{"uv":[7.5,8,8,8.5],"texture":"#0"},"south":{"uv":[7.5,8,8,8.5],"texture":"#0"},"west":{"uv":[7.5,8,8,8.5],"texture":"#0"},"up":{"uv":[7.5,8,8,8.5],"texture":"#0"},"down":{"uv":[7.5,8,8,8.5],"texture":"#0"}}},{"from":[7.3,8,8],"to":[8.7,9,9],"rotation":{"angle":0,"axis":"y","origin":[8,16,16]},"faces":{"north":{"uv":[8,7.5,8.5,8],"texture":"#0"},"east":{"uv":[8,7.5,8.5,8],"texture":"#0"},"south":{"uv":[8,7.5,8.5,8],"texture":"#0"},"west":{"uv":[8,7.5,8.5,8],"texture":"#0"},"up":{"uv":[8,7.5,8.5,8],"texture":"#0"},"down":{"uv":[8,7.5,8.5,8],"texture":"#0"}}},{"from":[7.3,9,9],"to":[8.7,10,10],"rotation":{"angle":0,"axis":"y","origin":[8,17,17]},"faces":{"north":{"uv":[8.5,7,9,7.5],"texture":"#0"},"east":{"uv":[8.5,7,9,7.5],"texture":"#0"},"south":{"uv":[8.5,7,9,7.5],"texture":"#0"},"west":{"uv":[8.5,7,9,7.5],"texture":"#0"},"up":{"uv":[8.5,7,9,7.5],"texture":"#0"},"down":{"uv":[8.5,7,9,7.5],"texture":"#0"}}},{"from":[7.3,10,10],"to":[8.7,11,11],"rotation":{"angle":0,"axis":"y","origin":[8,18,18]},"faces":{"north":{"uv":[9,6.5,9.5,7],"texture":"#0"},"east":{"uv":[9,6.5,9.5,7],"texture":"#0"},"south":{"uv":[9,6.5,9.5,7],"texture":"#0"},"west":{"uv":[9,6.5,9.5,7],"texture":"#0"},"up":{"uv":[9,6.5,9.5,7],"texture":"#0"},"down":{"uv":[9,6.5,9.5,7],"texture":"#0"}}},{"from":[7.3,11,11],"to":[8.7,12,12],"rotation":{"angle":0,"axis":"y","origin":[8,19,19]},"faces":{"north":{"uv":[9.5,6,10,6.5],"texture":"#0"},"east":{"uv":[9.5,6,10,6.5],"texture":"#0"},"south":{"uv":[9.5,6,10,6.5],"texture":"#0"},"west":{"uv":[9.5,6,10,6.5],"texture":"#0"},"up":{"uv":[9.5,6,10,6.5],"texture":"#0"},"down":{"uv":[9.5,6,10,6.5],"texture":"#0"}}},{"from":[7.3,12,12],"to":[8.7,13,13],"rotation":{"angle":0,"axis":"y","origin":[8,20,20]},"faces":{"north":{"uv":[10,5.5,10.5,6],"texture":"#0"},"east":{"uv":[10,5.5,10.5,6],"texture":"#0"},"south":{"uv":[10,5.5,10.5,6],"texture":"#0"},"west":{"uv":[10,5.5,10.5,6],"texture":"#0"},"up":{"uv":[10,5.5,10.5,6],"texture":"#0"},"down":{"uv":[10,5.5,10.5,6],"texture":"#0"}}},{"from":[7.3,13,13],"to":[8.7,14,14],"rotation":{"angle":0,"axis":"y","origin":[8,21,21]},"faces":{"north":{"uv":[10.5,5,11,5.5],"texture":"#0"},"east":{"uv":[10.5,5,11,5.5],"texture":"#0"},"south":{"uv":[10.5,5,11,5.5],"texture":"#0"},"west":{"uv":[10.5,5,11,5.5],"texture":"#0"},"up":{"uv":[10.5,5,11,5.5],"texture":"#0"},"down":{"uv":[10.5,5,11,5.5],"texture":"#0"}}},{"from":[7.3,15,16],"to":[8.7,16,17],"rotation":{"angle":0,"axis":"y","origin":[8,23,24]},"faces":{"north":{"uv":[12,4,12.5,4.5],"texture":"#0"},"east":{"uv":[12,4,12.5,4.5],"texture":"#0"},"south":{"uv":[12,4,12.5,4.5],"texture":"#0"},"west":{"uv":[12,4,12.5,4.5],"texture":"#0"},"up":{"uv":[12,4,12.5,4.5],"texture":"#0"},"down":{"uv":[12,4,12.5,4.5],"texture":"#0"}}},{"from":[7.3,14,16],"to":[8.7,15,17],"rotation":{"angle":0,"axis":"y","origin":[8,22,24]},"faces":{"north":{"uv":[12,4.5,12.5,5],"texture":"#0"},"east":{"uv":[12,4.5,12.5,5],"texture":"#0"},"south":{"uv":[12,4.5,12.5,5],"texture":"#0"},"west":{"uv":[12,4.5,12.5,5],"texture":"#0"},"up":{"uv":[12,4.5,12.5,5],"texture":"#0"},"down":{"uv":[12,4.5,12.5,5],"texture":"#0"}}},{"from":[7.3,14,17],"to":[8.7,15,18],"rotation":{"angle":0,"axis":"y","origin":[8,22,25]},"faces":{"north":{"uv":[12.5,4.5,13,5],"texture":"#0"},"east":{"uv":[12.5,4.5,13,5],"texture":"#0"},"south":{"uv":[12.5,4.5,13,5],"texture":"#0"},"west":{"uv":[12.5,4.5,13,5],"texture":"#0"},"up":{"uv":[12.5,4.5,13,5],"texture":"#0"},"down":{"uv":[12.5,4.5,13,5],"texture":"#0"}}},{"from":[7.3,14,18],"to":[8.7,15,19],"rotation":{"angle":0,"axis":"y","origin":[8,22,26]},"faces":{"north":{"uv":[13,4.5,13.5,5],"texture":"#0"},"east":{"uv":[13,4.5,13.5,5],"texture":"#0"},"south":{"uv":[13,4.5,13.5,5],"texture":"#0"},"west":{"uv":[13,4.5,13.5,5],"texture":"#0"},"up":{"uv":[13,4.5,13.5,5],"texture":"#0"},"down":{"uv":[13,4.5,13.5,5],"texture":"#0"}}},{"from":[7.3,13,18],"to":[8.7,14,19],"rotation":{"angle":0,"axis":"y","origin":[8,21,26]},"faces":{"north":{"uv":[13,5,13.5,5.5],"texture":"#0"},"east":{"uv":[13,5,13.5,5.5],"texture":"#0"},"south":{"uv":[13,5,13.5,5.5],"texture":"#0"},"west":{"uv":[13,5,13.5,5.5],"texture":"#0"},"up":{"uv":[13,5,13.5,5.5],"texture":"#0"},"down":{"uv":[13,5,13.5,5.5],"texture":"#0"}}},{"from":[7.3,15,18],"to":[8.7,16,19],"rotation":{"angle":0,"axis":"y","origin":[8,23,26]},"faces":{"north":{"uv":[13,4,13.5,4.5],"texture":"#0"},"east":{"uv":[13,4,13.5,4.5],"texture":"#0"},"south":{"uv":[13,4,13.5,4.5],"texture":"#0"},"west":{"uv":[13,4,13.5,4.5],"texture":"#0"},"up":{"uv":[13,4,13.5,4.5],"texture":"#0"},"down":{"uv":[13,4,13.5,4.5],"texture":"#0"}}},{"from":[7.3,15,19],"to":[8.7,16,20],"rotation":{"angle":0,"axis":"y","origin":[8,23,27]},"faces":{"north":{"uv":[13.5,4,14,4.5],"texture":"#0"},"east":{"uv":[13.5,4,14,4.5],"texture":"#0"},"south":{"uv":[13.5,4,14,4.5],"texture":"#0"},"west":{"uv":[13.5,4,14,4.5],"texture":"#0"},"up":{"uv":[13.5,4,14,4.5],"texture":"#0"},"down":{"uv":[13.5,4,14,4.5],"texture":"#0"}}},{"from":[7.3,16,19],"to":[8.7,17,20],"rotation":{"angle":0,"axis":"y","origin":[8,24,27]},"faces":{"north":{"uv":[13.5,3.5,14,4],"texture":"#0"},"east":{"uv":[13.5,3.5,14,4],"texture":"#0"},"south":{"uv":[13.5,3.5,14,4],"texture":"#0"},"west":{"uv":[13.5,3.5,14,4],"texture":"#0"},"up":{"uv":[13.5,3.5,14,4],"texture":"#0"},"down":{"uv":[13.5,3.5,14,4],"texture":"#0"}}},{"from":[7.3,16,18],"to":[8.7,17,19],"rotation":{"angle":0,"axis":"y","origin":[8,24,26]},"faces":{"north":{"uv":[13,3.5,13.5,4],"texture":"#0"},"east":{"uv":[13,3.5,13.5,4],"texture":"#0"},"south":{"uv":[13,3.5,13.5,4],"texture":"#0"},"west":{"uv":[13,3.5,13.5,4],"texture":"#0"},"up":{"uv":[13,3.5,13.5,4],"texture":"#0"},"down":{"uv":[13,3.5,13.5,4],"texture":"#0"}}},{"from":[7.3,16,17],"to":[8.7,17,18],"rotation":{"angle":0,"axis":"y","origin":[8,24,25]},"faces":{"north":{"uv":[12.5,3.5,13,4],"texture":"#0"},"east":{"uv":[12.5,3.5,13,4],"texture":"#0"},"south":{"uv":[12.5,3.5,13,4],"texture":"#0"},"west":{"uv":[12.5,3.5,13,4],"texture":"#0"},"up":{"uv":[12.5,3.5,13,4],"texture":"#0"},"down":{"uv":[12.5,3.5,13,4],"texture":"#0"}}},{"from":[7.3,15,17],"to":[8.7,16,18],"rotation":{"angle":0,"axis":"y","origin":[8,23,25]},"faces":{"north":{"uv":[12.5,4,13,4.5],"texture":"#0"},"east":{"uv":[12.5,4,13,4.5],"texture":"#0"},"south":{"uv":[12.5,4,13,4.5],"texture":"#0"},"west":{"uv":[12.5,4,13,4.5],"texture":"#0"},"up":{"uv":[12.5,4,13,4.5],"texture":"#0"},"down":{"uv":[12.5,4,13,4.5],"texture":"#0"}}},{"from":[7.3,17,18],"to":[8.7,18,19],"rotation":{"angle":0,"axis":"y","origin":[8,25,26]},"faces":{"north":{"uv":[13,3,13.5,3.5],"texture":"#0"},"east":{"uv":[13,3,13.5,3.5],"texture":"#0"},"south":{"uv":[13,3,13.5,3.5],"texture":"#0"},"west":{"uv":[13,3,13.5,3.5],"texture":"#0"},"up":{"uv":[13,3,13.5,3.5],"texture":"#0"},"down":{"uv":[13,3,13.5,3.5],"texture":"#0"}}},{"from":[7.3,19,18],"to":[8.7,20,19],"rotation":{"angle":0,"axis":"y","origin":[8,27,26]},"faces":{"north":{"uv":[13,2,13.5,2.5],"texture":"#0"},"east":{"uv":[13,2,13.5,2.5],"texture":"#0"},"south":{"uv":[13,2,13.5,2.5],"texture":"#0"},"west":{"uv":[13,2,13.5,2.5],"texture":"#0"},"up":{"uv":[13,2,13.5,2.5],"texture":"#0"},"down":{"uv":[13,2,13.5,2.5],"texture":"#0"}}},{"from":[7.3,20,19],"to":[8.7,21,20],"rotation":{"angle":0,"axis":"y","origin":[8,28,27]},"faces":{"north":{"uv":[13.5,1.5,14,2],"texture":"#0"},"east":{"uv":[13.5,1.5,14,2],"texture":"#0"},"south":{"uv":[13.5,1.5,14,2],"texture":"#0"},"west":{"uv":[13.5,1.5,14,2],"texture":"#0"},"up":{"uv":[13.5,1.5,14,2],"texture":"#0"},"down":{"uv":[13.5,1.5,14,2],"texture":"#0"}}},{"from":[7.3,19,20],"to":[8.7,20,21],"rotation":{"angle":0,"axis":"y","origin":[8,27,28]},"faces":{"north":{"uv":[14,2,14.5,2.5],"texture":"#0"},"east":{"uv":[14,2,14.5,2.5],"texture":"#0"},"south":{"uv":[14,2,14.5,2.5],"texture":"#0"},"west":{"uv":[14,2,14.5,2.5],"texture":"#0"},"up":{"uv":[14,2,14.5,2.5],"texture":"#0"},"down":{"uv":[14,2,14.5,2.5],"texture":"#0"}}},{"from":[7.3,18,19],"to":[8.7,19,20],"rotation":{"angle":0,"axis":"y","origin":[8,26,27]},"faces":{"north":{"uv":[13.5,2.5,14,3],"texture":"#0"},"east":{"uv":[13.5,2.5,14,3],"texture":"#0"},"south":{"uv":[13.5,2.5,14,3],"texture":"#0"},"west":{"uv":[13.5,2.5,14,3],"texture":"#0"},"up":{"uv":[13.5,2.5,14,3],"texture":"#0"},"down":{"uv":[13.5,2.5,14,3],"texture":"#0"}}},{"from":[7.3,16,15],"to":[8.7,17,16],"rotation":{"angle":0,"axis":"y","origin":[8,24,23]},"faces":{"north":{"uv":[11.5,3.5,12,4],"texture":"#0"},"east":{"uv":[11.5,3.5,12,4],"texture":"#0"},"south":{"uv":[11.5,3.5,12,4],"texture":"#0"},"west":{"uv":[11.5,3.5,12,4],"texture":"#0"},"up":{"uv":[11.5,3.5,12,4],"texture":"#0"},"down":{"uv":[11.5,3.5,12,4],"texture":"#0"}}},{"from":[7.3,17,15],"to":[8.7,18,16],"rotation":{"angle":0,"axis":"y","origin":[8,25,23]},"faces":{"north":{"uv":[11.5,3,12,3.5],"texture":"#0"},"east":{"uv":[11.5,3,12,3.5],"texture":"#0"},"south":{"uv":[11.5,3,12,3.5],"texture":"#0"},"west":{"uv":[11.5,3,12,3.5],"texture":"#0"},"up":{"uv":[11.5,3,12,3.5],"texture":"#0"},"down":{"uv":[11.5,3,12,3.5],"texture":"#0"}}},{"from":[7.3,17,16],"to":[8.7,18,17],"rotation":{"angle":0,"axis":"y","origin":[8,25,24]},"faces":{"north":{"uv":[12,3,12.5,3.5],"texture":"#0"},"east":{"uv":[12,3,12.5,3.5],"texture":"#0"},"south":{"uv":[12,3,12.5,3.5],"texture":"#0"},"west":{"uv":[12,3,12.5,3.5],"texture":"#0"},"up":{"uv":[12,3,12.5,3.5],"texture":"#0"},"down":{"uv":[12,3,12.5,3.5],"texture":"#0"}}},{"from":[7.3,17,14],"to":[8.7,18,15],"rotation":{"angle":0,"axis":"y","origin":[8,25,22]},"faces":{"north":{"uv":[11,3,11.5,3.5],"texture":"#0"},"east":{"uv":[11,3,11.5,3.5],"texture":"#0"},"south":{"uv":[11,3,11.5,3.5],"texture":"#0"},"west":{"uv":[11,3,11.5,3.5],"texture":"#0"},"up":{"uv":[11,3,11.5,3.5],"texture":"#0"},"down":{"uv":[11,3,11.5,3.5],"texture":"#0"}}},{"from":[7.3,18,14],"to":[8.7,19,15],"rotation":{"angle":0,"axis":"y","origin":[8,26,22]},"faces":{"north":{"uv":[11,2.5,11.5,3],"texture":"#0"},"east":{"uv":[11,2.5,11.5,3],"texture":"#0"},"south":{"uv":[11,2.5,11.5,3],"texture":"#0"},"west":{"uv":[11,2.5,11.5,3],"texture":"#0"},"up":{"uv":[11,2.5,11.5,3],"texture":"#0"},"down":{"uv":[11,2.5,11.5,3],"texture":"#0"}}},{"from":[7.3,18,13],"to":[8.7,19,14],"rotation":{"angle":0,"axis":"y","origin":[8,26,21]},"faces":{"north":{"uv":[10.5,2.5,11,3],"texture":"#0"},"east":{"uv":[10.5,2.5,11,3],"texture":"#0"},"south":{"uv":[10.5,2.5,11,3],"texture":"#0"},"west":{"uv":[10.5,2.5,11,3],"texture":"#0"},"up":{"uv":[10.5,2.5,11,3],"texture":"#0"},"down":{"uv":[10.5,2.5,11,3],"texture":"#0"}}},{"from":[7.3,18,15],"to":[8.7,19,16],"rotation":{"angle":0,"axis":"y","origin":[8,26,23]},"faces":{"north":{"uv":[11.5,2.5,12,3],"texture":"#0"},"east":{"uv":[11.5,2.5,12,3],"texture":"#0"},"south":{"uv":[11.5,2.5,12,3],"texture":"#0"},"west":{"uv":[11.5,2.5,12,3],"texture":"#0"},"up":{"uv":[11.5,2.5,12,3],"texture":"#0"},"down":{"uv":[11.5,2.5,12,3],"texture":"#0"}}},{"from":[7.3,18,16],"to":[8.7,19,17],"rotation":{"angle":0,"axis":"y","origin":[8,26,24]},"faces":{"north":{"uv":[12,2.5,12.5,3],"texture":"#0"},"east":{"uv":[12,2.5,12.5,3],"texture":"#0"},"south":{"uv":[12,2.5,12.5,3],"texture":"#0"},"west":{"uv":[12,2.5,12.5,3],"texture":"#0"},"up":{"uv":[12,2.5,12.5,3],"texture":"#0"},"down":{"uv":[12,2.5,12.5,3],"texture":"#0"}}},{"from":[7.3,18,17],"to":[8.7,19,18],"rotation":{"angle":0,"axis":"y","origin":[8,26,25]},"faces":{"north":{"uv":[12.5,2.5,13,3],"texture":"#0"},"east":{"uv":[12.5,2.5,13,3],"texture":"#0"},"south":{"uv":[12.5,2.5,13,3],"texture":"#0"},"west":{"uv":[12.5,2.5,13,3],"texture":"#0"},"up":{"uv":[12.5,2.5,13,3],"texture":"#0"},"down":{"uv":[12.5,2.5,13,3],"texture":"#0"}}},{"from":[7.3,19,16],"to":[8.7,20,17],"rotation":{"angle":0,"axis":"y","origin":[8,27,24]},"faces":{"north":{"uv":[12,2,12.5,2.5],"texture":"#0"},"east":{"uv":[12,2,12.5,2.5],"texture":"#0"},"south":{"uv":[12,2,12.5,2.5],"texture":"#0"},"west":{"uv":[12,2,12.5,2.5],"texture":"#0"},"up":{"uv":[12,2,12.5,2.5],"texture":"#0"},"down":{"uv":[12,2,12.5,2.5],"texture":"#0"}}},{"from":[7.3,19,15],"to":[8.7,20,16],"rotation":{"angle":0,"axis":"y","origin":[8,27,23]},"faces":{"north":{"uv":[11.5,2,12,2.5],"texture":"#0"},"east":{"uv":[11.5,2,12,2.5],"texture":"#0"},"south":{"uv":[11.5,2,12,2.5],"texture":"#0"},"west":{"uv":[11.5,2,12,2.5],"texture":"#0"},"up":{"uv":[11.5,2,12,2.5],"texture":"#0"},"down":{"uv":[11.5,2,12,2.5],"texture":"#0"}}},{"from":[7.3,-5,-6],"to":[8.7,-4,-5],"rotation":{"angle":0,"axis":"y","origin":[8,3,2]},"faces":{"north":{"uv":[1,14,1.5,14.5],"texture":"#0"},"east":{"uv":[1,14,1.5,14.5],"texture":"#0"},"south":{"uv":[1,14,1.5,14.5],"texture":"#0"},"west":{"uv":[1,14,1.5,14.5],"texture":"#0"},"up":{"uv":[1,14,1.5,14.5],"texture":"#0"},"down":{"uv":[1,14,1.5,14.5],"texture":"#0"}}},{"from":[7.3,-7,-6],"to":[8.7,-6,-5],"rotation":{"angle":0,"axis":"y","origin":[8,1,2]},"faces":{"north":{"uv":[1,15,1.5,15.5],"texture":"#0"},"east":{"uv":[1,15,1.5,15.5],"texture":"#0"},"south":{"uv":[1,15,1.5,15.5],"texture":"#0"},"west":{"uv":[1,15,1.5,15.5],"texture":"#0"},"up":{"uv":[1,15,1.5,15.5],"texture":"#0"},"down":{"uv":[1,15,1.5,15.5],"texture":"#0"}}},{"from":[7.5,-6,-8],"to":[8.5,-5,-7],"rotation":{"angle":0,"axis":"y","origin":[8,2,0]},"faces":{"north":{"uv":[0,14.5,0.5,15],"texture":"#0"},"east":{"uv":[0,14.5,0.5,15],"texture":"#0"},"south":{"uv":[0,14.5,0.5,15],"texture":"#0"},"west":{"uv":[0,14.5,0.5,15],"texture":"#0"},"up":{"uv":[0,14.5,0.5,15],"texture":"#0"},"down":{"uv":[0,14.5,0.5,15],"texture":"#0"}}},{"from":[7.5,-5,-8],"to":[8.5,-4,-7],"rotation":{"angle":0,"axis":"y","origin":[8,3,0]},"faces":{"north":{"uv":[0,14,0.5,14.5],"texture":"#0"},"east":{"uv":[0,14,0.5,14.5],"texture":"#0"},"south":{"uv":[0,14,0.5,14.5],"texture":"#0"},"west":{"uv":[0,14,0.5,14.5],"texture":"#0"},"up":{"uv":[0,14,0.5,14.5],"texture":"#0"},"down":{"uv":[0,14,0.5,14.5],"texture":"#0"}}},{"from":[7.5,-5,-7],"to":[8.5,-4,-6],"rotation":{"angle":0,"axis":"y","origin":[8,3,1]},"faces":{"north":{"uv":[0.5,14,1,14.5],"texture":"#0"},"east":{"uv":[0.5,14,1,14.5],"texture":"#0"},"south":{"uv":[0.5,14,1,14.5],"texture":"#0"},"west":{"uv":[0.5,14,1,14.5],"texture":"#0"},"up":{"uv":[0.5,14,1,14.5],"texture":"#0"},"down":{"uv":[0.5,14,1,14.5],"texture":"#0"}}},{"from":[7.5,-4,-7],"to":[8.5,-3,-6],"rotation":{"angle":0,"axis":"y","origin":[8,4,1]},"faces":{"north":{"uv":[0.5,13.5,1,14],"texture":"#0"},"east":{"uv":[0.5,13.5,1,14],"texture":"#0"},"south":{"uv":[0.5,13.5,1,14],"texture":"#0"},"west":{"uv":[0.5,13.5,1,14],"texture":"#0"},"up":{"uv":[0.5,13.5,1,14],"texture":"#0"},"down":{"uv":[0.5,13.5,1,14],"texture":"#0"}}},{"from":[7.5,-4,-6],"to":[8.5,-3,-5],"rotation":{"angle":0,"axis":"y","origin":[8,4,2]},"faces":{"north":{"uv":[1,13.5,1.5,14],"texture":"#0"},"east":{"uv":[1,13.5,1.5,14],"texture":"#0"},"south":{"uv":[1,13.5,1.5,14],"texture":"#0"},"west":{"uv":[1,13.5,1.5,14],"texture":"#0"},"up":{"uv":[1,13.5,1.5,14],"texture":"#0"},"down":{"uv":[1,13.5,1.5,14],"texture":"#0"}}},{"from":[7.5,-4,-5],"to":[8.5,-3,-4],"rotation":{"angle":0,"axis":"y","origin":[8,4,3]},"faces":{"north":{"uv":[1.5,13.5,2,14],"texture":"#0"},"east":{"uv":[1.5,13.5,2,14],"texture":"#0"},"south":{"uv":[1.5,13.5,2,14],"texture":"#0"},"west":{"uv":[1.5,13.5,2,14],"texture":"#0"},"up":{"uv":[1.5,13.5,2,14],"texture":"#0"},"down":{"uv":[1.5,13.5,2,14],"texture":"#0"}}},{"from":[7.5,-3,-4],"to":[8.5,-2,-3],"rotation":{"angle":0,"axis":"y","origin":[8,5,4]},"faces":{"north":{"uv":[2,13,2.5,13.5],"texture":"#0"},"east":{"uv":[2,13,2.5,13.5],"texture":"#0"},"south":{"uv":[2,13,2.5,13.5],"texture":"#0"},"west":{"uv":[2,13,2.5,13.5],"texture":"#0"},"up":{"uv":[2,13,2.5,13.5],"texture":"#0"},"down":{"uv":[2,13,2.5,13.5],"texture":"#0"}}},{"from":[7.5,-4,-3],"to":[8.5,-3,-2],"rotation":{"angle":0,"axis":"y","origin":[8,4,5]},"faces":{"north":{"uv":[2,13,2.5,13.5],"texture":"#0"},"east":{"uv":[2,13,2.5,13.5],"texture":"#0"},"south":{"uv":[2,13,2.5,13.5],"texture":"#0"},"west":{"uv":[2,13,2.5,13.5],"texture":"#0"},"up":{"uv":[2,13,2.5,13.5],"texture":"#0"},"down":{"uv":[2,13,2.5,13.5],"texture":"#0"}}},{"from":[7.5,-3,-2],"to":[8.5,-2,-1],"rotation":{"angle":0,"axis":"y","origin":[8,5,6]},"faces":{"north":{"uv":[2,13,2.5,13.5],"texture":"#0"},"east":{"uv":[2,13,2.5,13.5],"texture":"#0"},"south":{"uv":[2,13,2.5,13.5],"texture":"#0"},"west":{"uv":[2,13,2.5,13.5],"texture":"#0"},"up":{"uv":[2,13,2.5,13.5],"texture":"#0"},"down":{"uv":[2,13,2.5,13.5],"texture":"#0"}}},{"from":[7.5,-2,-1],"to":[8.5,-1,0],"rotation":{"angle":0,"axis":"y","origin":[8,6,7]},"faces":{"north":{"uv":[2,13,2.5,13.5],"texture":"#0"},"east":{"uv":[2,13,2.5,13.5],"texture":"#0"},"south":{"uv":[2,13,2.5,13.5],"texture":"#0"},"west":{"uv":[2,13,2.5,13.5],"texture":"#0"},"up":{"uv":[2,13,2.5,13.5],"texture":"#0"},"down":{"uv":[2,13,2.5,13.5],"texture":"#0"}}},{"from":[7.5,-1,0],"to":[8.5,0,1],"rotation":{"angle":0,"axis":"y","origin":[8,7,8]},"faces":{"north":{"uv":[2,13,2.5,13.5],"texture":"#0"},"east":{"uv":[2,13,2.5,13.5],"texture":"#0"},"south":{"uv":[2,13,2.5,13.5],"texture":"#0"},"west":{"uv":[2,13,2.5,13.5],"texture":"#0"},"up":{"uv":[2,13,2.5,13.5],"texture":"#0"},"down":{"uv":[2,13,2.5,13.5],"texture":"#0"}}},{"from":[7.5,0,1],"to":[8.5,1,2],"rotation":{"angle":0,"axis":"y","origin":[8,8,9]},"faces":{"north":{"uv":[2,13,2.5,13.5],"texture":"#0"},"east":{"uv":[2,13,2.5,13.5],"texture":"#0"},"south":{"uv":[2,13,2.5,13.5],"texture":"#0"},"west":{"uv":[2,13,2.5,13.5],"texture":"#0"},"up":{"uv":[2,13,2.5,13.5],"texture":"#0"},"down":{"uv":[2,13,2.5,13.5],"texture":"#0"}}},{"from":[7.5,1,2],"to":[8.5,2,3],"rotation":{"angle":0,"axis":"y","origin":[8,9,10]},"faces":{"north":{"uv":[2,13,2.5,13.5],"texture":"#0"},"east":{"uv":[2,13,2.5,13.5],"texture":"#0"},"south":{"uv":[2,13,2.5,13.5],"texture":"#0"},"west":{"uv":[2,13,2.5,13.5],"texture":"#0"},"up":{"uv":[2,13,2.5,13.5],"texture":"#0"},"down":{"uv":[2,13,2.5,13.5],"texture":"#0"}}},{"from":[7.5,2,3],"to":[8.5,3,4],"rotation":{"angle":0,"axis":"y","origin":[8,10,11]},"faces":{"north":{"uv":[2,13,2.5,13.5],"texture":"#0"},"east":{"uv":[2,13,2.5,13.5],"texture":"#0"},"south":{"uv":[2,13,2.5,13.5],"texture":"#0"},"west":{"uv":[2,13,2.5,13.5],"texture":"#0"},"up":{"uv":[2,13,2.5,13.5],"texture":"#0"},"down":{"uv":[2,13,2.5,13.5],"texture":"#0"}}},{"from":[7.5,3,4],"to":[8.5,4,5],"rotation":{"angle":0,"axis":"y","origin":[8,11,12]},"faces":{"north":{"uv":[2,13,2.5,13.5],"texture":"#0"},"east":{"uv":[2,13,2.5,13.5],"texture":"#0"},"south":{"uv":[2,13,2.5,13.5],"texture":"#0"},"west":{"uv":[2,13,2.5,13.5],"texture":"#0"},"up":{"uv":[2,13,2.5,13.5],"texture":"#0"},"down":{"uv":[2,13,2.5,13.5],"texture":"#0"}}},{"from":[7.5,7,8],"to":[8.5,8,9],"rotation":{"angle":0,"axis":"y","origin":[8,15,16]},"faces":{"north":{"uv":[2,13,2.5,13.5],"texture":"#0"},"east":{"uv":[2,13,2.5,13.5],"texture":"#0"},"south":{"uv":[2,13,2.5,13.5],"texture":"#0"},"west":{"uv":[2,13,2.5,13.5],"texture":"#0"},"up":{"uv":[2,13,2.5,13.5],"texture":"#0"},"down":{"uv":[2,13,2.5,13.5],"texture":"#0"}}},{"from":[7.5,8,9],"to":[8.5,9,10],"rotation":{"angle":0,"axis":"y","origin":[8,16,17]},"faces":{"north":{"uv":[2,13,2.5,13.5],"texture":"#0"},"east":{"uv":[2,13,2.5,13.5],"texture":"#0"},"south":{"uv":[2,13,2.5,13.5],"texture":"#0"},"west":{"uv":[2,13,2.5,13.5],"texture":"#0"},"up":{"uv":[2,13,2.5,13.5],"texture":"#0"},"down":{"uv":[2,13,2.5,13.5],"texture":"#0"}}},{"from":[7.5,9,10],"to":[8.5,10,11],"rotation":{"angle":0,"axis":"y","origin":[8,17,18]},"faces":{"north":{"uv":[2,13,2.5,13.5],"texture":"#0"},"east":{"uv":[2,13,2.5,13.5],"texture":"#0"},"south":{"uv":[2,13,2.5,13.5],"texture":"#0"},"west":{"uv":[2,13,2.5,13.5],"texture":"#0"},"up":{"uv":[2,13,2.5,13.5],"texture":"#0"},"down":{"uv":[2,13,2.5,13.5],"texture":"#0"}}},{"from":[7.5,10,11],"to":[8.5,11,12],"rotation":{"angle":0,"axis":"y","origin":[8,18,19]},"faces":{"north":{"uv":[2,13,2.5,13.5],"texture":"#0"},"east":{"uv":[2,13,2.5,13.5],"texture":"#0"},"south":{"uv":[2,13,2.5,13.5],"texture":"#0"},"west":{"uv":[2,13,2.5,13.5],"texture":"#0"},"up":{"uv":[2,13,2.5,13.5],"texture":"#0"},"down":{"uv":[2,13,2.5,13.5],"texture":"#0"}}},{"from":[7.5,11,12],"to":[8.5,12,13],"rotation":{"angle":0,"axis":"y","origin":[8,19,20]},"faces":{"north":{"uv":[2,13,2.5,13.5],"texture":"#0"},"east":{"uv":[2,13,2.5,13.5],"texture":"#0"},"south":{"uv":[2,13,2.5,13.5],"texture":"#0"},"west":{"uv":[2,13,2.5,13.5],"texture":"#0"},"up":{"uv":[2,13,2.5,13.5],"texture":"#0"},"down":{"uv":[2,13,2.5,13.5],"texture":"#0"}}},{"from":[7.5,12,13],"to":[8.5,13,14],"rotation":{"angle":0,"axis":"y","origin":[8,20,21]},"faces":{"north":{"uv":[2,13,2.5,13.5],"texture":"#0"},"east":{"uv":[2,13,2.5,13.5],"texture":"#0"},"south":{"uv":[2,13,2.5,13.5],"texture":"#0"},"west":{"uv":[2,13,2.5,13.5],"texture":"#0"},"up":{"uv":[2,13,2.5,13.5],"texture":"#0"},"down":{"uv":[2,13,2.5,13.5],"texture":"#0"}}},{"from":[7.5,13,14],"to":[8.5,14,15],"rotation":{"angle":0,"axis":"y","origin":[8,21,22]},"faces":{"north":{"uv":[2,13,2.5,13.5],"texture":"#0"},"east":{"uv":[2,13,2.5,13.5],"texture":"#0"},"south":{"uv":[2,13,2.5,13.5],"texture":"#0"},"west":{"uv":[2,13,2.5,13.5],"texture":"#0"},"up":{"uv":[2,13,2.5,13.5],"texture":"#0"},"down":{"uv":[2,13,2.5,13.5],"texture":"#0"}}},{"from":[7.5,14,13],"to":[8.5,15,14],"rotation":{"angle":0,"axis":"y","origin":[8,22,21]},"faces":{"north":{"uv":[2,13,2.5,13.5],"texture":"#0"},"east":{"uv":[2,13,2.5,13.5],"texture":"#0"},"south":{"uv":[2,13,2.5,13.5],"texture":"#0"},"west":{"uv":[2,13,2.5,13.5],"texture":"#0"},"up":{"uv":[2,13,2.5,13.5],"texture":"#0"},"down":{"uv":[2,13,2.5,13.5],"texture":"#0"}}},{"from":[7.5,16,14],"to":[8.5,17,15],"rotation":{"angle":0,"axis":"y","origin":[8,24,22]},"faces":{"north":{"uv":[11,3.5,11.5,4],"texture":"#0"},"east":{"uv":[11,3.5,11.5,4],"texture":"#0"},"south":{"uv":[11,3.5,11.5,4],"texture":"#0"},"west":{"uv":[11,3.5,11.5,4],"texture":"#0"},"up":{"uv":[11,3.5,11.5,4],"texture":"#0"},"down":{"uv":[11,3.5,11.5,4],"texture":"#0"}}},{"from":[7.5,16,21],"to":[8.5,17,22],"rotation":{"angle":0,"axis":"y","origin":[8,24,29]},"faces":{"north":{"uv":[14.5,3.5,15,4],"texture":"#0"},"east":{"uv":[14.5,3.5,15,4],"texture":"#0"},"south":{"uv":[14.5,3.5,15,4],"texture":"#0"},"west":{"uv":[14.5,3.5,15,4],"texture":"#0"},"up":{"uv":[14.5,3.5,15,4],"texture":"#0"},"down":{"uv":[14.5,3.5,15,4],"texture":"#0"}}},{"from":[7.5,17,19],"to":[8.5,18,20],"rotation":{"angle":0,"axis":"y","origin":[8,25,27]},"faces":{"north":{"uv":[13.5,3,14,3.5],"texture":"#0"},"east":{"uv":[13.5,3,14,3.5],"texture":"#0"},"south":{"uv":[13.5,3,14,3.5],"texture":"#0"},"west":{"uv":[13.5,3,14,3.5],"texture":"#0"},"up":{"uv":[13.5,3,14,3.5],"texture":"#0"},"down":{"uv":[13.5,3,14,3.5],"texture":"#0"}}},{"from":[7.5,18,20],"to":[8.5,19,21],"rotation":{"angle":0,"axis":"y","origin":[8,26,28]},"faces":{"north":{"uv":[14,2.5,14.5,3],"texture":"#0"},"east":{"uv":[14,2.5,14.5,3],"texture":"#0"},"south":{"uv":[14,2.5,14.5,3],"texture":"#0"},"west":{"uv":[14,2.5,14.5,3],"texture":"#0"},"up":{"uv":[14,2.5,14.5,3],"texture":"#0"},"down":{"uv":[14,2.5,14.5,3],"texture":"#0"}}},{"from":[7.5,19,21],"to":[8.5,20,22],"rotation":{"angle":0,"axis":"y","origin":[8,27,29]},"faces":{"north":{"uv":[14.5,2,15,2.5],"texture":"#0"},"east":{"uv":[14.5,2,15,2.5],"texture":"#0"},"south":{"uv":[14.5,2,15,2.5],"texture":"#0"},"west":{"uv":[14.5,2,15,2.5],"texture":"#0"},"up":{"uv":[14.5,2,15,2.5],"texture":"#0"},"down":{"uv":[14.5,2,15,2.5],"texture":"#0"}}},{"from":[7.5,19,19],"to":[8.5,20,20],"rotation":{"angle":0,"axis":"y","origin":[8,27,27]},"faces":{"north":{"uv":[13.5,2,14,2.5],"texture":"#0"},"east":{"uv":[13.5,2,14,2.5],"texture":"#0"},"south":{"uv":[13.5,2,14,2.5],"texture":"#0"},"west":{"uv":[13.5,2,14,2.5],"texture":"#0"},"up":{"uv":[13.5,2,14,2.5],"texture":"#0"},"down":{"uv":[13.5,2,14,2.5],"texture":"#0"}}},{"from":[7.5,21,19],"to":[8.5,22,20],"rotation":{"angle":0,"axis":"y","origin":[8,29,27]},"faces":{"north":{"uv":[13.5,1,14,1.5],"texture":"#0"},"east":{"uv":[13.5,1,14,1.5],"texture":"#0"},"south":{"uv":[13.5,1,14,1.5],"texture":"#0"},"west":{"uv":[13.5,1,14,1.5],"texture":"#0"},"up":{"uv":[13.5,1,14,1.5],"texture":"#0"},"down":{"uv":[13.5,1,14,1.5],"texture":"#0"}}},{"from":[7.5,23,21],"to":[8.5,24,22],"rotation":{"angle":0,"axis":"y","origin":[8,31,29]},"faces":{"north":{"uv":[14.5,0,15,0.5],"texture":"#0"},"east":{"uv":[14.5,0,15,0.5],"texture":"#0"},"south":{"uv":[14.5,0,15,0.5],"texture":"#0"},"west":{"uv":[14.5,0,15,0.5],"texture":"#0"},"up":{"uv":[14.5,0,15,0.5],"texture":"#0"},"down":{"uv":[14.5,0,15,0.5],"texture":"#0"}}},{"from":[7.5,23,20],"to":[8.5,24,21],"rotation":{"angle":0,"axis":"y","origin":[8,31,28]},"faces":{"north":{"uv":[14,0,14.5,0.5],"texture":"#0"},"east":{"uv":[14,0,14.5,0.5],"texture":"#0"},"south":{"uv":[14,0,14.5,0.5],"texture":"#0"},"west":{"uv":[14,0,14.5,0.5],"texture":"#0"},"up":{"uv":[14,0,14.5,0.5],"texture":"#0"},"down":{"uv":[14,0,14.5,0.5],"texture":"#0"}}},{"from":[7.5,21,23],"to":[8.5,22,24],"rotation":{"angle":0,"axis":"y","origin":[8,29,31]},"faces":{"north":{"uv":[15.5,1,16,1.5],"texture":"#0"},"east":{"uv":[15.5,1,16,1.5],"texture":"#0"},"south":{"uv":[15.5,1,16,1.5],"texture":"#0"},"west":{"uv":[15.5,1,16,1.5],"texture":"#0"},"up":{"uv":[15.5,1,16,1.5],"texture":"#0"},"down":{"uv":[15.5,1,16,1.5],"texture":"#0"}}},{"from":[7.5,20,23],"to":[8.5,21,24],"rotation":{"angle":0,"axis":"y","origin":[8,28,31]},"faces":{"north":{"uv":[15.5,1.5,16,2],"texture":"#0"},"east":{"uv":[15.5,1.5,16,2],"texture":"#0"},"south":{"uv":[15.5,1.5,16,2],"texture":"#0"},"west":{"uv":[15.5,1.5,16,2],"texture":"#0"},"up":{"uv":[15.5,1.5,16,2],"texture":"#0"},"down":{"uv":[15.5,1.5,16,2],"texture":"#0"}}},{"from":[7.5,20,18],"to":[8.5,21,19],"rotation":{"angle":0,"axis":"y","origin":[8,28,26]},"faces":{"north":{"uv":[13,1.5,13.5,2],"texture":"#0"},"east":{"uv":[13,1.5,13.5,2],"texture":"#0"},"south":{"uv":[13,1.5,13.5,2],"texture":"#0"},"west":{"uv":[13,1.5,13.5,2],"texture":"#0"},"up":{"uv":[13,1.5,13.5,2],"texture":"#0"},"down":{"uv":[13,1.5,13.5,2],"texture":"#0"}}},{"from":[7.5,20,20],"to":[8.5,22,22],"rotation":{"angle":0,"axis":"y","origin":[8,28,28]},"faces":{"north":{"uv":[14,1,14.5,2],"texture":"#0"},"east":{"uv":[15,1,14,2],"texture":"#0"},"south":{"uv":[14.5,1,15,2],"texture":"#0"},"west":{"uv":[14,1,15,2],"texture":"#0"},"up":{"uv":[14,1,15,1.5],"texture":"#0"},"down":{"uv":[14,1.5,15,2],"rotation":270,"texture":"#0"}}},{"from":[7.5,22,22],"to":[8.5,24,24],"rotation":{"angle":0,"axis":"y","origin":[8,30,30]},"faces":{"north":{"uv":[15,0,15.5,1],"texture":"#0"},"east":{"uv":[16,0,15,1],"texture":"#0"},"south":{"uv":[15.5,0,16,1],"texture":"#0"},"west":{"uv":[15,0,16,1],"texture":"#0"},"up":{"uv":[15,0,16,0.5],"rotation":90,"texture":"#0"},"down":{"uv":[15,0.5,16,1],"rotation":270,"texture":"#0"}}},{"from":[7.5,18,18],"to":[8.5,19,19],"rotation":{"angle":0,"axis":"y","origin":[8,26,26]},"faces":{"north":{"uv":[13,2.5,13.5,3],"texture":"#0"},"east":{"uv":[13,2.5,13.5,3],"texture":"#0"},"south":{"uv":[13,2.5,13.5,3],"texture":"#0"},"west":{"uv":[13,2.5,13.5,3],"texture":"#0"},"up":{"uv":[13,2.5,13.5,3],"texture":"#0"},"down":{"uv":[13,2.5,13.5,3],"texture":"#0"}}},{"from":[7.5,19,17],"to":[8.5,20,18],"rotation":{"angle":0,"axis":"y","origin":[8,27,25]},"faces":{"north":{"uv":[13,1.5,13.5,2],"texture":"#0"},"east":{"uv":[13,1.5,13.5,2],"texture":"#0"},"south":{"uv":[13,1.5,13.5,2],"texture":"#0"},"west":{"uv":[13,1.5,13.5,2],"texture":"#0"},"up":{"uv":[13,1.5,13.5,2],"texture":"#0"},"down":{"uv":[13,1.5,13.5,2],"texture":"#0"}}},{"from":[7.5,19,10],"to":[8.5,20,11],"rotation":{"angle":0,"axis":"y","origin":[8,27,18]},"faces":{"north":{"uv":[9,2,9.5,2.5],"texture":"#0"},"east":{"uv":[9,2,9.5,2.5],"texture":"#0"},"south":{"uv":[9,2,9.5,2.5],"texture":"#0"},"west":{"uv":[9,2,9.5,2.5],"texture":"#0"},"up":{"uv":[9,2,9.5,2.5],"texture":"#0"},"down":{"uv":[9,2,9.5,2.5],"texture":"#0"}}},{"from":[7.5,19,13],"to":[8.5,20,14],"rotation":{"angle":0,"axis":"y","origin":[8,27,21]},"faces":{"north":{"uv":[10.5,2,11,2.5],"texture":"#0"},"east":{"uv":[10.5,2,11,2.5],"texture":"#0"},"south":{"uv":[10.5,2,11,2.5],"texture":"#0"},"west":{"uv":[10.5,2,11,2.5],"texture":"#0"},"up":{"uv":[10.5,2,11,2.5],"texture":"#0"},"down":{"uv":[10.5,2,11,2.5],"texture":"#0"}}},{"from":[7.5,19,14],"to":[8.5,20,15],"rotation":{"angle":0,"axis":"y","origin":[8,27,22]},"faces":{"north":{"uv":[11,2,11.5,2.5],"texture":"#0"},"east":{"uv":[11,2,11.5,2.5],"texture":"#0"},"south":{"uv":[11,2,11.5,2.5],"texture":"#0"},"west":{"uv":[11,2,11.5,2.5],"texture":"#0"},"up":{"uv":[11,2,11.5,2.5],"texture":"#0"},"down":{"uv":[11,2,11.5,2.5],"texture":"#0"}}},{"from":[7.5,20,15],"to":[8.5,21,16],"rotation":{"angle":0,"axis":"y","origin":[8,28,23]},"faces":{"north":{"uv":[11.5,1.5,12,2],"texture":"#0"},"east":{"uv":[11.5,1.5,12,2],"texture":"#0"},"south":{"uv":[11.5,1.5,12,2],"texture":"#0"},"west":{"uv":[11.5,1.5,12,2],"texture":"#0"},"up":{"uv":[11.5,1.5,12,2],"texture":"#0"},"down":{"uv":[11.5,1.5,12,2],"texture":"#0"}}},{"from":[7.5,21,16],"to":[8.5,22,17],"rotation":{"angle":0,"axis":"y","origin":[8,29,24]},"faces":{"north":{"uv":[12,1,12.5,1.5],"texture":"#0"},"east":{"uv":[12,1,12.5,1.5],"texture":"#0"},"south":{"uv":[12,1,12.5,1.5],"texture":"#0"},"west":{"uv":[12,1,12.5,1.5],"texture":"#0"},"up":{"uv":[12,1,12.5,1.5],"texture":"#0"},"down":{"uv":[12,1,12.5,1.5],"texture":"#0"}}},{"from":[7.5,20,16],"to":[8.5,21,17],"rotation":{"angle":0,"axis":"y","origin":[8,28,24]},"faces":{"north":{"uv":[12,1.5,12.5,2],"texture":"#0"},"east":{"uv":[12,1.5,12.5,2],"texture":"#0"},"south":{"uv":[12,1.5,12.5,2],"texture":"#0"},"west":{"uv":[12,1.5,12.5,2],"texture":"#0"},"up":{"uv":[12,1.5,12.5,2],"texture":"#0"},"down":{"uv":[12,1.5,12.5,2],"texture":"#0"}}},{"from":[7.5,17,17],"to":[8.5,18,18],"rotation":{"angle":0,"axis":"y","origin":[8,25,25]},"faces":{"north":{"uv":[13,2.5,13.5,3],"texture":"#0"},"east":{"uv":[13,2.5,13.5,3],"texture":"#0"},"south":{"uv":[13,2.5,13.5,3],"texture":"#0"},"west":{"uv":[13,2.5,13.5,3],"texture":"#0"},"up":{"uv":[13,2.5,13.5,3],"texture":"#0"},"down":{"uv":[13,2.5,13.5,3],"texture":"#0"}}},{"from":[7.5,16,16],"to":[8.5,17,17],"rotation":{"angle":0,"axis":"y","origin":[8,24,24]},"faces":{"north":{"uv":[13,2.5,13.5,3],"texture":"#0"},"east":{"uv":[13,2.5,13.5,3],"texture":"#0"},"south":{"uv":[13,2.5,13.5,3],"texture":"#0"},"west":{"uv":[13,2.5,13.5,3],"texture":"#0"},"up":{"uv":[13,2.5,13.5,3],"texture":"#0"},"down":{"uv":[13,2.5,13.5,3],"texture":"#0"}}},{"from":[7.5,10,19],"to":[8.5,11,20],"rotation":{"angle":0,"axis":"y","origin":[8,18,27]},"faces":{"north":{"uv":[13.5,6.5,14,7],"texture":"#0"},"east":{"uv":[13.5,6.5,14,7],"texture":"#0"},"south":{"uv":[13.5,6.5,14,7],"texture":"#0"},"west":{"uv":[13.5,6.5,14,7],"texture":"#0"},"up":{"uv":[13.5,6.5,14,7],"texture":"#0"},"down":{"uv":[13.5,6.5,14,7],"texture":"#0"}}},{"from":[7.5,13,16],"to":[8.5,14,18],"rotation":{"angle":0,"axis":"y","origin":[8,21,24]},"faces":{"north":{"uv":[12.5,5,13,5.5],"texture":"#0"},"east":{"uv":[12.5,5,13,5.5],"texture":"#0"},"south":{"uv":[12.5,5,13,5.5],"texture":"#0"},"west":{"uv":[12.5,5,13,5.5],"texture":"#0"},"up":{"uv":[12.5,5,13,5.5],"texture":"#0"},"down":{"uv":[12.5,5,13,5.5],"texture":"#0"}}},{"from":[7.5,11,18],"to":[8.5,13,20],"rotation":{"angle":0,"axis":"y","origin":[8,20,26]},"faces":{"north":{"uv":[13,5.5,13.5,6.5],"texture":"#0"},"east":{"uv":[13,5.5,14,6.5],"texture":"#0"},"south":{"uv":[13.5,5.5,14,6.5],"texture":"#0"},"west":{"uv":[13,5.5,14,6.5],"texture":"#0"},"up":{"uv":[13,5.5,14,6],"rotation":90,"texture":"#0"},"down":{"uv":[13,6,14,6.5],"rotation":90,"texture":"#0"}}},{"from":[7.5,16,13],"to":[8.5,18,14],"rotation":{"angle":0,"axis":"y","origin":[8,24,21]},"faces":{"north":{"uv":[10.5,3,11,4],"texture":"#0"},"east":{"uv":[10.5,3,11,4],"texture":"#0"},"south":{"uv":[10.5,3,11,4],"texture":"#0"},"west":{"uv":[10.5,3,11,4],"texture":"#0"},"up":{"uv":[10.5,3,11,3.5],"texture":"#0"},"down":{"uv":[10.5,3.5,11,4],"texture":"#0"}}},{"from":[7.5,18,12],"to":[8.5,20,13],"rotation":{"angle":0,"axis":"y","origin":[8,26,20]},"faces":{"north":{"uv":[10,2,10.5,3],"texture":"#0"},"east":{"uv":[10,2,10.5,3],"texture":"#0"},"south":{"uv":[10,2,10.5,3],"texture":"#0"},"west":{"uv":[10,2,10.5,3],"texture":"#0"},"up":{"uv":[10,2,10.5,2.5],"texture":"#0"},"down":{"uv":[10,2.5,10.5,3],"texture":"#0"}}},{"from":[7.5,18,11],"to":[8.5,20,12],"rotation":{"angle":0,"axis":"y","origin":[8,26,19]},"faces":{"north":{"uv":[9.5,2,10,3],"texture":"#0"},"east":{"uv":[9.5,2,10,3],"texture":"#0"},"south":{"uv":[9.5,2,10,3],"texture":"#0"},"west":{"uv":[9.5,2,10,3],"texture":"#0"},"up":{"uv":[9.5,2,10,2.5],"texture":"#0"},"down":{"uv":[9.5,2.5,10,3],"texture":"#0"}}},{"from":[7.5,13,19],"to":[8.5,15,20],"rotation":{"angle":0,"axis":"y","origin":[8,21,27]},"faces":{"north":{"uv":[13.5,4.5,14,5.5],"texture":"#0"},"east":{"uv":[13.5,4.5,14,5.5],"texture":"#0"},"south":{"uv":[13.5,4.5,14,5.5],"texture":"#0"},"west":{"uv":[13.5,4.5,14,5.5],"texture":"#0"},"up":{"uv":[13.5,4.5,14,5.5],"texture":"#0"},"down":{"uv":[13.5,4.5,14,5.5],"texture":"#0"}}},{"from":[7.5,15,20],"to":[8.5,17,21],"rotation":{"angle":0,"axis":"y","origin":[8,23,28]},"faces":{"north":{"uv":[14,3.5,14.5,4.5],"texture":"#0"},"east":{"uv":[14,3.5,14.5,4.5],"texture":"#0"},"south":{"uv":[14,3.5,14.5,4.5],"texture":"#0"},"west":{"uv":[14,3.5,14.5,4.5],"texture":"#0"},"up":{"uv":[14,3.5,14.5,4.5],"texture":"#0"},"down":{"uv":[14,3.5,14.5,4.5],"texture":"#0"}}},{"from":[7.5,14,14],"to":[8.5,16,16],"rotation":{"angle":0,"axis":"y","origin":[8,22,22]},"faces":{"north":{"uv":[11.5,4.5,12,5],"texture":"#0"},"east":{"uv":[11.5,4.5,12,5],"texture":"#0"},"south":{"uv":[11.5,4.5,12,5],"texture":"#0"},"west":{"uv":[11.5,4.5,12,5],"texture":"#0"},"up":{"uv":[11.5,4.5,12,5],"texture":"#0"},"down":{"uv":[11.5,4.5,12,5],"texture":"#0"}}},{"from":[7.5,13,12],"to":[8.5,14,13],"rotation":{"angle":0,"axis":"y","origin":[8,21,20]},"faces":{"north":{"uv":[2,13,2.5,13.5],"texture":"#0"},"east":{"uv":[2,13,2.5,13.5],"texture":"#0"},"south":{"uv":[2,13,2.5,13.5],"texture":"#0"},"west":{"uv":[2,13,2.5,13.5],"texture":"#0"},"up":{"uv":[2,13,2.5,13.5],"texture":"#0"},"down":{"uv":[2,13,2.5,13.5],"texture":"#0"}}},{"from":[7.5,12,11],"to":[8.5,13,12],"rotation":{"angle":0,"axis":"y","origin":[8,20,19]},"faces":{"north":{"uv":[2,13,2.5,13.5],"texture":"#0"},"east":{"uv":[2,13,2.5,13.5],"texture":"#0"},"south":{"uv":[2,13,2.5,13.5],"texture":"#0"},"west":{"uv":[2,13,2.5,13.5],"texture":"#0"},"up":{"uv":[2,13,2.5,13.5],"texture":"#0"},"down":{"uv":[2,13,2.5,13.5],"texture":"#0"}}},{"from":[7.5,11,10],"to":[8.5,12,11],"rotation":{"angle":0,"axis":"y","origin":[8,19,18]},"faces":{"north":{"uv":[2,13,2.5,13.5],"texture":"#0"},"east":{"uv":[2,13,2.5,13.5],"texture":"#0"},"south":{"uv":[2,13,2.5,13.5],"texture":"#0"},"west":{"uv":[2,13,2.5,13.5],"texture":"#0"},"up":{"uv":[2,13,2.5,13.5],"texture":"#0"},"down":{"uv":[2,13,2.5,13.5],"texture":"#0"}}},{"from":[7.5,10,9],"to":[8.5,11,10],"rotation":{"angle":0,"axis":"y","origin":[8,18,17]},"faces":{"north":{"uv":[2,13,2.5,13.5],"texture":"#0"},"east":{"uv":[2,13,2.5,13.5],"texture":"#0"},"south":{"uv":[2,13,2.5,13.5],"texture":"#0"},"west":{"uv":[2,13,2.5,13.5],"texture":"#0"},"up":{"uv":[2,13,2.5,13.5],"texture":"#0"},"down":{"uv":[2,13,2.5,13.5],"texture":"#0"}}},{"from":[7.5,9,8],"to":[8.5,10,9],"rotation":{"angle":0,"axis":"y","origin":[8,17,16]},"faces":{"north":{"uv":[2,13,2.5,13.5],"texture":"#0"},"east":{"uv":[2,13,2.5,13.5],"texture":"#0"},"south":{"uv":[2,13,2.5,13.5],"texture":"#0"},"west":{"uv":[2,13,2.5,13.5],"texture":"#0"},"up":{"uv":[2,13,2.5,13.5],"texture":"#0"},"down":{"uv":[2,13,2.5,13.5],"texture":"#0"}}},{"from":[7.5,8,7],"to":[8.5,9,8],"rotation":{"angle":0,"axis":"y","origin":[8,16,15]},"faces":{"north":{"uv":[2,13,2.5,13.5],"texture":"#0"},"east":{"uv":[2,13,2.5,13.5],"texture":"#0"},"south":{"uv":[2,13,2.5,13.5],"texture":"#0"},"west":{"uv":[2,13,2.5,13.5],"texture":"#0"},"up":{"uv":[2,13,2.5,13.5],"texture":"#0"},"down":{"uv":[2,13,2.5,13.5],"texture":"#0"}}},{"from":[7.5,-2,-3],"to":[8.5,-1,-2],"rotation":{"angle":0,"axis":"y","origin":[8,6,5]},"faces":{"north":{"uv":[2,13,2.5,13.5],"texture":"#0"},"east":{"uv":[2,13,2.5,13.5],"texture":"#0"},"south":{"uv":[2,13,2.5,13.5],"texture":"#0"},"west":{"uv":[2,13,2.5,13.5],"texture":"#0"},"up":{"uv":[2,13,2.5,13.5],"texture":"#0"},"down":{"uv":[2,13,2.5,13.5],"texture":"#0"}}},{"from":[7.5,-1,-2],"to":[8.5,0,-1],"rotation":{"angle":0,"axis":"y","origin":[8,7,6]},"faces":{"north":{"uv":[2,13,2.5,13.5],"texture":"#0"},"east":{"uv":[2,13,2.5,13.5],"texture":"#0"},"south":{"uv":[2,13,2.5,13.5],"texture":"#0"},"west":{"uv":[2,13,2.5,13.5],"texture":"#0"},"up":{"uv":[2,13,2.5,13.5],"texture":"#0"},"down":{"uv":[2,13,2.5,13.5],"texture":"#0"}}},{"from":[7.5,0,-1],"to":[8.5,1,0],"rotation":{"angle":0,"axis":"y","origin":[8,8,7]},"faces":{"north":{"uv":[2,13,2.5,13.5],"texture":"#0"},"east":{"uv":[2,13,2.5,13.5],"texture":"#0"},"south":{"uv":[2,13,2.5,13.5],"texture":"#0"},"west":{"uv":[2,13,2.5,13.5],"texture":"#0"},"up":{"uv":[2,13,2.5,13.5],"texture":"#0"},"down":{"uv":[2,13,2.5,13.5],"texture":"#0"}}},{"from":[7.5,1,0],"to":[8.5,2,1],"rotation":{"angle":0,"axis":"y","origin":[8,9,8]},"faces":{"north":{"uv":[2,13,2.5,13.5],"texture":"#0"},"east":{"uv":[2,13,2.5,13.5],"texture":"#0"},"south":{"uv":[2,13,2.5,13.5],"texture":"#0"},"west":{"uv":[2,13,2.5,13.5],"texture":"#0"},"up":{"uv":[2,13,2.5,13.5],"texture":"#0"},"down":{"uv":[2,13,2.5,13.5],"texture":"#0"}}},{"from":[7.5,2,1],"to":[8.5,3,2],"rotation":{"angle":0,"axis":"y","origin":[8,10,9]},"faces":{"north":{"uv":[2,13,2.5,13.5],"texture":"#0"},"east":{"uv":[2,13,2.5,13.5],"texture":"#0"},"south":{"uv":[2,13,2.5,13.5],"texture":"#0"},"west":{"uv":[2,13,2.5,13.5],"texture":"#0"},"up":{"uv":[2,13,2.5,13.5],"texture":"#0"},"down":{"uv":[2,13,2.5,13.5],"texture":"#0"}}},{"from":[7.5,3,2],"to":[8.5,4,3],"rotation":{"angle":0,"axis":"y","origin":[8,11,10]},"faces":{"north":{"uv":[2,13,2.5,13.5],"texture":"#0"},"east":{"uv":[2,13,2.5,13.5],"texture":"#0"},"south":{"uv":[2,13,2.5,13.5],"texture":"#0"},"west":{"uv":[2,13,2.5,13.5],"texture":"#0"},"up":{"uv":[2,13,2.5,13.5],"texture":"#0"},"down":{"uv":[2,13,2.5,13.5],"texture":"#0"}}},{"from":[7.5,4,3],"to":[8.5,5,4],"rotation":{"angle":0,"axis":"y","origin":[8,12,11]},"faces":{"north":{"uv":[2,13,2.5,13.5],"texture":"#0"},"east":{"uv":[2,13,2.5,13.5],"texture":"#0"},"south":{"uv":[2,13,2.5,13.5],"texture":"#0"},"west":{"uv":[2,13,2.5,13.5],"texture":"#0"},"up":{"uv":[2,13,2.5,13.5],"texture":"#0"},"down":{"uv":[2,13,2.5,13.5],"texture":"#0"}}},{"from":[7.5,5,4],"to":[8.5,6,5],"rotation":{"angle":0,"axis":"y","origin":[8,13,12]},"faces":{"north":{"uv":[6,9,6.5,9.5],"texture":"#0"},"east":{"uv":[6,9,6.5,9.5],"texture":"#0"},"south":{"uv":[6,9,6.5,9.5],"texture":"#0"},"west":{"uv":[6,9,6.5,9.5],"texture":"#0"},"up":{"uv":[6,9,6.5,9.5],"texture":"#0"},"down":{"uv":[6,9,6.5,9.5],"texture":"#0"}}},{"from":[7.5,4,5],"to":[8.5,5,6],"rotation":{"angle":0,"axis":"y","origin":[8,12,13]},"faces":{"north":{"uv":[6.5,9.5,7,10],"texture":"#0"},"east":{"uv":[6.5,9.5,7,10],"texture":"#0"},"south":{"uv":[6.5,9.5,7,10],"texture":"#0"},"west":{"uv":[6.5,9.5,7,10],"texture":"#0"},"up":{"uv":[6.5,9.5,7,10],"texture":"#0"},"down":{"uv":[6.5,9.5,7,10],"texture":"#0"}}},{"from":[7.5,5,6],"to":[8.5,6,7],"rotation":{"angle":0,"axis":"y","origin":[8,13,14]},"faces":{"north":{"uv":[7,9,7.5,9.5],"texture":"#0"},"east":{"uv":[7,9,7.5,9.5],"texture":"#0"},"south":{"uv":[7,9,7.5,9.5],"texture":"#0"},"west":{"uv":[7,9,7.5,9.5],"texture":"#0"},"up":{"uv":[7,9,7.5,9.5],"texture":"#0"},"down":{"uv":[7,9,7.5,9.5],"texture":"#0"}}},{"from":[7.5,6,7],"to":[8.5,7,8],"rotation":{"angle":0,"axis":"y","origin":[8,14,15]},"faces":{"north":{"uv":[7.5,8.5,8,9],"texture":"#0"},"east":{"uv":[7.5,8.5,8,9],"texture":"#0"},"south":{"uv":[7.5,8.5,8,9],"texture":"#0"},"west":{"uv":[7.5,8.5,8,9],"texture":"#0"},"up":{"uv":[7.5,8.5,8,9],"texture":"#0"},"down":{"uv":[7.5,8.5,8,9],"texture":"#0"}}},{"from":[7.5,6,5],"to":[8.5,7,6],"rotation":{"angle":0,"axis":"y","origin":[8,14,13]},"faces":{"north":{"uv":[6.5,8.5,7,9],"texture":"#0"},"east":{"uv":[6.5,8.5,7,9],"texture":"#0"},"south":{"uv":[6.5,8.5,7,9],"texture":"#0"},"west":{"uv":[6.5,8.5,7,9],"texture":"#0"},"up":{"uv":[6.5,8.5,7,9],"texture":"#0"},"down":{"uv":[6.5,8.5,7,9],"texture":"#0"}}},{"from":[7.5,7,6],"to":[8.5,8,7],"rotation":{"angle":0,"axis":"y","origin":[8,15,14]},"faces":{"north":{"uv":[7,8,7.5,8.5],"texture":"#0"},"east":{"uv":[7,8,7.5,8.5],"texture":"#0"},"south":{"uv":[7,8,7.5,8.5],"texture":"#0"},"west":{"uv":[7,8,7.5,8.5],"texture":"#0"},"up":{"uv":[7,8,7.5,8.5],"texture":"#0"},"down":{"uv":[7,8,7.5,8.5],"texture":"#0"}}},{"from":[7.5,-3,-5],"to":[8.5,-2,-4],"rotation":{"angle":0,"axis":"y","origin":[8,5,3]},"faces":{"north":{"uv":[1.5,13,2,13.5],"texture":"#0"},"east":{"uv":[1.5,13,2,13.5],"texture":"#0"},"south":{"uv":[1.5,13,2,13.5],"texture":"#0"},"west":{"uv":[1.5,13,2,13.5],"texture":"#0"},"up":{"uv":[1.5,13,2,13.5],"texture":"#0"},"down":{"uv":[1.5,13,2,13.5],"texture":"#0"}}},{"from":[7.5,-3,-7],"to":[8.5,-2,-6],"rotation":{"angle":0,"axis":"y","origin":[8,5,1]},"faces":{"north":{"uv":[0.5,13,1,13.5],"texture":"#0"},"east":{"uv":[0.5,13,1,13.5],"texture":"#0"},"south":{"uv":[0.5,13,1,13.5],"texture":"#0"},"west":{"uv":[0.5,13,1,13.5],"texture":"#0"},"up":{"uv":[0.5,13,1,13.5],"texture":"#0"},"down":{"uv":[0.5,13,1,13.5],"texture":"#0"}}},{"from":[7.5,-2,-7],"to":[8.5,-1,-6],"rotation":{"angle":0,"axis":"y","origin":[8,6,1]},"faces":{"north":{"uv":[0.5,12.5,1,13],"texture":"#0"},"east":{"uv":[0.5,12.5,1,13],"texture":"#0"},"south":{"uv":[0.5,12.5,1,13],"texture":"#0"},"west":{"uv":[0.5,12.5,1,13],"texture":"#0"},"up":{"uv":[0.5,12.5,1,13],"texture":"#0"},"down":{"uv":[0.5,12.5,1,13],"texture":"#0"}}},{"from":[7.5,-7,-2],"to":[8.5,-6,-1],"rotation":{"angle":0,"axis":"y","origin":[8,1,6]},"faces":{"north":{"uv":[0.5,12.5,1,13],"texture":"#0"},"east":{"uv":[0.5,12.5,1,13],"texture":"#0"},"south":{"uv":[0.5,12.5,1,13],"texture":"#0"},"west":{"uv":[0.5,12.5,1,13],"texture":"#0"},"up":{"uv":[0.5,12.5,1,13],"texture":"#0"},"down":{"uv":[0.5,12.5,1,13],"texture":"#0"}}},{"from":[7.5,-1,-7],"to":[8.5,0,-6],"rotation":{"angle":0,"axis":"y","origin":[8,7,1]},"faces":{"north":{"uv":[0.5,12,1,12.5],"texture":"#0"},"east":{"uv":[0.5,12,1,12.5],"texture":"#0"},"south":{"uv":[0.5,12,1,12.5],"texture":"#0"},"west":{"uv":[0.5,12,1,12.5],"texture":"#0"},"up":{"uv":[0.5,12,1,12.5],"texture":"#0"},"down":{"uv":[0.5,12,1,12.5],"texture":"#0"}}},{"from":[7.5,-7,-1],"to":[8.5,-6,0],"rotation":{"angle":0,"axis":"y","origin":[8,1,7]},"faces":{"north":{"uv":[0.5,12,1,12.5],"texture":"#0"},"east":{"uv":[0.5,12,1,12.5],"texture":"#0"},"south":{"uv":[0.5,12,1,12.5],"texture":"#0"},"west":{"uv":[0.5,12,1,12.5],"texture":"#0"},"up":{"uv":[0.5,12,1,12.5],"texture":"#0"},"down":{"uv":[0.5,12,1,12.5],"texture":"#0"}}},{"from":[7.5,-7,-3],"to":[8.5,-6,-2],"rotation":{"angle":0,"axis":"y","origin":[8,1,5]},"faces":{"north":{"uv":[0.5,13,1,13.5],"texture":"#0"},"east":{"uv":[0.5,13,1,13.5],"texture":"#0"},"south":{"uv":[0.5,13,1,13.5],"texture":"#0"},"west":{"uv":[0.5,13,1,13.5],"texture":"#0"},"up":{"uv":[0.5,13,1,13.5],"texture":"#0"},"down":{"uv":[0.5,13,1,13.5],"texture":"#0"}}},{"from":[7.5,-2,-6],"to":[8.5,-1,-5],"rotation":{"angle":0,"axis":"y","origin":[8,6,2]},"faces":{"north":{"uv":[1,12.5,1.5,13],"texture":"#0"},"east":{"uv":[1,12.5,1.5,13],"texture":"#0"},"south":{"uv":[1,12.5,1.5,13],"texture":"#0"},"west":{"uv":[1,12.5,1.5,13],"texture":"#0"},"up":{"uv":[1,12.5,1.5,13],"texture":"#0"},"down":{"uv":[1,12.5,1.5,13],"texture":"#0"}}},{"from":[7.5,-5,-3],"to":[8.5,-4,-2],"rotation":{"angle":0,"axis":"y","origin":[8,3,5]},"faces":{"north":{"uv":[1.5,13,2,13.5],"texture":"#0"},"east":{"uv":[1.5,13,2,13.5],"texture":"#0"},"south":{"uv":[1.5,13,2,13.5],"texture":"#0"},"west":{"uv":[1.5,13,2,13.5],"texture":"#0"},"up":{"uv":[1.5,13,2,13.5],"texture":"#0"},"down":{"uv":[1.5,13,2,13.5],"texture":"#0"}}},{"from":[7.5,-6,-2],"to":[8.5,-5,-1],"rotation":{"angle":0,"axis":"y","origin":[8,2,6]},"faces":{"north":{"uv":[1,12.5,1.5,13],"texture":"#0"},"east":{"uv":[1,12.5,1.5,13],"texture":"#0"},"south":{"uv":[1,12.5,1.5,13],"texture":"#0"},"west":{"uv":[1,12.5,1.5,13],"texture":"#0"},"up":{"uv":[1,12.5,1.5,13],"texture":"#0"},"down":{"uv":[1,12.5,1.5,13],"texture":"#0"}}},{"from":[7.5,-8,-7],"to":[8.5,-7,-6],"rotation":{"angle":0,"axis":"y","origin":[8,0,1]},"faces":{"north":{"uv":[0.5,15.5,1,16],"texture":"#0"},"east":{"uv":[0.5,15.5,1,16],"texture":"#0"},"south":{"uv":[0.5,15.5,1,16],"texture":"#0"},"west":{"uv":[0.5,15.5,1,16],"texture":"#0"},"up":{"uv":[0.5,15.5,1,16],"texture":"#0"},"down":{"uv":[0.5,15.5,1,16],"texture":"#0"}}},{"from":[7.5,-8,-6],"to":[8.5,-7,-5],"rotation":{"angle":0,"axis":"y","origin":[8,0,2]},"faces":{"north":{"uv":[1,15.5,1.5,16],"texture":"#0"},"east":{"uv":[1,15.5,1.5,16],"texture":"#0"},"south":{"uv":[1,15.5,1.5,16],"texture":"#0"},"west":{"uv":[1,15.5,1.5,16],"texture":"#0"},"up":{"uv":[1,15.5,1.5,16],"texture":"#0"},"down":{"uv":[1,15.5,1.5,16],"texture":"#0"}}},{"from":[7.5,-7,-5],"to":[8.5,-6,-4],"rotation":{"angle":0,"axis":"y","origin":[8,1,3]},"faces":{"north":{"uv":[1.5,15,2,15.5],"texture":"#0"},"east":{"uv":[1.5,15,2,15.5],"texture":"#0"},"south":{"uv":[1.5,15,2,15.5],"texture":"#0"},"west":{"uv":[1.5,15,2,15.5],"texture":"#0"},"up":{"uv":[1.5,15,2,15.5],"texture":"#0"},"down":{"uv":[1.5,15,2,15.5],"texture":"#0"}}},{"from":[7.5,-7,-4],"to":[8.5,-6,-3],"rotation":{"angle":0,"axis":"y","origin":[8,1,4]},"faces":{"north":{"uv":[2,15,2.5,15.5],"texture":"#0"},"east":{"uv":[2,15,2.5,15.5],"texture":"#0"},"south":{"uv":[2,15,2.5,15.5],"texture":"#0"},"west":{"uv":[2,15,2.5,15.5],"texture":"#0"},"up":{"uv":[2,15,2.5,15.5],"texture":"#0"},"down":{"uv":[2,15,2.5,15.5],"texture":"#0"}}},{"from":[7.5,-6,-4],"to":[8.5,-5,-3],"rotation":{"angle":0,"axis":"y","origin":[8,2,4]},"faces":{"north":{"uv":[2,14.5,2.5,15],"texture":"#0"},"east":{"uv":[2,14.5,2.5,15],"texture":"#0"},"south":{"uv":[2,14.5,2.5,15],"texture":"#0"},"west":{"uv":[2,14.5,2.5,15],"texture":"#0"},"up":{"uv":[2,14.5,2.5,15],"texture":"#0"},"down":{"uv":[2,14.5,2.5,15],"texture":"#0"}}},{"from":[7.5,-5,-4],"to":[8.5,-4,-3],"rotation":{"angle":0,"axis":"y","origin":[8,3,4]},"faces":{"north":{"uv":[2,14,2.5,14.5],"texture":"#0"},"east":{"uv":[2,14,2.5,14.5],"texture":"#0"},"south":{"uv":[2,14,2.5,14.5],"texture":"#0"},"west":{"uv":[2,14,2.5,14.5],"texture":"#0"},"up":{"uv":[2,14,2.5,14.5],"texture":"#0"},"down":{"uv":[2,14,2.5,14.5],"texture":"#0"}}}]}