{"display":{"thirdperson_righthand":{"rotation":[-45,-45,0],"translation":[0,-3,3]},"thirdperson_lefthand":{"rotation":[-45,-45,0],"translation":[0,-3,3]},"firstperson_righthand":{"rotation":[-45,0,0],"translation":[0,-3,3]},"firstperson_lefthand":{"rotation":[-45,0,0],"translation":[0,-3,3]},"ground":{"scale":[0.4,0.4,0.4]},"gui":{"rotation":[0,90,0],"translation":[-0.75,-0.75,0],"scale":[0.4,0.4,0.4]},"fixed":{"rotation":[0,-90,0],"scale":[0.4,0.4,0.4]}},"gui_light":"front","texture_size":[64,64],"textures":{"0":"item/diamond_sword/26","particle":"item/diamond_sword/26"},"elements":[{"from":[7.5,-10,-10],"to":[8.5,-9,-9],"rotation":{"angle":0,"axis":"y","origin":[8,-2,-2]},"faces":{"north":{"uv":[0,15.75,0.25,16],"texture":"#0"},"east":{"uv":[0,15.75,0.25,16],"texture":"#0"},"south":{"uv":[0,15.75,0.25,16],"texture":"#0"},"west":{"uv":[0,15.75,0.25,16],"texture":"#0"},"up":{"uv":[0,15.75,0.25,16],"texture":"#0"},"down":{"uv":[0,15.75,0.25,16],"texture":"#0"}}},{"from":[7.5,-9,-10],"to":[8.5,-8,-9],"rotation":{"angle":0,"axis":"y","origin":[8,-1,-2]},"faces":{"north":{"uv":[0,15.5,0.25,15.75],"texture":"#0"},"east":{"uv":[0,15.5,0.25,15.75],"texture":"#0"},"south":{"uv":[0,15.5,0.25,15.75],"texture":"#0"},"west":{"uv":[0,15.5,0.25,15.75],"texture":"#0"},"up":{"uv":[0,15.5,0.25,15.75],"texture":"#0"},"down":{"uv":[0,15.5,0.25,15.75],"texture":"#0"}}},{"from":[7.5,-8,-10],"to":[8.5,-7,-9],"rotation":{"angle":0,"axis":"y","origin":[8,0,-2]},"faces":{"north":{"uv":[0,15.25,0.25,15.5],"texture":"#0"},"east":{"uv":[0,15.25,0.25,15.5],"texture":"#0"},"south":{"uv":[0,15.25,0.25,15.5],"texture":"#0"},"west":{"uv":[0,15.25,0.25,15.5],"texture":"#0"},"up":{"uv":[0,15.25,0.25,15.5],"texture":"#0"},"down":{"uv":[0,15.25,0.25,15.5],"texture":"#0"}}},{"from":[7.5,-7,-10],"to":[8.5,-6,-9],"rotation":{"angle":0,"axis":"y","origin":[8,1,-2]},"faces":{"north":{"uv":[0,15,0.25,15.25],"texture":"#0"},"east":{"uv":[0,15,0.25,15.25],"texture":"#0"},"south":{"uv":[0,15,0.25,15.25],"texture":"#0"},"west":{"uv":[0,15,0.25,15.25],"texture":"#0"},"up":{"uv":[0,15,0.25,15.25],"texture":"#0"},"down":{"uv":[0,15,0.25,15.25],"texture":"#0"}}},{"from":[7.5,-6,-10],"to":[8.5,-5,-9],"rotation":{"angle":0,"axis":"y","origin":[8,2,-2]},"faces":{"north":{"uv":[0,14.75,0.25,15],"texture":"#0"},"east":{"uv":[0,14.75,0.25,15],"texture":"#0"},"south":{"uv":[0,14.75,0.25,15],"texture":"#0"},"west":{"uv":[0,14.75,0.25,15],"texture":"#0"},"up":{"uv":[0,14.75,0.25,15],"texture":"#0"},"down":{"uv":[0,14.75,0.25,15],"texture":"#0"}}},{"from":[7.5,-5,-10],"to":[8.5,-4,-9],"rotation":{"angle":0,"axis":"y","origin":[8,3,-2]},"faces":{"north":{"uv":[0,14.5,0.25,14.75],"texture":"#0"},"east":{"uv":[0,14.5,0.25,14.75],"texture":"#0"},"south":{"uv":[0,14.5,0.25,14.75],"texture":"#0"},"west":{"uv":[0,14.5,0.25,14.75],"texture":"#0"},"up":{"uv":[0,14.5,0.25,14.75],"texture":"#0"},"down":{"uv":[0,14.5,0.25,14.75],"texture":"#0"}}},{"from":[7.5,-4,-10],"to":[8.5,-3,-9],"rotation":{"angle":0,"axis":"y","origin":[8,4,-2]},"faces":{"north":{"uv":[0,14.25,0.25,14.5],"texture":"#0"},"east":{"uv":[0,14.25,0.25,14.5],"texture":"#0"},"south":{"uv":[0,14.25,0.25,14.5],"texture":"#0"},"west":{"uv":[0,14.25,0.25,14.5],"texture":"#0"},"up":{"uv":[0,14.25,0.25,14.5],"texture":"#0"},"down":{"uv":[0,14.25,0.25,14.5],"texture":"#0"}}},{"from":[7.2,-5,-9],"to":[8.8,-4,-8],"rotation":{"angle":0,"axis":"y","origin":[8,3,-1]},"faces":{"north":{"uv":[0.25,14.5,0.5,14.75],"texture":"#0"},"east":{"uv":[0.25,14.5,0.5,14.75],"texture":"#0"},"south":{"uv":[0.25,14.5,0.5,14.75],"texture":"#0"},"west":{"uv":[0.25,14.5,0.5,14.75],"texture":"#0"},"up":{"uv":[0.25,14.5,0.5,14.75],"texture":"#0"},"down":{"uv":[0.25,14.5,0.5,14.75],"texture":"#0"}}},{"from":[7.2,-6,-9],"to":[8.8,-5,-8],"rotation":{"angle":0,"axis":"y","origin":[8,2,-1]},"faces":{"north":{"uv":[0.25,14.75,0.5,15],"texture":"#0"},"east":{"uv":[0.25,14.75,0.5,15],"texture":"#0"},"south":{"uv":[0.25,14.75,0.5,15],"texture":"#0"},"west":{"uv":[0.25,14.75,0.5,15],"texture":"#0"},"up":{"uv":[0.25,14.75,0.5,15],"texture":"#0"},"down":{"uv":[0.25,14.75,0.5,15],"texture":"#0"}}},{"from":[7.5,-6,-8],"to":[8.5,-5,-7],"rotation":{"angle":0,"axis":"y","origin":[8,2,0]},"faces":{"north":{"uv":[0.5,14.75,0.75,15],"texture":"#0"},"east":{"uv":[0.5,14.75,0.75,15],"texture":"#0"},"south":{"uv":[0.5,14.75,0.75,15],"texture":"#0"},"west":{"uv":[0.5,14.75,0.75,15],"texture":"#0"},"up":{"uv":[0.5,14.75,0.75,15],"texture":"#0"},"down":{"uv":[0.5,14.75,0.75,15],"texture":"#0"}}},{"from":[7.2,-5,-8],"to":[8.8,-4,-7],"rotation":{"angle":0,"axis":"y","origin":[8,3,0]},"faces":{"north":{"uv":[0.5,14.5,0.75,14.75],"texture":"#0"},"east":{"uv":[0.5,14.5,0.75,14.75],"texture":"#0"},"south":{"uv":[0.5,14.5,0.75,14.75],"texture":"#0"},"west":{"uv":[0.5,14.5,0.75,14.75],"texture":"#0"},"up":{"uv":[0.5,14.5,0.75,14.75],"texture":"#0"},"down":{"uv":[0.5,14.5,0.75,14.75],"texture":"#0"}}},{"from":[7.5,-5,-7],"to":[8.5,-4,-6],"rotation":{"angle":0,"axis":"y","origin":[8,3,1]},"faces":{"north":{"uv":[0.75,14.5,1,14.75],"texture":"#0"},"east":{"uv":[0.75,14.5,1,14.75],"texture":"#0"},"south":{"uv":[0.75,14.5,1,14.75],"texture":"#0"},"west":{"uv":[0.75,14.5,1,14.75],"texture":"#0"},"up":{"uv":[0.75,14.5,1,14.75],"texture":"#0"},"down":{"uv":[0.75,14.5,1,14.75],"texture":"#0"}}},{"from":[7.2,-4,-8],"to":[8.8,-3,-7],"rotation":{"angle":0,"axis":"y","origin":[8,4,0]},"faces":{"north":{"uv":[0.5,14.25,0.75,14.5],"texture":"#0"},"east":{"uv":[0.5,14.25,0.75,14.5],"texture":"#0"},"south":{"uv":[0.5,14.25,0.75,14.5],"texture":"#0"},"west":{"uv":[0.5,14.25,0.75,14.5],"texture":"#0"},"up":{"uv":[0.5,14.25,0.75,14.5],"texture":"#0"},"down":{"uv":[0.5,14.25,0.75,14.5],"texture":"#0"}}},{"from":[7.2,-4,-7],"to":[8.8,-3,-6],"rotation":{"angle":0,"axis":"y","origin":[8,4,1]},"faces":{"north":{"uv":[0.75,14.25,1,14.5],"texture":"#0"},"east":{"uv":[0.75,14.25,1,14.5],"texture":"#0"},"south":{"uv":[0.75,14.25,1,14.5],"texture":"#0"},"west":{"uv":[0.75,14.25,1,14.5],"texture":"#0"},"up":{"uv":[0.75,14.25,1,14.5],"texture":"#0"},"down":{"uv":[0.75,14.25,1,14.5],"texture":"#0"}}},{"from":[7.5,-4,-6],"to":[8.5,-3,-5],"rotation":{"angle":0,"axis":"y","origin":[8,4,2]},"faces":{"north":{"uv":[1,14.25,1.25,14.5],"texture":"#0"},"east":{"uv":[1,14.25,1.25,14.5],"texture":"#0"},"south":{"uv":[1,14.25,1.25,14.5],"texture":"#0"},"west":{"uv":[1,14.25,1.25,14.5],"texture":"#0"},"up":{"uv":[1,14.25,1.25,14.5],"texture":"#0"},"down":{"uv":[1,14.25,1.25,14.5],"texture":"#0"}}},{"from":[7.5,-4,-5],"to":[8.5,-3,-4],"rotation":{"angle":0,"axis":"y","origin":[8,4,3]},"faces":{"north":{"uv":[1.25,14.25,1.5,14.5],"texture":"#0"},"east":{"uv":[1.25,14.25,1.5,14.5],"texture":"#0"},"south":{"uv":[1.25,14.25,1.5,14.5],"texture":"#0"},"west":{"uv":[1.25,14.25,1.5,14.5],"texture":"#0"},"up":{"uv":[1.25,14.25,1.5,14.5],"texture":"#0"},"down":{"uv":[1.25,14.25,1.5,14.5],"texture":"#0"}}},{"from":[7.3,-4,-4],"to":[8.7,-3,-3],"rotation":{"angle":0,"axis":"y","origin":[8,4,4]},"faces":{"north":{"uv":[1.5,14.25,1.75,14.5],"texture":"#0"},"east":{"uv":[1.5,14.25,1.75,14.5],"texture":"#0"},"south":{"uv":[1.5,14.25,1.75,14.5],"texture":"#0"},"west":{"uv":[1.5,14.25,1.75,14.5],"texture":"#0"},"up":{"uv":[1.5,14.25,1.75,14.5],"texture":"#0"},"down":{"uv":[1.5,14.25,1.75,14.5],"texture":"#0"}}},{"from":[7.2,-4,-3],"to":[8.8,-3,-2],"rotation":{"angle":0,"axis":"y","origin":[8,4,5]},"faces":{"north":{"uv":[1.75,14.25,2,14.5],"texture":"#0"},"east":{"uv":[1.75,14.25,2,14.5],"texture":"#0"},"south":{"uv":[1.75,14.25,2,14.5],"texture":"#0"},"west":{"uv":[1.75,14.25,2,14.5],"texture":"#0"},"up":{"uv":[1.75,14.25,2,14.5],"texture":"#0"},"down":{"uv":[1.75,14.25,2,14.5],"texture":"#0"}}},{"from":[7.3,-5,-3],"to":[8.7,-4,-2],"rotation":{"angle":0,"axis":"y","origin":[8,3,5]},"faces":{"north":{"uv":[1.75,14.5,2,14.75],"texture":"#0"},"east":{"uv":[1.75,14.5,2,14.75],"texture":"#0"},"south":{"uv":[1.75,14.5,2,14.75],"texture":"#0"},"west":{"uv":[1.75,14.5,2,14.75],"texture":"#0"},"up":{"uv":[1.75,14.5,2,14.75],"texture":"#0"},"down":{"uv":[1.75,14.5,2,14.75],"texture":"#0"}}},{"from":[7.5,-5,-4],"to":[8.5,-4,-3],"rotation":{"angle":0,"axis":"y","origin":[8,3,4]},"faces":{"north":{"uv":[1.5,14.5,1.75,14.75],"texture":"#0"},"east":{"uv":[1.5,14.5,1.75,14.75],"texture":"#0"},"south":{"uv":[1.5,14.5,1.75,14.75],"texture":"#0"},"west":{"uv":[1.5,14.5,1.75,14.75],"texture":"#0"},"up":{"uv":[1.5,14.5,1.75,14.75],"texture":"#0"},"down":{"uv":[1.5,14.5,1.75,14.75],"texture":"#0"}}},{"from":[7.2,-6,-4],"to":[8.8,-5,-3],"rotation":{"angle":0,"axis":"y","origin":[8,2,4]},"faces":{"north":{"uv":[1.5,14.75,1.75,15],"texture":"#0"},"east":{"uv":[1.5,14.75,1.75,15],"texture":"#0"},"south":{"uv":[1.5,14.75,1.75,15],"texture":"#0"},"west":{"uv":[1.5,14.75,1.75,15],"texture":"#0"},"up":{"uv":[1.5,14.75,1.75,15],"texture":"#0"},"down":{"uv":[1.5,14.75,1.75,15],"texture":"#0"}}},{"from":[7.5,-6,-5],"to":[8.5,-5,-4],"rotation":{"angle":0,"axis":"y","origin":[8,2,3]},"faces":{"north":{"uv":[1.25,14.75,1.5,15],"texture":"#0"},"east":{"uv":[1.25,14.75,1.5,15],"texture":"#0"},"south":{"uv":[1.25,14.75,1.5,15],"texture":"#0"},"west":{"uv":[1.25,14.75,1.5,15],"texture":"#0"},"up":{"uv":[1.25,14.75,1.5,15],"texture":"#0"},"down":{"uv":[1.25,14.75,1.5,15],"texture":"#0"}}},{"from":[7.2,-7,-5],"to":[8.8,-6,-4],"rotation":{"angle":0,"axis":"y","origin":[8,1,3]},"faces":{"north":{"uv":[1.25,15,1.5,15.25],"texture":"#0"},"east":{"uv":[1.25,15,1.5,15.25],"texture":"#0"},"south":{"uv":[1.25,15,1.5,15.25],"texture":"#0"},"west":{"uv":[1.25,15,1.5,15.25],"texture":"#0"},"up":{"uv":[1.25,15,1.5,15.25],"texture":"#0"},"down":{"uv":[1.25,15,1.5,15.25],"texture":"#0"}}},{"from":[7.5,-7,-6],"to":[8.5,-6,-5],"rotation":{"angle":0,"axis":"y","origin":[8,1,2]},"faces":{"north":{"uv":[1,15,1.25,15.25],"texture":"#0"},"east":{"uv":[1,15,1.25,15.25],"texture":"#0"},"south":{"uv":[1,15,1.25,15.25],"texture":"#0"},"west":{"uv":[1,15,1.25,15.25],"texture":"#0"},"up":{"uv":[1,15,1.25,15.25],"texture":"#0"},"down":{"uv":[1,15,1.25,15.25],"texture":"#0"}}},{"from":[7.5,-8,-6],"to":[8.5,-7,-5],"rotation":{"angle":0,"axis":"y","origin":[8,0,2]},"faces":{"north":{"uv":[1,15.25,1.25,15.5],"texture":"#0"},"east":{"uv":[1,15.25,1.25,15.5],"texture":"#0"},"south":{"uv":[1,15.25,1.25,15.5],"texture":"#0"},"west":{"uv":[1,15.25,1.25,15.5],"texture":"#0"},"up":{"uv":[1,15.25,1.25,15.5],"texture":"#0"},"down":{"uv":[1,15.25,1.25,15.5],"texture":"#0"}}},{"from":[7.3,-4,-2],"to":[8.7,-3,-1],"rotation":{"angle":0,"axis":"y","origin":[8,4,6]},"faces":{"north":{"uv":[2,14.25,2.25,14.5],"texture":"#0"},"east":{"uv":[2,14.25,2.25,14.5],"texture":"#0"},"south":{"uv":[2,14.25,2.25,14.5],"texture":"#0"},"west":{"uv":[2,14.25,2.25,14.5],"texture":"#0"},"up":{"uv":[2,14.25,2.25,14.5],"texture":"#0"},"down":{"uv":[2,14.25,2.25,14.5],"texture":"#0"}}},{"from":[7.3,-7,-9],"to":[8.7,-6,-8],"rotation":{"angle":0,"axis":"y","origin":[8,1,-1]},"faces":{"north":{"uv":[0.25,15,0.5,15.25],"texture":"#0"},"east":{"uv":[0.25,15,0.5,15.25],"texture":"#0"},"south":{"uv":[0.25,15,0.5,15.25],"texture":"#0"},"west":{"uv":[0.25,15,0.5,15.25],"texture":"#0"},"up":{"uv":[0.25,15,0.5,15.25],"texture":"#0"},"down":{"uv":[0.25,15,0.5,15.25],"texture":"#0"}}},{"from":[7.5,-8,-9],"to":[8.5,-7,-8],"rotation":{"angle":0,"axis":"y","origin":[8,0,-1]},"faces":{"north":{"uv":[0.25,15.25,0.5,15.5],"texture":"#0"},"east":{"uv":[0.25,15.25,0.5,15.5],"texture":"#0"},"south":{"uv":[0.25,15.25,0.5,15.5],"texture":"#0"},"west":{"uv":[0.25,15.25,0.5,15.5],"texture":"#0"},"up":{"uv":[0.25,15.25,0.5,15.5],"texture":"#0"},"down":{"uv":[0.25,15.25,0.5,15.5],"texture":"#0"}}},{"from":[7.5,-4,-9],"to":[8.5,-3,-8],"rotation":{"angle":0,"axis":"y","origin":[8,4,-1]},"faces":{"north":{"uv":[0.25,14.25,0.5,14.5],"texture":"#0"},"east":{"uv":[0.25,14.25,0.5,14.5],"texture":"#0"},"south":{"uv":[0.25,14.25,0.5,14.5],"texture":"#0"},"west":{"uv":[0.25,14.25,0.5,14.5],"texture":"#0"},"up":{"uv":[0.25,14.25,0.5,14.5],"texture":"#0"},"down":{"uv":[0.25,14.25,0.5,14.5],"texture":"#0"}}},{"from":[7.5,-3,-9],"to":[8.5,-2,-8],"rotation":{"angle":0,"axis":"y","origin":[8,5,-1]},"faces":{"north":{"uv":[0.25,14,0.5,14.25],"texture":"#0"},"east":{"uv":[0.25,14,0.5,14.25],"texture":"#0"},"south":{"uv":[0.25,14,0.5,14.25],"texture":"#0"},"west":{"uv":[0.25,14,0.5,14.25],"texture":"#0"},"up":{"uv":[0.25,14,0.5,14.25],"texture":"#0"},"down":{"uv":[0.25,14,0.5,14.25],"texture":"#0"}}},{"from":[7.2,-3,-8],"to":[8.8,-2,-7],"rotation":{"angle":0,"axis":"y","origin":[8,5,0]},"faces":{"north":{"uv":[0.5,14,0.75,14.25],"texture":"#0"},"east":{"uv":[0.5,14,0.75,14.25],"texture":"#0"},"south":{"uv":[0.5,14,0.75,14.25],"texture":"#0"},"west":{"uv":[0.5,14,0.75,14.25],"texture":"#0"},"up":{"uv":[0.5,14,0.75,14.25],"texture":"#0"},"down":{"uv":[0.5,14,0.75,14.25],"texture":"#0"}}},{"from":[7.2,-3,-7],"to":[8.8,-2,-6],"rotation":{"angle":0,"axis":"y","origin":[8,5,1]},"faces":{"north":{"uv":[0.75,14,1,14.25],"texture":"#0"},"east":{"uv":[0.75,14,1,14.25],"texture":"#0"},"south":{"uv":[0.75,14,1,14.25],"texture":"#0"},"west":{"uv":[0.75,14,1,14.25],"texture":"#0"},"up":{"uv":[0.75,14,1,14.25],"texture":"#0"},"down":{"uv":[0.75,14,1,14.25],"texture":"#0"}}},{"from":[7.2,-3,-6],"to":[8.8,-2,-5],"rotation":{"angle":0,"axis":"y","origin":[8,5,2]},"faces":{"north":{"uv":[1,14,1.25,14.25],"texture":"#0"},"east":{"uv":[1,14,1.25,14.25],"texture":"#0"},"south":{"uv":[1,14,1.25,14.25],"texture":"#0"},"west":{"uv":[1,14,1.25,14.25],"texture":"#0"},"up":{"uv":[1,14,1.25,14.25],"texture":"#0"},"down":{"uv":[1,14,1.25,14.25],"texture":"#0"}}},{"from":[7.3,-3,-5],"to":[8.7,-2,-4],"rotation":{"angle":0,"axis":"y","origin":[8,5,3]},"faces":{"north":{"uv":[1.25,14,1.5,14.25],"texture":"#0"},"east":{"uv":[1.25,14,1.5,14.25],"texture":"#0"},"south":{"uv":[1.25,14,1.5,14.25],"texture":"#0"},"west":{"uv":[1.25,14,1.5,14.25],"texture":"#0"},"up":{"uv":[1.25,14,1.5,14.25],"texture":"#0"},"down":{"uv":[1.25,14,1.5,14.25],"texture":"#0"}}},{"from":[7.5,-3,-4],"to":[8.5,-2,-3],"rotation":{"angle":0,"axis":"y","origin":[8,5,4]},"faces":{"north":{"uv":[1.5,14,1.75,14.25],"texture":"#0"},"east":{"uv":[1.5,14,1.75,14.25],"texture":"#0"},"south":{"uv":[1.5,14,1.75,14.25],"texture":"#0"},"west":{"uv":[1.5,14,1.75,14.25],"texture":"#0"},"up":{"uv":[1.5,14,1.75,14.25],"texture":"#0"},"down":{"uv":[1.5,14,1.75,14.25],"texture":"#0"}}},{"from":[7.2,-3,-3],"to":[8.8,-2,-2],"rotation":{"angle":0,"axis":"y","origin":[8,5,5]},"faces":{"north":{"uv":[1.75,14,2,14.25],"texture":"#0"},"east":{"uv":[1.75,14,2,14.25],"texture":"#0"},"south":{"uv":[1.75,14,2,14.25],"texture":"#0"},"west":{"uv":[1.75,14,2,14.25],"texture":"#0"},"up":{"uv":[1.75,14,2,14.25],"texture":"#0"},"down":{"uv":[1.75,14,2,14.25],"texture":"#0"}}},{"from":[7.5,-3,-2],"to":[8.5,-2,-1],"rotation":{"angle":0,"axis":"y","origin":[8,5,6]},"faces":{"north":{"uv":[2,14,2.25,14.25],"texture":"#0"},"east":{"uv":[2,14,2.25,14.25],"texture":"#0"},"south":{"uv":[2,14,2.25,14.25],"texture":"#0"},"west":{"uv":[2,14,2.25,14.25],"texture":"#0"},"up":{"uv":[2,14,2.25,14.25],"texture":"#0"},"down":{"uv":[2,14,2.25,14.25],"texture":"#0"}}},{"from":[7.2,-2,-2],"to":[8.8,-1,-1],"rotation":{"angle":0,"axis":"y","origin":[8,6,6]},"faces":{"north":{"uv":[2,13.75,2.25,14],"texture":"#0"},"east":{"uv":[2,13.75,2.25,14],"texture":"#0"},"south":{"uv":[2,13.75,2.25,14],"texture":"#0"},"west":{"uv":[2,13.75,2.25,14],"texture":"#0"},"up":{"uv":[2,13.75,2.25,14],"texture":"#0"},"down":{"uv":[2,13.75,2.25,14],"texture":"#0"}}},{"from":[7.5,-2,-3],"to":[8.5,-1,-2],"rotation":{"angle":0,"axis":"y","origin":[8,6,5]},"faces":{"north":{"uv":[1.75,13.75,2,14],"texture":"#0"},"east":{"uv":[1.75,13.75,2,14],"texture":"#0"},"south":{"uv":[1.75,13.75,2,14],"texture":"#0"},"west":{"uv":[1.75,13.75,2,14],"texture":"#0"},"up":{"uv":[1.75,13.75,2,14],"texture":"#0"},"down":{"uv":[1.75,13.75,2,14],"texture":"#0"}}},{"from":[7.3,-2,-4],"to":[8.7,-1,-3],"rotation":{"angle":0,"axis":"y","origin":[8,6,4]},"faces":{"north":{"uv":[1.5,13.75,1.75,14],"texture":"#0"},"east":{"uv":[1.5,13.75,1.75,14],"texture":"#0"},"south":{"uv":[1.5,13.75,1.75,14],"texture":"#0"},"west":{"uv":[1.5,13.75,1.75,14],"texture":"#0"},"up":{"uv":[1.5,13.75,1.75,14],"texture":"#0"},"down":{"uv":[1.5,13.75,1.75,14],"texture":"#0"}}},{"from":[7.2,-2,-5],"to":[8.8,-1,-4],"rotation":{"angle":0,"axis":"y","origin":[8,6,3]},"faces":{"north":{"uv":[1.25,13.75,1.5,14],"texture":"#0"},"east":{"uv":[1.25,13.75,1.5,14],"texture":"#0"},"south":{"uv":[1.25,13.75,1.5,14],"texture":"#0"},"west":{"uv":[1.25,13.75,1.5,14],"texture":"#0"},"up":{"uv":[1.25,13.75,1.5,14],"texture":"#0"},"down":{"uv":[1.25,13.75,1.5,14],"texture":"#0"}}},{"from":[7.2,-2,-6],"to":[8.8,-1,-5],"rotation":{"angle":0,"axis":"y","origin":[8,6,2]},"faces":{"north":{"uv":[1,13.75,1.25,14],"texture":"#0"},"east":{"uv":[1,13.75,1.25,14],"texture":"#0"},"south":{"uv":[1,13.75,1.25,14],"texture":"#0"},"west":{"uv":[1,13.75,1.25,14],"texture":"#0"},"up":{"uv":[1,13.75,1.25,14],"texture":"#0"},"down":{"uv":[1,13.75,1.25,14],"texture":"#0"}}},{"from":[7.2,-2,-7],"to":[8.8,-1,-6],"rotation":{"angle":0,"axis":"y","origin":[8,6,1]},"faces":{"north":{"uv":[0.75,13.75,1,14],"texture":"#0"},"east":{"uv":[0.75,13.75,1,14],"texture":"#0"},"south":{"uv":[0.75,13.75,1,14],"texture":"#0"},"west":{"uv":[0.75,13.75,1,14],"texture":"#0"},"up":{"uv":[0.75,13.75,1,14],"texture":"#0"},"down":{"uv":[0.75,13.75,1,14],"texture":"#0"}}},{"from":[7.2,-2,-8],"to":[8.8,-1,-7],"rotation":{"angle":0,"axis":"y","origin":[8,6,0]},"faces":{"north":{"uv":[0.5,13.75,0.75,14],"texture":"#0"},"east":{"uv":[0.5,13.75,0.75,14],"texture":"#0"},"south":{"uv":[0.5,13.75,0.75,14],"texture":"#0"},"west":{"uv":[0.5,13.75,0.75,14],"texture":"#0"},"up":{"uv":[0.5,13.75,0.75,14],"texture":"#0"},"down":{"uv":[0.5,13.75,0.75,14],"texture":"#0"}}},{"from":[7.5,-2,-9],"to":[8.5,-1,-8],"rotation":{"angle":0,"axis":"y","origin":[8,6,-1]},"faces":{"north":{"uv":[0.25,13.75,0.5,14],"texture":"#0"},"east":{"uv":[0.25,13.75,0.5,14],"texture":"#0"},"south":{"uv":[0.25,13.75,0.5,14],"texture":"#0"},"west":{"uv":[0.25,13.75,0.5,14],"texture":"#0"},"up":{"uv":[0.25,13.75,0.5,14],"texture":"#0"},"down":{"uv":[0.25,13.75,0.5,14],"texture":"#0"}}},{"from":[7.5,-1,-8],"to":[8.5,0,-7],"rotation":{"angle":0,"axis":"y","origin":[8,7,0]},"faces":{"north":{"uv":[0.5,13.5,0.75,13.75],"texture":"#0"},"east":{"uv":[0.5,13.5,0.75,13.75],"texture":"#0"},"south":{"uv":[0.5,13.5,0.75,13.75],"texture":"#0"},"west":{"uv":[0.5,13.5,0.75,13.75],"texture":"#0"},"up":{"uv":[0.5,13.5,0.75,13.75],"texture":"#0"},"down":{"uv":[0.5,13.5,0.75,13.75],"texture":"#0"}}},{"from":[7.5,0,-8],"to":[8.5,1,-7],"rotation":{"angle":0,"axis":"y","origin":[8,8,0]},"faces":{"north":{"uv":[0.5,13.25,0.75,13.5],"texture":"#0"},"east":{"uv":[0.5,13.25,0.75,13.5],"texture":"#0"},"south":{"uv":[0.5,13.25,0.75,13.5],"texture":"#0"},"west":{"uv":[0.5,13.25,0.75,13.5],"texture":"#0"},"up":{"uv":[0.5,13.25,0.75,13.5],"texture":"#0"},"down":{"uv":[0.5,13.25,0.75,13.5],"texture":"#0"}}},{"from":[7.5,1,-7],"to":[8.5,2,-6],"rotation":{"angle":0,"axis":"y","origin":[8,9,1]},"faces":{"north":{"uv":[0.75,13,1,13.25],"texture":"#0"},"east":{"uv":[0.75,13,1,13.25],"texture":"#0"},"south":{"uv":[0.75,13,1,13.25],"texture":"#0"},"west":{"uv":[0.75,13,1,13.25],"texture":"#0"},"up":{"uv":[0.75,13,1,13.25],"texture":"#0"},"down":{"uv":[0.75,13,1,13.25],"texture":"#0"}}},{"from":[7.5,1,-6],"to":[8.5,2,-5],"rotation":{"angle":0,"axis":"y","origin":[8,9,2]},"faces":{"north":{"uv":[1,13,1.25,13.25],"texture":"#0"},"east":{"uv":[1,13,1.25,13.25],"texture":"#0"},"south":{"uv":[1,13,1.25,13.25],"texture":"#0"},"west":{"uv":[1,13,1.25,13.25],"texture":"#0"},"up":{"uv":[1,13,1.25,13.25],"texture":"#0"},"down":{"uv":[1,13,1.25,13.25],"texture":"#0"}}},{"from":[7.3,-1,-7],"to":[8.7,0,-6],"rotation":{"angle":0,"axis":"y","origin":[8,7,1]},"faces":{"north":{"uv":[0.75,13.5,1,13.75],"texture":"#0"},"east":{"uv":[0.75,13.5,1,13.75],"texture":"#0"},"south":{"uv":[0.75,13.5,1,13.75],"texture":"#0"},"west":{"uv":[0.75,13.5,1,13.75],"texture":"#0"},"up":{"uv":[0.75,13.5,1,13.75],"texture":"#0"},"down":{"uv":[0.75,13.5,1,13.75],"texture":"#0"}}},{"from":[7.2,-1,-6],"to":[8.8,0,-5],"rotation":{"angle":0,"axis":"y","origin":[8,7,2]},"faces":{"north":{"uv":[1,13.5,1.25,13.75],"texture":"#0"},"east":{"uv":[1,13.5,1.25,13.75],"texture":"#0"},"south":{"uv":[1,13.5,1.25,13.75],"texture":"#0"},"west":{"uv":[1,13.5,1.25,13.75],"texture":"#0"},"up":{"uv":[1,13.5,1.25,13.75],"texture":"#0"},"down":{"uv":[1,13.5,1.25,13.75],"texture":"#0"}}},{"from":[7.2,-1,-5],"to":[8.8,0,-4],"rotation":{"angle":0,"axis":"y","origin":[8,7,3]},"faces":{"north":{"uv":[1.25,13.5,1.5,13.75],"texture":"#0"},"east":{"uv":[1.25,13.5,1.5,13.75],"texture":"#0"},"south":{"uv":[1.25,13.5,1.5,13.75],"texture":"#0"},"west":{"uv":[1.25,13.5,1.5,13.75],"texture":"#0"},"up":{"uv":[1.25,13.5,1.5,13.75],"texture":"#0"},"down":{"uv":[1.25,13.5,1.5,13.75],"texture":"#0"}}},{"from":[7.5,0,-5],"to":[8.5,1,-4],"rotation":{"angle":0,"axis":"y","origin":[8,8,3]},"faces":{"north":{"uv":[1.25,13.25,1.5,13.5],"texture":"#0"},"east":{"uv":[1.25,13.25,1.5,13.5],"texture":"#0"},"south":{"uv":[1.25,13.25,1.5,13.5],"texture":"#0"},"west":{"uv":[1.25,13.25,1.5,13.5],"texture":"#0"},"up":{"uv":[1.25,13.25,1.5,13.5],"texture":"#0"},"down":{"uv":[1.25,13.25,1.5,13.5],"texture":"#0"}}},{"from":[7.3,0,-4],"to":[8.7,1,-3],"rotation":{"angle":0,"axis":"y","origin":[8,8,4]},"faces":{"north":{"uv":[1.5,13.25,1.75,13.5],"texture":"#0"},"east":{"uv":[1.5,13.25,1.75,13.5],"texture":"#0"},"south":{"uv":[1.5,13.25,1.75,13.5],"texture":"#0"},"west":{"uv":[1.5,13.25,1.75,13.5],"texture":"#0"},"up":{"uv":[1.5,13.25,1.75,13.5],"texture":"#0"},"down":{"uv":[1.5,13.25,1.75,13.5],"texture":"#0"}}},{"from":[7.5,1,-4],"to":[8.5,2,-3],"rotation":{"angle":0,"axis":"y","origin":[8,9,4]},"faces":{"north":{"uv":[1.5,13,1.75,13.25],"texture":"#0"},"east":{"uv":[1.5,13,1.75,13.25],"texture":"#0"},"south":{"uv":[1.5,13,1.75,13.25],"texture":"#0"},"west":{"uv":[1.5,13,1.75,13.25],"texture":"#0"},"up":{"uv":[1.5,13,1.75,13.25],"texture":"#0"},"down":{"uv":[1.5,13,1.75,13.25],"texture":"#0"}}},{"from":[7.5,2,-4],"to":[8.5,3,-3],"rotation":{"angle":0,"axis":"y","origin":[8,10,4]},"faces":{"north":{"uv":[1.5,12.75,1.75,13],"texture":"#0"},"east":{"uv":[1.5,12.75,1.75,13],"texture":"#0"},"south":{"uv":[1.5,12.75,1.75,13],"texture":"#0"},"west":{"uv":[1.5,12.75,1.75,13],"texture":"#0"},"up":{"uv":[1.5,12.75,1.75,13],"texture":"#0"},"down":{"uv":[1.5,12.75,1.75,13],"texture":"#0"}}},{"from":[7.3,2,-3],"to":[8.7,3,-2],"rotation":{"angle":0,"axis":"y","origin":[8,10,5]},"faces":{"north":{"uv":[1.75,12.75,2,13],"texture":"#0"},"east":{"uv":[1.75,12.75,2,13],"texture":"#0"},"south":{"uv":[1.75,12.75,2,13],"texture":"#0"},"west":{"uv":[1.75,12.75,2,13],"texture":"#0"},"up":{"uv":[1.75,12.75,2,13],"texture":"#0"},"down":{"uv":[1.75,12.75,2,13],"texture":"#0"}}},{"from":[7.5,3,-3],"to":[8.5,4,-2],"rotation":{"angle":0,"axis":"y","origin":[8,11,5]},"faces":{"north":{"uv":[1.75,12.5,2,12.75],"texture":"#0"},"east":{"uv":[1.75,12.5,2,12.75],"texture":"#0"},"south":{"uv":[1.75,12.5,2,12.75],"texture":"#0"},"west":{"uv":[1.75,12.5,2,12.75],"texture":"#0"},"up":{"uv":[1.75,12.5,2,12.75],"texture":"#0"},"down":{"uv":[1.75,12.5,2,12.75],"texture":"#0"}}},{"from":[7.5,4,-3],"to":[8.5,5,-2],"rotation":{"angle":0,"axis":"y","origin":[8,12,5]},"faces":{"north":{"uv":[1.75,12.25,2,12.5],"texture":"#0"},"east":{"uv":[1.75,12.25,2,12.5],"texture":"#0"},"south":{"uv":[1.75,12.25,2,12.5],"texture":"#0"},"west":{"uv":[1.75,12.25,2,12.5],"texture":"#0"},"up":{"uv":[1.75,12.25,2,12.5],"texture":"#0"},"down":{"uv":[1.75,12.25,2,12.5],"texture":"#0"}}},{"from":[7.5,5,-3],"to":[8.5,6,-2],"rotation":{"angle":0,"axis":"y","origin":[8,13,5]},"faces":{"north":{"uv":[1.75,12,2,12.25],"texture":"#0"},"east":{"uv":[1.75,12,2,12.25],"texture":"#0"},"south":{"uv":[1.75,12,2,12.25],"texture":"#0"},"west":{"uv":[1.75,12,2,12.25],"texture":"#0"},"up":{"uv":[1.75,12,2,12.25],"texture":"#0"},"down":{"uv":[1.75,12,2,12.25],"texture":"#0"}}},{"from":[7.3,1,-3],"to":[8.7,2,-2],"rotation":{"angle":0,"axis":"y","origin":[8,9,5]},"faces":{"north":{"uv":[1.75,13,2,13.25],"texture":"#0"},"east":{"uv":[1.75,13,2,13.25],"texture":"#0"},"south":{"uv":[1.75,13,2,13.25],"texture":"#0"},"west":{"uv":[1.75,13,2,13.25],"texture":"#0"},"up":{"uv":[1.75,13,2,13.25],"texture":"#0"},"down":{"uv":[1.75,13,2,13.25],"texture":"#0"}}},{"from":[7.3,1,-2],"to":[8.7,2,-1],"rotation":{"angle":0,"axis":"y","origin":[8,9,6]},"faces":{"north":{"uv":[2,13,2.25,13.25],"texture":"#0"},"east":{"uv":[2,13,2.25,13.25],"texture":"#0"},"south":{"uv":[2,13,2.25,13.25],"texture":"#0"},"west":{"uv":[2,13,2.25,13.25],"texture":"#0"},"up":{"uv":[2,13,2.25,13.25],"texture":"#0"},"down":{"uv":[2,13,2.25,13.25],"texture":"#0"}}},{"from":[7.5,1,-1],"to":[8.5,2,0],"rotation":{"angle":0,"axis":"y","origin":[8,9,7]},"faces":{"north":{"uv":[2.25,13,2.5,13.25],"texture":"#0"},"east":{"uv":[2.25,13,2.5,13.25],"texture":"#0"},"south":{"uv":[2.25,13,2.5,13.25],"texture":"#0"},"west":{"uv":[2.25,13,2.5,13.25],"texture":"#0"},"up":{"uv":[2.25,13,2.5,13.25],"texture":"#0"},"down":{"uv":[2.25,13,2.5,13.25],"texture":"#0"}}},{"from":[7.5,2,-1],"to":[8.5,3,0],"rotation":{"angle":0,"axis":"y","origin":[8,10,7]},"faces":{"north":{"uv":[2.25,12.75,2.5,13],"texture":"#0"},"east":{"uv":[2.25,12.75,2.5,13],"texture":"#0"},"south":{"uv":[2.25,12.75,2.5,13],"texture":"#0"},"west":{"uv":[2.25,12.75,2.5,13],"texture":"#0"},"up":{"uv":[2.25,12.75,2.5,13],"texture":"#0"},"down":{"uv":[2.25,12.75,2.5,13],"texture":"#0"}}},{"from":[7.5,2,-2],"to":[8.5,3,-1],"rotation":{"angle":0,"axis":"y","origin":[8,10,6]},"faces":{"north":{"uv":[2,12.75,2.25,13],"texture":"#0"},"east":{"uv":[2,12.75,2.25,13],"texture":"#0"},"south":{"uv":[2,12.75,2.25,13],"texture":"#0"},"west":{"uv":[2,12.75,2.25,13],"texture":"#0"},"up":{"uv":[2,12.75,2.25,13],"texture":"#0"},"down":{"uv":[2,12.75,2.25,13],"texture":"#0"}}},{"from":[7.5,3,-2],"to":[8.5,4,-1],"rotation":{"angle":0,"axis":"y","origin":[8,11,6]},"faces":{"north":{"uv":[2,12.5,2.25,12.75],"texture":"#0"},"east":{"uv":[2,12.5,2.25,12.75],"texture":"#0"},"south":{"uv":[2,12.5,2.25,12.75],"texture":"#0"},"west":{"uv":[2,12.5,2.25,12.75],"texture":"#0"},"up":{"uv":[2,12.5,2.25,12.75],"texture":"#0"},"down":{"uv":[2,12.5,2.25,12.75],"texture":"#0"}}},{"from":[7.3,3,-1],"to":[8.7,4,0],"rotation":{"angle":0,"axis":"y","origin":[8,11,7]},"faces":{"north":{"uv":[2.25,12.5,2.5,12.75],"texture":"#0"},"east":{"uv":[2.25,12.5,2.5,12.75],"texture":"#0"},"south":{"uv":[2.25,12.5,2.5,12.75],"texture":"#0"},"west":{"uv":[2.25,12.5,2.5,12.75],"texture":"#0"},"up":{"uv":[2.25,12.5,2.5,12.75],"texture":"#0"},"down":{"uv":[2.25,12.5,2.5,12.75],"texture":"#0"}}},{"from":[7.5,3,0],"to":[8.5,4,1],"rotation":{"angle":0,"axis":"y","origin":[8,11,8]},"faces":{"north":{"uv":[2.5,12.5,2.75,12.75],"texture":"#0"},"east":{"uv":[2.5,12.5,2.75,12.75],"texture":"#0"},"south":{"uv":[2.5,12.5,2.75,12.75],"texture":"#0"},"west":{"uv":[2.5,12.5,2.75,12.75],"texture":"#0"},"up":{"uv":[2.5,12.5,2.75,12.75],"texture":"#0"},"down":{"uv":[2.5,12.5,2.75,12.75],"texture":"#0"}}},{"from":[7.3,4,0],"to":[8.7,5,1],"rotation":{"angle":0,"axis":"y","origin":[8,12,8]},"faces":{"north":{"uv":[2.5,12.25,2.75,12.5],"texture":"#0"},"east":{"uv":[2.5,12.25,2.75,12.5],"texture":"#0"},"south":{"uv":[2.5,12.25,2.75,12.5],"texture":"#0"},"west":{"uv":[2.5,12.25,2.75,12.5],"texture":"#0"},"up":{"uv":[2.5,12.25,2.75,12.5],"texture":"#0"},"down":{"uv":[2.5,12.25,2.75,12.5],"texture":"#0"}}},{"from":[7.5,5,0],"to":[8.5,6,1],"rotation":{"angle":0,"axis":"y","origin":[8,13,8]},"faces":{"north":{"uv":[2.5,12,2.75,12.25],"texture":"#0"},"east":{"uv":[2.5,12,2.75,12.25],"texture":"#0"},"south":{"uv":[2.5,12,2.75,12.25],"texture":"#0"},"west":{"uv":[2.5,12,2.75,12.25],"texture":"#0"},"up":{"uv":[2.5,12,2.75,12.25],"texture":"#0"},"down":{"uv":[2.5,12,2.75,12.25],"texture":"#0"}}},{"from":[7.3,5,1],"to":[8.7,6,2],"rotation":{"angle":0,"axis":"y","origin":[8,13,9]},"faces":{"north":{"uv":[2.75,12,3,12.25],"texture":"#0"},"east":{"uv":[2.75,12,3,12.25],"texture":"#0"},"south":{"uv":[2.75,12,3,12.25],"texture":"#0"},"west":{"uv":[2.75,12,3,12.25],"texture":"#0"},"up":{"uv":[2.75,12,3,12.25],"texture":"#0"},"down":{"uv":[2.75,12,3,12.25],"texture":"#0"}}},{"from":[7.5,6,1],"to":[8.5,7,2],"rotation":{"angle":0,"axis":"y","origin":[8,14,9]},"faces":{"north":{"uv":[2.75,11.75,3,12],"texture":"#0"},"east":{"uv":[2.75,11.75,3,12],"texture":"#0"},"south":{"uv":[2.75,11.75,3,12],"texture":"#0"},"west":{"uv":[2.75,11.75,3,12],"texture":"#0"},"up":{"uv":[2.75,11.75,3,12],"texture":"#0"},"down":{"uv":[2.75,11.75,3,12],"texture":"#0"}}},{"from":[7.3,6,2],"to":[8.7,7,3],"rotation":{"angle":0,"axis":"y","origin":[8,14,10]},"faces":{"north":{"uv":[3,11.75,3.25,12],"texture":"#0"},"east":{"uv":[3,11.75,3.25,12],"texture":"#0"},"south":{"uv":[3,11.75,3.25,12],"texture":"#0"},"west":{"uv":[3,11.75,3.25,12],"texture":"#0"},"up":{"uv":[3,11.75,3.25,12],"texture":"#0"},"down":{"uv":[3,11.75,3.25,12],"texture":"#0"}}},{"from":[7.5,7,2],"to":[8.5,8,3],"rotation":{"angle":0,"axis":"y","origin":[8,15,10]},"faces":{"north":{"uv":[3,11.5,3.25,11.75],"texture":"#0"},"east":{"uv":[3,11.5,3.25,11.75],"texture":"#0"},"south":{"uv":[3,11.5,3.25,11.75],"texture":"#0"},"west":{"uv":[3,11.5,3.25,11.75],"texture":"#0"},"up":{"uv":[3,11.5,3.25,11.75],"texture":"#0"},"down":{"uv":[3,11.5,3.25,11.75],"texture":"#0"}}},{"from":[7.3,7,3],"to":[8.7,8,4],"rotation":{"angle":0,"axis":"y","origin":[8,15,11]},"faces":{"north":{"uv":[3.25,11.5,3.5,11.75],"texture":"#0"},"east":{"uv":[3.25,11.5,3.5,11.75],"texture":"#0"},"south":{"uv":[3.25,11.5,3.5,11.75],"texture":"#0"},"west":{"uv":[3.25,11.5,3.5,11.75],"texture":"#0"},"up":{"uv":[3.25,11.5,3.5,11.75],"texture":"#0"},"down":{"uv":[3.25,11.5,3.5,11.75],"texture":"#0"}}},{"from":[7.5,8,3],"to":[8.5,9,4],"rotation":{"angle":0,"axis":"y","origin":[8,16,11]},"faces":{"north":{"uv":[3.25,11.25,3.5,11.5],"texture":"#0"},"east":{"uv":[3.25,11.25,3.5,11.5],"texture":"#0"},"south":{"uv":[3.25,11.25,3.5,11.5],"texture":"#0"},"west":{"uv":[3.25,11.25,3.5,11.5],"texture":"#0"},"up":{"uv":[3.25,11.25,3.5,11.5],"texture":"#0"},"down":{"uv":[3.25,11.25,3.5,11.5],"texture":"#0"}}},{"from":[7.3,8,4],"to":[8.7,9,5],"rotation":{"angle":0,"axis":"y","origin":[8,16,12]},"faces":{"north":{"uv":[3.5,11.25,3.75,11.5],"texture":"#0"},"east":{"uv":[3.5,11.25,3.75,11.5],"texture":"#0"},"south":{"uv":[3.5,11.25,3.75,11.5],"texture":"#0"},"west":{"uv":[3.5,11.25,3.75,11.5],"texture":"#0"},"up":{"uv":[3.5,11.25,3.75,11.5],"texture":"#0"},"down":{"uv":[3.5,11.25,3.75,11.5],"texture":"#0"}}},{"from":[7.5,9,4],"to":[8.5,10,5],"rotation":{"angle":0,"axis":"y","origin":[8,17,12]},"faces":{"north":{"uv":[3.5,11,3.75,11.25],"texture":"#0"},"east":{"uv":[3.5,11,3.75,11.25],"texture":"#0"},"south":{"uv":[3.5,11,3.75,11.25],"texture":"#0"},"west":{"uv":[3.5,11,3.75,11.25],"texture":"#0"},"up":{"uv":[3.5,11,3.75,11.25],"texture":"#0"},"down":{"uv":[3.5,11,3.75,11.25],"texture":"#0"}}},{"from":[7.2,9,5],"to":[8.8,10,6],"rotation":{"angle":0,"axis":"y","origin":[8,17,13]},"faces":{"north":{"uv":[3.75,11,4,11.25],"texture":"#0"},"east":{"uv":[3.75,11,4,11.25],"texture":"#0"},"south":{"uv":[3.75,11,4,11.25],"texture":"#0"},"west":{"uv":[3.75,11,4,11.25],"texture":"#0"},"up":{"uv":[3.75,11,4,11.25],"texture":"#0"},"down":{"uv":[3.75,11,4,11.25],"texture":"#0"}}},{"from":[7.5,10,5],"to":[8.5,11,6],"rotation":{"angle":0,"axis":"y","origin":[8,18,13]},"faces":{"north":{"uv":[3.75,10.75,4,11],"texture":"#0"},"east":{"uv":[3.75,10.75,4,11],"texture":"#0"},"south":{"uv":[3.75,10.75,4,11],"texture":"#0"},"west":{"uv":[3.75,10.75,4,11],"texture":"#0"},"up":{"uv":[3.75,10.75,4,11],"texture":"#0"},"down":{"uv":[3.75,10.75,4,11],"texture":"#0"}}},{"from":[7.2,10,6],"to":[8.8,11,7],"rotation":{"angle":0,"axis":"y","origin":[8,18,14]},"faces":{"north":{"uv":[4,10.75,4.25,11],"texture":"#0"},"east":{"uv":[4,10.75,4.25,11],"texture":"#0"},"south":{"uv":[4,10.75,4.25,11],"texture":"#0"},"west":{"uv":[4,10.75,4.25,11],"texture":"#0"},"up":{"uv":[4,10.75,4.25,11],"texture":"#0"},"down":{"uv":[4,10.75,4.25,11],"texture":"#0"}}},{"from":[7.5,11,6],"to":[8.5,12,7],"rotation":{"angle":0,"axis":"y","origin":[8,19,14]},"faces":{"north":{"uv":[4,10.5,4.25,10.75],"texture":"#0"},"east":{"uv":[4,10.5,4.25,10.75],"texture":"#0"},"south":{"uv":[4,10.5,4.25,10.75],"texture":"#0"},"west":{"uv":[4,10.5,4.25,10.75],"texture":"#0"},"up":{"uv":[4,10.5,4.25,10.75],"texture":"#0"},"down":{"uv":[4,10.5,4.25,10.75],"texture":"#0"}}},{"from":[7.2,11,7],"to":[8.8,12,8],"rotation":{"angle":0,"axis":"y","origin":[8,19,15]},"faces":{"north":{"uv":[4.25,10.5,4.5,10.75],"texture":"#0"},"east":{"uv":[4.25,10.5,4.5,10.75],"texture":"#0"},"south":{"uv":[4.25,10.5,4.5,10.75],"texture":"#0"},"west":{"uv":[4.25,10.5,4.5,10.75],"texture":"#0"},"up":{"uv":[4.25,10.5,4.5,10.75],"texture":"#0"},"down":{"uv":[4.25,10.5,4.5,10.75],"texture":"#0"}}},{"from":[7.5,12,7],"to":[8.5,13,8],"rotation":{"angle":0,"axis":"y","origin":[8,20,15]},"faces":{"north":{"uv":[4.25,10.25,4.5,10.5],"texture":"#0"},"east":{"uv":[4.25,10.25,4.5,10.5],"texture":"#0"},"south":{"uv":[4.25,10.25,4.5,10.5],"texture":"#0"},"west":{"uv":[4.25,10.25,4.5,10.5],"texture":"#0"},"up":{"uv":[4.25,10.25,4.5,10.5],"texture":"#0"},"down":{"uv":[4.25,10.25,4.5,10.5],"texture":"#0"}}},{"from":[7.3,12,8],"to":[8.7,13,9],"rotation":{"angle":0,"axis":"y","origin":[8,20,16]},"faces":{"north":{"uv":[4.5,10.25,4.75,10.5],"texture":"#0"},"east":{"uv":[4.5,10.25,4.75,10.5],"texture":"#0"},"south":{"uv":[4.5,10.25,4.75,10.5],"texture":"#0"},"west":{"uv":[4.5,10.25,4.75,10.5],"texture":"#0"},"up":{"uv":[4.5,10.25,4.75,10.5],"texture":"#0"},"down":{"uv":[4.5,10.25,4.75,10.5],"texture":"#0"}}},{"from":[7.5,13,8],"to":[8.5,14,9],"rotation":{"angle":0,"axis":"y","origin":[8,21,16]},"faces":{"north":{"uv":[4.5,10,4.75,10.25],"texture":"#0"},"east":{"uv":[4.5,10,4.75,10.25],"texture":"#0"},"south":{"uv":[4.5,10,4.75,10.25],"texture":"#0"},"west":{"uv":[4.5,10,4.75,10.25],"texture":"#0"},"up":{"uv":[4.5,10,4.75,10.25],"texture":"#0"},"down":{"uv":[4.5,10,4.75,10.25],"texture":"#0"}}},{"from":[7.3,13,9],"to":[8.7,14,10],"rotation":{"angle":0,"axis":"y","origin":[8,21,17]},"faces":{"north":{"uv":[4.75,10,5,10.25],"texture":"#0"},"east":{"uv":[4.75,10,5,10.25],"texture":"#0"},"south":{"uv":[4.75,10,5,10.25],"texture":"#0"},"west":{"uv":[4.75,10,5,10.25],"texture":"#0"},"up":{"uv":[4.75,10,5,10.25],"texture":"#0"},"down":{"uv":[4.75,10,5,10.25],"texture":"#0"}}},{"from":[7.5,14,9],"to":[8.5,15,10],"rotation":{"angle":0,"axis":"y","origin":[8,22,17]},"faces":{"north":{"uv":[4.75,9.75,5,10],"texture":"#0"},"east":{"uv":[4.75,9.75,5,10],"texture":"#0"},"south":{"uv":[4.75,9.75,5,10],"texture":"#0"},"west":{"uv":[4.75,9.75,5,10],"texture":"#0"},"up":{"uv":[4.75,9.75,5,10],"texture":"#0"},"down":{"uv":[4.75,9.75,5,10],"texture":"#0"}}},{"from":[7.3,14,10],"to":[8.7,15,11],"rotation":{"angle":0,"axis":"y","origin":[8,22,18]},"faces":{"north":{"uv":[5,9.75,5.25,10],"texture":"#0"},"east":{"uv":[5,9.75,5.25,10],"texture":"#0"},"south":{"uv":[5,9.75,5.25,10],"texture":"#0"},"west":{"uv":[5,9.75,5.25,10],"texture":"#0"},"up":{"uv":[5,9.75,5.25,10],"texture":"#0"},"down":{"uv":[5,9.75,5.25,10],"texture":"#0"}}},{"from":[7.5,15,10],"to":[8.5,16,11],"rotation":{"angle":0,"axis":"y","origin":[8,23,18]},"faces":{"north":{"uv":[5,9.5,5.25,9.75],"texture":"#0"},"east":{"uv":[5,9.5,5.25,9.75],"texture":"#0"},"south":{"uv":[5,9.5,5.25,9.75],"texture":"#0"},"west":{"uv":[5,9.5,5.25,9.75],"texture":"#0"},"up":{"uv":[5,9.5,5.25,9.75],"texture":"#0"},"down":{"uv":[5,9.5,5.25,9.75],"texture":"#0"}}},{"from":[7.3,15,11],"to":[8.7,16,12],"rotation":{"angle":0,"axis":"y","origin":[8,23,19]},"faces":{"north":{"uv":[5.25,9.5,5.5,9.75],"texture":"#0"},"east":{"uv":[5.25,9.5,5.5,9.75],"texture":"#0"},"south":{"uv":[5.25,9.5,5.5,9.75],"texture":"#0"},"west":{"uv":[5.25,9.5,5.5,9.75],"texture":"#0"},"up":{"uv":[5.25,9.5,5.5,9.75],"texture":"#0"},"down":{"uv":[5.25,9.5,5.5,9.75],"texture":"#0"}}},{"from":[7.5,16,11],"to":[8.5,17,12],"rotation":{"angle":0,"axis":"y","origin":[8,24,19]},"faces":{"north":{"uv":[5.25,9.25,5.5,9.5],"texture":"#0"},"east":{"uv":[5.25,9.25,5.5,9.5],"texture":"#0"},"south":{"uv":[5.25,9.25,5.5,9.5],"texture":"#0"},"west":{"uv":[5.25,9.25,5.5,9.5],"texture":"#0"},"up":{"uv":[5.25,9.25,5.5,9.5],"texture":"#0"},"down":{"uv":[5.25,9.25,5.5,9.5],"texture":"#0"}}},{"from":[7.3,16,12],"to":[8.7,17,13],"rotation":{"angle":0,"axis":"y","origin":[8,24,20]},"faces":{"north":{"uv":[5.5,9.25,5.75,9.5],"texture":"#0"},"east":{"uv":[5.5,9.25,5.75,9.5],"texture":"#0"},"south":{"uv":[5.5,9.25,5.75,9.5],"texture":"#0"},"west":{"uv":[5.5,9.25,5.75,9.5],"texture":"#0"},"up":{"uv":[5.5,9.25,5.75,9.5],"texture":"#0"},"down":{"uv":[5.5,9.25,5.75,9.5],"texture":"#0"}}},{"from":[7.5,17,12],"to":[8.5,18,13],"rotation":{"angle":0,"axis":"y","origin":[8,25,20]},"faces":{"north":{"uv":[5.5,9,5.75,9.25],"texture":"#0"},"east":{"uv":[5.5,9,5.75,9.25],"texture":"#0"},"south":{"uv":[5.5,9,5.75,9.25],"texture":"#0"},"west":{"uv":[5.5,9,5.75,9.25],"texture":"#0"},"up":{"uv":[5.5,9,5.75,9.25],"texture":"#0"},"down":{"uv":[5.5,9,5.75,9.25],"texture":"#0"}}},{"from":[7.3,17,13],"to":[8.7,18,14],"rotation":{"angle":0,"axis":"y","origin":[8,25,21]},"faces":{"north":{"uv":[5.75,9,6,9.25],"texture":"#0"},"east":{"uv":[5.75,9,6,9.25],"texture":"#0"},"south":{"uv":[5.75,9,6,9.25],"texture":"#0"},"west":{"uv":[5.75,9,6,9.25],"texture":"#0"},"up":{"uv":[5.75,9,6,9.25],"texture":"#0"},"down":{"uv":[5.75,9,6,9.25],"texture":"#0"}}},{"from":[7.5,18,13],"to":[8.5,19,14],"rotation":{"angle":0,"axis":"y","origin":[8,26,21]},"faces":{"north":{"uv":[5.75,8.75,6,9],"texture":"#0"},"east":{"uv":[5.75,8.75,6,9],"texture":"#0"},"south":{"uv":[5.75,8.75,6,9],"texture":"#0"},"west":{"uv":[5.75,8.75,6,9],"texture":"#0"},"up":{"uv":[5.75,8.75,6,9],"texture":"#0"},"down":{"uv":[5.75,8.75,6,9],"texture":"#0"}}},{"from":[7.5,18,14],"to":[8.5,19,15],"rotation":{"angle":0,"axis":"y","origin":[8,26,22]},"faces":{"north":{"uv":[6,8.75,6.25,9],"texture":"#0"},"east":{"uv":[6,8.75,6.25,9],"texture":"#0"},"south":{"uv":[6,8.75,6.25,9],"texture":"#0"},"west":{"uv":[6,8.75,6.25,9],"texture":"#0"},"up":{"uv":[6,8.75,6.25,9],"texture":"#0"},"down":{"uv":[6,8.75,6.25,9],"texture":"#0"}}},{"from":[7.3,18,15],"to":[8.7,19,16],"rotation":{"angle":0,"axis":"y","origin":[8,26,23]},"faces":{"north":{"uv":[6.25,8.75,6.5,9],"texture":"#0"},"east":{"uv":[6.25,8.75,6.5,9],"texture":"#0"},"south":{"uv":[6.25,8.75,6.5,9],"texture":"#0"},"west":{"uv":[6.25,8.75,6.5,9],"texture":"#0"},"up":{"uv":[6.25,8.75,6.5,9],"texture":"#0"},"down":{"uv":[6.25,8.75,6.5,9],"texture":"#0"}}},{"from":[7.5,18,16],"to":[8.5,19,17],"rotation":{"angle":0,"axis":"y","origin":[8,26,24]},"faces":{"north":{"uv":[6.5,8.75,6.75,9],"texture":"#0"},"east":{"uv":[6.5,8.75,6.75,9],"texture":"#0"},"south":{"uv":[6.5,8.75,6.75,9],"texture":"#0"},"west":{"uv":[6.5,8.75,6.75,9],"texture":"#0"},"up":{"uv":[6.5,8.75,6.75,9],"texture":"#0"},"down":{"uv":[6.5,8.75,6.75,9],"texture":"#0"}}},{"from":[7.5,19,16],"to":[8.5,20,17],"rotation":{"angle":0,"axis":"y","origin":[8,27,24]},"faces":{"north":{"uv":[6.5,8.5,6.75,8.75],"texture":"#0"},"east":{"uv":[6.5,8.5,6.75,8.75],"texture":"#0"},"south":{"uv":[6.5,8.5,6.75,8.75],"texture":"#0"},"west":{"uv":[6.5,8.5,6.75,8.75],"texture":"#0"},"up":{"uv":[6.5,8.5,6.75,8.75],"texture":"#0"},"down":{"uv":[6.5,8.5,6.75,8.75],"texture":"#0"}}},{"from":[7.5,20,17],"to":[8.5,21,18],"rotation":{"angle":0,"axis":"y","origin":[8,28,25]},"faces":{"north":{"uv":[6.75,8.25,7,8.5],"texture":"#0"},"east":{"uv":[6.75,8.25,7,8.5],"texture":"#0"},"south":{"uv":[6.75,8.25,7,8.5],"texture":"#0"},"west":{"uv":[6.75,8.25,7,8.5],"texture":"#0"},"up":{"uv":[6.75,8.25,7,8.5],"texture":"#0"},"down":{"uv":[6.75,8.25,7,8.5],"texture":"#0"}}},{"from":[7.2,21,17],"to":[8.8,22,18],"rotation":{"angle":0,"axis":"y","origin":[8,29,25]},"faces":{"north":{"uv":[6.75,8,7,8.25],"texture":"#0"},"east":{"uv":[6.75,8,7,8.25],"texture":"#0"},"south":{"uv":[6.75,8,7,8.25],"texture":"#0"},"west":{"uv":[6.75,8,7,8.25],"texture":"#0"},"up":{"uv":[6.75,8,7,8.25],"texture":"#0"},"down":{"uv":[6.75,8,7,8.25],"texture":"#0"}}},{"from":[7.2,22,17],"to":[8.8,23,18],"rotation":{"angle":0,"axis":"y","origin":[8,30,25]},"faces":{"north":{"uv":[6.75,7.75,7,8],"texture":"#0"},"east":{"uv":[6.75,7.75,7,8],"texture":"#0"},"south":{"uv":[6.75,7.75,7,8],"texture":"#0"},"west":{"uv":[6.75,7.75,7,8],"texture":"#0"},"up":{"uv":[6.75,7.75,7,8],"texture":"#0"},"down":{"uv":[6.75,7.75,7,8],"texture":"#0"}}},{"from":[7.2,23,17],"to":[8.8,24,18],"rotation":{"angle":0,"axis":"y","origin":[8,31,25]},"faces":{"north":{"uv":[6.75,7.5,7,7.75],"texture":"#0"},"east":{"uv":[6.75,7.5,7,7.75],"texture":"#0"},"south":{"uv":[6.75,7.5,7,7.75],"texture":"#0"},"west":{"uv":[6.75,7.5,7,7.75],"texture":"#0"},"up":{"uv":[6.75,7.5,7,7.75],"texture":"#0"},"down":{"uv":[6.75,7.5,7,7.75],"texture":"#0"}}},{"from":[7.2,23,18],"to":[8.8,24,19],"rotation":{"angle":0,"axis":"y","origin":[8,31,26]},"faces":{"north":{"uv":[7,7.5,7.25,7.75],"texture":"#0"},"east":{"uv":[7,7.5,7.25,7.75],"texture":"#0"},"south":{"uv":[7,7.5,7.25,7.75],"texture":"#0"},"west":{"uv":[7,7.5,7.25,7.75],"texture":"#0"},"up":{"uv":[7,7.5,7.25,7.75],"texture":"#0"},"down":{"uv":[7,7.5,7.25,7.75],"texture":"#0"}}},{"from":[7.2,23,19],"to":[8.8,24,20],"rotation":{"angle":0,"axis":"y","origin":[8,31,27]},"faces":{"north":{"uv":[7.25,7.5,7.5,7.75],"texture":"#0"},"east":{"uv":[7.25,7.5,7.5,7.75],"texture":"#0"},"south":{"uv":[7.25,7.5,7.5,7.75],"texture":"#0"},"west":{"uv":[7.25,7.5,7.5,7.75],"texture":"#0"},"up":{"uv":[7.25,7.5,7.5,7.75],"texture":"#0"},"down":{"uv":[7.25,7.5,7.5,7.75],"texture":"#0"}}},{"from":[7.2,23,20],"to":[8.8,24,21],"rotation":{"angle":0,"axis":"y","origin":[8,31,28]},"faces":{"north":{"uv":[7.5,7.5,7.75,7.75],"texture":"#0"},"east":{"uv":[7.5,7.5,7.75,7.75],"texture":"#0"},"south":{"uv":[7.5,7.5,7.75,7.75],"texture":"#0"},"west":{"uv":[7.5,7.5,7.75,7.75],"texture":"#0"},"up":{"uv":[7.5,7.5,7.75,7.75],"texture":"#0"},"down":{"uv":[7.5,7.5,7.75,7.75],"texture":"#0"}}},{"from":[7.2,22,20],"to":[8.8,23,21],"rotation":{"angle":0,"axis":"y","origin":[8,30,28]},"faces":{"north":{"uv":[7.5,7.75,7.75,8],"texture":"#0"},"east":{"uv":[7.5,7.75,7.75,8],"texture":"#0"},"south":{"uv":[7.5,7.75,7.75,8],"texture":"#0"},"west":{"uv":[7.5,7.75,7.75,8],"texture":"#0"},"up":{"uv":[7.5,7.75,7.75,8],"texture":"#0"},"down":{"uv":[7.5,7.75,7.75,8],"texture":"#0"}}},{"from":[7.5,22,21],"to":[8.5,23,22],"rotation":{"angle":0,"axis":"y","origin":[8,30,29]},"faces":{"north":{"uv":[7.75,7.75,8,8],"texture":"#0"},"east":{"uv":[7.75,7.75,8,8],"texture":"#0"},"south":{"uv":[7.75,7.75,8,8],"texture":"#0"},"west":{"uv":[7.75,7.75,8,8],"texture":"#0"},"up":{"uv":[7.75,7.75,8,8],"texture":"#0"},"down":{"uv":[7.75,7.75,8,8],"texture":"#0"}}},{"from":[7.5,21,20],"to":[8.5,22,21],"rotation":{"angle":0,"axis":"y","origin":[8,29,28]},"faces":{"north":{"uv":[7.5,8,7.75,8.25],"texture":"#0"},"east":{"uv":[7.5,8,7.75,8.25],"texture":"#0"},"south":{"uv":[7.5,8,7.75,8.25],"texture":"#0"},"west":{"uv":[7.5,8,7.75,8.25],"texture":"#0"},"up":{"uv":[7.5,8,7.75,8.25],"texture":"#0"},"down":{"uv":[7.5,8,7.75,8.25],"texture":"#0"}}},{"from":[7.5,21,19],"to":[8.5,22,20],"rotation":{"angle":0,"axis":"y","origin":[8,29,27]},"faces":{"north":{"uv":[7.25,8,7.5,8.25],"texture":"#0"},"east":{"uv":[7.25,8,7.5,8.25],"texture":"#0"},"south":{"uv":[7.25,8,7.5,8.25],"texture":"#0"},"west":{"uv":[7.25,8,7.5,8.25],"texture":"#0"},"up":{"uv":[7.25,8,7.5,8.25],"texture":"#0"},"down":{"uv":[7.25,8,7.5,8.25],"texture":"#0"}}},{"from":[7.2,21,18],"to":[8.8,22,19],"rotation":{"angle":0,"axis":"y","origin":[8,29,26]},"faces":{"north":{"uv":[7,8,7.25,8.25],"texture":"#0"},"east":{"uv":[7,8,7.25,8.25],"texture":"#0"},"south":{"uv":[7,8,7.25,8.25],"texture":"#0"},"west":{"uv":[7,8,7.25,8.25],"texture":"#0"},"up":{"uv":[7,8,7.25,8.25],"texture":"#0"},"down":{"uv":[7,8,7.25,8.25],"texture":"#0"}}},{"from":[7.5,20,19],"to":[8.5,21,20],"rotation":{"angle":0,"axis":"y","origin":[8,28,27]},"faces":{"north":{"uv":[7.25,8.25,7.5,8.5],"texture":"#0"},"east":{"uv":[7.25,8.25,7.5,8.5],"texture":"#0"},"south":{"uv":[7.25,8.25,7.5,8.5],"texture":"#0"},"west":{"uv":[7.25,8.25,7.5,8.5],"texture":"#0"},"up":{"uv":[7.25,8.25,7.5,8.5],"texture":"#0"},"down":{"uv":[7.25,8.25,7.5,8.5],"texture":"#0"}}},{"from":[7.5,19,19],"to":[8.5,20,20],"rotation":{"angle":0,"axis":"y","origin":[8,27,27]},"faces":{"north":{"uv":[7.25,8.5,7.5,8.75],"texture":"#0"},"east":{"uv":[7.25,8.5,7.5,8.75],"texture":"#0"},"south":{"uv":[7.25,8.5,7.5,8.75],"texture":"#0"},"west":{"uv":[7.25,8.5,7.5,8.75],"texture":"#0"},"up":{"uv":[7.25,8.5,7.5,8.75],"texture":"#0"},"down":{"uv":[7.25,8.5,7.5,8.75],"texture":"#0"}}},{"from":[7.5,20,20],"to":[8.5,21,21],"rotation":{"angle":0,"axis":"y","origin":[8,28,28]},"faces":{"north":{"uv":[7.5,8.25,7.75,8.5],"texture":"#0"},"east":{"uv":[7.5,8.25,7.75,8.5],"texture":"#0"},"south":{"uv":[7.5,8.25,7.75,8.5],"texture":"#0"},"west":{"uv":[7.5,8.25,7.75,8.5],"texture":"#0"},"up":{"uv":[7.5,8.25,7.75,8.5],"texture":"#0"},"down":{"uv":[7.5,8.25,7.75,8.5],"texture":"#0"}}},{"from":[7.2,22,18],"to":[8.8,23,19],"rotation":{"angle":0,"axis":"y","origin":[8,30,26]},"faces":{"north":{"uv":[7,7.75,7.25,8],"texture":"#0"},"east":{"uv":[7,7.75,7.25,8],"texture":"#0"},"south":{"uv":[7,7.75,7.25,8],"texture":"#0"},"west":{"uv":[7,7.75,7.25,8],"texture":"#0"},"up":{"uv":[7,7.75,7.25,8],"texture":"#0"},"down":{"uv":[7,7.75,7.25,8],"texture":"#0"}}},{"from":[7.2,22,19],"to":[8.8,23,20],"rotation":{"angle":0,"axis":"y","origin":[8,30,27]},"faces":{"north":{"uv":[7.25,7.75,7.5,8],"texture":"#0"},"east":{"uv":[7.25,7.75,7.5,8],"texture":"#0"},"south":{"uv":[7.25,7.75,7.5,8],"texture":"#0"},"west":{"uv":[7.25,7.75,7.5,8],"texture":"#0"},"up":{"uv":[7.25,7.75,7.5,8],"texture":"#0"},"down":{"uv":[7.25,7.75,7.5,8],"texture":"#0"}}},{"from":[7.5,23,21],"to":[8.5,24,22],"rotation":{"angle":0,"axis":"y","origin":[8,31,29]},"faces":{"north":{"uv":[7.75,7.5,8,7.75],"texture":"#0"},"east":{"uv":[7.75,7.5,8,7.75],"texture":"#0"},"south":{"uv":[7.75,7.5,8,7.75],"texture":"#0"},"west":{"uv":[7.75,7.5,8,7.75],"texture":"#0"},"up":{"uv":[7.75,7.5,8,7.75],"texture":"#0"},"down":{"uv":[7.75,7.5,8,7.75],"texture":"#0"}}},{"from":[7.3,20,16],"to":[8.7,21,17],"rotation":{"angle":0,"axis":"y","origin":[8,28,24]},"faces":{"north":{"uv":[6.5,8.25,6.75,8.5],"texture":"#0"},"east":{"uv":[6.5,8.25,6.75,8.5],"texture":"#0"},"south":{"uv":[6.5,8.25,6.75,8.5],"texture":"#0"},"west":{"uv":[6.5,8.25,6.75,8.5],"texture":"#0"},"up":{"uv":[6.5,8.25,6.75,8.5],"texture":"#0"},"down":{"uv":[6.5,8.25,6.75,8.5],"texture":"#0"}}},{"from":[7.3,21,16],"to":[8.7,22,17],"rotation":{"angle":0,"axis":"y","origin":[8,29,24]},"faces":{"north":{"uv":[6.5,8,6.75,8.25],"texture":"#0"},"east":{"uv":[6.5,8,6.75,8.25],"texture":"#0"},"south":{"uv":[6.5,8,6.75,8.25],"texture":"#0"},"west":{"uv":[6.5,8,6.75,8.25],"texture":"#0"},"up":{"uv":[6.5,8,6.75,8.25],"texture":"#0"},"down":{"uv":[6.5,8,6.75,8.25],"texture":"#0"}}},{"from":[7.2,22,16],"to":[8.8,23,17],"rotation":{"angle":0,"axis":"y","origin":[8,30,24]},"faces":{"north":{"uv":[6.5,7.75,6.75,8],"texture":"#0"},"east":{"uv":[6.5,7.75,6.75,8],"texture":"#0"},"south":{"uv":[6.5,7.75,6.75,8],"texture":"#0"},"west":{"uv":[6.5,7.75,6.75,8],"texture":"#0"},"up":{"uv":[6.5,7.75,6.75,8],"texture":"#0"},"down":{"uv":[6.5,7.75,6.75,8],"texture":"#0"}}},{"from":[7.5,23,16],"to":[8.5,24,17],"rotation":{"angle":0,"axis":"y","origin":[8,31,24]},"faces":{"north":{"uv":[6.5,7.5,6.75,7.75],"texture":"#0"},"east":{"uv":[6.5,7.5,6.75,7.75],"texture":"#0"},"south":{"uv":[6.5,7.5,6.75,7.75],"texture":"#0"},"west":{"uv":[6.5,7.5,6.75,7.75],"texture":"#0"},"up":{"uv":[6.5,7.5,6.75,7.75],"texture":"#0"},"down":{"uv":[6.5,7.5,6.75,7.75],"texture":"#0"}}},{"from":[7.2,23,15],"to":[8.8,24,16],"rotation":{"angle":0,"axis":"y","origin":[8,31,23]},"faces":{"north":{"uv":[6.25,7.5,6.5,7.75],"texture":"#0"},"east":{"uv":[6.25,7.5,6.5,7.75],"texture":"#0"},"south":{"uv":[6.25,7.5,6.5,7.75],"texture":"#0"},"west":{"uv":[6.25,7.5,6.5,7.75],"texture":"#0"},"up":{"uv":[6.25,7.5,6.5,7.75],"texture":"#0"},"down":{"uv":[6.25,7.5,6.5,7.75],"texture":"#0"}}},{"from":[7.5,22,15],"to":[8.5,23,16],"rotation":{"angle":0,"axis":"y","origin":[8,30,23]},"faces":{"north":{"uv":[6.25,7.75,6.5,8],"texture":"#0"},"east":{"uv":[6.25,7.75,6.5,8],"texture":"#0"},"south":{"uv":[6.25,7.75,6.5,8],"texture":"#0"},"west":{"uv":[6.25,7.75,6.5,8],"texture":"#0"},"up":{"uv":[6.25,7.75,6.5,8],"texture":"#0"},"down":{"uv":[6.25,7.75,6.5,8],"texture":"#0"}}},{"from":[7.2,21,15],"to":[8.8,22,16],"rotation":{"angle":0,"axis":"y","origin":[8,29,23]},"faces":{"north":{"uv":[6.25,8,6.5,8.25],"texture":"#0"},"east":{"uv":[6.25,8,6.5,8.25],"texture":"#0"},"south":{"uv":[6.25,8,6.5,8.25],"texture":"#0"},"west":{"uv":[6.25,8,6.5,8.25],"texture":"#0"},"up":{"uv":[6.25,8,6.5,8.25],"texture":"#0"},"down":{"uv":[6.25,8,6.5,8.25],"texture":"#0"}}},{"from":[7.3,20,15],"to":[8.7,21,16],"rotation":{"angle":0,"axis":"y","origin":[8,28,23]},"faces":{"north":{"uv":[6.25,8.25,6.5,8.5],"texture":"#0"},"east":{"uv":[6.25,8.25,6.5,8.5],"texture":"#0"},"south":{"uv":[6.25,8.25,6.5,8.5],"texture":"#0"},"west":{"uv":[6.25,8.25,6.5,8.5],"texture":"#0"},"up":{"uv":[6.25,8.25,6.5,8.5],"texture":"#0"},"down":{"uv":[6.25,8.25,6.5,8.5],"texture":"#0"}}},{"from":[7.3,19,15],"to":[8.7,20,16],"rotation":{"angle":0,"axis":"y","origin":[8,27,23]},"faces":{"north":{"uv":[6.25,8.5,6.5,8.75],"texture":"#0"},"east":{"uv":[6.25,8.5,6.5,8.75],"texture":"#0"},"south":{"uv":[6.25,8.5,6.5,8.75],"texture":"#0"},"west":{"uv":[6.25,8.5,6.5,8.75],"texture":"#0"},"up":{"uv":[6.25,8.5,6.5,8.75],"texture":"#0"},"down":{"uv":[6.25,8.5,6.5,8.75],"texture":"#0"}}},{"from":[7.5,17,16],"to":[8.5,18,17],"rotation":{"angle":0,"axis":"y","origin":[8,25,24]},"faces":{"north":{"uv":[6.5,9,6.75,9.25],"texture":"#0"},"east":{"uv":[6.5,9,6.75,9.25],"texture":"#0"},"south":{"uv":[6.5,9,6.75,9.25],"texture":"#0"},"west":{"uv":[6.5,9,6.75,9.25],"texture":"#0"},"up":{"uv":[6.5,9,6.75,9.25],"texture":"#0"},"down":{"uv":[6.5,9,6.75,9.25],"texture":"#0"}}},{"from":[7.5,17,15],"to":[8.5,18,16],"rotation":{"angle":0,"axis":"y","origin":[8,25,23]},"faces":{"north":{"uv":[6.25,9,6.5,9.25],"texture":"#0"},"east":{"uv":[6.25,9,6.5,9.25],"texture":"#0"},"south":{"uv":[6.25,9,6.5,9.25],"texture":"#0"},"west":{"uv":[6.25,9,6.5,9.25],"texture":"#0"},"up":{"uv":[6.25,9,6.5,9.25],"texture":"#0"},"down":{"uv":[6.25,9,6.5,9.25],"texture":"#0"}}},{"from":[7.5,16,15],"to":[8.5,17,16],"rotation":{"angle":0,"axis":"y","origin":[8,24,23]},"faces":{"north":{"uv":[6.25,9.25,6.5,9.5],"texture":"#0"},"east":{"uv":[6.25,9.25,6.5,9.5],"texture":"#0"},"south":{"uv":[6.25,9.25,6.5,9.5],"texture":"#0"},"west":{"uv":[6.25,9.25,6.5,9.5],"texture":"#0"},"up":{"uv":[6.25,9.25,6.5,9.5],"texture":"#0"},"down":{"uv":[6.25,9.25,6.5,9.5],"texture":"#0"}}},{"from":[7.5,15,15],"to":[8.5,16,16],"rotation":{"angle":0,"axis":"y","origin":[8,23,23]},"faces":{"north":{"uv":[6.25,9.5,6.5,9.75],"texture":"#0"},"east":{"uv":[6.25,9.5,6.5,9.75],"texture":"#0"},"south":{"uv":[6.25,9.5,6.5,9.75],"texture":"#0"},"west":{"uv":[6.25,9.5,6.5,9.75],"texture":"#0"},"up":{"uv":[6.25,9.5,6.5,9.75],"texture":"#0"},"down":{"uv":[6.25,9.5,6.5,9.75],"texture":"#0"}}},{"from":[7.3,19,14],"to":[8.7,20,15],"rotation":{"angle":0,"axis":"y","origin":[8,27,22]},"faces":{"north":{"uv":[6,8.5,6.25,8.75],"texture":"#0"},"east":{"uv":[6,8.5,6.25,8.75],"texture":"#0"},"south":{"uv":[6,8.5,6.25,8.75],"texture":"#0"},"west":{"uv":[6,8.5,6.25,8.75],"texture":"#0"},"up":{"uv":[6,8.5,6.25,8.75],"texture":"#0"},"down":{"uv":[6,8.5,6.25,8.75],"texture":"#0"}}},{"from":[7.2,20,14],"to":[8.8,21,15],"rotation":{"angle":0,"axis":"y","origin":[8,28,22]},"faces":{"north":{"uv":[6,8.25,6.25,8.5],"texture":"#0"},"east":{"uv":[6,8.25,6.25,8.5],"texture":"#0"},"south":{"uv":[6,8.25,6.25,8.5],"texture":"#0"},"west":{"uv":[6,8.25,6.25,8.5],"texture":"#0"},"up":{"uv":[6,8.25,6.25,8.5],"texture":"#0"},"down":{"uv":[6,8.25,6.25,8.5],"texture":"#0"}}},{"from":[7.5,21,14],"to":[8.5,22,15],"rotation":{"angle":0,"axis":"y","origin":[8,29,22]},"faces":{"north":{"uv":[6,8,6.25,8.25],"texture":"#0"},"east":{"uv":[6,8,6.25,8.25],"texture":"#0"},"south":{"uv":[6,8,6.25,8.25],"texture":"#0"},"west":{"uv":[6,8,6.25,8.25],"texture":"#0"},"up":{"uv":[6,8,6.25,8.25],"texture":"#0"},"down":{"uv":[6,8,6.25,8.25],"texture":"#0"}}},{"from":[7.5,21,13],"to":[8.5,22,14],"rotation":{"angle":0,"axis":"y","origin":[8,29,21]},"faces":{"north":{"uv":[5.75,8,6,8.25],"texture":"#0"},"east":{"uv":[5.75,8,6,8.25],"texture":"#0"},"south":{"uv":[5.75,8,6,8.25],"texture":"#0"},"west":{"uv":[5.75,8,6,8.25],"texture":"#0"},"up":{"uv":[5.75,8,6,8.25],"texture":"#0"},"down":{"uv":[5.75,8,6,8.25],"texture":"#0"}}},{"from":[7.5,21,12],"to":[8.5,22,13],"rotation":{"angle":0,"axis":"y","origin":[8,29,20]},"faces":{"north":{"uv":[5.5,8,5.75,8.25],"texture":"#0"},"east":{"uv":[5.5,8,5.75,8.25],"texture":"#0"},"south":{"uv":[5.5,8,5.75,8.25],"texture":"#0"},"west":{"uv":[5.5,8,5.75,8.25],"texture":"#0"},"up":{"uv":[5.5,8,5.75,8.25],"texture":"#0"},"down":{"uv":[5.5,8,5.75,8.25],"texture":"#0"}}},{"from":[7.2,20,12],"to":[8.8,21,13],"rotation":{"angle":0,"axis":"y","origin":[8,28,20]},"faces":{"north":{"uv":[5.5,8.25,5.75,8.5],"texture":"#0"},"east":{"uv":[5.5,8.25,5.75,8.5],"texture":"#0"},"south":{"uv":[5.5,8.25,5.75,8.5],"texture":"#0"},"west":{"uv":[5.5,8.25,5.75,8.5],"texture":"#0"},"up":{"uv":[5.5,8.25,5.75,8.5],"texture":"#0"},"down":{"uv":[5.5,8.25,5.75,8.5],"texture":"#0"}}},{"from":[7.5,20,11],"to":[8.5,21,12],"rotation":{"angle":0,"axis":"y","origin":[8,28,19]},"faces":{"north":{"uv":[5.25,8.25,5.5,8.5],"texture":"#0"},"east":{"uv":[5.25,8.25,5.5,8.5],"texture":"#0"},"south":{"uv":[5.25,8.25,5.5,8.5],"texture":"#0"},"west":{"uv":[5.25,8.25,5.5,8.5],"texture":"#0"},"up":{"uv":[5.25,8.25,5.5,8.5],"texture":"#0"},"down":{"uv":[5.25,8.25,5.5,8.5],"texture":"#0"}}},{"from":[7.5,19,12],"to":[8.5,20,13],"rotation":{"angle":0,"axis":"y","origin":[8,27,20]},"faces":{"north":{"uv":[5.5,8.5,5.75,8.75],"texture":"#0"},"east":{"uv":[5.5,8.5,5.75,8.75],"texture":"#0"},"south":{"uv":[5.5,8.5,5.75,8.75],"texture":"#0"},"west":{"uv":[5.5,8.5,5.75,8.75],"texture":"#0"},"up":{"uv":[5.5,8.5,5.75,8.75],"texture":"#0"},"down":{"uv":[5.5,8.5,5.75,8.75],"texture":"#0"}}},{"from":[7.5,19,13],"to":[8.5,20,14],"rotation":{"angle":0,"axis":"y","origin":[8,27,21]},"faces":{"north":{"uv":[5.75,8.5,6,8.75],"texture":"#0"},"east":{"uv":[5.75,8.5,6,8.75],"texture":"#0"},"south":{"uv":[5.75,8.5,6,8.75],"texture":"#0"},"west":{"uv":[5.75,8.5,6,8.75],"texture":"#0"},"up":{"uv":[5.75,8.5,6,8.75],"texture":"#0"},"down":{"uv":[5.75,8.5,6,8.75],"texture":"#0"}}},{"from":[7.3,20,13],"to":[8.7,21,14],"rotation":{"angle":0,"axis":"y","origin":[8,28,21]},"faces":{"north":{"uv":[5.75,8.25,6,8.5],"texture":"#0"},"east":{"uv":[5.75,8.25,6,8.5],"texture":"#0"},"south":{"uv":[5.75,8.25,6,8.5],"texture":"#0"},"west":{"uv":[5.75,8.25,6,8.5],"texture":"#0"},"up":{"uv":[5.75,8.25,6,8.5],"texture":"#0"},"down":{"uv":[5.75,8.25,6,8.5],"texture":"#0"}}},{"from":[7.2,22,14],"to":[8.8,23,15],"rotation":{"angle":0,"axis":"y","origin":[8,30,22]},"faces":{"north":{"uv":[6,7.75,6.25,8],"texture":"#0"},"east":{"uv":[6,7.75,6.25,8],"texture":"#0"},"south":{"uv":[6,7.75,6.25,8],"texture":"#0"},"west":{"uv":[6,7.75,6.25,8],"texture":"#0"},"up":{"uv":[6,7.75,6.25,8],"texture":"#0"},"down":{"uv":[6,7.75,6.25,8],"texture":"#0"}}},{"from":[7.5,23,14],"to":[8.5,24,15],"rotation":{"angle":0,"axis":"y","origin":[8,31,22]},"faces":{"north":{"uv":[6,7.5,6.25,7.75],"texture":"#0"},"east":{"uv":[6,7.5,6.25,7.75],"texture":"#0"},"south":{"uv":[6,7.5,6.25,7.75],"texture":"#0"},"west":{"uv":[6,7.5,6.25,7.75],"texture":"#0"},"up":{"uv":[6,7.5,6.25,7.75],"texture":"#0"},"down":{"uv":[6,7.5,6.25,7.75],"texture":"#0"}}},{"from":[7.3,24,14],"to":[8.7,25,15],"rotation":{"angle":0,"axis":"y","origin":[8,32,22]},"faces":{"north":{"uv":[6,7.25,6.25,7.5],"texture":"#0"},"east":{"uv":[6,7.25,6.25,7.5],"texture":"#0"},"south":{"uv":[6,7.25,6.25,7.5],"texture":"#0"},"west":{"uv":[6,7.25,6.25,7.5],"texture":"#0"},"up":{"uv":[6,7.25,6.25,7.5],"texture":"#0"},"down":{"uv":[6,7.25,6.25,7.5],"texture":"#0"}}},{"from":[7.5,23,13],"to":[8.5,24,14],"rotation":{"angle":0,"axis":"y","origin":[8,31,21]},"faces":{"north":{"uv":[5.75,7.5,6,7.75],"texture":"#0"},"east":{"uv":[5.75,7.5,6,7.75],"texture":"#0"},"south":{"uv":[5.75,7.5,6,7.75],"texture":"#0"},"west":{"uv":[5.75,7.5,6,7.75],"texture":"#0"},"up":{"uv":[5.75,7.5,6,7.75],"texture":"#0"},"down":{"uv":[5.75,7.5,6,7.75],"texture":"#0"}}},{"from":[7.2,24,15],"to":[8.8,25,16],"rotation":{"angle":0,"axis":"y","origin":[8,32,23]},"faces":{"north":{"uv":[6.25,7.25,6.5,7.5],"texture":"#0"},"east":{"uv":[6.25,7.25,6.5,7.5],"texture":"#0"},"south":{"uv":[6.25,7.25,6.5,7.5],"texture":"#0"},"west":{"uv":[6.25,7.25,6.5,7.5],"texture":"#0"},"up":{"uv":[6.25,7.25,6.5,7.5],"texture":"#0"},"down":{"uv":[6.25,7.25,6.5,7.5],"texture":"#0"}}},{"from":[7.3,24,16],"to":[8.7,25,17],"rotation":{"angle":0,"axis":"y","origin":[8,32,24]},"faces":{"north":{"uv":[6.5,7.25,6.75,7.5],"texture":"#0"},"east":{"uv":[6.5,7.25,6.75,7.5],"texture":"#0"},"south":{"uv":[6.5,7.25,6.75,7.5],"texture":"#0"},"west":{"uv":[6.5,7.25,6.75,7.5],"texture":"#0"},"up":{"uv":[6.5,7.25,6.75,7.5],"texture":"#0"},"down":{"uv":[6.5,7.25,6.75,7.5],"texture":"#0"}}},{"from":[7.5,24,17],"to":[8.5,25,18],"rotation":{"angle":0,"axis":"y","origin":[8,32,25]},"faces":{"north":{"uv":[6.75,7.25,7,7.5],"texture":"#0"},"east":{"uv":[6.75,7.25,7,7.5],"texture":"#0"},"south":{"uv":[6.75,7.25,7,7.5],"texture":"#0"},"west":{"uv":[6.75,7.25,7,7.5],"texture":"#0"},"up":{"uv":[6.75,7.25,7,7.5],"texture":"#0"},"down":{"uv":[6.75,7.25,7,7.5],"texture":"#0"}}},{"from":[7.5,25,17],"to":[8.5,26,18],"rotation":{"angle":0,"axis":"y","origin":[8,33,25]},"faces":{"north":{"uv":[6.75,7,7,7.25],"texture":"#0"},"east":{"uv":[6.75,7,7,7.25],"texture":"#0"},"south":{"uv":[6.75,7,7,7.25],"texture":"#0"},"west":{"uv":[6.75,7,7,7.25],"texture":"#0"},"up":{"uv":[6.75,7,7,7.25],"texture":"#0"},"down":{"uv":[6.75,7,7,7.25],"texture":"#0"}}},{"from":[7.5,25,16],"to":[8.5,26,17],"rotation":{"angle":0,"axis":"y","origin":[8,33,24]},"faces":{"north":{"uv":[6.5,7,6.75,7.25],"texture":"#0"},"east":{"uv":[6.5,7,6.75,7.25],"texture":"#0"},"south":{"uv":[6.5,7,6.75,7.25],"texture":"#0"},"west":{"uv":[6.5,7,6.75,7.25],"texture":"#0"},"up":{"uv":[6.5,7,6.75,7.25],"texture":"#0"},"down":{"uv":[6.5,7,6.75,7.25],"texture":"#0"}}},{"from":[7.3,25,15],"to":[8.7,26,16],"rotation":{"angle":0,"axis":"y","origin":[8,33,23]},"faces":{"north":{"uv":[6.25,7,6.5,7.25],"texture":"#0"},"east":{"uv":[6.25,7,6.5,7.25],"texture":"#0"},"south":{"uv":[6.25,7,6.5,7.25],"texture":"#0"},"west":{"uv":[6.25,7,6.5,7.25],"texture":"#0"},"up":{"uv":[6.25,7,6.5,7.25],"texture":"#0"},"down":{"uv":[6.25,7,6.5,7.25],"texture":"#0"}}},{"from":[7.2,26,16],"to":[8.8,27,17],"rotation":{"angle":0,"axis":"y","origin":[8,34,24]},"faces":{"north":{"uv":[6.5,6.75,6.75,7],"texture":"#0"},"east":{"uv":[6.5,6.75,6.75,7],"texture":"#0"},"south":{"uv":[6.5,6.75,6.75,7],"texture":"#0"},"west":{"uv":[6.5,6.75,6.75,7],"texture":"#0"},"up":{"uv":[6.5,6.75,6.75,7],"texture":"#0"},"down":{"uv":[6.5,6.75,6.75,7],"texture":"#0"}}},{"from":[7.5,26,17],"to":[8.5,27,18],"rotation":{"angle":0,"axis":"y","origin":[8,34,25]},"faces":{"north":{"uv":[6.75,6.75,7,7],"texture":"#0"},"east":{"uv":[6.75,6.75,7,7],"texture":"#0"},"south":{"uv":[6.75,6.75,7,7],"texture":"#0"},"west":{"uv":[6.75,6.75,7,7],"texture":"#0"},"up":{"uv":[6.75,6.75,7,7],"texture":"#0"},"down":{"uv":[6.75,6.75,7,7],"texture":"#0"}}},{"from":[7.2,27,17],"to":[8.8,28,18],"rotation":{"angle":0,"axis":"y","origin":[8,35,25]},"faces":{"north":{"uv":[6.75,6.5,7,6.75],"texture":"#0"},"east":{"uv":[6.75,6.5,7,6.75],"texture":"#0"},"south":{"uv":[6.75,6.5,7,6.75],"texture":"#0"},"west":{"uv":[6.75,6.5,7,6.75],"texture":"#0"},"up":{"uv":[6.75,6.5,7,6.75],"texture":"#0"},"down":{"uv":[6.75,6.5,7,6.75],"texture":"#0"}}},{"from":[7.5,27,18],"to":[8.5,28,19],"rotation":{"angle":0,"axis":"y","origin":[8,35,26]},"faces":{"north":{"uv":[7,6.5,7.25,6.75],"texture":"#0"},"east":{"uv":[7,6.5,7.25,6.75],"texture":"#0"},"south":{"uv":[7,6.5,7.25,6.75],"texture":"#0"},"west":{"uv":[7,6.5,7.25,6.75],"texture":"#0"},"up":{"uv":[7,6.5,7.25,6.75],"texture":"#0"},"down":{"uv":[7,6.5,7.25,6.75],"texture":"#0"}}},{"from":[7.5,28,18],"to":[8.5,29,19],"rotation":{"angle":0,"axis":"y","origin":[8,36,26]},"faces":{"north":{"uv":[7,6.25,7.25,6.5],"texture":"#0"},"east":{"uv":[7,6.25,7.25,6.5],"texture":"#0"},"south":{"uv":[7,6.25,7.25,6.5],"texture":"#0"},"west":{"uv":[7,6.25,7.25,6.5],"texture":"#0"},"up":{"uv":[7,6.25,7.25,6.5],"texture":"#0"},"down":{"uv":[7,6.25,7.25,6.5],"texture":"#0"}}},{"from":[7.5,24,18],"to":[8.5,25,19],"rotation":{"angle":0,"axis":"y","origin":[8,32,26]},"faces":{"north":{"uv":[7,7.25,7.25,7.5],"texture":"#0"},"east":{"uv":[7,7.25,7.25,7.5],"texture":"#0"},"south":{"uv":[7,7.25,7.25,7.5],"texture":"#0"},"west":{"uv":[7,7.25,7.25,7.5],"texture":"#0"},"up":{"uv":[7,7.25,7.25,7.5],"texture":"#0"},"down":{"uv":[7,7.25,7.25,7.5],"texture":"#0"}}},{"from":[7.3,24,19],"to":[8.7,25,20],"rotation":{"angle":0,"axis":"y","origin":[8,32,27]},"faces":{"north":{"uv":[7.25,7.25,7.5,7.5],"texture":"#0"},"east":{"uv":[7.25,7.25,7.5,7.5],"texture":"#0"},"south":{"uv":[7.25,7.25,7.5,7.5],"texture":"#0"},"west":{"uv":[7.25,7.25,7.5,7.5],"texture":"#0"},"up":{"uv":[7.25,7.25,7.5,7.5],"texture":"#0"},"down":{"uv":[7.25,7.25,7.5,7.5],"texture":"#0"}}},{"from":[7.2,24,20],"to":[8.8,25,21],"rotation":{"angle":0,"axis":"y","origin":[8,32,28]},"faces":{"north":{"uv":[7.5,7.25,7.75,7.5],"texture":"#0"},"east":{"uv":[7.5,7.25,7.75,7.5],"texture":"#0"},"south":{"uv":[7.5,7.25,7.75,7.5],"texture":"#0"},"west":{"uv":[7.5,7.25,7.75,7.5],"texture":"#0"},"up":{"uv":[7.5,7.25,7.75,7.5],"texture":"#0"},"down":{"uv":[7.5,7.25,7.75,7.5],"texture":"#0"}}},{"from":[7.5,24,21],"to":[8.5,25,22],"rotation":{"angle":0,"axis":"y","origin":[8,32,29]},"faces":{"north":{"uv":[7.75,7.25,8,7.5],"texture":"#0"},"east":{"uv":[7.75,7.25,8,7.5],"texture":"#0"},"south":{"uv":[7.75,7.25,8,7.5],"texture":"#0"},"west":{"uv":[7.75,7.25,8,7.5],"texture":"#0"},"up":{"uv":[7.75,7.25,8,7.5],"texture":"#0"},"down":{"uv":[7.75,7.25,8,7.5],"texture":"#0"}}},{"from":[7.5,24,22],"to":[8.5,25,23],"rotation":{"angle":0,"axis":"y","origin":[8,32,30]},"faces":{"north":{"uv":[8,7.25,8.25,7.5],"texture":"#0"},"east":{"uv":[8,7.25,8.25,7.5],"texture":"#0"},"south":{"uv":[8,7.25,8.25,7.5],"texture":"#0"},"west":{"uv":[8,7.25,8.25,7.5],"texture":"#0"},"up":{"uv":[8,7.25,8.25,7.5],"texture":"#0"},"down":{"uv":[8,7.25,8.25,7.5],"texture":"#0"}}},{"from":[7.5,25,22],"to":[8.5,26,23],"rotation":{"angle":0,"axis":"y","origin":[8,33,30]},"faces":{"north":{"uv":[8,7,8.25,7.25],"texture":"#0"},"east":{"uv":[8,7,8.25,7.25],"texture":"#0"},"south":{"uv":[8,7,8.25,7.25],"texture":"#0"},"west":{"uv":[8,7,8.25,7.25],"texture":"#0"},"up":{"uv":[8,7,8.25,7.25],"texture":"#0"},"down":{"uv":[8,7,8.25,7.25],"texture":"#0"}}},{"from":[7.5,26,22],"to":[8.5,27,23],"rotation":{"angle":0,"axis":"y","origin":[8,34,30]},"faces":{"north":{"uv":[8,6.75,8.25,7],"texture":"#0"},"east":{"uv":[8,6.75,8.25,7],"texture":"#0"},"south":{"uv":[8,6.75,8.25,7],"texture":"#0"},"west":{"uv":[8,6.75,8.25,7],"texture":"#0"},"up":{"uv":[8,6.75,8.25,7],"texture":"#0"},"down":{"uv":[8,6.75,8.25,7],"texture":"#0"}}},{"from":[7.5,27,22],"to":[8.5,28,23],"rotation":{"angle":0,"axis":"y","origin":[8,35,30]},"faces":{"north":{"uv":[8,6.5,8.25,6.75],"texture":"#0"},"east":{"uv":[8,6.5,8.25,6.75],"texture":"#0"},"south":{"uv":[8,6.5,8.25,6.75],"texture":"#0"},"west":{"uv":[8,6.5,8.25,6.75],"texture":"#0"},"up":{"uv":[8,6.5,8.25,6.75],"texture":"#0"},"down":{"uv":[8,6.5,8.25,6.75],"texture":"#0"}}},{"from":[7.5,28,22],"to":[8.5,29,23],"rotation":{"angle":0,"axis":"y","origin":[8,36,30]},"faces":{"north":{"uv":[8,6.25,8.25,6.5],"texture":"#0"},"east":{"uv":[8,6.25,8.25,6.5],"texture":"#0"},"south":{"uv":[8,6.25,8.25,6.5],"texture":"#0"},"west":{"uv":[8,6.25,8.25,6.5],"texture":"#0"},"up":{"uv":[8,6.25,8.25,6.5],"texture":"#0"},"down":{"uv":[8,6.25,8.25,6.5],"texture":"#0"}}},{"from":[7.5,29,22],"to":[8.5,30,23],"rotation":{"angle":0,"axis":"y","origin":[8,37,30]},"faces":{"north":{"uv":[8,6,8.25,6.25],"texture":"#0"},"east":{"uv":[8,6,8.25,6.25],"texture":"#0"},"south":{"uv":[8,6,8.25,6.25],"texture":"#0"},"west":{"uv":[8,6,8.25,6.25],"texture":"#0"},"up":{"uv":[8,6,8.25,6.25],"texture":"#0"},"down":{"uv":[8,6,8.25,6.25],"texture":"#0"}}},{"from":[7.5,30,22],"to":[8.5,31,23],"rotation":{"angle":0,"axis":"y","origin":[8,38,30]},"faces":{"north":{"uv":[8,5.75,8.25,6],"texture":"#0"},"east":{"uv":[8,5.75,8.25,6],"texture":"#0"},"south":{"uv":[8,5.75,8.25,6],"texture":"#0"},"west":{"uv":[8,5.75,8.25,6],"texture":"#0"},"up":{"uv":[8,5.75,8.25,6],"texture":"#0"},"down":{"uv":[8,5.75,8.25,6],"texture":"#0"}}},{"from":[7.5,28,21],"to":[8.5,29,22],"rotation":{"angle":0,"axis":"y","origin":[8,36,29]},"faces":{"north":{"uv":[7.75,6.25,8,6.5],"texture":"#0"},"east":{"uv":[7.75,6.25,8,6.5],"texture":"#0"},"south":{"uv":[7.75,6.25,8,6.5],"texture":"#0"},"west":{"uv":[7.75,6.25,8,6.5],"texture":"#0"},"up":{"uv":[7.75,6.25,8,6.5],"texture":"#0"},"down":{"uv":[7.75,6.25,8,6.5],"texture":"#0"}}},{"from":[7.5,26,20],"to":[8.5,27,21],"rotation":{"angle":0,"axis":"y","origin":[8,34,28]},"faces":{"north":{"uv":[7.5,6.75,7.75,7],"texture":"#0"},"east":{"uv":[7.5,6.75,7.75,7],"texture":"#0"},"south":{"uv":[7.5,6.75,7.75,7],"texture":"#0"},"west":{"uv":[7.5,6.75,7.75,7],"texture":"#0"},"up":{"uv":[7.5,6.75,7.75,7],"texture":"#0"},"down":{"uv":[7.5,6.75,7.75,7],"texture":"#0"}}},{"from":[7.2,26,21],"to":[8.8,27,22],"rotation":{"angle":0,"axis":"y","origin":[8,34,29]},"faces":{"north":{"uv":[7.75,6.75,8,7],"texture":"#0"},"east":{"uv":[7.75,6.75,8,7],"texture":"#0"},"south":{"uv":[7.75,6.75,8,7],"texture":"#0"},"west":{"uv":[7.75,6.75,8,7],"texture":"#0"},"up":{"uv":[7.75,6.75,8,7],"texture":"#0"},"down":{"uv":[7.75,6.75,8,7],"texture":"#0"}}},{"from":[7.2,25,21],"to":[8.8,26,22],"rotation":{"angle":0,"axis":"y","origin":[8,33,29]},"faces":{"north":{"uv":[7.75,7,8,7.25],"texture":"#0"},"east":{"uv":[7.75,7,8,7.25],"texture":"#0"},"south":{"uv":[7.75,7,8,7.25],"texture":"#0"},"west":{"uv":[7.75,7,8,7.25],"texture":"#0"},"up":{"uv":[7.75,7,8,7.25],"texture":"#0"},"down":{"uv":[7.75,7,8,7.25],"texture":"#0"}}},{"from":[7.3,25,20],"to":[8.7,26,21],"rotation":{"angle":0,"axis":"y","origin":[8,33,28]},"faces":{"north":{"uv":[7.5,7,7.75,7.25],"texture":"#0"},"east":{"uv":[7.5,7,7.75,7.25],"texture":"#0"},"south":{"uv":[7.5,7,7.75,7.25],"texture":"#0"},"west":{"uv":[7.5,7,7.75,7.25],"texture":"#0"},"up":{"uv":[7.5,7,7.75,7.25],"texture":"#0"},"down":{"uv":[7.5,7,7.75,7.25],"texture":"#0"}}},{"from":[7.5,25,19],"to":[8.5,26,20],"rotation":{"angle":0,"axis":"y","origin":[8,33,27]},"faces":{"north":{"uv":[7.25,7,7.5,7.25],"texture":"#0"},"east":{"uv":[7.25,7,7.5,7.25],"texture":"#0"},"south":{"uv":[7.25,7,7.5,7.25],"texture":"#0"},"west":{"uv":[7.25,7,7.5,7.25],"texture":"#0"},"up":{"uv":[7.25,7,7.5,7.25],"texture":"#0"},"down":{"uv":[7.25,7,7.5,7.25],"texture":"#0"}}},{"from":[7.3,27,21],"to":[8.7,28,22],"rotation":{"angle":0,"axis":"y","origin":[8,35,29]},"faces":{"north":{"uv":[7.75,6.5,8,6.75],"texture":"#0"},"east":{"uv":[7.75,6.5,8,6.75],"texture":"#0"},"south":{"uv":[7.75,6.5,8,6.75],"texture":"#0"},"west":{"uv":[7.75,6.5,8,6.75],"texture":"#0"},"up":{"uv":[7.75,6.5,8,6.75],"texture":"#0"},"down":{"uv":[7.75,6.5,8,6.75],"texture":"#0"}}},{"from":[7.5,17,14],"to":[8.5,18,15],"rotation":{"angle":0,"axis":"y","origin":[8,25,22]},"faces":{"north":{"uv":[6,9,6.25,9.25],"texture":"#0"},"east":{"uv":[6,9,6.25,9.25],"texture":"#0"},"south":{"uv":[6,9,6.25,9.25],"texture":"#0"},"west":{"uv":[6,9,6.25,9.25],"texture":"#0"},"up":{"uv":[6,9,6.25,9.25],"texture":"#0"},"down":{"uv":[6,9,6.25,9.25],"texture":"#0"}}},{"from":[7.5,16,13],"to":[8.5,17,14],"rotation":{"angle":0,"axis":"y","origin":[8,24,21]},"faces":{"north":{"uv":[5.75,9.25,6,9.5],"texture":"#0"},"east":{"uv":[5.75,9.25,6,9.5],"texture":"#0"},"south":{"uv":[5.75,9.25,6,9.5],"texture":"#0"},"west":{"uv":[5.75,9.25,6,9.5],"texture":"#0"},"up":{"uv":[5.75,9.25,6,9.5],"texture":"#0"},"down":{"uv":[5.75,9.25,6,9.5],"texture":"#0"}}},{"from":[7.5,15,12],"to":[8.5,16,13],"rotation":{"angle":0,"axis":"y","origin":[8,23,20]},"faces":{"north":{"uv":[5.5,9.5,5.75,9.75],"texture":"#0"},"east":{"uv":[5.5,9.5,5.75,9.75],"texture":"#0"},"south":{"uv":[5.5,9.5,5.75,9.75],"texture":"#0"},"west":{"uv":[5.5,9.5,5.75,9.75],"texture":"#0"},"up":{"uv":[5.5,9.5,5.75,9.75],"texture":"#0"},"down":{"uv":[5.5,9.5,5.75,9.75],"texture":"#0"}}},{"from":[7.5,14,11],"to":[8.5,15,12],"rotation":{"angle":0,"axis":"y","origin":[8,22,19]},"faces":{"north":{"uv":[5.25,9.75,5.5,10],"texture":"#0"},"east":{"uv":[5.25,9.75,5.5,10],"texture":"#0"},"south":{"uv":[5.25,9.75,5.5,10],"texture":"#0"},"west":{"uv":[5.25,9.75,5.5,10],"texture":"#0"},"up":{"uv":[5.25,9.75,5.5,10],"texture":"#0"},"down":{"uv":[5.25,9.75,5.5,10],"texture":"#0"}}},{"from":[7.5,13,10],"to":[8.5,14,11],"rotation":{"angle":0,"axis":"y","origin":[8,21,18]},"faces":{"north":{"uv":[5,10,5.25,10.25],"texture":"#0"},"east":{"uv":[5,10,5.25,10.25],"texture":"#0"},"south":{"uv":[5,10,5.25,10.25],"texture":"#0"},"west":{"uv":[5,10,5.25,10.25],"texture":"#0"},"up":{"uv":[5,10,5.25,10.25],"texture":"#0"},"down":{"uv":[5,10,5.25,10.25],"texture":"#0"}}},{"from":[7.5,12,9],"to":[8.5,13,10],"rotation":{"angle":0,"axis":"y","origin":[8,20,17]},"faces":{"north":{"uv":[4.75,10.25,5,10.5],"texture":"#0"},"east":{"uv":[4.75,10.25,5,10.5],"texture":"#0"},"south":{"uv":[4.75,10.25,5,10.5],"texture":"#0"},"west":{"uv":[4.75,10.25,5,10.5],"texture":"#0"},"up":{"uv":[4.75,10.25,5,10.5],"texture":"#0"},"down":{"uv":[4.75,10.25,5,10.5],"texture":"#0"}}},{"from":[7.5,11,8],"to":[8.5,12,9],"rotation":{"angle":0,"axis":"y","origin":[8,19,16]},"faces":{"north":{"uv":[4.5,10.5,4.75,10.75],"texture":"#0"},"east":{"uv":[4.5,10.5,4.75,10.75],"texture":"#0"},"south":{"uv":[4.5,10.5,4.75,10.75],"texture":"#0"},"west":{"uv":[4.5,10.5,4.75,10.75],"texture":"#0"},"up":{"uv":[4.5,10.5,4.75,10.75],"texture":"#0"},"down":{"uv":[4.5,10.5,4.75,10.75],"texture":"#0"}}},{"from":[7.5,10,7],"to":[8.5,11,8],"rotation":{"angle":0,"axis":"y","origin":[8,18,15]},"faces":{"north":{"uv":[4.25,10.75,4.5,11],"texture":"#0"},"east":{"uv":[4.25,10.75,4.5,11],"texture":"#0"},"south":{"uv":[4.25,10.75,4.5,11],"texture":"#0"},"west":{"uv":[4.25,10.75,4.5,11],"texture":"#0"},"up":{"uv":[4.25,10.75,4.5,11],"texture":"#0"},"down":{"uv":[4.25,10.75,4.5,11],"texture":"#0"}}},{"from":[7.5,9,6],"to":[8.5,10,7],"rotation":{"angle":0,"axis":"y","origin":[8,17,14]},"faces":{"north":{"uv":[4,11,4.25,11.25],"texture":"#0"},"east":{"uv":[4,11,4.25,11.25],"texture":"#0"},"south":{"uv":[4,11,4.25,11.25],"texture":"#0"},"west":{"uv":[4,11,4.25,11.25],"texture":"#0"},"up":{"uv":[4,11,4.25,11.25],"texture":"#0"},"down":{"uv":[4,11,4.25,11.25],"texture":"#0"}}},{"from":[7.5,8,5],"to":[8.5,9,6],"rotation":{"angle":0,"axis":"y","origin":[8,16,13]},"faces":{"north":{"uv":[3.75,11.25,4,11.5],"texture":"#0"},"east":{"uv":[3.75,11.25,4,11.5],"texture":"#0"},"south":{"uv":[3.75,11.25,4,11.5],"texture":"#0"},"west":{"uv":[3.75,11.25,4,11.5],"texture":"#0"},"up":{"uv":[3.75,11.25,4,11.5],"texture":"#0"},"down":{"uv":[3.75,11.25,4,11.5],"texture":"#0"}}},{"from":[7.5,7,4],"to":[8.5,8,5],"rotation":{"angle":0,"axis":"y","origin":[8,15,12]},"faces":{"north":{"uv":[3.5,11.5,3.75,11.75],"texture":"#0"},"east":{"uv":[3.5,11.5,3.75,11.75],"texture":"#0"},"south":{"uv":[3.5,11.5,3.75,11.75],"texture":"#0"},"west":{"uv":[3.5,11.5,3.75,11.75],"texture":"#0"},"up":{"uv":[3.5,11.5,3.75,11.75],"texture":"#0"},"down":{"uv":[3.5,11.5,3.75,11.75],"texture":"#0"}}},{"from":[7.5,6,3],"to":[8.5,7,4],"rotation":{"angle":0,"axis":"y","origin":[8,14,11]},"faces":{"north":{"uv":[3.25,11.75,3.5,12],"texture":"#0"},"east":{"uv":[3.25,11.75,3.5,12],"texture":"#0"},"south":{"uv":[3.25,11.75,3.5,12],"texture":"#0"},"west":{"uv":[3.25,11.75,3.5,12],"texture":"#0"},"up":{"uv":[3.25,11.75,3.5,12],"texture":"#0"},"down":{"uv":[3.25,11.75,3.5,12],"texture":"#0"}}},{"from":[7.5,5,2],"to":[8.5,6,3],"rotation":{"angle":0,"axis":"y","origin":[8,13,10]},"faces":{"north":{"uv":[3,12,3.25,12.25],"texture":"#0"},"east":{"uv":[3,12,3.25,12.25],"texture":"#0"},"south":{"uv":[3,12,3.25,12.25],"texture":"#0"},"west":{"uv":[3,12,3.25,12.25],"texture":"#0"},"up":{"uv":[3,12,3.25,12.25],"texture":"#0"},"down":{"uv":[3,12,3.25,12.25],"texture":"#0"}}},{"from":[7.5,4,1],"to":[8.5,5,2],"rotation":{"angle":0,"axis":"y","origin":[8,12,9]},"faces":{"north":{"uv":[2.75,12.25,3,12.5],"texture":"#0"},"east":{"uv":[2.75,12.25,3,12.5],"texture":"#0"},"south":{"uv":[2.75,12.25,3,12.5],"texture":"#0"},"west":{"uv":[2.75,12.25,3,12.5],"texture":"#0"},"up":{"uv":[2.75,12.25,3,12.5],"texture":"#0"},"down":{"uv":[2.75,12.25,3,12.5],"texture":"#0"}}},{"from":[7.5,4,-1],"to":[8.5,5,0],"rotation":{"angle":0,"axis":"y","origin":[8,12,7]},"faces":{"north":{"uv":[2.25,12.25,2.5,12.5],"texture":"#0"},"east":{"uv":[2.25,12.25,2.5,12.5],"texture":"#0"},"south":{"uv":[2.25,12.25,2.5,12.5],"texture":"#0"},"west":{"uv":[2.25,12.25,2.5,12.5],"texture":"#0"},"up":{"uv":[2.25,12.25,2.5,12.5],"texture":"#0"},"down":{"uv":[2.25,12.25,2.5,12.5],"texture":"#0"}}},{"from":[7.3,0,-3],"to":[8.7,1,-2],"rotation":{"angle":0,"axis":"y","origin":[8,8,5]},"faces":{"north":{"uv":[1.75,13.25,2,13.5],"texture":"#0"},"east":{"uv":[1.75,13.25,2,13.5],"texture":"#0"},"south":{"uv":[1.75,13.25,2,13.5],"texture":"#0"},"west":{"uv":[1.75,13.25,2,13.5],"texture":"#0"},"up":{"uv":[1.75,13.25,2,13.5],"texture":"#0"},"down":{"uv":[1.75,13.25,2,13.5],"texture":"#0"}}},{"from":[7.2,0,-2],"to":[8.8,1,-1],"rotation":{"angle":0,"axis":"y","origin":[8,8,6]},"faces":{"north":{"uv":[2,13.25,2.25,13.5],"texture":"#0"},"east":{"uv":[2,13.25,2.25,13.5],"texture":"#0"},"south":{"uv":[2,13.25,2.25,13.5],"texture":"#0"},"west":{"uv":[2,13.25,2.25,13.5],"texture":"#0"},"up":{"uv":[2,13.25,2.25,13.5],"texture":"#0"},"down":{"uv":[2,13.25,2.25,13.5],"texture":"#0"}}},{"from":[7.3,0,-1],"to":[8.7,1,0],"rotation":{"angle":0,"axis":"y","origin":[8,8,7]},"faces":{"north":{"uv":[2.25,13.25,2.5,13.5],"texture":"#0"},"east":{"uv":[2.25,13.25,2.5,13.5],"texture":"#0"},"south":{"uv":[2.25,13.25,2.5,13.5],"texture":"#0"},"west":{"uv":[2.25,13.25,2.5,13.5],"texture":"#0"},"up":{"uv":[2.25,13.25,2.5,13.5],"texture":"#0"},"down":{"uv":[2.25,13.25,2.5,13.5],"texture":"#0"}}},{"from":[7.2,0,0],"to":[8.8,1,1],"faces":{"north":{"uv":[2.5,13.25,2.75,13.5],"texture":"#0"},"east":{"uv":[2.5,13.25,2.75,13.5],"texture":"#0"},"south":{"uv":[2.5,13.25,2.75,13.5],"texture":"#0"},"west":{"uv":[2.5,13.25,2.75,13.5],"texture":"#0"},"up":{"uv":[2.5,13.25,2.75,13.5],"texture":"#0"},"down":{"uv":[2.5,13.25,2.75,13.5],"texture":"#0"}}},{"from":[7.5,1,0],"to":[8.5,2,1],"rotation":{"angle":0,"axis":"y","origin":[8,9,8]},"faces":{"north":{"uv":[2.5,13,2.75,13.25],"texture":"#0"},"east":{"uv":[2.5,13,2.75,13.25],"texture":"#0"},"south":{"uv":[2.5,13,2.75,13.25],"texture":"#0"},"west":{"uv":[2.5,13,2.75,13.25],"texture":"#0"},"up":{"uv":[2.5,13,2.75,13.25],"texture":"#0"},"down":{"uv":[2.5,13,2.75,13.25],"texture":"#0"}}},{"from":[7.5,-1,0],"to":[8.5,0,1],"rotation":{"angle":0,"axis":"y","origin":[8,7,8]},"faces":{"north":{"uv":[2.5,13.5,2.75,13.75],"texture":"#0"},"east":{"uv":[2.5,13.5,2.75,13.75],"texture":"#0"},"south":{"uv":[2.5,13.5,2.75,13.75],"texture":"#0"},"west":{"uv":[2.5,13.5,2.75,13.75],"texture":"#0"},"up":{"uv":[2.5,13.5,2.75,13.75],"texture":"#0"},"down":{"uv":[2.5,13.5,2.75,13.75],"texture":"#0"}}},{"from":[7.5,0,1],"to":[8.5,1,2],"rotation":{"angle":0,"axis":"y","origin":[8,8,9]},"faces":{"north":{"uv":[2.75,13.25,3,13.5],"texture":"#0"},"east":{"uv":[2.75,13.25,3,13.5],"texture":"#0"},"south":{"uv":[2.75,13.25,3,13.5],"texture":"#0"},"west":{"uv":[2.75,13.25,3,13.5],"texture":"#0"},"up":{"uv":[2.75,13.25,3,13.5],"texture":"#0"},"down":{"uv":[2.75,13.25,3,13.5],"texture":"#0"}}},{"from":[7.3,-1,-4],"to":[8.7,0,-3],"rotation":{"angle":0,"axis":"y","origin":[8,7,4]},"faces":{"north":{"uv":[1.5,13.5,1.75,13.75],"texture":"#0"},"east":{"uv":[1.5,13.5,1.75,13.75],"texture":"#0"},"south":{"uv":[1.5,13.5,1.75,13.75],"texture":"#0"},"west":{"uv":[1.5,13.5,1.75,13.75],"texture":"#0"},"up":{"uv":[1.5,13.5,1.75,13.75],"texture":"#0"},"down":{"uv":[1.5,13.5,1.75,13.75],"texture":"#0"}}},{"from":[7.2,-1,-3],"to":[8.8,0,-2],"rotation":{"angle":0,"axis":"y","origin":[8,7,5]},"faces":{"north":{"uv":[1.75,13.5,2,13.75],"texture":"#0"},"east":{"uv":[1.75,13.5,2,13.75],"texture":"#0"},"south":{"uv":[1.75,13.5,2,13.75],"texture":"#0"},"west":{"uv":[1.75,13.5,2,13.75],"texture":"#0"},"up":{"uv":[1.75,13.5,2,13.75],"texture":"#0"},"down":{"uv":[1.75,13.5,2,13.75],"texture":"#0"}}},{"from":[7.5,-1,-2],"to":[8.5,0,-1],"rotation":{"angle":0,"axis":"y","origin":[8,7,6]},"faces":{"north":{"uv":[2,13.5,2.25,13.75],"texture":"#0"},"east":{"uv":[2,13.5,2.25,13.75],"texture":"#0"},"south":{"uv":[2,13.5,2.25,13.75],"texture":"#0"},"west":{"uv":[2,13.5,2.25,13.75],"texture":"#0"},"up":{"uv":[2,13.5,2.25,13.75],"texture":"#0"},"down":{"uv":[2,13.5,2.25,13.75],"texture":"#0"}}},{"from":[7.5,-1,-1],"to":[8.5,0,0],"rotation":{"angle":0,"axis":"y","origin":[8,7,7]},"faces":{"north":{"uv":[2.25,13.5,2.5,13.75],"texture":"#0"},"east":{"uv":[2.25,13.5,2.5,13.75],"texture":"#0"},"south":{"uv":[2.25,13.5,2.5,13.75],"texture":"#0"},"west":{"uv":[2.25,13.5,2.5,13.75],"texture":"#0"},"up":{"uv":[2.25,13.5,2.5,13.75],"texture":"#0"},"down":{"uv":[2.25,13.5,2.5,13.75],"texture":"#0"}}},{"from":[7.3,0,-7],"to":[8.7,1,-6],"rotation":{"angle":0,"axis":"y","origin":[8,8,1]},"faces":{"north":{"uv":[0.75,13.25,1,13.5],"texture":"#0"},"east":{"uv":[0.75,13.25,1,13.5],"texture":"#0"},"south":{"uv":[0.75,13.25,1,13.5],"texture":"#0"},"west":{"uv":[0.75,13.25,1,13.5],"texture":"#0"},"up":{"uv":[0.75,13.25,1,13.5],"texture":"#0"},"down":{"uv":[0.75,13.25,1,13.5],"texture":"#0"}}},{"from":[7.5,-3,-1],"to":[8.5,-2,0],"rotation":{"angle":0,"axis":"y","origin":[8,5,7]},"faces":{"north":{"uv":[2.25,14,2.5,14.25],"texture":"#0"},"east":{"uv":[2.25,14,2.5,14.25],"texture":"#0"},"south":{"uv":[2.25,14,2.5,14.25],"texture":"#0"},"west":{"uv":[2.25,14,2.5,14.25],"texture":"#0"},"up":{"uv":[2.25,14,2.5,14.25],"texture":"#0"},"down":{"uv":[2.25,14,2.5,14.25],"texture":"#0"}}}]}