{"display":{"thirdperson_righthand":{"rotation":[0,135,-90],"translation":[0,-2,-7]},"thirdperson_lefthand":{"rotation":[0,135,-90],"translation":[0,-2,-7]},"firstperson_righthand":{"rotation":[0,135,-90],"translation":[0,1,-7],"scale":[2,2,2]},"firstperson_lefthand":{"rotation":[0,135,-90],"translation":[0,1,-7],"scale":[2,2,2]},"ground":{"scale":[0.6,0.6,0.6]},"gui":{"rotation":[0,90,0]},"fixed":{"rotation":[0,-90,0]}},"gui_light":"front","textures":{"0":"item/diamond_sword/27","particle":"item/diamond_sword/27"},"elements":[{"from":[7.5,2,0],"to":[8.5,3,1],"rotation":{"angle":0,"axis":"y","origin":[8,10,8]},"faces":{"north":{"uv":[2,11,3,12],"texture":"#0"},"east":{"uv":[2,11,3,12],"texture":"#0"},"south":{"uv":[2,11,3,12],"texture":"#0"},"west":{"uv":[2,11,3,12],"texture":"#0"},"up":{"uv":[2,11,3,12],"texture":"#0"},"down":{"uv":[2,11,3,12],"texture":"#0"}}},{"from":[7.5,3,1],"to":[8.5,4,2],"rotation":{"angle":0,"axis":"y","origin":[8,11,9]},"faces":{"north":{"uv":[3,10,4,11],"texture":"#0"},"east":{"uv":[3,10,4,11],"texture":"#0"},"south":{"uv":[3,10,4,11],"texture":"#0"},"west":{"uv":[3,10,4,11],"texture":"#0"},"up":{"uv":[3,10,4,11],"texture":"#0"},"down":{"uv":[3,10,4,11],"texture":"#0"}}},{"from":[7.3,4,1],"to":[8.7,5,2],"rotation":{"angle":0,"axis":"y","origin":[8,12,9]},"faces":{"north":{"uv":[3,9,4,10],"texture":"#0"},"east":{"uv":[3,9,4,10],"texture":"#0"},"south":{"uv":[3,9,4,10],"texture":"#0"},"west":{"uv":[3,9,4,10],"texture":"#0"},"up":{"uv":[3,9,4,10],"texture":"#0"},"down":{"uv":[3,9,4,10],"texture":"#0"}}},{"from":[7.5,5,1],"to":[8.5,6,2],"rotation":{"angle":0,"axis":"y","origin":[8,13,9]},"faces":{"north":{"uv":[3,8,4,9],"texture":"#0"},"east":{"uv":[3,8,4,9],"texture":"#0"},"south":{"uv":[3,8,4,9],"texture":"#0"},"west":{"uv":[3,8,4,9],"texture":"#0"},"up":{"uv":[3,8,4,9],"texture":"#0"},"down":{"uv":[3,8,4,9],"texture":"#0"}}},{"from":[7.5,5,2],"to":[8.5,6,3],"rotation":{"angle":0,"axis":"y","origin":[8,13,10]},"faces":{"north":{"uv":[4,8,5,9],"texture":"#0"},"east":{"uv":[4,8,5,9],"texture":"#0"},"south":{"uv":[4,8,5,9],"texture":"#0"},"west":{"uv":[4,8,5,9],"texture":"#0"},"up":{"uv":[4,8,5,9],"texture":"#0"},"down":{"uv":[4,8,5,9],"texture":"#0"}}},{"from":[7.3,5,3],"to":[8.7,6,4],"rotation":{"angle":0,"axis":"y","origin":[8,13,11]},"faces":{"north":{"uv":[5,8,6,9],"texture":"#0"},"east":{"uv":[5,8,6,9],"texture":"#0"},"south":{"uv":[5,8,6,9],"texture":"#0"},"west":{"uv":[5,8,6,9],"texture":"#0"},"up":{"uv":[5,8,6,9],"texture":"#0"},"down":{"uv":[5,8,6,9],"texture":"#0"}}},{"from":[7.2,4,3],"to":[8.8,5,4],"rotation":{"angle":0,"axis":"y","origin":[8,12,11]},"faces":{"north":{"uv":[5,9,6,10],"texture":"#0"},"east":{"uv":[5,9,6,10],"texture":"#0"},"south":{"uv":[5,9,6,10],"texture":"#0"},"west":{"uv":[5,9,6,10],"texture":"#0"},"up":{"uv":[5,9,6,10],"texture":"#0"},"down":{"uv":[5,9,6,10],"texture":"#0"}}},{"from":[7.2,4,4],"to":[8.8,5,5],"rotation":{"angle":0,"axis":"y","origin":[8,12,12]},"faces":{"north":{"uv":[6,9,7,10],"texture":"#0"},"east":{"uv":[6,9,7,10],"texture":"#0"},"south":{"uv":[6,9,7,10],"texture":"#0"},"west":{"uv":[6,9,7,10],"texture":"#0"},"up":{"uv":[6,9,7,10],"texture":"#0"},"down":{"uv":[6,9,7,10],"texture":"#0"}}},{"from":[7.2,3,4],"to":[8.8,4,5],"rotation":{"angle":0,"axis":"y","origin":[8,11,12]},"faces":{"north":{"uv":[6,10,7,11],"texture":"#0"},"east":{"uv":[6,10,7,11],"texture":"#0"},"south":{"uv":[6,10,7,11],"texture":"#0"},"west":{"uv":[6,10,7,11],"texture":"#0"},"up":{"uv":[6,10,7,11],"texture":"#0"},"down":{"uv":[6,10,7,11],"texture":"#0"}}},{"from":[7.2,2,4],"to":[8.8,3,5],"rotation":{"angle":0,"axis":"y","origin":[8,10,12]},"faces":{"north":{"uv":[6,11,7,12],"texture":"#0"},"east":{"uv":[6,11,7,12],"texture":"#0"},"south":{"uv":[6,11,7,12],"texture":"#0"},"west":{"uv":[6,11,7,12],"texture":"#0"},"up":{"uv":[6,11,7,12],"texture":"#0"},"down":{"uv":[6,11,7,12],"texture":"#0"}}},{"from":[7.3,1,4],"to":[8.7,2,5],"rotation":{"angle":0,"axis":"y","origin":[8,9,12]},"faces":{"north":{"uv":[6,12,7,13],"texture":"#0"},"east":{"uv":[6,12,7,13],"texture":"#0"},"south":{"uv":[6,12,7,13],"texture":"#0"},"west":{"uv":[6,12,7,13],"texture":"#0"},"up":{"uv":[6,12,7,13],"texture":"#0"},"down":{"uv":[6,12,7,13],"texture":"#0"}}},{"from":[7.5,1,5],"to":[8.5,2,6],"rotation":{"angle":0,"axis":"y","origin":[8,9,13]},"faces":{"north":{"uv":[7,12,8,13],"texture":"#0"},"east":{"uv":[7,12,8,13],"texture":"#0"},"south":{"uv":[7,12,8,13],"texture":"#0"},"west":{"uv":[7,12,8,13],"texture":"#0"},"up":{"uv":[7,12,8,13],"texture":"#0"},"down":{"uv":[7,12,8,13],"texture":"#0"}}},{"from":[7.5,2,5],"to":[8.5,3,6],"rotation":{"angle":0,"axis":"y","origin":[8,10,13]},"faces":{"north":{"uv":[7,11,8,12],"texture":"#0"},"east":{"uv":[7,11,8,12],"texture":"#0"},"south":{"uv":[7,11,8,12],"texture":"#0"},"west":{"uv":[7,11,8,12],"texture":"#0"},"up":{"uv":[7,11,8,12],"texture":"#0"},"down":{"uv":[7,11,8,12],"texture":"#0"}}},{"from":[7.3,3,5],"to":[8.7,4,6],"rotation":{"angle":0,"axis":"y","origin":[8,11,13]},"faces":{"north":{"uv":[7,10,8,11],"texture":"#0"},"east":{"uv":[7,10,8,11],"texture":"#0"},"south":{"uv":[7,10,8,11],"texture":"#0"},"west":{"uv":[7,10,8,11],"texture":"#0"},"up":{"uv":[7,10,8,11],"texture":"#0"},"down":{"uv":[7,10,8,11],"texture":"#0"}}},{"from":[7.5,3,6],"to":[8.5,4,7],"rotation":{"angle":0,"axis":"y","origin":[8,11,14]},"faces":{"north":{"uv":[8,10,9,11],"texture":"#0"},"east":{"uv":[8,10,9,11],"texture":"#0"},"south":{"uv":[8,10,9,11],"texture":"#0"},"west":{"uv":[8,10,9,11],"texture":"#0"},"up":{"uv":[8,10,9,11],"texture":"#0"},"down":{"uv":[8,10,9,11],"texture":"#0"}}},{"from":[7.2,4,6],"to":[8.8,5,7],"rotation":{"angle":0,"axis":"y","origin":[8,12,14]},"faces":{"north":{"uv":[8,9,9,10],"texture":"#0"},"east":{"uv":[8,9,9,10],"texture":"#0"},"south":{"uv":[8,9,9,10],"texture":"#0"},"west":{"uv":[8,9,9,10],"texture":"#0"},"up":{"uv":[8,9,9,10],"texture":"#0"},"down":{"uv":[8,9,9,10],"texture":"#0"}}},{"from":[7.2,4,5],"to":[8.8,5,6],"rotation":{"angle":0,"axis":"y","origin":[8,12,13]},"faces":{"north":{"uv":[7,9,8,10],"texture":"#0"},"east":{"uv":[7,9,8,10],"texture":"#0"},"south":{"uv":[7,9,8,10],"texture":"#0"},"west":{"uv":[7,9,8,10],"texture":"#0"},"up":{"uv":[7,9,8,10],"texture":"#0"},"down":{"uv":[7,9,8,10],"texture":"#0"}}},{"from":[7.5,5,5],"to":[8.5,6,6],"rotation":{"angle":0,"axis":"y","origin":[8,13,13]},"faces":{"north":{"uv":[7,8,8,9],"texture":"#0"},"east":{"uv":[7,8,8,9],"texture":"#0"},"south":{"uv":[7,8,8,9],"texture":"#0"},"west":{"uv":[7,8,8,9],"texture":"#0"},"up":{"uv":[7,8,8,9],"texture":"#0"},"down":{"uv":[7,8,8,9],"texture":"#0"}}},{"from":[7.2,5,4],"to":[8.8,6,5],"rotation":{"angle":0,"axis":"y","origin":[8,13,12]},"faces":{"north":{"uv":[6,8,7,9],"texture":"#0"},"east":{"uv":[6,8,7,9],"texture":"#0"},"south":{"uv":[6,8,7,9],"texture":"#0"},"west":{"uv":[6,8,7,9],"texture":"#0"},"up":{"uv":[6,8,7,9],"texture":"#0"},"down":{"uv":[6,8,7,9],"texture":"#0"}}},{"from":[7.5,4,7],"to":[8.5,5,8],"rotation":{"angle":0,"axis":"y","origin":[8,12,15]},"faces":{"north":{"uv":[9,9,10,10],"texture":"#0"},"east":{"uv":[9,9,10,10],"texture":"#0"},"south":{"uv":[9,9,10,10],"texture":"#0"},"west":{"uv":[9,9,10,10],"texture":"#0"},"up":{"uv":[9,9,10,10],"texture":"#0"},"down":{"uv":[9,9,10,10],"texture":"#0"}}},{"from":[7.5,4,8],"to":[8.5,5,9],"rotation":{"angle":0,"axis":"y","origin":[8,12,16]},"faces":{"north":{"uv":[10,9,11,10],"texture":"#0"},"east":{"uv":[10,9,11,10],"texture":"#0"},"south":{"uv":[10,9,11,10],"texture":"#0"},"west":{"uv":[10,9,11,10],"texture":"#0"},"up":{"uv":[10,9,11,10],"texture":"#0"},"down":{"uv":[10,9,11,10],"texture":"#0"}}},{"from":[7.2,5,8],"to":[8.8,6,9],"rotation":{"angle":0,"axis":"y","origin":[8,13,16]},"faces":{"north":{"uv":[10,8,11,9],"texture":"#0"},"east":{"uv":[10,8,11,9],"texture":"#0"},"south":{"uv":[10,8,11,9],"texture":"#0"},"west":{"uv":[10,8,11,9],"texture":"#0"},"up":{"uv":[10,8,11,9],"texture":"#0"},"down":{"uv":[10,8,11,9],"texture":"#0"}}},{"from":[7.2,5,7],"to":[8.8,6,8],"rotation":{"angle":0,"axis":"y","origin":[8,13,15]},"faces":{"north":{"uv":[9,8,10,9],"texture":"#0"},"east":{"uv":[9,8,10,9],"texture":"#0"},"south":{"uv":[9,8,10,9],"texture":"#0"},"west":{"uv":[9,8,10,9],"texture":"#0"},"up":{"uv":[9,8,10,9],"texture":"#0"},"down":{"uv":[9,8,10,9],"texture":"#0"}}},{"from":[7.5,5,9],"to":[8.5,6,10],"rotation":{"angle":0,"axis":"y","origin":[8,13,17]},"faces":{"north":{"uv":[11,8,12,9],"texture":"#0"},"east":{"uv":[11,8,12,9],"texture":"#0"},"south":{"uv":[11,8,12,9],"texture":"#0"},"west":{"uv":[11,8,12,9],"texture":"#0"},"up":{"uv":[11,8,12,9],"texture":"#0"},"down":{"uv":[11,8,12,9],"texture":"#0"}}},{"from":[7.2,6,9],"to":[8.8,7,10],"rotation":{"angle":0,"axis":"y","origin":[8,14,17]},"faces":{"north":{"uv":[11,7,12,8],"texture":"#0"},"east":{"uv":[11,7,12,8],"texture":"#0"},"south":{"uv":[11,7,12,8],"texture":"#0"},"west":{"uv":[11,7,12,8],"texture":"#0"},"up":{"uv":[11,7,12,8],"texture":"#0"},"down":{"uv":[11,7,12,8],"texture":"#0"}}},{"from":[7.2,6,8],"to":[8.8,7,9],"rotation":{"angle":0,"axis":"y","origin":[8,14,16]},"faces":{"north":{"uv":[10,7,11,8],"texture":"#0"},"east":{"uv":[10,7,11,8],"texture":"#0"},"south":{"uv":[10,7,11,8],"texture":"#0"},"west":{"uv":[10,7,11,8],"texture":"#0"},"up":{"uv":[10,7,11,8],"texture":"#0"},"down":{"uv":[10,7,11,8],"texture":"#0"}}},{"from":[7.5,6,10],"to":[8.5,7,11],"rotation":{"angle":0,"axis":"y","origin":[8,14,18]},"faces":{"north":{"uv":[12,7,13,8],"texture":"#0"},"east":{"uv":[12,7,13,8],"texture":"#0"},"south":{"uv":[12,7,13,8],"texture":"#0"},"west":{"uv":[12,7,13,8],"texture":"#0"},"up":{"uv":[12,7,13,8],"texture":"#0"},"down":{"uv":[12,7,13,8],"texture":"#0"}}},{"from":[7.5,7,10],"to":[8.5,8,11],"rotation":{"angle":0,"axis":"y","origin":[8,15,18]},"faces":{"north":{"uv":[12,6,13,7],"texture":"#0"},"east":{"uv":[12,6,13,7],"texture":"#0"},"south":{"uv":[12,6,13,7],"texture":"#0"},"west":{"uv":[12,6,13,7],"texture":"#0"},"up":{"uv":[12,6,13,7],"texture":"#0"},"down":{"uv":[12,6,13,7],"texture":"#0"}}},{"from":[7.2,7,9],"to":[8.8,8,10],"rotation":{"angle":0,"axis":"y","origin":[8,15,17]},"faces":{"north":{"uv":[11,6,12,7],"texture":"#0"},"east":{"uv":[11,6,12,7],"texture":"#0"},"south":{"uv":[11,6,12,7],"texture":"#0"},"west":{"uv":[11,6,12,7],"texture":"#0"},"up":{"uv":[11,6,12,7],"texture":"#0"},"down":{"uv":[11,6,12,7],"texture":"#0"}}},{"from":[7.5,0,4],"to":[8.5,1,5],"rotation":{"angle":0,"axis":"y","origin":[8,8,12]},"faces":{"north":{"uv":[6,13,7,14],"texture":"#0"},"east":{"uv":[6,13,7,14],"texture":"#0"},"south":{"uv":[6,13,7,14],"texture":"#0"},"west":{"uv":[6,13,7,14],"texture":"#0"},"up":{"uv":[6,13,7,14],"texture":"#0"},"down":{"uv":[6,13,7,14],"texture":"#0"}}},{"from":[7.5,6,3],"to":[8.5,7,4],"rotation":{"angle":0,"axis":"y","origin":[8,14,11]},"faces":{"north":{"uv":[5,7,6,8],"texture":"#0"},"east":{"uv":[5,7,6,8],"texture":"#0"},"south":{"uv":[5,7,6,8],"texture":"#0"},"west":{"uv":[5,7,6,8],"texture":"#0"},"up":{"uv":[5,7,6,8],"texture":"#0"},"down":{"uv":[5,7,6,8],"texture":"#0"}}},{"from":[7.3,6,4],"to":[8.7,7,5],"rotation":{"angle":0,"axis":"y","origin":[8,14,12]},"faces":{"north":{"uv":[6,7,7,8],"texture":"#0"},"east":{"uv":[6,7,7,8],"texture":"#0"},"south":{"uv":[6,7,7,8],"texture":"#0"},"west":{"uv":[6,7,7,8],"texture":"#0"},"up":{"uv":[6,7,7,8],"texture":"#0"},"down":{"uv":[6,7,7,8],"texture":"#0"}}},{"from":[7.5,7,4],"to":[8.5,8,5],"rotation":{"angle":0,"axis":"y","origin":[8,15,12]},"faces":{"north":{"uv":[6,6,7,7],"texture":"#0"},"east":{"uv":[6,6,7,7],"texture":"#0"},"south":{"uv":[6,6,7,7],"texture":"#0"},"west":{"uv":[6,6,7,7],"texture":"#0"},"up":{"uv":[6,6,7,7],"texture":"#0"},"down":{"uv":[6,6,7,7],"texture":"#0"}}},{"from":[7.5,8,4],"to":[8.5,9,5],"rotation":{"angle":0,"axis":"y","origin":[8,16,12]},"faces":{"north":{"uv":[6,5,7,6],"texture":"#0"},"east":{"uv":[6,5,7,6],"texture":"#0"},"south":{"uv":[6,5,7,6],"texture":"#0"},"west":{"uv":[6,5,7,6],"texture":"#0"},"up":{"uv":[6,5,7,6],"texture":"#0"},"down":{"uv":[6,5,7,6],"texture":"#0"}}},{"from":[7.2,8,5],"to":[8.8,9,6],"rotation":{"angle":0,"axis":"y","origin":[8,16,13]},"faces":{"north":{"uv":[7,5,8,6],"texture":"#0"},"east":{"uv":[7,5,8,6],"texture":"#0"},"south":{"uv":[7,5,8,6],"texture":"#0"},"west":{"uv":[7,5,8,6],"texture":"#0"},"up":{"uv":[7,5,8,6],"texture":"#0"},"down":{"uv":[7,5,8,6],"texture":"#0"}}},{"from":[7.5,9,5],"to":[8.5,10,6],"rotation":{"angle":0,"axis":"y","origin":[8,17,13]},"faces":{"north":{"uv":[7,4,8,5],"texture":"#0"},"east":{"uv":[7,4,8,5],"texture":"#0"},"south":{"uv":[7,4,8,5],"texture":"#0"},"west":{"uv":[7,4,8,5],"texture":"#0"},"up":{"uv":[7,4,8,5],"texture":"#0"},"down":{"uv":[7,4,8,5],"texture":"#0"}}},{"from":[7.2,9,6],"to":[8.8,10,7],"rotation":{"angle":0,"axis":"y","origin":[8,17,14]},"faces":{"north":{"uv":[8,4,9,5],"texture":"#0"},"east":{"uv":[8,4,9,5],"texture":"#0"},"south":{"uv":[8,4,9,5],"texture":"#0"},"west":{"uv":[8,4,9,5],"texture":"#0"},"up":{"uv":[8,4,9,5],"texture":"#0"},"down":{"uv":[8,4,9,5],"texture":"#0"}}},{"from":[7.2,9,7],"to":[8.8,10,8],"rotation":{"angle":0,"axis":"y","origin":[8,17,15]},"faces":{"north":{"uv":[9,4,10,5],"texture":"#0"},"east":{"uv":[9,4,10,5],"texture":"#0"},"south":{"uv":[9,4,10,5],"texture":"#0"},"west":{"uv":[9,4,10,5],"texture":"#0"},"up":{"uv":[9,4,10,5],"texture":"#0"},"down":{"uv":[9,4,10,5],"texture":"#0"}}},{"from":[7.2,7,5],"to":[8.8,8,6],"rotation":{"angle":0,"axis":"y","origin":[8,15,13]},"faces":{"north":{"uv":[7,6,8,7],"texture":"#0"},"east":{"uv":[7,6,8,7],"texture":"#0"},"south":{"uv":[7,6,8,7],"texture":"#0"},"west":{"uv":[7,6,8,7],"texture":"#0"},"up":{"uv":[7,6,8,7],"texture":"#0"},"down":{"uv":[7,6,8,7],"texture":"#0"}}},{"from":[7.2,8,6],"to":[8.8,9,7],"rotation":{"angle":0,"axis":"y","origin":[8,16,14]},"faces":{"north":{"uv":[8,5,9,6],"texture":"#0"},"east":{"uv":[8,5,9,6],"texture":"#0"},"south":{"uv":[8,5,9,6],"texture":"#0"},"west":{"uv":[8,5,9,6],"texture":"#0"},"up":{"uv":[8,5,9,6],"texture":"#0"},"down":{"uv":[8,5,9,6],"texture":"#0"}}},{"from":[7.5,10,6],"to":[8.5,11,7],"rotation":{"angle":0,"axis":"y","origin":[8,18,14]},"faces":{"north":{"uv":[8,3,9,4],"texture":"#0"},"east":{"uv":[8,3,9,4],"texture":"#0"},"south":{"uv":[8,3,9,4],"texture":"#0"},"west":{"uv":[8,3,9,4],"texture":"#0"},"up":{"uv":[8,3,9,4],"texture":"#0"},"down":{"uv":[8,3,9,4],"texture":"#0"}}},{"from":[7.5,10,7],"to":[8.5,11,8],"rotation":{"angle":0,"axis":"y","origin":[8,18,15]},"faces":{"north":{"uv":[9,3,10,4],"texture":"#0"},"east":{"uv":[9,3,10,4],"texture":"#0"},"south":{"uv":[9,3,10,4],"texture":"#0"},"west":{"uv":[9,3,10,4],"texture":"#0"},"up":{"uv":[9,3,10,4],"texture":"#0"},"down":{"uv":[9,3,10,4],"texture":"#0"}}},{"from":[7.5,4,0],"to":[8.5,5,1],"rotation":{"angle":0,"axis":"y","origin":[8,12,8]},"faces":{"north":{"uv":[2,9,3,10],"texture":"#0"},"east":{"uv":[2,9,3,10],"texture":"#0"},"south":{"uv":[2,9,3,10],"texture":"#0"},"west":{"uv":[2,9,3,10],"texture":"#0"},"up":{"uv":[2,9,3,10],"texture":"#0"},"down":{"uv":[2,9,3,10],"texture":"#0"}}},{"from":[7.5,1,1],"to":[8.5,2,2],"rotation":{"angle":0,"axis":"y","origin":[8,9,9]},"faces":{"north":{"uv":[2,11,3,12],"texture":"#0"},"east":{"uv":[2,11,3,12],"texture":"#0"},"south":{"uv":[2,11,3,12],"texture":"#0"},"west":{"uv":[2,11,3,12],"texture":"#0"},"up":{"uv":[2,11,3,12],"texture":"#0"},"down":{"uv":[2,11,3,12],"texture":"#0"}}},{"from":[7.5,0,2],"to":[8.5,1,3],"rotation":{"angle":0,"axis":"y","origin":[8,8,10]},"faces":{"north":{"uv":[2,11,3,12],"texture":"#0"},"east":{"uv":[2,11,3,12],"texture":"#0"},"south":{"uv":[2,11,3,12],"texture":"#0"},"west":{"uv":[2,11,3,12],"texture":"#0"},"up":{"uv":[2,11,3,12],"texture":"#0"},"down":{"uv":[2,11,3,12],"texture":"#0"}}},{"from":[7.5,1,3],"to":[8.5,2,4],"rotation":{"angle":0,"axis":"y","origin":[8,9,11]},"faces":{"north":{"uv":[5,12,6,13],"texture":"#0"},"east":{"uv":[5,12,6,13],"texture":"#0"},"south":{"uv":[5,12,6,13],"texture":"#0"},"west":{"uv":[5,12,6,13],"texture":"#0"},"up":{"uv":[5,12,6,13],"texture":"#0"},"down":{"uv":[5,12,6,13],"texture":"#0"}}},{"from":[7.3,2,3],"to":[8.7,3,4],"rotation":{"angle":0,"axis":"y","origin":[8,10,11]},"faces":{"north":{"uv":[5,11,6,12],"texture":"#0"},"east":{"uv":[5,11,6,12],"texture":"#0"},"south":{"uv":[5,11,6,12],"texture":"#0"},"west":{"uv":[5,11,6,12],"texture":"#0"},"up":{"uv":[5,11,6,12],"texture":"#0"},"down":{"uv":[5,11,6,12],"texture":"#0"}}},{"from":[7.2,3,3],"to":[8.8,4,4],"rotation":{"angle":0,"axis":"y","origin":[8,11,11]},"faces":{"north":{"uv":[5,10,6,11],"texture":"#0"},"east":{"uv":[5,10,6,11],"texture":"#0"},"south":{"uv":[5,10,6,11],"texture":"#0"},"west":{"uv":[5,10,6,11],"texture":"#0"},"up":{"uv":[5,10,6,11],"texture":"#0"},"down":{"uv":[5,10,6,11],"texture":"#0"}}},{"from":[7.3,3,2],"to":[8.7,4,3],"rotation":{"angle":0,"axis":"y","origin":[8,11,10]},"faces":{"north":{"uv":[4,10,5,11],"texture":"#0"},"east":{"uv":[4,10,5,11],"texture":"#0"},"south":{"uv":[4,10,5,11],"texture":"#0"},"west":{"uv":[4,10,5,11],"texture":"#0"},"up":{"uv":[4,10,5,11],"texture":"#0"},"down":{"uv":[4,10,5,11],"texture":"#0"}}},{"from":[7.2,4,2],"to":[8.8,5,3],"rotation":{"angle":0,"axis":"y","origin":[8,12,10]},"faces":{"north":{"uv":[4,9,5,10],"texture":"#0"},"east":{"uv":[4,9,5,10],"texture":"#0"},"south":{"uv":[4,9,5,10],"texture":"#0"},"west":{"uv":[4,9,5,10],"texture":"#0"},"up":{"uv":[4,9,5,10],"texture":"#0"},"down":{"uv":[4,9,5,10],"texture":"#0"}}},{"from":[7.5,2,2],"to":[8.5,3,3],"rotation":{"angle":0,"axis":"y","origin":[8,10,10]},"faces":{"north":{"uv":[4,11,5,12],"texture":"#0"},"east":{"uv":[4,11,5,12],"texture":"#0"},"south":{"uv":[4,11,5,12],"texture":"#0"},"west":{"uv":[4,11,5,12],"texture":"#0"},"up":{"uv":[4,11,5,12],"texture":"#0"},"down":{"uv":[4,11,5,12],"texture":"#0"}}}]}