{"display":{"thirdperson_righthand":{"rotation":[-45,0,0],"translation":[0,2.5,0]},"thirdperson_lefthand":{"rotation":[-45,0,0],"translation":[0,2.5,0]},"firstperson_righthand":{"rotation":[-45,0,0],"translation":[0,0,-3.5]},"firstperson_lefthand":{"rotation":[-45,0,0],"translation":[0,0,-3.5]},"ground":{"scale":[0.6,0.6,0.6]},"gui":{"rotation":[0,90,0],"translation":[-3,-3,0],"scale":[0.6,0.6,0.6]},"fixed":{"rotation":[0,-90,0],"translation":[3.25,-3.25,0],"scale":[0.6,0.6,0.6]}},"gui_light":"front","texture_size":[32,32],"textures":{"0":"item/diamond_sword/8","particle":"item/diamond_sword/8"},"elements":[{"from":[7.5,1,0],"to":[8.5,2,1],"faces":{"north":{"uv":[0,15,0.5,15.5],"texture":"#0"},"east":{"uv":[0,15,0.5,15.5],"texture":"#0"},"south":{"uv":[0,15,0.5,15.5],"texture":"#0"},"west":{"uv":[0,15,0.5,15.5],"texture":"#0"},"up":{"uv":[0,15,0.5,15.5],"texture":"#0"},"down":{"uv":[0,15,0.5,15.5],"texture":"#0"}}},{"from":[7.2,1,1],"to":[8.8,2,2],"faces":{"north":{"uv":[0.5,15,1,15.5],"texture":"#0"},"east":{"uv":[0.5,15,1,15.5],"texture":"#0"},"south":{"uv":[0.5,15,1,15.5],"texture":"#0"},"west":{"uv":[0.5,15,1,15.5],"texture":"#0"},"up":{"uv":[0.5,15,1,15.5],"texture":"#0"},"down":{"uv":[0.5,15,1,15.5],"texture":"#0"}}},{"from":[7.5,0,1],"to":[8.5,1,2],"faces":{"north":{"uv":[0.5,15.5,1,16],"texture":"#0"},"east":{"uv":[0.5,15.5,1,16],"texture":"#0"},"south":{"uv":[0.5,15.5,1,16],"texture":"#0"},"west":{"uv":[0.5,15.5,1,16],"texture":"#0"},"up":{"uv":[0.5,15.5,1,16],"texture":"#0"},"down":{"uv":[0.5,15.5,1,16],"texture":"#0"}}},{"from":[7.2,1,2],"to":[8.8,2,3],"faces":{"north":{"uv":[1,15,1.5,15.5],"texture":"#0"},"east":{"uv":[1,15,1.5,15.5],"texture":"#0"},"south":{"uv":[1,15,1.5,15.5],"texture":"#0"},"west":{"uv":[1,15,1.5,15.5],"texture":"#0"},"up":{"uv":[1,15,1.5,15.5],"texture":"#0"},"down":{"uv":[1,15,1.5,15.5],"texture":"#0"}}},{"from":[7.5,0,2],"to":[8.5,1,3],"faces":{"north":{"uv":[1,15.5,1.5,16],"texture":"#0"},"east":{"uv":[1,15.5,1.5,16],"texture":"#0"},"south":{"uv":[1,15.5,1.5,16],"texture":"#0"},"west":{"uv":[1,15.5,1.5,16],"texture":"#0"},"up":{"uv":[1,15.5,1.5,16],"texture":"#0"},"down":{"uv":[1,15.5,1.5,16],"texture":"#0"}}},{"from":[7.5,1,3],"to":[8.5,2,4],"faces":{"north":{"uv":[1.5,15,2,15.5],"texture":"#0"},"east":{"uv":[1.5,15,2,15.5],"texture":"#0"},"south":{"uv":[1.5,15,2,15.5],"texture":"#0"},"west":{"uv":[1.5,15,2,15.5],"texture":"#0"},"up":{"uv":[1.5,15,2,15.5],"texture":"#0"},"down":{"uv":[1.5,15,2,15.5],"texture":"#0"}}},{"from":[7.5,2,0],"to":[8.5,3,1],"faces":{"north":{"uv":[0,14.5,0.5,15],"texture":"#0"},"east":{"uv":[0,14.5,0.5,15],"texture":"#0"},"south":{"uv":[0,14.5,0.5,15],"texture":"#0"},"west":{"uv":[0,14.5,0.5,15],"texture":"#0"},"up":{"uv":[0,14.5,0.5,15],"texture":"#0"},"down":{"uv":[0,14.5,0.5,15],"texture":"#0"}}},{"from":[7.2,2,1],"to":[8.8,3,2],"faces":{"north":{"uv":[0.5,14.5,1,15],"texture":"#0"},"east":{"uv":[0.5,14.5,1,15],"texture":"#0"},"south":{"uv":[0.5,14.5,1,15],"texture":"#0"},"west":{"uv":[0.5,14.5,1,15],"texture":"#0"},"up":{"uv":[0.5,14.5,1,15],"texture":"#0"},"down":{"uv":[0.5,14.5,1,15],"texture":"#0"}}},{"from":[7.5,3,1],"to":[8.5,4,2],"faces":{"north":{"uv":[0.5,14,1,14.5],"texture":"#0"},"east":{"uv":[0.5,14,1,14.5],"texture":"#0"},"south":{"uv":[0.5,14,1,14.5],"texture":"#0"},"west":{"uv":[0.5,14,1,14.5],"texture":"#0"},"up":{"uv":[0.5,14,1,14.5],"texture":"#0"},"down":{"uv":[0.5,14,1,14.5],"texture":"#0"}}},{"from":[7.5,2,2],"to":[8.5,3,3],"faces":{"north":{"uv":[1,14.5,1.5,15],"texture":"#0"},"east":{"uv":[1,14.5,1.5,15],"texture":"#0"},"south":{"uv":[1,14.5,1.5,15],"texture":"#0"},"west":{"uv":[1,14.5,1.5,15],"texture":"#0"},"up":{"uv":[1,14.5,1.5,15],"texture":"#0"},"down":{"uv":[1,14.5,1.5,15],"texture":"#0"}}},{"from":[7.2,3,2],"to":[8.8,4,3],"faces":{"north":{"uv":[1,14,1.5,14.5],"texture":"#0"},"east":{"uv":[1,14,1.5,14.5],"texture":"#0"},"south":{"uv":[1,14,1.5,14.5],"texture":"#0"},"west":{"uv":[1,14,1.5,14.5],"texture":"#0"},"up":{"uv":[1,14,1.5,14.5],"texture":"#0"},"down":{"uv":[1,14,1.5,14.5],"texture":"#0"}}},{"from":[7.2,2,3],"to":[8.8,3,4],"faces":{"north":{"uv":[1.5,14.5,2,15],"texture":"#0"},"east":{"uv":[1.5,14.5,2,15],"texture":"#0"},"south":{"uv":[1.5,14.5,2,15],"texture":"#0"},"west":{"uv":[1.5,14.5,2,15],"texture":"#0"},"up":{"uv":[1.5,14.5,2,15],"texture":"#0"},"down":{"uv":[1.5,14.5,2,15],"texture":"#0"}}},{"from":[7.5,3,4],"to":[8.5,4,5],"faces":{"north":{"uv":[2,14,2.5,14.5],"texture":"#0"},"east":{"uv":[2,14,2.5,14.5],"texture":"#0"},"south":{"uv":[2,14,2.5,14.5],"texture":"#0"},"west":{"uv":[2,14,2.5,14.5],"texture":"#0"},"up":{"uv":[2,14,2.5,14.5],"texture":"#0"},"down":{"uv":[2,14,2.5,14.5],"texture":"#0"}}},{"from":[7.5,4,5],"to":[8.5,5,6],"faces":{"north":{"uv":[2.5,13.5,3,14],"texture":"#0"},"east":{"uv":[2.5,13.5,3,14],"texture":"#0"},"south":{"uv":[2.5,13.5,3,14],"texture":"#0"},"west":{"uv":[2.5,13.5,3,14],"texture":"#0"},"up":{"uv":[2.5,13.5,3,14],"texture":"#0"},"down":{"uv":[2.5,13.5,3,14],"texture":"#0"}}},{"from":[7.5,5,6],"to":[8.5,6,7],"faces":{"north":{"uv":[3,13,3.5,13.5],"texture":"#0"},"east":{"uv":[3,13,3.5,13.5],"texture":"#0"},"south":{"uv":[3,13,3.5,13.5],"texture":"#0"},"west":{"uv":[3,13,3.5,13.5],"texture":"#0"},"up":{"uv":[3,13,3.5,13.5],"texture":"#0"},"down":{"uv":[3,13,3.5,13.5],"texture":"#0"}}},{"from":[7.5,6,7],"to":[8.5,7,8],"faces":{"north":{"uv":[3.5,12.5,4,13],"texture":"#0"},"east":{"uv":[3.5,12.5,4,13],"texture":"#0"},"south":{"uv":[3.5,12.5,4,13],"texture":"#0"},"west":{"uv":[3.5,12.5,4,13],"texture":"#0"},"up":{"uv":[3.5,12.5,4,13],"texture":"#0"},"down":{"uv":[3.5,12.5,4,13],"texture":"#0"}}},{"from":[7.5,7,8],"to":[8.5,8,9],"faces":{"north":{"uv":[4,12,4.5,12.5],"texture":"#0"},"east":{"uv":[4,12,4.5,12.5],"texture":"#0"},"south":{"uv":[4,12,4.5,12.5],"texture":"#0"},"west":{"uv":[4,12,4.5,12.5],"texture":"#0"},"up":{"uv":[4,12,4.5,12.5],"texture":"#0"},"down":{"uv":[4,12,4.5,12.5],"texture":"#0"}}},{"from":[7.5,7,9],"to":[8.5,8,10],"faces":{"north":{"uv":[4.5,12,5,12.5],"texture":"#0"},"east":{"uv":[4.5,12,5,12.5],"texture":"#0"},"south":{"uv":[4.5,12,5,12.5],"texture":"#0"},"west":{"uv":[4.5,12,5,12.5],"texture":"#0"},"up":{"uv":[4.5,12,5,12.5],"texture":"#0"},"down":{"uv":[4.5,12,5,12.5],"texture":"#0"}}},{"from":[7.2,7,10],"to":[8.8,8,11],"faces":{"north":{"uv":[5,12,5.5,12.5],"texture":"#0"},"east":{"uv":[5,12,5.5,12.5],"texture":"#0"},"south":{"uv":[5,12,5.5,12.5],"texture":"#0"},"west":{"uv":[5,12,5.5,12.5],"texture":"#0"},"up":{"uv":[5,12,5.5,12.5],"texture":"#0"},"down":{"uv":[5,12,5.5,12.5],"texture":"#0"}}},{"from":[7.3,6,10],"to":[8.7,7,11],"faces":{"north":{"uv":[5,12.5,5.5,13],"texture":"#0"},"east":{"uv":[5,12.5,5.5,13],"texture":"#0"},"south":{"uv":[5,12.5,5.5,13],"texture":"#0"},"west":{"uv":[5,12.5,5.5,13],"texture":"#0"},"up":{"uv":[5,12.5,5.5,13],"texture":"#0"},"down":{"uv":[5,12.5,5.5,13],"texture":"#0"}}},{"from":[7.5,6,9],"to":[8.5,7,10],"faces":{"north":{"uv":[4.5,12.5,5,13],"texture":"#0"},"east":{"uv":[4.5,12.5,5,13],"texture":"#0"},"south":{"uv":[4.5,12.5,5,13],"texture":"#0"},"west":{"uv":[4.5,12.5,5,13],"texture":"#0"},"up":{"uv":[4.5,12.5,5,13],"texture":"#0"},"down":{"uv":[4.5,12.5,5,13],"texture":"#0"}}},{"from":[7.5,5,10],"to":[8.5,6,11],"faces":{"north":{"uv":[5,13,5.5,13.5],"texture":"#0"},"east":{"uv":[5,13,5.5,13.5],"texture":"#0"},"south":{"uv":[5,13,5.5,13.5],"texture":"#0"},"west":{"uv":[5,13,5.5,13.5],"texture":"#0"},"up":{"uv":[5,13,5.5,13.5],"texture":"#0"},"down":{"uv":[5,13,5.5,13.5],"texture":"#0"}}},{"from":[7.2,7,11],"to":[8.8,8,12],"faces":{"north":{"uv":[5.5,12,6,12.5],"texture":"#0"},"east":{"uv":[5.5,12,6,12.5],"texture":"#0"},"south":{"uv":[5.5,12,6,12.5],"texture":"#0"},"west":{"uv":[5.5,12,6,12.5],"texture":"#0"},"up":{"uv":[5.5,12,6,12.5],"texture":"#0"},"down":{"uv":[5.5,12,6,12.5],"texture":"#0"}}},{"from":[7.5,6,11],"to":[8.5,7,12],"faces":{"north":{"uv":[5.5,12.5,6,13],"texture":"#0"},"east":{"uv":[5.5,12.5,6,13],"texture":"#0"},"south":{"uv":[5.5,12.5,6,13],"texture":"#0"},"west":{"uv":[5.5,12.5,6,13],"texture":"#0"},"up":{"uv":[5.5,12.5,6,13],"texture":"#0"},"down":{"uv":[5.5,12.5,6,13],"texture":"#0"}}},{"from":[7.3,5,11],"to":[8.7,6,12],"faces":{"north":{"uv":[5.5,13,6,13.5],"texture":"#0"},"east":{"uv":[5.5,13,6,13.5],"texture":"#0"},"south":{"uv":[5.5,13,6,13.5],"texture":"#0"},"west":{"uv":[5.5,13,6,13.5],"texture":"#0"},"up":{"uv":[5.5,13,6,13.5],"texture":"#0"},"down":{"uv":[5.5,13,6,13.5],"texture":"#0"}}},{"from":[7.5,4,11],"to":[8.5,5,12],"faces":{"north":{"uv":[5.5,13.5,6,14],"texture":"#0"},"east":{"uv":[5.5,13.5,6,14],"texture":"#0"},"south":{"uv":[5.5,13.5,6,14],"texture":"#0"},"west":{"uv":[5.5,13.5,6,14],"texture":"#0"},"up":{"uv":[5.5,13.5,6,14],"texture":"#0"},"down":{"uv":[5.5,13.5,6,14],"texture":"#0"}}},{"from":[7.5,3,10],"to":[8.5,4,11],"faces":{"north":{"uv":[5,14,5.5,14.5],"texture":"#0"},"east":{"uv":[5,14,5.5,14.5],"texture":"#0"},"south":{"uv":[5,14,5.5,14.5],"texture":"#0"},"west":{"uv":[5,14,5.5,14.5],"texture":"#0"},"up":{"uv":[5,14,5.5,14.5],"texture":"#0"},"down":{"uv":[5,14,5.5,14.5],"texture":"#0"}}},{"from":[7.5,7,12],"to":[8.5,8,13],"faces":{"north":{"uv":[6,12,6.5,12.5],"texture":"#0"},"east":{"uv":[6,12,6.5,12.5],"texture":"#0"},"south":{"uv":[6,12,6.5,12.5],"texture":"#0"},"west":{"uv":[6,12,6.5,12.5],"texture":"#0"},"up":{"uv":[6,12,6.5,12.5],"texture":"#0"},"down":{"uv":[6,12,6.5,12.5],"texture":"#0"}}},{"from":[7.3,6,12],"to":[8.7,7,13],"faces":{"north":{"uv":[6,12.5,6.5,13],"texture":"#0"},"east":{"uv":[6,12.5,6.5,13],"texture":"#0"},"south":{"uv":[6,12.5,6.5,13],"texture":"#0"},"west":{"uv":[6,12.5,6.5,13],"texture":"#0"},"up":{"uv":[6,12.5,6.5,13],"texture":"#0"},"down":{"uv":[6,12.5,6.5,13],"texture":"#0"}}},{"from":[7.5,5,12],"to":[8.5,6,13],"faces":{"north":{"uv":[6,13,6.5,13.5],"texture":"#0"},"east":{"uv":[6,13,6.5,13.5],"texture":"#0"},"south":{"uv":[6,13,6.5,13.5],"texture":"#0"},"west":{"uv":[6,13,6.5,13.5],"texture":"#0"},"up":{"uv":[6,13,6.5,13.5],"texture":"#0"},"down":{"uv":[6,13,6.5,13.5],"texture":"#0"}}},{"from":[7.5,7,13],"to":[8.5,8,14],"faces":{"north":{"uv":[6.5,12,7,12.5],"texture":"#0"},"east":{"uv":[6.5,12,7,12.5],"texture":"#0"},"south":{"uv":[6.5,12,7,12.5],"texture":"#0"},"west":{"uv":[6.5,12,7,12.5],"texture":"#0"},"up":{"uv":[6.5,12,7,12.5],"texture":"#0"},"down":{"uv":[6.5,12,7,12.5],"texture":"#0"}}},{"from":[7.5,6,13],"to":[8.5,7,14],"faces":{"north":{"uv":[6.5,12.5,7,13],"texture":"#0"},"east":{"uv":[6.5,12.5,7,13],"texture":"#0"},"south":{"uv":[6.5,12.5,7,13],"texture":"#0"},"west":{"uv":[6.5,12.5,7,13],"texture":"#0"},"up":{"uv":[6.5,12.5,7,13],"texture":"#0"},"down":{"uv":[6.5,12.5,7,13],"texture":"#0"}}},{"from":[7.3,3,3],"to":[8.7,4,4],"faces":{"north":{"uv":[1.5,14,2,14.5],"texture":"#0"},"east":{"uv":[1.5,14,2,14.5],"texture":"#0"},"south":{"uv":[1.5,14,2,14.5],"texture":"#0"},"west":{"uv":[1.5,14,2,14.5],"texture":"#0"},"up":{"uv":[1.5,14,2,14.5],"texture":"#0"},"down":{"uv":[1.5,14,2,14.5],"texture":"#0"}}},{"from":[7.3,4,4],"to":[8.7,5,5],"faces":{"north":{"uv":[2,13.5,2.5,14],"texture":"#0"},"east":{"uv":[2,13.5,2.5,14],"texture":"#0"},"south":{"uv":[2,13.5,2.5,14],"texture":"#0"},"west":{"uv":[2,13.5,2.5,14],"texture":"#0"},"up":{"uv":[2,13.5,2.5,14],"texture":"#0"},"down":{"uv":[2,13.5,2.5,14],"texture":"#0"}}},{"from":[7.3,5,5],"to":[8.7,6,6],"faces":{"north":{"uv":[2.5,13,3,13.5],"texture":"#0"},"east":{"uv":[2.5,13,3,13.5],"texture":"#0"},"south":{"uv":[2.5,13,3,13.5],"texture":"#0"},"west":{"uv":[2.5,13,3,13.5],"texture":"#0"},"up":{"uv":[2.5,13,3,13.5],"texture":"#0"},"down":{"uv":[2.5,13,3,13.5],"texture":"#0"}}},{"from":[7.3,6,6],"to":[8.7,7,7],"faces":{"north":{"uv":[3,12.5,3.5,13],"texture":"#0"},"east":{"uv":[3,12.5,3.5,13],"texture":"#0"},"south":{"uv":[3,12.5,3.5,13],"texture":"#0"},"west":{"uv":[3,12.5,3.5,13],"texture":"#0"},"up":{"uv":[3,12.5,3.5,13],"texture":"#0"},"down":{"uv":[3,12.5,3.5,13],"texture":"#0"}}},{"from":[7.3,7,7],"to":[8.7,8,8],"faces":{"north":{"uv":[3.5,12,4,12.5],"texture":"#0"},"east":{"uv":[3.5,12,4,12.5],"texture":"#0"},"south":{"uv":[3.5,12,4,12.5],"texture":"#0"},"west":{"uv":[3.5,12,4,12.5],"texture":"#0"},"up":{"uv":[3.5,12,4,12.5],"texture":"#0"},"down":{"uv":[3.5,12,4,12.5],"texture":"#0"}}},{"from":[7.3,8,8],"to":[8.7,9,9],"faces":{"north":{"uv":[4,11.5,4.5,12],"texture":"#0"},"east":{"uv":[4,11.5,4.5,12],"texture":"#0"},"south":{"uv":[4,11.5,4.5,12],"texture":"#0"},"west":{"uv":[4,11.5,4.5,12],"texture":"#0"},"up":{"uv":[4,11.5,4.5,12],"texture":"#0"},"down":{"uv":[4,11.5,4.5,12],"texture":"#0"}}},{"from":[7.3,8,9],"to":[8.7,9,10],"faces":{"north":{"uv":[4.5,11.5,5,12],"texture":"#0"},"east":{"uv":[4.5,11.5,5,12],"texture":"#0"},"south":{"uv":[4.5,11.5,5,12],"texture":"#0"},"west":{"uv":[4.5,11.5,5,12],"texture":"#0"},"up":{"uv":[4.5,11.5,5,12],"texture":"#0"},"down":{"uv":[4.5,11.5,5,12],"texture":"#0"}}},{"from":[7.2,8,10],"to":[8.8,9,11],"faces":{"north":{"uv":[5,11.5,5.5,12],"texture":"#0"},"east":{"uv":[5,11.5,5.5,12],"texture":"#0"},"south":{"uv":[5,11.5,5.5,12],"texture":"#0"},"west":{"uv":[5,11.5,5.5,12],"texture":"#0"},"up":{"uv":[5,11.5,5.5,12],"texture":"#0"},"down":{"uv":[5,11.5,5.5,12],"texture":"#0"}}},{"from":[7.2,8,11],"to":[8.8,9,12],"faces":{"north":{"uv":[5.5,11.5,6,12],"texture":"#0"},"east":{"uv":[5.5,11.5,6,12],"texture":"#0"},"south":{"uv":[5.5,11.5,6,12],"texture":"#0"},"west":{"uv":[5.5,11.5,6,12],"texture":"#0"},"up":{"uv":[5.5,11.5,6,12],"texture":"#0"},"down":{"uv":[5.5,11.5,6,12],"texture":"#0"}}},{"from":[7.2,8,12],"to":[8.8,9,13],"faces":{"north":{"uv":[6,11.5,6.5,12],"texture":"#0"},"east":{"uv":[6,11.5,6.5,12],"texture":"#0"},"south":{"uv":[6,11.5,6.5,12],"texture":"#0"},"west":{"uv":[6,11.5,6.5,12],"texture":"#0"},"up":{"uv":[6,11.5,6.5,12],"texture":"#0"},"down":{"uv":[6,11.5,6.5,12],"texture":"#0"}}},{"from":[7.5,8,13],"to":[8.5,9,14],"faces":{"north":{"uv":[6.5,11.5,7,12],"texture":"#0"},"east":{"uv":[6.5,11.5,7,12],"texture":"#0"},"south":{"uv":[6.5,11.5,7,12],"texture":"#0"},"west":{"uv":[6.5,11.5,7,12],"texture":"#0"},"up":{"uv":[6.5,11.5,7,12],"texture":"#0"},"down":{"uv":[6.5,11.5,7,12],"texture":"#0"}}},{"from":[7.5,4,3],"to":[8.5,5,4],"faces":{"north":{"uv":[1.5,13.5,2,14],"texture":"#0"},"east":{"uv":[1.5,13.5,2,14],"texture":"#0"},"south":{"uv":[1.5,13.5,2,14],"texture":"#0"},"west":{"uv":[1.5,13.5,2,14],"texture":"#0"},"up":{"uv":[1.5,13.5,2,14],"texture":"#0"},"down":{"uv":[1.5,13.5,2,14],"texture":"#0"}}},{"from":[7.5,5,4],"to":[8.5,6,5],"faces":{"north":{"uv":[2,13,2.5,13.5],"texture":"#0"},"east":{"uv":[2,13,2.5,13.5],"texture":"#0"},"south":{"uv":[2,13,2.5,13.5],"texture":"#0"},"west":{"uv":[2,13,2.5,13.5],"texture":"#0"},"up":{"uv":[2,13,2.5,13.5],"texture":"#0"},"down":{"uv":[2,13,2.5,13.5],"texture":"#0"}}},{"from":[7.5,6,5],"to":[8.5,7,6],"faces":{"north":{"uv":[2.5,12.5,3,13],"texture":"#0"},"east":{"uv":[2.5,12.5,3,13],"texture":"#0"},"south":{"uv":[2.5,12.5,3,13],"texture":"#0"},"west":{"uv":[2.5,12.5,3,13],"texture":"#0"},"up":{"uv":[2.5,12.5,3,13],"texture":"#0"},"down":{"uv":[2.5,12.5,3,13],"texture":"#0"}}},{"from":[7.5,7,6],"to":[8.5,8,7],"faces":{"north":{"uv":[3,12,3.5,12.5],"texture":"#0"},"east":{"uv":[3,12,3.5,12.5],"texture":"#0"},"south":{"uv":[3,12,3.5,12.5],"texture":"#0"},"west":{"uv":[3,12,3.5,12.5],"texture":"#0"},"up":{"uv":[3,12,3.5,12.5],"texture":"#0"},"down":{"uv":[3,12,3.5,12.5],"texture":"#0"}}},{"from":[7.5,8,7],"to":[8.5,9,8],"faces":{"north":{"uv":[3.5,11.5,4,12],"texture":"#0"},"east":{"uv":[3.5,11.5,4,12],"texture":"#0"},"south":{"uv":[3.5,11.5,4,12],"texture":"#0"},"west":{"uv":[3.5,11.5,4,12],"texture":"#0"},"up":{"uv":[3.5,11.5,4,12],"texture":"#0"},"down":{"uv":[3.5,11.5,4,12],"texture":"#0"}}},{"from":[7.5,9,8],"to":[8.5,10,9],"faces":{"north":{"uv":[4,11,4.5,11.5],"texture":"#0"},"east":{"uv":[4,11,4.5,11.5],"texture":"#0"},"south":{"uv":[4,11,4.5,11.5],"texture":"#0"},"west":{"uv":[4,11,4.5,11.5],"texture":"#0"},"up":{"uv":[4,11,4.5,11.5],"texture":"#0"},"down":{"uv":[4,11,4.5,11.5],"texture":"#0"}}},{"from":[7.5,9,7],"to":[8.5,10,8],"faces":{"north":{"uv":[3.5,11,4,11.5],"texture":"#0"},"east":{"uv":[3.5,11,4,11.5],"texture":"#0"},"south":{"uv":[3.5,11,4,11.5],"texture":"#0"},"west":{"uv":[3.5,11,4,11.5],"texture":"#0"},"up":{"uv":[3.5,11,4,11.5],"texture":"#0"},"down":{"uv":[3.5,11,4,11.5],"texture":"#0"}}},{"from":[7.5,9,6],"to":[8.5,10,7],"faces":{"north":{"uv":[3,11,3.5,11.5],"texture":"#0"},"east":{"uv":[3,11,3.5,11.5],"texture":"#0"},"south":{"uv":[3,11,3.5,11.5],"texture":"#0"},"west":{"uv":[3,11,3.5,11.5],"texture":"#0"},"up":{"uv":[3,11,3.5,11.5],"texture":"#0"},"down":{"uv":[3,11,3.5,11.5],"texture":"#0"}}},{"from":[7.5,10,5],"to":[8.5,11,6],"faces":{"north":{"uv":[2.5,10.5,3,11],"texture":"#0"},"east":{"uv":[2.5,10.5,3,11],"texture":"#0"},"south":{"uv":[2.5,10.5,3,11],"texture":"#0"},"west":{"uv":[2.5,10.5,3,11],"texture":"#0"},"up":{"uv":[2.5,10.5,3,11],"texture":"#0"},"down":{"uv":[2.5,10.5,3,11],"texture":"#0"}}},{"from":[7.2,9,9],"to":[8.8,10,10],"faces":{"north":{"uv":[4.5,11,5,11.5],"texture":"#0"},"east":{"uv":[4.5,11,5,11.5],"texture":"#0"},"south":{"uv":[4.5,11,5,11.5],"texture":"#0"},"west":{"uv":[4.5,11,5,11.5],"texture":"#0"},"up":{"uv":[4.5,11,5,11.5],"texture":"#0"},"down":{"uv":[4.5,11,5,11.5],"texture":"#0"}}},{"from":[7.2,10,9],"to":[8.8,11,10],"faces":{"north":{"uv":[4.5,10.5,5,11],"texture":"#0"},"east":{"uv":[4.5,10.5,5,11],"texture":"#0"},"south":{"uv":[4.5,10.5,5,11],"texture":"#0"},"west":{"uv":[4.5,10.5,5,11],"texture":"#0"},"up":{"uv":[4.5,10.5,5,11],"texture":"#0"},"down":{"uv":[4.5,10.5,5,11],"texture":"#0"}}},{"from":[7.2,10,8],"to":[8.8,11,9],"faces":{"north":{"uv":[4,10.5,4.5,11],"texture":"#0"},"east":{"uv":[4,10.5,4.5,11],"texture":"#0"},"south":{"uv":[4,10.5,4.5,11],"texture":"#0"},"west":{"uv":[4,10.5,4.5,11],"texture":"#0"},"up":{"uv":[4,10.5,4.5,11],"texture":"#0"},"down":{"uv":[4,10.5,4.5,11],"texture":"#0"}}},{"from":[7.3,11,8],"to":[8.7,12,9],"faces":{"north":{"uv":[4,10,4.5,10.5],"texture":"#0"},"east":{"uv":[4,10,4.5,10.5],"texture":"#0"},"south":{"uv":[4,10,4.5,10.5],"texture":"#0"},"west":{"uv":[4,10,4.5,10.5],"texture":"#0"},"up":{"uv":[4,10,4.5,10.5],"texture":"#0"},"down":{"uv":[4,10,4.5,10.5],"texture":"#0"}}},{"from":[7.3,12,8],"to":[8.7,13,9],"faces":{"north":{"uv":[4,9.5,4.5,10],"texture":"#0"},"east":{"uv":[4,9.5,4.5,10],"texture":"#0"},"south":{"uv":[4,9.5,4.5,10],"texture":"#0"},"west":{"uv":[4,9.5,4.5,10],"texture":"#0"},"up":{"uv":[4,9.5,4.5,10],"texture":"#0"},"down":{"uv":[4,9.5,4.5,10],"texture":"#0"}}},{"from":[7.2,10,7],"to":[8.8,11,8],"faces":{"north":{"uv":[3.5,10.5,4,11],"texture":"#0"},"east":{"uv":[3.5,10.5,4,11],"texture":"#0"},"south":{"uv":[3.5,10.5,4,11],"texture":"#0"},"west":{"uv":[3.5,10.5,4,11],"texture":"#0"},"up":{"uv":[3.5,10.5,4,11],"texture":"#0"},"down":{"uv":[3.5,10.5,4,11],"texture":"#0"}}},{"from":[7.2,11,7],"to":[8.8,12,8],"faces":{"north":{"uv":[3.5,10,4,10.5],"texture":"#0"},"east":{"uv":[3.5,10,4,10.5],"texture":"#0"},"south":{"uv":[3.5,10,4,10.5],"texture":"#0"},"west":{"uv":[3.5,10,4,10.5],"texture":"#0"},"up":{"uv":[3.5,10,4,10.5],"texture":"#0"},"down":{"uv":[3.5,10,4,10.5],"texture":"#0"}}},{"from":[7.5,12,7],"to":[8.5,13,8],"faces":{"north":{"uv":[3.5,9.5,4,10],"texture":"#0"},"east":{"uv":[3.5,9.5,4,10],"texture":"#0"},"south":{"uv":[3.5,9.5,4,10],"texture":"#0"},"west":{"uv":[3.5,9.5,4,10],"texture":"#0"},"up":{"uv":[3.5,9.5,4,10],"texture":"#0"},"down":{"uv":[3.5,9.5,4,10],"texture":"#0"}}},{"from":[7.5,13,7],"to":[8.5,14,8],"faces":{"north":{"uv":[3.5,9,4,9.5],"texture":"#0"},"east":{"uv":[3.5,9,4,9.5],"texture":"#0"},"south":{"uv":[3.5,9,4,9.5],"texture":"#0"},"west":{"uv":[3.5,9,4,9.5],"texture":"#0"},"up":{"uv":[3.5,9,4,9.5],"texture":"#0"},"down":{"uv":[3.5,9,4,9.5],"texture":"#0"}}},{"from":[7.2,10,6],"to":[8.8,11,7],"faces":{"north":{"uv":[3,10.5,3.5,11],"texture":"#0"},"east":{"uv":[3,10.5,3.5,11],"texture":"#0"},"south":{"uv":[3,10.5,3.5,11],"texture":"#0"},"west":{"uv":[3,10.5,3.5,11],"texture":"#0"},"up":{"uv":[3,10.5,3.5,11],"texture":"#0"},"down":{"uv":[3,10.5,3.5,11],"texture":"#0"}}},{"from":[7.5,11,6],"to":[8.5,12,7],"faces":{"north":{"uv":[3,10,3.5,10.5],"texture":"#0"},"east":{"uv":[3,10,3.5,10.5],"texture":"#0"},"south":{"uv":[3,10,3.5,10.5],"texture":"#0"},"west":{"uv":[3,10,3.5,10.5],"texture":"#0"},"up":{"uv":[3,10,3.5,10.5],"texture":"#0"},"down":{"uv":[3,10,3.5,10.5],"texture":"#0"}}},{"from":[7.5,12,6],"to":[8.5,13,7],"faces":{"north":{"uv":[3,9.5,3.5,10],"texture":"#0"},"east":{"uv":[3,9.5,3.5,10],"texture":"#0"},"south":{"uv":[3,9.5,3.5,10],"texture":"#0"},"west":{"uv":[3,9.5,3.5,10],"texture":"#0"},"up":{"uv":[3,9.5,3.5,10],"texture":"#0"},"down":{"uv":[3,9.5,3.5,10],"texture":"#0"}}},{"from":[7.3,11,5],"to":[8.7,12,6],"faces":{"north":{"uv":[2.5,10,3,10.5],"texture":"#0"},"east":{"uv":[2.5,10,3,10.5],"texture":"#0"},"south":{"uv":[2.5,10,3,10.5],"texture":"#0"},"west":{"uv":[2.5,10,3,10.5],"texture":"#0"},"up":{"uv":[2.5,10,3,10.5],"texture":"#0"},"down":{"uv":[2.5,10,3,10.5],"texture":"#0"}}},{"from":[7.3,10,4],"to":[8.7,11,5],"faces":{"north":{"uv":[2,10.5,2.5,11],"texture":"#0"},"east":{"uv":[2,10.5,2.5,11],"texture":"#0"},"south":{"uv":[2,10.5,2.5,11],"texture":"#0"},"west":{"uv":[2,10.5,2.5,11],"texture":"#0"},"up":{"uv":[2,10.5,2.5,11],"texture":"#0"},"down":{"uv":[2,10.5,2.5,11],"texture":"#0"}}},{"from":[7.5,9,4],"to":[8.5,10,5],"faces":{"north":{"uv":[2,11,2.5,11.5],"texture":"#0"},"east":{"uv":[2,11,2.5,11.5],"texture":"#0"},"south":{"uv":[2,11,2.5,11.5],"texture":"#0"},"west":{"uv":[2,11,2.5,11.5],"texture":"#0"},"up":{"uv":[2,11,2.5,11.5],"texture":"#0"},"down":{"uv":[2,11,2.5,11.5],"texture":"#0"}}},{"from":[7.2,9,10],"to":[8.8,10,11],"faces":{"north":{"uv":[5,11,5.5,11.5],"texture":"#0"},"east":{"uv":[5,11,5.5,11.5],"texture":"#0"},"south":{"uv":[5,11,5.5,11.5],"texture":"#0"},"west":{"uv":[5,11,5.5,11.5],"texture":"#0"},"up":{"uv":[5,11,5.5,11.5],"texture":"#0"},"down":{"uv":[5,11,5.5,11.5],"texture":"#0"}}},{"from":[7.5,10,10],"to":[8.5,11,11],"faces":{"north":{"uv":[5,10.5,5.5,11],"texture":"#0"},"east":{"uv":[5,10.5,5.5,11],"texture":"#0"},"south":{"uv":[5,10.5,5.5,11],"texture":"#0"},"west":{"uv":[5,10.5,5.5,11],"texture":"#0"},"up":{"uv":[5,10.5,5.5,11],"texture":"#0"},"down":{"uv":[5,10.5,5.5,11],"texture":"#0"}}},{"from":[7.3,9,11],"to":[8.7,10,12],"faces":{"north":{"uv":[5.5,11,6,11.5],"texture":"#0"},"east":{"uv":[5.5,11,6,11.5],"texture":"#0"},"south":{"uv":[5.5,11,6,11.5],"texture":"#0"},"west":{"uv":[5.5,11,6,11.5],"texture":"#0"},"up":{"uv":[5.5,11,6,11.5],"texture":"#0"},"down":{"uv":[5.5,11,6,11.5],"texture":"#0"}}},{"from":[7.2,9,12],"to":[8.8,10,13],"faces":{"north":{"uv":[6,11,6.5,11.5],"texture":"#0"},"east":{"uv":[6,11,6.5,11.5],"texture":"#0"},"south":{"uv":[6,11,6.5,11.5],"texture":"#0"},"west":{"uv":[6,11,6.5,11.5],"texture":"#0"},"up":{"uv":[6,11,6.5,11.5],"texture":"#0"},"down":{"uv":[6,11,6.5,11.5],"texture":"#0"}}},{"from":[7.5,10,12],"to":[8.5,11,13],"faces":{"north":{"uv":[6,10.5,6.5,11],"texture":"#0"},"east":{"uv":[6,10.5,6.5,11],"texture":"#0"},"south":{"uv":[6,10.5,6.5,11],"texture":"#0"},"west":{"uv":[6,10.5,6.5,11],"texture":"#0"},"up":{"uv":[6,10.5,6.5,11],"texture":"#0"},"down":{"uv":[6,10.5,6.5,11],"texture":"#0"}}},{"from":[7.5,9,13],"to":[8.5,10,14],"faces":{"north":{"uv":[6.5,11,7,11.5],"texture":"#0"},"east":{"uv":[6.5,11,7,11.5],"texture":"#0"},"south":{"uv":[6.5,11,7,11.5],"texture":"#0"},"west":{"uv":[6.5,11,7,11.5],"texture":"#0"},"up":{"uv":[6.5,11,7,11.5],"texture":"#0"},"down":{"uv":[6.5,11,7,11.5],"texture":"#0"}}},{"from":[7.2,10,13],"to":[8.8,11,14],"faces":{"north":{"uv":[6.5,10.5,7,11],"texture":"#0"},"east":{"uv":[6.5,10.5,7,11],"texture":"#0"},"south":{"uv":[6.5,10.5,7,11],"texture":"#0"},"west":{"uv":[6.5,10.5,7,11],"texture":"#0"},"up":{"uv":[6.5,10.5,7,11],"texture":"#0"},"down":{"uv":[6.5,10.5,7,11],"texture":"#0"}}},{"from":[7.5,11,13],"to":[8.5,12,14],"faces":{"north":{"uv":[6.5,10,7,10.5],"texture":"#0"},"east":{"uv":[6.5,10,7,10.5],"texture":"#0"},"south":{"uv":[6.5,10,7,10.5],"texture":"#0"},"west":{"uv":[6.5,10,7,10.5],"texture":"#0"},"up":{"uv":[6.5,10,7,10.5],"texture":"#0"},"down":{"uv":[6.5,10,7,10.5],"texture":"#0"}}},{"from":[7.5,10,14],"to":[8.5,11,15],"faces":{"north":{"uv":[7,10.5,7.5,11],"texture":"#0"},"east":{"uv":[7,10.5,7.5,11],"texture":"#0"},"south":{"uv":[7,10.5,7.5,11],"texture":"#0"},"west":{"uv":[7,10.5,7.5,11],"texture":"#0"},"up":{"uv":[7,10.5,7.5,11],"texture":"#0"},"down":{"uv":[7,10.5,7.5,11],"texture":"#0"}}},{"from":[7.5,11,15],"to":[8.5,12,16],"faces":{"north":{"uv":[7.5,10,8,10.5],"texture":"#0"},"east":{"uv":[7.5,10,8,10.5],"texture":"#0"},"south":{"uv":[7.5,10,8,10.5],"texture":"#0"},"west":{"uv":[7.5,10,8,10.5],"texture":"#0"},"up":{"uv":[7.5,10,8,10.5],"texture":"#0"},"down":{"uv":[7.5,10,8,10.5],"texture":"#0"}}},{"from":[7.5,11,16],"to":[8.5,12,17],"faces":{"north":{"uv":[8,10,8.5,10.5],"texture":"#0"},"east":{"uv":[8,10,8.5,10.5],"texture":"#0"},"south":{"uv":[8,10,8.5,10.5],"texture":"#0"},"west":{"uv":[8,10,8.5,10.5],"texture":"#0"},"up":{"uv":[8,10,8.5,10.5],"texture":"#0"},"down":{"uv":[8,10,8.5,10.5],"texture":"#0"}}},{"from":[7.5,12,17],"to":[8.5,13,18],"faces":{"north":{"uv":[8.5,9.5,9,10],"texture":"#0"},"east":{"uv":[8.5,9.5,9,10],"texture":"#0"},"south":{"uv":[8.5,9.5,9,10],"texture":"#0"},"west":{"uv":[8.5,9.5,9,10],"texture":"#0"},"up":{"uv":[8.5,9.5,9,10],"texture":"#0"},"down":{"uv":[8.5,9.5,9,10],"texture":"#0"}}},{"from":[7.5,12,18],"to":[8.5,13,19],"faces":{"north":{"uv":[9,9.5,9.5,10],"texture":"#0"},"east":{"uv":[9,9.5,9.5,10],"texture":"#0"},"south":{"uv":[9,9.5,9.5,10],"texture":"#0"},"west":{"uv":[9,9.5,9.5,10],"texture":"#0"},"up":{"uv":[9,9.5,9.5,10],"texture":"#0"},"down":{"uv":[9,9.5,9.5,10],"texture":"#0"}}},{"from":[7.5,13,19],"to":[8.5,14,20],"faces":{"north":{"uv":[9.5,9,10,9.5],"texture":"#0"},"east":{"uv":[9.5,9,10,9.5],"texture":"#0"},"south":{"uv":[9.5,9,10,9.5],"texture":"#0"},"west":{"uv":[9.5,9,10,9.5],"texture":"#0"},"up":{"uv":[9.5,9,10,9.5],"texture":"#0"},"down":{"uv":[9.5,9,10,9.5],"texture":"#0"}}},{"from":[7.5,14,20],"to":[8.5,15,21],"faces":{"north":{"uv":[10,8.5,10.5,9],"texture":"#0"},"east":{"uv":[10,8.5,10.5,9],"texture":"#0"},"south":{"uv":[10,8.5,10.5,9],"texture":"#0"},"west":{"uv":[10,8.5,10.5,9],"texture":"#0"},"up":{"uv":[10,8.5,10.5,9],"texture":"#0"},"down":{"uv":[10,8.5,10.5,9],"texture":"#0"}}},{"from":[7.2,11,14],"to":[8.8,12,15],"faces":{"north":{"uv":[7,10,7.5,10.5],"texture":"#0"},"east":{"uv":[7,10,7.5,10.5],"texture":"#0"},"south":{"uv":[7,10,7.5,10.5],"texture":"#0"},"west":{"uv":[7,10,7.5,10.5],"texture":"#0"},"up":{"uv":[7,10,7.5,10.5],"texture":"#0"},"down":{"uv":[7,10,7.5,10.5],"texture":"#0"}}},{"from":[7.3,12,15],"to":[8.7,13,16],"faces":{"north":{"uv":[7.5,9.5,8,10],"texture":"#0"},"east":{"uv":[7.5,9.5,8,10],"texture":"#0"},"south":{"uv":[7.5,9.5,8,10],"texture":"#0"},"west":{"uv":[7.5,9.5,8,10],"texture":"#0"},"up":{"uv":[7.5,9.5,8,10],"texture":"#0"},"down":{"uv":[7.5,9.5,8,10],"texture":"#0"}}},{"from":[7.2,12,14],"to":[8.8,13,15],"faces":{"north":{"uv":[7,9.5,7.5,10],"texture":"#0"},"east":{"uv":[7,9.5,7.5,10],"texture":"#0"},"south":{"uv":[7,9.5,7.5,10],"texture":"#0"},"west":{"uv":[7,9.5,7.5,10],"texture":"#0"},"up":{"uv":[7,9.5,7.5,10],"texture":"#0"},"down":{"uv":[7,9.5,7.5,10],"texture":"#0"}}},{"from":[7.2,12,16],"to":[8.8,13,17],"faces":{"north":{"uv":[8,9.5,8.5,10],"texture":"#0"},"east":{"uv":[8,9.5,8.5,10],"texture":"#0"},"south":{"uv":[8,9.5,8.5,10],"texture":"#0"},"west":{"uv":[8,9.5,8.5,10],"texture":"#0"},"up":{"uv":[8,9.5,8.5,10],"texture":"#0"},"down":{"uv":[8,9.5,8.5,10],"texture":"#0"}}},{"from":[7.2,13,17],"to":[8.8,14,18],"faces":{"north":{"uv":[8.5,9,9,9.5],"texture":"#0"},"east":{"uv":[8.5,9,9,9.5],"texture":"#0"},"south":{"uv":[8.5,9,9,9.5],"texture":"#0"},"west":{"uv":[8.5,9,9,9.5],"texture":"#0"},"up":{"uv":[8.5,9,9,9.5],"texture":"#0"},"down":{"uv":[8.5,9,9,9.5],"texture":"#0"}}},{"from":[7.3,13,16],"to":[8.7,14,17],"faces":{"north":{"uv":[8,9,8.5,9.5],"texture":"#0"},"east":{"uv":[8,9,8.5,9.5],"texture":"#0"},"south":{"uv":[8,9,8.5,9.5],"texture":"#0"},"west":{"uv":[8,9,8.5,9.5],"texture":"#0"},"up":{"uv":[8,9,8.5,9.5],"texture":"#0"},"down":{"uv":[8,9,8.5,9.5],"texture":"#0"}}},{"from":[7.5,14,16],"to":[8.5,15,17],"faces":{"north":{"uv":[8,8.5,8.5,9],"texture":"#0"},"east":{"uv":[8,8.5,8.5,9],"texture":"#0"},"south":{"uv":[8,8.5,8.5,9],"texture":"#0"},"west":{"uv":[8,8.5,8.5,9],"texture":"#0"},"up":{"uv":[8,8.5,8.5,9],"texture":"#0"},"down":{"uv":[8,8.5,8.5,9],"texture":"#0"}}},{"from":[7.3,15,16],"to":[8.7,16,17],"faces":{"north":{"uv":[8,8,8.5,8.5],"texture":"#0"},"east":{"uv":[8,8,8.5,8.5],"texture":"#0"},"south":{"uv":[8,8,8.5,8.5],"texture":"#0"},"west":{"uv":[8,8,8.5,8.5],"texture":"#0"},"up":{"uv":[8,8,8.5,8.5],"texture":"#0"},"down":{"uv":[8,8,8.5,8.5],"texture":"#0"}}},{"from":[7.3,15,17],"to":[8.7,16,18],"faces":{"north":{"uv":[8.5,8,9,8.5],"texture":"#0"},"east":{"uv":[8.5,8,9,8.5],"texture":"#0"},"south":{"uv":[8.5,8,9,8.5],"texture":"#0"},"west":{"uv":[8.5,8,9,8.5],"texture":"#0"},"up":{"uv":[8.5,8,9,8.5],"texture":"#0"},"down":{"uv":[8.5,8,9,8.5],"texture":"#0"}}},{"from":[7.3,16,17],"to":[8.7,17,18],"faces":{"north":{"uv":[8.5,7.5,9,8],"texture":"#0"},"east":{"uv":[8.5,7.5,9,8],"texture":"#0"},"south":{"uv":[8.5,7.5,9,8],"texture":"#0"},"west":{"uv":[8.5,7.5,9,8],"texture":"#0"},"up":{"uv":[8.5,7.5,9,8],"texture":"#0"},"down":{"uv":[8.5,7.5,9,8],"texture":"#0"}}},{"from":[7.4,17,17],"to":[8.6,18,18],"faces":{"north":{"uv":[8.5,7,9,7.5],"texture":"#0"},"east":{"uv":[8.5,7,9,7.5],"texture":"#0"},"south":{"uv":[8.5,7,9,7.5],"texture":"#0"},"west":{"uv":[8.5,7,9,7.5],"texture":"#0"},"up":{"uv":[8.5,7,9,7.5],"texture":"#0"},"down":{"uv":[8.5,7,9,7.5],"texture":"#0"}}},{"from":[7.5,14,17],"to":[8.5,15,18],"faces":{"north":{"uv":[8.5,8.5,9,9],"texture":"#0"},"east":{"uv":[8.5,8.5,9,9],"texture":"#0"},"south":{"uv":[8.5,8.5,9,9],"texture":"#0"},"west":{"uv":[8.5,8.5,9,9],"texture":"#0"},"up":{"uv":[8.5,8.5,9,9],"texture":"#0"},"down":{"uv":[8.5,8.5,9,9],"texture":"#0"}}},{"from":[7.5,15,18],"to":[8.5,16,19],"faces":{"north":{"uv":[9,8,9.5,8.5],"texture":"#0"},"east":{"uv":[9,8,9.5,8.5],"texture":"#0"},"south":{"uv":[9,8,9.5,8.5],"texture":"#0"},"west":{"uv":[9,8,9.5,8.5],"texture":"#0"},"up":{"uv":[9,8,9.5,8.5],"texture":"#0"},"down":{"uv":[9,8,9.5,8.5],"texture":"#0"}}},{"from":[7.3,16,18],"to":[8.7,17,19],"faces":{"north":{"uv":[9,7.5,9.5,8],"texture":"#0"},"east":{"uv":[9,7.5,9.5,8],"texture":"#0"},"south":{"uv":[9,7.5,9.5,8],"texture":"#0"},"west":{"uv":[9,7.5,9.5,8],"texture":"#0"},"up":{"uv":[9,7.5,9.5,8],"texture":"#0"},"down":{"uv":[9,7.5,9.5,8],"texture":"#0"}}},{"from":[7.5,16,19],"to":[8.5,17,20],"faces":{"north":{"uv":[9.5,7.5,10,8],"texture":"#0"},"east":{"uv":[9.5,7.5,10,8],"texture":"#0"},"south":{"uv":[9.5,7.5,10,8],"texture":"#0"},"west":{"uv":[9.5,7.5,10,8],"texture":"#0"},"up":{"uv":[9.5,7.5,10,8],"texture":"#0"},"down":{"uv":[9.5,7.5,10,8],"texture":"#0"}}},{"from":[7.5,17,20],"to":[8.5,18,21],"faces":{"north":{"uv":[10,7,10.5,7.5],"texture":"#0"},"east":{"uv":[10,7,10.5,7.5],"texture":"#0"},"south":{"uv":[10,7,10.5,7.5],"texture":"#0"},"west":{"uv":[10,7,10.5,7.5],"texture":"#0"},"up":{"uv":[10,7,10.5,7.5],"texture":"#0"},"down":{"uv":[10,7,10.5,7.5],"texture":"#0"}}},{"from":[7.5,18,21],"to":[8.5,19,22],"faces":{"north":{"uv":[10.5,6.5,11,7],"texture":"#0"},"east":{"uv":[10.5,6.5,11,7],"texture":"#0"},"south":{"uv":[10.5,6.5,11,7],"texture":"#0"},"west":{"uv":[10.5,6.5,11,7],"texture":"#0"},"up":{"uv":[10.5,6.5,11,7],"texture":"#0"},"down":{"uv":[10.5,6.5,11,7],"texture":"#0"}}},{"from":[7.5,19,22],"to":[8.5,20,23],"faces":{"north":{"uv":[11,6,11.5,6.5],"texture":"#0"},"east":{"uv":[11,6,11.5,6.5],"texture":"#0"},"south":{"uv":[11,6,11.5,6.5],"texture":"#0"},"west":{"uv":[11,6,11.5,6.5],"texture":"#0"},"up":{"uv":[11,6,11.5,6.5],"texture":"#0"},"down":{"uv":[11,6,11.5,6.5],"texture":"#0"}}},{"from":[7.5,19,23],"to":[8.5,20,24],"faces":{"north":{"uv":[11.5,6,12,6.5],"texture":"#0"},"east":{"uv":[11.5,6,12,6.5],"texture":"#0"},"south":{"uv":[11.5,6,12,6.5],"texture":"#0"},"west":{"uv":[11.5,6,12,6.5],"texture":"#0"},"up":{"uv":[11.5,6,12,6.5],"texture":"#0"},"down":{"uv":[11.5,6,12,6.5],"texture":"#0"}}},{"from":[7.5,20,24],"to":[8.5,21,25],"faces":{"north":{"uv":[12,5.5,12.5,6],"texture":"#0"},"east":{"uv":[12,5.5,12.5,6],"texture":"#0"},"south":{"uv":[12,5.5,12.5,6],"texture":"#0"},"west":{"uv":[12,5.5,12.5,6],"texture":"#0"},"up":{"uv":[12,5.5,12.5,6],"texture":"#0"},"down":{"uv":[12,5.5,12.5,6],"texture":"#0"}}},{"from":[7.5,21,25],"to":[8.5,22,26],"faces":{"north":{"uv":[12.5,5,13,5.5],"texture":"#0"},"east":{"uv":[12.5,5,13,5.5],"texture":"#0"},"south":{"uv":[12.5,5,13,5.5],"texture":"#0"},"west":{"uv":[12.5,5,13,5.5],"texture":"#0"},"up":{"uv":[12.5,5,13,5.5],"texture":"#0"},"down":{"uv":[12.5,5,13,5.5],"texture":"#0"}}},{"from":[7.3,17,18],"to":[8.7,18,19],"faces":{"north":{"uv":[9,7,9.5,7.5],"texture":"#0"},"east":{"uv":[9,7,9.5,7.5],"texture":"#0"},"south":{"uv":[9,7,9.5,7.5],"texture":"#0"},"west":{"uv":[9,7,9.5,7.5],"texture":"#0"},"up":{"uv":[9,7,9.5,7.5],"texture":"#0"},"down":{"uv":[9,7,9.5,7.5],"texture":"#0"}}},{"from":[7.3,17,19],"to":[8.7,18,20],"faces":{"north":{"uv":[9.5,7,10,7.5],"texture":"#0"},"east":{"uv":[9.5,7,10,7.5],"texture":"#0"},"south":{"uv":[9.5,7,10,7.5],"texture":"#0"},"west":{"uv":[9.5,7,10,7.5],"texture":"#0"},"up":{"uv":[9.5,7,10,7.5],"texture":"#0"},"down":{"uv":[9.5,7,10,7.5],"texture":"#0"}}},{"from":[7.3,18,20],"to":[8.7,19,21],"faces":{"north":{"uv":[10,6.5,10.5,7],"texture":"#0"},"east":{"uv":[10,6.5,10.5,7],"texture":"#0"},"south":{"uv":[10,6.5,10.5,7],"texture":"#0"},"west":{"uv":[10,6.5,10.5,7],"texture":"#0"},"up":{"uv":[10,6.5,10.5,7],"texture":"#0"},"down":{"uv":[10,6.5,10.5,7],"texture":"#0"}}},{"from":[7.2,18,19],"to":[8.8,19,20],"faces":{"north":{"uv":[9.5,6.5,10,7],"texture":"#0"},"east":{"uv":[9.5,6.5,10,7],"texture":"#0"},"south":{"uv":[9.5,6.5,10,7],"texture":"#0"},"west":{"uv":[9.5,6.5,10,7],"texture":"#0"},"up":{"uv":[9.5,6.5,10,7],"texture":"#0"},"down":{"uv":[9.5,6.5,10,7],"texture":"#0"}}},{"from":[7.4,18,18],"to":[8.6,19,19],"faces":{"north":{"uv":[9,6.5,9.5,7],"texture":"#0"},"east":{"uv":[9,6.5,9.5,7],"texture":"#0"},"south":{"uv":[9,6.5,9.5,7],"texture":"#0"},"west":{"uv":[9,6.5,9.5,7],"texture":"#0"},"up":{"uv":[9,6.5,9.5,7],"texture":"#0"},"down":{"uv":[9,6.5,9.5,7],"texture":"#0"}}},{"from":[7.2,18,17],"to":[8.8,19,18],"faces":{"north":{"uv":[8.5,6.5,9,7],"texture":"#0"},"east":{"uv":[8.5,6.5,9,7],"texture":"#0"},"south":{"uv":[8.5,6.5,9,7],"texture":"#0"},"west":{"uv":[8.5,6.5,9,7],"texture":"#0"},"up":{"uv":[8.5,6.5,9,7],"texture":"#0"},"down":{"uv":[8.5,6.5,9,7],"texture":"#0"}}},{"from":[7.2,18,16],"to":[8.8,19,17],"faces":{"north":{"uv":[8,6.5,8.5,7],"texture":"#0"},"east":{"uv":[8,6.5,8.5,7],"texture":"#0"},"south":{"uv":[8,6.5,8.5,7],"texture":"#0"},"west":{"uv":[8,6.5,8.5,7],"texture":"#0"},"up":{"uv":[8,6.5,8.5,7],"texture":"#0"},"down":{"uv":[8,6.5,8.5,7],"texture":"#0"}}},{"from":[7.2,17,16],"to":[8.8,18,17],"faces":{"north":{"uv":[8,7,8.5,7.5],"texture":"#0"},"east":{"uv":[8,7,8.5,7.5],"texture":"#0"},"south":{"uv":[8,7,8.5,7.5],"texture":"#0"},"west":{"uv":[8,7,8.5,7.5],"texture":"#0"},"up":{"uv":[8,7,8.5,7.5],"texture":"#0"},"down":{"uv":[8,7,8.5,7.5],"texture":"#0"}}},{"from":[7.4,16,16],"to":[8.6,17,17],"faces":{"north":{"uv":[8,7.5,8.5,8],"texture":"#0"},"east":{"uv":[8,7.5,8.5,8],"texture":"#0"},"south":{"uv":[8,7.5,8.5,8],"texture":"#0"},"west":{"uv":[8,7.5,8.5,8],"texture":"#0"},"up":{"uv":[8,7.5,8.5,8],"texture":"#0"},"down":{"uv":[8,7.5,8.5,8],"texture":"#0"}}},{"from":[7.5,18,15],"to":[8.5,19,16],"faces":{"north":{"uv":[7.5,6.5,8,7],"texture":"#0"},"east":{"uv":[7.5,6.5,8,7],"texture":"#0"},"south":{"uv":[7.5,6.5,8,7],"texture":"#0"},"west":{"uv":[7.5,6.5,8,7],"texture":"#0"},"up":{"uv":[7.5,6.5,8,7],"texture":"#0"},"down":{"uv":[7.5,6.5,8,7],"texture":"#0"}}},{"from":[7.2,17,15],"to":[8.8,18,16],"faces":{"north":{"uv":[7.5,7,8,7.5],"texture":"#0"},"east":{"uv":[7.5,7,8,7.5],"texture":"#0"},"south":{"uv":[7.5,7,8,7.5],"texture":"#0"},"west":{"uv":[7.5,7,8,7.5],"texture":"#0"},"up":{"uv":[7.5,7,8,7.5],"texture":"#0"},"down":{"uv":[7.5,7,8,7.5],"texture":"#0"}}},{"from":[7.5,17,14],"to":[8.5,18,15],"faces":{"north":{"uv":[7,7,7.5,7.5],"texture":"#0"},"east":{"uv":[7,7,7.5,7.5],"texture":"#0"},"south":{"uv":[7,7,7.5,7.5],"texture":"#0"},"west":{"uv":[7,7,7.5,7.5],"texture":"#0"},"up":{"uv":[7,7,7.5,7.5],"texture":"#0"},"down":{"uv":[7,7,7.5,7.5],"texture":"#0"}}},{"from":[7.5,16,13],"to":[8.5,17,14],"faces":{"north":{"uv":[6.5,7.5,7,8],"texture":"#0"},"east":{"uv":[6.5,7.5,7,8],"texture":"#0"},"south":{"uv":[6.5,7.5,7,8],"texture":"#0"},"west":{"uv":[6.5,7.5,7,8],"texture":"#0"},"up":{"uv":[6.5,7.5,7,8],"texture":"#0"},"down":{"uv":[6.5,7.5,7,8],"texture":"#0"}}},{"from":[7.5,15,12],"to":[8.5,16,13],"faces":{"north":{"uv":[6,8,6.5,8.5],"texture":"#0"},"east":{"uv":[6,8,6.5,8.5],"texture":"#0"},"south":{"uv":[6,8,6.5,8.5],"texture":"#0"},"west":{"uv":[6,8,6.5,8.5],"texture":"#0"},"up":{"uv":[6,8,6.5,8.5],"texture":"#0"},"down":{"uv":[6,8,6.5,8.5],"texture":"#0"}}},{"from":[7.5,14,11],"to":[8.5,15,12],"faces":{"north":{"uv":[5.5,8.5,6,9],"texture":"#0"},"east":{"uv":[5.5,8.5,6,9],"texture":"#0"},"south":{"uv":[5.5,8.5,6,9],"texture":"#0"},"west":{"uv":[5.5,8.5,6,9],"texture":"#0"},"up":{"uv":[5.5,8.5,6,9],"texture":"#0"},"down":{"uv":[5.5,8.5,6,9],"texture":"#0"}}},{"from":[7.2,16,15],"to":[8.8,17,16],"faces":{"north":{"uv":[7.5,7.5,8,8],"texture":"#0"},"east":{"uv":[7.5,7.5,8,8],"texture":"#0"},"south":{"uv":[7.5,7.5,8,8],"texture":"#0"},"west":{"uv":[7.5,7.5,8,8],"texture":"#0"},"up":{"uv":[7.5,7.5,8,8],"texture":"#0"},"down":{"uv":[7.5,7.5,8,8],"texture":"#0"}}},{"from":[7.2,16,14],"to":[8.8,17,15],"faces":{"north":{"uv":[7,7.5,7.5,8],"texture":"#0"},"east":{"uv":[7,7.5,7.5,8],"texture":"#0"},"south":{"uv":[7,7.5,7.5,8],"texture":"#0"},"west":{"uv":[7,7.5,7.5,8],"texture":"#0"},"up":{"uv":[7,7.5,7.5,8],"texture":"#0"},"down":{"uv":[7,7.5,7.5,8],"texture":"#0"}}},{"from":[7.2,15,13],"to":[8.8,16,14],"faces":{"north":{"uv":[6.5,8,7,8.5],"texture":"#0"},"east":{"uv":[6.5,8,7,8.5],"texture":"#0"},"south":{"uv":[6.5,8,7,8.5],"texture":"#0"},"west":{"uv":[6.5,8,7,8.5],"texture":"#0"},"up":{"uv":[6.5,8,7,8.5],"texture":"#0"},"down":{"uv":[6.5,8,7,8.5],"texture":"#0"}}},{"from":[7.2,14,12],"to":[8.8,15,13],"faces":{"north":{"uv":[6,8.5,6.5,9],"texture":"#0"},"east":{"uv":[6,8.5,6.5,9],"texture":"#0"},"south":{"uv":[6,8.5,6.5,9],"texture":"#0"},"west":{"uv":[6,8.5,6.5,9],"texture":"#0"},"up":{"uv":[6,8.5,6.5,9],"texture":"#0"},"down":{"uv":[6,8.5,6.5,9],"texture":"#0"}}},{"from":[7.3,13,11],"to":[8.7,14,12],"faces":{"north":{"uv":[5.5,9,6,9.5],"texture":"#0"},"east":{"uv":[5.5,9,6,9.5],"texture":"#0"},"south":{"uv":[5.5,9,6,9.5],"texture":"#0"},"west":{"uv":[5.5,9,6,9.5],"texture":"#0"},"up":{"uv":[5.5,9,6,9.5],"texture":"#0"},"down":{"uv":[5.5,9,6,9.5],"texture":"#0"}}},{"from":[7.2,15,14],"to":[8.8,16,15],"faces":{"north":{"uv":[7,8,7.5,8.5],"texture":"#0"},"east":{"uv":[7,8,7.5,8.5],"texture":"#0"},"south":{"uv":[7,8,7.5,8.5],"texture":"#0"},"west":{"uv":[7,8,7.5,8.5],"texture":"#0"},"up":{"uv":[7,8,7.5,8.5],"texture":"#0"},"down":{"uv":[7,8,7.5,8.5],"texture":"#0"}}},{"from":[7.3,14,13],"to":[8.7,15,14],"faces":{"north":{"uv":[6.5,8.5,7,9],"texture":"#0"},"east":{"uv":[6.5,8.5,7,9],"texture":"#0"},"south":{"uv":[6.5,8.5,7,9],"texture":"#0"},"west":{"uv":[6.5,8.5,7,9],"texture":"#0"},"up":{"uv":[6.5,8.5,7,9],"texture":"#0"},"down":{"uv":[6.5,8.5,7,9],"texture":"#0"}}},{"from":[7.2,13,12],"to":[8.8,14,13],"faces":{"north":{"uv":[6,9,6.5,9.5],"texture":"#0"},"east":{"uv":[6,9,6.5,9.5],"texture":"#0"},"south":{"uv":[6,9,6.5,9.5],"texture":"#0"},"west":{"uv":[6,9,6.5,9.5],"texture":"#0"},"up":{"uv":[6,9,6.5,9.5],"texture":"#0"},"down":{"uv":[6,9,6.5,9.5],"texture":"#0"}}},{"from":[7.2,12,11],"to":[8.8,13,12],"faces":{"north":{"uv":[5.5,9.5,6,10],"texture":"#0"},"east":{"uv":[5.5,9.5,6,10],"texture":"#0"},"south":{"uv":[5.5,9.5,6,10],"texture":"#0"},"west":{"uv":[5.5,9.5,6,10],"texture":"#0"},"up":{"uv":[5.5,9.5,6,10],"texture":"#0"},"down":{"uv":[5.5,9.5,6,10],"texture":"#0"}}},{"from":[7.3,19,21],"to":[8.7,20,22],"faces":{"north":{"uv":[10.5,6,11,6.5],"texture":"#0"},"east":{"uv":[10.5,6,11,6.5],"texture":"#0"},"south":{"uv":[10.5,6,11,6.5],"texture":"#0"},"west":{"uv":[10.5,6,11,6.5],"texture":"#0"},"up":{"uv":[10.5,6,11,6.5],"texture":"#0"},"down":{"uv":[10.5,6,11,6.5],"texture":"#0"}}},{"from":[7.2,19,20],"to":[8.8,20,21],"faces":{"north":{"uv":[10,6,10.5,6.5],"texture":"#0"},"east":{"uv":[10,6,10.5,6.5],"texture":"#0"},"south":{"uv":[10,6,10.5,6.5],"texture":"#0"},"west":{"uv":[10,6,10.5,6.5],"texture":"#0"},"up":{"uv":[10,6,10.5,6.5],"texture":"#0"},"down":{"uv":[10,6,10.5,6.5],"texture":"#0"}}},{"from":[7.3,19,19],"to":[8.7,20,20],"faces":{"north":{"uv":[9.5,6,10,6.5],"texture":"#0"},"east":{"uv":[9.5,6,10,6.5],"texture":"#0"},"south":{"uv":[9.5,6,10,6.5],"texture":"#0"},"west":{"uv":[9.5,6,10,6.5],"texture":"#0"},"up":{"uv":[9.5,6,10,6.5],"texture":"#0"},"down":{"uv":[9.5,6,10,6.5],"texture":"#0"}}},{"from":[7.2,19,18],"to":[8.8,20,19],"faces":{"north":{"uv":[9,6,9.5,6.5],"texture":"#0"},"east":{"uv":[9,6,9.5,6.5],"texture":"#0"},"south":{"uv":[9,6,9.5,6.5],"texture":"#0"},"west":{"uv":[9,6,9.5,6.5],"texture":"#0"},"up":{"uv":[9,6,9.5,6.5],"texture":"#0"},"down":{"uv":[9,6,9.5,6.5],"texture":"#0"}}},{"from":[7.2,19,17],"to":[8.8,20,18],"faces":{"north":{"uv":[8.5,6,9,6.5],"texture":"#0"},"east":{"uv":[8.5,6,9,6.5],"texture":"#0"},"south":{"uv":[8.5,6,9,6.5],"texture":"#0"},"west":{"uv":[8.5,6,9,6.5],"texture":"#0"},"up":{"uv":[8.5,6,9,6.5],"texture":"#0"},"down":{"uv":[8.5,6,9,6.5],"texture":"#0"}}},{"from":[7.5,19,16],"to":[8.5,20,17],"faces":{"north":{"uv":[8,6,8.5,6.5],"texture":"#0"},"east":{"uv":[8,6,8.5,6.5],"texture":"#0"},"south":{"uv":[8,6,8.5,6.5],"texture":"#0"},"west":{"uv":[8,6,8.5,6.5],"texture":"#0"},"up":{"uv":[8,6,8.5,6.5],"texture":"#0"},"down":{"uv":[8,6,8.5,6.5],"texture":"#0"}}},{"from":[7.2,20,22],"to":[8.8,21,23],"faces":{"north":{"uv":[11,5.5,11.5,6],"texture":"#0"},"east":{"uv":[11,5.5,11.5,6],"texture":"#0"},"south":{"uv":[11,5.5,11.5,6],"texture":"#0"},"west":{"uv":[11,5.5,11.5,6],"texture":"#0"},"up":{"uv":[11,5.5,11.5,6],"texture":"#0"},"down":{"uv":[11,5.5,11.5,6],"texture":"#0"}}},{"from":[7.2,20,21],"to":[8.8,21,22],"faces":{"north":{"uv":[10.5,5.5,11,6],"texture":"#0"},"east":{"uv":[10.5,5.5,11,6],"texture":"#0"},"south":{"uv":[10.5,5.5,11,6],"texture":"#0"},"west":{"uv":[10.5,5.5,11,6],"texture":"#0"},"up":{"uv":[10.5,5.5,11,6],"texture":"#0"},"down":{"uv":[10.5,5.5,11,6],"texture":"#0"}}},{"from":[7.2,20,20],"to":[8.8,21,21],"faces":{"north":{"uv":[10,5.5,10.5,6],"texture":"#0"},"east":{"uv":[10,5.5,10.5,6],"texture":"#0"},"south":{"uv":[10,5.5,10.5,6],"texture":"#0"},"west":{"uv":[10,5.5,10.5,6],"texture":"#0"},"up":{"uv":[10,5.5,10.5,6],"texture":"#0"},"down":{"uv":[10,5.5,10.5,6],"texture":"#0"}}},{"from":[7.2,20,19],"to":[8.8,21,20],"faces":{"north":{"uv":[9.5,5.5,10,6],"texture":"#0"},"east":{"uv":[9.5,5.5,10,6],"texture":"#0"},"south":{"uv":[9.5,5.5,10,6],"texture":"#0"},"west":{"uv":[9.5,5.5,10,6],"texture":"#0"},"up":{"uv":[9.5,5.5,10,6],"texture":"#0"},"down":{"uv":[9.5,5.5,10,6],"texture":"#0"}}},{"from":[7.2,20,18],"to":[8.8,21,19],"faces":{"north":{"uv":[9,5.5,9.5,6],"texture":"#0"},"east":{"uv":[9,5.5,9.5,6],"texture":"#0"},"south":{"uv":[9,5.5,9.5,6],"texture":"#0"},"west":{"uv":[9,5.5,9.5,6],"texture":"#0"},"up":{"uv":[9,5.5,9.5,6],"texture":"#0"},"down":{"uv":[9,5.5,9.5,6],"texture":"#0"}}},{"from":[7.5,20,17],"to":[8.5,21,18],"faces":{"north":{"uv":[8.5,5.5,9,6],"texture":"#0"},"east":{"uv":[8.5,5.5,9,6],"texture":"#0"},"south":{"uv":[8.5,5.5,9,6],"texture":"#0"},"west":{"uv":[8.5,5.5,9,6],"texture":"#0"},"up":{"uv":[8.5,5.5,9,6],"texture":"#0"},"down":{"uv":[8.5,5.5,9,6],"texture":"#0"}}},{"from":[7.3,20,23],"to":[8.7,21,24],"faces":{"north":{"uv":[11.5,5.5,12,6],"texture":"#0"},"east":{"uv":[11.5,5.5,12,6],"texture":"#0"},"south":{"uv":[11.5,5.5,12,6],"texture":"#0"},"west":{"uv":[11.5,5.5,12,6],"texture":"#0"},"up":{"uv":[11.5,5.5,12,6],"texture":"#0"},"down":{"uv":[11.5,5.5,12,6],"texture":"#0"}}},{"from":[7.5,21,24],"to":[8.5,22,25],"faces":{"north":{"uv":[12,5,12.5,5.5],"texture":"#0"},"east":{"uv":[12,5,12.5,5.5],"texture":"#0"},"south":{"uv":[12,5,12.5,5.5],"texture":"#0"},"west":{"uv":[12,5,12.5,5.5],"texture":"#0"},"up":{"uv":[12,5,12.5,5.5],"texture":"#0"},"down":{"uv":[12,5,12.5,5.5],"texture":"#0"}}},{"from":[7.5,21,23],"to":[8.5,22,24],"faces":{"north":{"uv":[11.5,5,12,5.5],"texture":"#0"},"east":{"uv":[11.5,5,12,5.5],"texture":"#0"},"south":{"uv":[11.5,5,12,5.5],"texture":"#0"},"west":{"uv":[11.5,5,12,5.5],"texture":"#0"},"up":{"uv":[11.5,5,12,5.5],"texture":"#0"},"down":{"uv":[11.5,5,12,5.5],"texture":"#0"}}},{"from":[7.5,21,22],"to":[8.5,22,23],"faces":{"north":{"uv":[11,5,11.5,5.5],"texture":"#0"},"east":{"uv":[11,5,11.5,5.5],"texture":"#0"},"south":{"uv":[11,5,11.5,5.5],"texture":"#0"},"west":{"uv":[11,5,11.5,5.5],"texture":"#0"},"up":{"uv":[11,5,11.5,5.5],"texture":"#0"},"down":{"uv":[11,5,11.5,5.5],"texture":"#0"}}},{"from":[7.5,21,21],"to":[8.5,22,22],"faces":{"north":{"uv":[10.5,5,11,5.5],"texture":"#0"},"east":{"uv":[10.5,5,11,5.5],"texture":"#0"},"south":{"uv":[10.5,5,11,5.5],"texture":"#0"},"west":{"uv":[10.5,5,11,5.5],"texture":"#0"},"up":{"uv":[10.5,5,11,5.5],"texture":"#0"},"down":{"uv":[10.5,5,11,5.5],"texture":"#0"}}},{"from":[7.5,21,20],"to":[8.5,22,21],"faces":{"north":{"uv":[10,5,10.5,5.5],"texture":"#0"},"east":{"uv":[10,5,10.5,5.5],"texture":"#0"},"south":{"uv":[10,5,10.5,5.5],"texture":"#0"},"west":{"uv":[10,5,10.5,5.5],"texture":"#0"},"up":{"uv":[10,5,10.5,5.5],"texture":"#0"},"down":{"uv":[10,5,10.5,5.5],"texture":"#0"}}},{"from":[7.5,21,19],"to":[8.5,22,20],"faces":{"north":{"uv":[9.5,5,10,5.5],"texture":"#0"},"east":{"uv":[9.5,5,10,5.5],"texture":"#0"},"south":{"uv":[9.5,5,10,5.5],"texture":"#0"},"west":{"uv":[9.5,5,10,5.5],"texture":"#0"},"up":{"uv":[9.5,5,10,5.5],"texture":"#0"},"down":{"uv":[9.5,5,10,5.5],"texture":"#0"}}},{"from":[7.5,21,18],"to":[8.5,22,19],"faces":{"north":{"uv":[9,5,9.5,5.5],"texture":"#0"},"east":{"uv":[9,5,9.5,5.5],"texture":"#0"},"south":{"uv":[9,5,9.5,5.5],"texture":"#0"},"west":{"uv":[9,5,9.5,5.5],"texture":"#0"},"up":{"uv":[9,5,9.5,5.5],"texture":"#0"},"down":{"uv":[9,5,9.5,5.5],"texture":"#0"}}},{"from":[7.5,15,15],"to":[8.5,16,16],"faces":{"north":{"uv":[7.5,8,8,8.5],"texture":"#0"},"east":{"uv":[7.5,8,8,8.5],"texture":"#0"},"south":{"uv":[7.5,8,8,8.5],"texture":"#0"},"west":{"uv":[7.5,8,8,8.5],"texture":"#0"},"up":{"uv":[7.5,8,8,8.5],"texture":"#0"},"down":{"uv":[7.5,8,8,8.5],"texture":"#0"}}},{"from":[7.5,13,15],"to":[8.5,14,16],"faces":{"north":{"uv":[7.5,9,8,9.5],"texture":"#0"},"east":{"uv":[7.5,9,8,9.5],"texture":"#0"},"south":{"uv":[7.5,9,8,9.5],"texture":"#0"},"west":{"uv":[7.5,9,8,9.5],"texture":"#0"},"up":{"uv":[7.5,9,8,9.5],"texture":"#0"},"down":{"uv":[7.5,9,8,9.5],"texture":"#0"}}},{"from":[7.2,13,14],"to":[8.8,14,15],"faces":{"north":{"uv":[7,9,7.5,9.5],"texture":"#0"},"east":{"uv":[7,9,7.5,9.5],"texture":"#0"},"south":{"uv":[7,9,7.5,9.5],"texture":"#0"},"west":{"uv":[7,9,7.5,9.5],"texture":"#0"},"up":{"uv":[7,9,7.5,9.5],"texture":"#0"},"down":{"uv":[7,9,7.5,9.5],"texture":"#0"}}},{"from":[7.5,14,14],"to":[8.5,15,15],"faces":{"north":{"uv":[7,8.5,7.5,9],"texture":"#0"},"east":{"uv":[7,8.5,7.5,9],"texture":"#0"},"south":{"uv":[7,8.5,7.5,9],"texture":"#0"},"west":{"uv":[7,8.5,7.5,9],"texture":"#0"},"up":{"uv":[7,8.5,7.5,9],"texture":"#0"},"down":{"uv":[7,8.5,7.5,9],"texture":"#0"}}},{"from":[7.5,13,13],"to":[8.5,14,14],"faces":{"north":{"uv":[6.5,9,7,9.5],"texture":"#0"},"east":{"uv":[6.5,9,7,9.5],"texture":"#0"},"south":{"uv":[6.5,9,7,9.5],"texture":"#0"},"west":{"uv":[6.5,9,7,9.5],"texture":"#0"},"up":{"uv":[6.5,9,7,9.5],"texture":"#0"},"down":{"uv":[6.5,9,7,9.5],"texture":"#0"}}},{"from":[7.5,12,12],"to":[8.5,13,13],"faces":{"north":{"uv":[6,9.5,6.5,10],"texture":"#0"},"east":{"uv":[6,9.5,6.5,10],"texture":"#0"},"south":{"uv":[6,9.5,6.5,10],"texture":"#0"},"west":{"uv":[6,9.5,6.5,10],"texture":"#0"},"up":{"uv":[6,9.5,6.5,10],"texture":"#0"},"down":{"uv":[6,9.5,6.5,10],"texture":"#0"}}},{"from":[7.5,11,11],"to":[8.5,12,12],"faces":{"north":{"uv":[5.5,10,6,10.5],"texture":"#0"},"east":{"uv":[5.5,10,6,10.5],"texture":"#0"},"south":{"uv":[5.5,10,6,10.5],"texture":"#0"},"west":{"uv":[5.5,10,6,10.5],"texture":"#0"},"up":{"uv":[5.5,10,6,10.5],"texture":"#0"},"down":{"uv":[5.5,10,6,10.5],"texture":"#0"}}},{"from":[7.2,11,10],"to":[8.8,12,11],"faces":{"north":{"uv":[5,10,5.5,10.5],"texture":"#0"},"east":{"uv":[5,10,5.5,10.5],"texture":"#0"},"south":{"uv":[5,10,5.5,10.5],"texture":"#0"},"west":{"uv":[5,10,5.5,10.5],"texture":"#0"},"up":{"uv":[5,10,5.5,10.5],"texture":"#0"},"down":{"uv":[5,10,5.5,10.5],"texture":"#0"}}},{"from":[7.5,12,10],"to":[8.5,13,11],"faces":{"north":{"uv":[5,9.5,5.5,10],"texture":"#0"},"east":{"uv":[5,9.5,5.5,10],"texture":"#0"},"south":{"uv":[5,9.5,5.5,10],"texture":"#0"},"west":{"uv":[5,9.5,5.5,10],"texture":"#0"},"up":{"uv":[5,9.5,5.5,10],"texture":"#0"},"down":{"uv":[5,9.5,5.5,10],"texture":"#0"}}},{"from":[7.5,13,10],"to":[8.5,14,11],"faces":{"north":{"uv":[5,9,5.5,9.5],"texture":"#0"},"east":{"uv":[5,9,5.5,9.5],"texture":"#0"},"south":{"uv":[5,9,5.5,9.5],"texture":"#0"},"west":{"uv":[5,9,5.5,9.5],"texture":"#0"},"up":{"uv":[5,9,5.5,9.5],"texture":"#0"},"down":{"uv":[5,9,5.5,9.5],"texture":"#0"}}},{"from":[7.5,11,9],"to":[8.5,12,10],"faces":{"north":{"uv":[4.5,10,5,10.5],"texture":"#0"},"east":{"uv":[4.5,10,5,10.5],"texture":"#0"},"south":{"uv":[4.5,10,5,10.5],"texture":"#0"},"west":{"uv":[4.5,10,5,10.5],"texture":"#0"},"up":{"uv":[4.5,10,5,10.5],"texture":"#0"},"down":{"uv":[4.5,10,5,10.5],"texture":"#0"}}},{"from":[7.3,13,18],"to":[8.7,14,19],"faces":{"north":{"uv":[9,9,9.5,9.5],"texture":"#0"},"east":{"uv":[9,9,9.5,9.5],"texture":"#0"},"south":{"uv":[9,9,9.5,9.5],"texture":"#0"},"west":{"uv":[9,9,9.5,9.5],"texture":"#0"},"up":{"uv":[9,9,9.5,9.5],"texture":"#0"},"down":{"uv":[9,9,9.5,9.5],"texture":"#0"}}},{"from":[7.3,14,19],"to":[8.7,15,20],"faces":{"north":{"uv":[9.5,8.5,10,9],"texture":"#0"},"east":{"uv":[9.5,8.5,10,9],"texture":"#0"},"south":{"uv":[9.5,8.5,10,9],"texture":"#0"},"west":{"uv":[9.5,8.5,10,9],"texture":"#0"},"up":{"uv":[9.5,8.5,10,9],"texture":"#0"},"down":{"uv":[9.5,8.5,10,9],"texture":"#0"}}}]}