{"display":{"thirdperson_righthand":{"rotation":[70,90,-118],"translation":[7.5,1.75,0]},"thirdperson_lefthand":{"rotation":[-72,-90,-18],"translation":[-7.5,1.75,-1]},"firstperson_righthand":{"rotation":[0,90,-69],"translation":[10,0,0],"scale":[0.78,0.78,0.78]},"firstperson_lefthand":{"rotation":[-66,-90,0],"translation":[-1.5,0,0],"scale":[0.78,0.78,0.78]},"ground":{"translation":[-0.25,0,2.25],"scale":[0.3,0.3,0.3]},"gui":{"rotation":[0,-180,0],"translation":[-2.75,-2.75,0],"scale":[0.65,0.65,1]},"head":{"translation":[3.75,-8,11.25],"scale":[1.6,1.6,1.6]},"fixed":{"translation":[3.25,-3.25,7.25],"scale":[0.75,0.75,1]}},"texture_size":[32,32],"textures":{"0":"item/fishing_rod/1","particle":"item/fishing_rod/1"},"elements":[{"from":[15,0,0],"to":[16,1,1],"faces":{"north":{"uv":[0,15.5,0.5,16],"texture":"#0"},"east":{"uv":[0,15.5,0.5,16],"texture":"#0"},"south":{"uv":[0,15.5,0.5,16],"texture":"#0"},"west":{"uv":[0,15.5,0.5,16],"texture":"#0"},"up":{"uv":[0,15.5,0.5,16],"texture":"#0"},"down":{"uv":[0,15.5,0.5,16],"texture":"#0"}}},{"from":[15,1,0],"to":[16,2,1],"faces":{"north":{"uv":[0,15,0.5,15.5],"texture":"#0"},"east":{"uv":[0,15,0.5,15.5],"texture":"#0"},"south":{"uv":[0,15,0.5,15.5],"texture":"#0"},"west":{"uv":[0,15,0.5,15.5],"texture":"#0"},"up":{"uv":[0,15,0.5,15.5],"texture":"#0"},"down":{"uv":[0,15,0.5,15.5],"texture":"#0"}}},{"from":[14,2,0],"to":[15,3,1],"faces":{"north":{"uv":[0.5,14.5,1,15],"texture":"#0"},"east":{"uv":[0.5,14.5,1,15],"texture":"#0"},"south":{"uv":[0.5,14.5,1,15],"texture":"#0"},"west":{"uv":[0.5,14.5,1,15],"texture":"#0"},"up":{"uv":[0.5,14.5,1,15],"texture":"#0"},"down":{"uv":[0.5,14.5,1,15],"texture":"#0"}}},{"from":[13,2,-0.5],"to":[14,3,1.5],"faces":{"north":{"uv":[1,14.5,1.5,15],"texture":"#0"},"east":{"uv":[1,14.5,1.5,15],"texture":"#0"},"south":{"uv":[1,14.5,1.5,15],"texture":"#0"},"west":{"uv":[1,14.5,1.5,15],"texture":"#0"},"up":{"uv":[1,14.5,1.5,15],"texture":"#0"},"down":{"uv":[1,14.5,1.5,15],"texture":"#0"}}},{"from":[13,3,0],"to":[14,4,1],"faces":{"north":{"uv":[1,14,1.5,14.5],"texture":"#0"},"east":{"uv":[1,14,1.5,14.5],"texture":"#0"},"south":{"uv":[1,14,1.5,14.5],"texture":"#0"},"west":{"uv":[1,14,1.5,14.5],"texture":"#0"},"up":{"uv":[1,14,1.5,14.5],"texture":"#0"},"down":{"uv":[1,14,1.5,14.5],"texture":"#0"}}},{"from":[12,2,0],"to":[13,3,1],"faces":{"north":{"uv":[1.5,14.5,2,15],"texture":"#0"},"east":{"uv":[1.5,14.5,2,15],"texture":"#0"},"south":{"uv":[1.5,14.5,2,15],"texture":"#0"},"west":{"uv":[1.5,14.5,2,15],"texture":"#0"},"up":{"uv":[1.5,14.5,2,15],"texture":"#0"},"down":{"uv":[1.5,14.5,2,15],"texture":"#0"}}},{"from":[11,2,0],"to":[12,3,1],"faces":{"north":{"uv":[2,14.5,2.5,15],"texture":"#0"},"east":{"uv":[2,14.5,2.5,15],"texture":"#0"},"south":{"uv":[2,14.5,2.5,15],"texture":"#0"},"west":{"uv":[2,14.5,2.5,15],"texture":"#0"},"up":{"uv":[2,14.5,2.5,15],"texture":"#0"},"down":{"uv":[2,14.5,2.5,15],"texture":"#0"}}},{"from":[11,3,-0.5],"to":[12,4,1.5],"faces":{"north":{"uv":[2,14,2.5,14.5],"texture":"#0"},"east":{"uv":[2,14,2.5,14.5],"texture":"#0"},"south":{"uv":[2,14,2.5,14.5],"texture":"#0"},"west":{"uv":[2,14,2.5,14.5],"texture":"#0"},"up":{"uv":[2,14,2.5,14.5],"texture":"#0"},"down":{"uv":[2,14,2.5,14.5],"texture":"#0"}}},{"from":[11,4,-0.5],"to":[12,5,1.5],"faces":{"north":{"uv":[2,13.5,2.5,14],"texture":"#0"},"east":{"uv":[2,13.5,2.5,14],"texture":"#0"},"south":{"uv":[2,13.5,2.5,14],"texture":"#0"},"west":{"uv":[2,13.5,2.5,14],"texture":"#0"},"up":{"uv":[2,13.5,2.5,14],"texture":"#0"},"down":{"uv":[2,13.5,2.5,14],"texture":"#0"}}},{"from":[10,4,-0.5],"to":[11,5,1.5],"faces":{"north":{"uv":[2.5,13.5,3,14],"texture":"#0"},"east":{"uv":[2.5,13.5,3,14],"texture":"#0"},"south":{"uv":[2.5,13.5,3,14],"texture":"#0"},"west":{"uv":[2.5,13.5,3,14],"texture":"#0"},"up":{"uv":[2.5,13.5,3,14],"texture":"#0"},"down":{"uv":[2.5,13.5,3,14],"texture":"#0"}}},{"from":[9,4,0],"to":[10,5,1],"faces":{"north":{"uv":[3,13.5,3.5,14],"texture":"#0"},"east":{"uv":[3,13.5,3.5,14],"texture":"#0"},"south":{"uv":[3,13.5,3.5,14],"texture":"#0"},"west":{"uv":[3,13.5,3.5,14],"texture":"#0"},"up":{"uv":[3,13.5,3.5,14],"texture":"#0"},"down":{"uv":[3,13.5,3.5,14],"texture":"#0"}}},{"from":[9,5,-0.5],"to":[10,6,1.5],"faces":{"north":{"uv":[3,13,3.5,13.5],"texture":"#0"},"east":{"uv":[3,13,3.5,13.5],"texture":"#0"},"south":{"uv":[3,13,3.5,13.5],"texture":"#0"},"west":{"uv":[3,13,3.5,13.5],"texture":"#0"},"up":{"uv":[3,13,3.5,13.5],"texture":"#0"},"down":{"uv":[3,13,3.5,13.5],"texture":"#0"}}},{"from":[8,6,-0.5],"to":[9,7,1.5],"faces":{"north":{"uv":[3.5,12.5,4,13],"texture":"#0"},"east":{"uv":[3.5,12.5,4,13],"texture":"#0"},"south":{"uv":[3.5,12.5,4,13],"texture":"#0"},"west":{"uv":[3.5,12.5,4,13],"texture":"#0"},"up":{"uv":[3.5,12.5,4,13],"texture":"#0"},"down":{"uv":[3.5,12.5,4,13],"texture":"#0"}}},{"from":[7,7,0],"to":[8,8,1],"faces":{"north":{"uv":[4,12,4.5,12.5],"texture":"#0"},"east":{"uv":[4,12,4.5,12.5],"texture":"#0"},"south":{"uv":[4,12,4.5,12.5],"texture":"#0"},"west":{"uv":[4,12,4.5,12.5],"texture":"#0"},"up":{"uv":[4,12,4.5,12.5],"texture":"#0"},"down":{"uv":[4,12,4.5,12.5],"texture":"#0"}}},{"from":[6,7,0],"to":[7,8,1],"faces":{"north":{"uv":[4.5,12,5,12.5],"texture":"#0"},"east":{"uv":[4.5,12,5,12.5],"texture":"#0"},"south":{"uv":[4.5,12,5,12.5],"texture":"#0"},"west":{"uv":[4.5,12,5,12.5],"texture":"#0"},"up":{"uv":[4.5,12,5,12.5],"texture":"#0"},"down":{"uv":[4.5,12,5,12.5],"texture":"#0"}}},{"from":[7,6,0],"to":[8,7,1],"faces":{"north":{"uv":[4,12.5,4.5,13],"texture":"#0"},"east":{"uv":[4,12.5,4.5,13],"texture":"#0"},"south":{"uv":[4,12.5,4.5,13],"texture":"#0"},"west":{"uv":[4,12.5,4.5,13],"texture":"#0"},"up":{"uv":[4,12.5,4.5,13],"texture":"#0"},"down":{"uv":[4,12.5,4.5,13],"texture":"#0"}}},{"from":[8,5,0],"to":[9,6,1],"faces":{"north":{"uv":[3.5,13,4,13.5],"texture":"#0"},"east":{"uv":[3.5,13,4,13.5],"texture":"#0"},"south":{"uv":[3.5,13,4,13.5],"texture":"#0"},"west":{"uv":[3.5,13,4,13.5],"texture":"#0"},"up":{"uv":[3.5,13,4,13.5],"texture":"#0"},"down":{"uv":[3.5,13,4,13.5],"texture":"#0"}}},{"from":[10,5,-0.5],"to":[11,6,1.5],"faces":{"north":{"uv":[2.5,13,3,13.5],"texture":"#0"},"east":{"uv":[2.5,13,3,13.5],"texture":"#0"},"south":{"uv":[2.5,13,3,13.5],"texture":"#0"},"west":{"uv":[2.5,13,3,13.5],"texture":"#0"},"up":{"uv":[2.5,13,3,13.5],"texture":"#0"},"down":{"uv":[2.5,13,3,13.5],"texture":"#0"}}},{"from":[10,6,0],"to":[11,7,1],"faces":{"north":{"uv":[2.5,12.5,3,13],"texture":"#0"},"east":{"uv":[2.5,12.5,3,13],"texture":"#0"},"south":{"uv":[2.5,12.5,3,13],"texture":"#0"},"west":{"uv":[2.5,12.5,3,13],"texture":"#0"},"up":{"uv":[2.5,12.5,3,13],"texture":"#0"},"down":{"uv":[2.5,12.5,3,13],"texture":"#0"}}},{"from":[9,6,-0.5],"to":[10,7,1.5],"faces":{"north":{"uv":[3,12.5,3.5,13],"texture":"#0"},"east":{"uv":[3,12.5,3.5,13],"texture":"#0"},"south":{"uv":[3,12.5,3.5,13],"texture":"#0"},"west":{"uv":[3,12.5,3.5,13],"texture":"#0"},"up":{"uv":[3,12.5,3.5,13],"texture":"#0"},"down":{"uv":[3,12.5,3.5,13],"texture":"#0"}}},{"from":[9,7,0],"to":[10,8,1],"faces":{"north":{"uv":[3,12,3.5,12.5],"texture":"#0"},"east":{"uv":[3,12,3.5,12.5],"texture":"#0"},"south":{"uv":[3,12,3.5,12.5],"texture":"#0"},"west":{"uv":[3,12,3.5,12.5],"texture":"#0"},"up":{"uv":[3,12,3.5,12.5],"texture":"#0"},"down":{"uv":[3,12,3.5,12.5],"texture":"#0"}}},{"from":[8,7,-0.5],"to":[9,8,1.5],"faces":{"north":{"uv":[3.5,12,4,12.5],"texture":"#0"},"east":{"uv":[3.5,12,4,12.5],"texture":"#0"},"south":{"uv":[3.5,12,4,12.5],"texture":"#0"},"west":{"uv":[3.5,12,4,12.5],"texture":"#0"},"up":{"uv":[3.5,12,4,12.5],"texture":"#0"},"down":{"uv":[3.5,12,4,12.5],"texture":"#0"}}},{"from":[8,8,0],"to":[9,9,1],"faces":{"north":{"uv":[3.5,11.5,4,12],"texture":"#0"},"east":{"uv":[3.5,11.5,4,12],"texture":"#0"},"south":{"uv":[3.5,11.5,4,12],"texture":"#0"},"west":{"uv":[3.5,11.5,4,12],"texture":"#0"},"up":{"uv":[3.5,11.5,4,12],"texture":"#0"},"down":{"uv":[3.5,11.5,4,12],"texture":"#0"}}},{"from":[7,8,-0.5],"to":[8,9,1.5],"faces":{"north":{"uv":[4,11.5,4.5,12],"texture":"#0"},"east":{"uv":[4,11.5,4.5,12],"texture":"#0"},"south":{"uv":[4,11.5,4.5,12],"texture":"#0"},"west":{"uv":[4,11.5,4.5,12],"texture":"#0"},"up":{"uv":[4,11.5,4.5,12],"texture":"#0"},"down":{"uv":[4,11.5,4.5,12],"texture":"#0"}}},{"from":[6,9,-0.5],"to":[7,10,1.5],"faces":{"north":{"uv":[4.5,11,5,11.5],"texture":"#0"},"east":{"uv":[4.5,11,5,11.5],"texture":"#0"},"south":{"uv":[4.5,11,5,11.5],"texture":"#0"},"west":{"uv":[4.5,11,5,11.5],"texture":"#0"},"up":{"uv":[4.5,11,5,11.5],"texture":"#0"},"down":{"uv":[4.5,11,5,11.5],"texture":"#0"}}},{"from":[5,9,0],"to":[6,10,1],"faces":{"north":{"uv":[5,11,5.5,11.5],"texture":"#0"},"east":{"uv":[5,11,5.5,11.5],"texture":"#0"},"south":{"uv":[5,11,5.5,11.5],"texture":"#0"},"west":{"uv":[5,11,5.5,11.5],"texture":"#0"},"up":{"uv":[5,11,5.5,11.5],"texture":"#0"},"down":{"uv":[5,11,5.5,11.5],"texture":"#0"}}},{"from":[5,10,-0.5],"to":[6,11,1.5],"faces":{"north":{"uv":[5,10.5,5.5,11],"texture":"#0"},"east":{"uv":[5,10.5,5.5,11],"texture":"#0"},"south":{"uv":[5,10.5,5.5,11],"texture":"#0"},"west":{"uv":[5,10.5,5.5,11],"texture":"#0"},"up":{"uv":[5,10.5,5.5,11],"texture":"#0"},"down":{"uv":[5,10.5,5.5,11],"texture":"#0"}}},{"from":[4,10,0],"to":[5,11,1],"faces":{"north":{"uv":[5.5,10.5,6,11],"texture":"#0"},"east":{"uv":[5.5,10.5,6,11],"texture":"#0"},"south":{"uv":[5.5,10.5,6,11],"texture":"#0"},"west":{"uv":[5.5,10.5,6,11],"texture":"#0"},"up":{"uv":[5.5,10.5,6,11],"texture":"#0"},"down":{"uv":[5.5,10.5,6,11],"texture":"#0"}}},{"from":[7,9,0],"to":[8,10,1],"faces":{"north":{"uv":[4,11,4.5,11.5],"texture":"#0"},"east":{"uv":[4,11,4.5,11.5],"texture":"#0"},"south":{"uv":[4,11,4.5,11.5],"texture":"#0"},"west":{"uv":[4,11,4.5,11.5],"texture":"#0"},"up":{"uv":[4,11,4.5,11.5],"texture":"#0"},"down":{"uv":[4,11,4.5,11.5],"texture":"#0"}}},{"from":[7,10,0],"to":[8,11,1],"faces":{"north":{"uv":[4,10.5,4.5,11],"texture":"#0"},"east":{"uv":[4,10.5,4.5,11],"texture":"#0"},"south":{"uv":[4,10.5,4.5,11],"texture":"#0"},"west":{"uv":[4,10.5,4.5,11],"texture":"#0"},"up":{"uv":[4,10.5,4.5,11],"texture":"#0"},"down":{"uv":[4,10.5,4.5,11],"texture":"#0"}}},{"from":[6,10,0],"to":[7,11,1],"faces":{"north":{"uv":[4.5,10.5,5,11],"texture":"#0"},"east":{"uv":[4.5,10.5,5,11],"texture":"#0"},"south":{"uv":[4.5,10.5,5,11],"texture":"#0"},"west":{"uv":[4.5,10.5,5,11],"texture":"#0"},"up":{"uv":[4.5,10.5,5,11],"texture":"#0"},"down":{"uv":[4.5,10.5,5,11],"texture":"#0"}}},{"from":[5,11,0],"to":[6,12,1],"faces":{"north":{"uv":[4.5,10,5,10.5],"texture":"#0"},"east":{"uv":[4.5,10,5,10.5],"texture":"#0"},"south":{"uv":[4.5,10,5,10.5],"texture":"#0"},"west":{"uv":[4.5,10,5,10.5],"texture":"#0"},"up":{"uv":[4.5,10,5,10.5],"texture":"#0"},"down":{"uv":[4.5,10,5,10.5],"texture":"#0"}}},{"from":[4,11,-0.5],"to":[5,12,1.5],"faces":{"north":{"uv":[5,10,5.5,10.5],"texture":"#0"},"east":{"uv":[5,10,5.5,10.5],"texture":"#0"},"south":{"uv":[5,10,5.5,10.5],"texture":"#0"},"west":{"uv":[5,10,5.5,10.5],"texture":"#0"},"up":{"uv":[5,10,5.5,10.5],"texture":"#0"},"down":{"uv":[5,10,5.5,10.5],"texture":"#0"}}},{"from":[3,11,0],"to":[4,12,1],"faces":{"north":{"uv":[5.5,10,6,10.5],"texture":"#0"},"east":{"uv":[5.5,10,6,10.5],"texture":"#0"},"south":{"uv":[5.5,10,6,10.5],"texture":"#0"},"west":{"uv":[5.5,10,6,10.5],"texture":"#0"},"up":{"uv":[5.5,10,6,10.5],"texture":"#0"},"down":{"uv":[5.5,10,6,10.5],"texture":"#0"}}},{"from":[2,11,0],"to":[3,12,1],"faces":{"north":{"uv":[6,10,6.5,10.5],"texture":"#0"},"east":{"uv":[6,10,6.5,10.5],"texture":"#0"},"south":{"uv":[6,10,6.5,10.5],"texture":"#0"},"west":{"uv":[6,10,6.5,10.5],"texture":"#0"},"up":{"uv":[6,10,6.5,10.5],"texture":"#0"},"down":{"uv":[6,10,6.5,10.5],"texture":"#0"}}},{"from":[4,12,-0.5],"to":[5,13,1.5],"faces":{"north":{"uv":[5,9.5,5.5,10],"texture":"#0"},"east":{"uv":[5,9.5,5.5,10],"texture":"#0"},"south":{"uv":[5,9.5,5.5,10],"texture":"#0"},"west":{"uv":[5,9.5,5.5,10],"texture":"#0"},"up":{"uv":[5,9.5,5.5,10],"texture":"#0"},"down":{"uv":[5,9.5,5.5,10],"texture":"#0"}}},{"from":[3,12,-0.5],"to":[4,13,1.5],"faces":{"north":{"uv":[5.5,9.5,6,10],"texture":"#0"},"east":{"uv":[5.5,9.5,6,10],"texture":"#0"},"south":{"uv":[5.5,9.5,6,10],"texture":"#0"},"west":{"uv":[5.5,9.5,6,10],"texture":"#0"},"up":{"uv":[5.5,9.5,6,10],"texture":"#0"},"down":{"uv":[5.5,9.5,6,10],"texture":"#0"}}},{"from":[2,12,0],"to":[3,13,1],"faces":{"north":{"uv":[6,9.5,6.5,10],"texture":"#0"},"east":{"uv":[6,9.5,6.5,10],"texture":"#0"},"south":{"uv":[6,9.5,6.5,10],"texture":"#0"},"west":{"uv":[6,9.5,6.5,10],"texture":"#0"},"up":{"uv":[6,9.5,6.5,10],"texture":"#0"},"down":{"uv":[6,9.5,6.5,10],"texture":"#0"}}},{"from":[1,12,0],"to":[2,13,1],"faces":{"north":{"uv":[6.5,9.5,7,10],"texture":"#0"},"east":{"uv":[6.5,9.5,7,10],"texture":"#0"},"south":{"uv":[6.5,9.5,7,10],"texture":"#0"},"west":{"uv":[6.5,9.5,7,10],"texture":"#0"},"up":{"uv":[6.5,9.5,7,10],"texture":"#0"},"down":{"uv":[6.5,9.5,7,10],"texture":"#0"}}},{"from":[5,12,0],"to":[6,13,1],"faces":{"north":{"uv":[4.5,9.5,5,10],"texture":"#0"},"east":{"uv":[4.5,9.5,5,10],"texture":"#0"},"south":{"uv":[4.5,9.5,5,10],"texture":"#0"},"west":{"uv":[4.5,9.5,5,10],"texture":"#0"},"up":{"uv":[4.5,9.5,5,10],"texture":"#0"},"down":{"uv":[4.5,9.5,5,10],"texture":"#0"}}},{"from":[5,13,0],"to":[6,14,1],"faces":{"north":{"uv":[4.5,9,5,9.5],"texture":"#0"},"east":{"uv":[4.5,9,5,9.5],"texture":"#0"},"south":{"uv":[4.5,9,5,9.5],"texture":"#0"},"west":{"uv":[4.5,9,5,9.5],"texture":"#0"},"up":{"uv":[4.5,9,5,9.5],"texture":"#0"},"down":{"uv":[4.5,9,5,9.5],"texture":"#0"}}},{"from":[4,14,0],"to":[5,15,1],"faces":{"north":{"uv":[5,8.5,5.5,9],"texture":"#0"},"east":{"uv":[5,8.5,5.5,9],"texture":"#0"},"south":{"uv":[5,8.5,5.5,9],"texture":"#0"},"west":{"uv":[5,8.5,5.5,9],"texture":"#0"},"up":{"uv":[5,8.5,5.5,9],"texture":"#0"},"down":{"uv":[5,8.5,5.5,9],"texture":"#0"}}},{"from":[3,14,-0.5],"to":[4,15,1.5],"faces":{"north":{"uv":[5.5,8.5,6,9],"texture":"#0"},"east":{"uv":[5.5,8.5,6,9],"texture":"#0"},"south":{"uv":[5.5,8.5,6,9],"texture":"#0"},"west":{"uv":[5.5,8.5,6,9],"texture":"#0"},"up":{"uv":[5.5,8.5,6,9],"texture":"#0"},"down":{"uv":[5.5,8.5,6,9],"texture":"#0"}}},{"from":[3,15,0],"to":[4,16,1],"faces":{"north":{"uv":[5.5,8,6,8.5],"texture":"#0"},"east":{"uv":[5.5,8,6,8.5],"texture":"#0"},"south":{"uv":[5.5,8,6,8.5],"texture":"#0"},"west":{"uv":[5.5,8,6,8.5],"texture":"#0"},"up":{"uv":[5.5,8,6,8.5],"texture":"#0"},"down":{"uv":[5.5,8,6,8.5],"texture":"#0"}}},{"from":[2,16,-0.5],"to":[3,17,1.5],"faces":{"north":{"uv":[6,7.5,6.5,8],"texture":"#0"},"east":{"uv":[6,7.5,6.5,8],"texture":"#0"},"south":{"uv":[6,7.5,6.5,8],"texture":"#0"},"west":{"uv":[6,7.5,6.5,8],"texture":"#0"},"up":{"uv":[6,7.5,6.5,8],"texture":"#0"},"down":{"uv":[6,7.5,6.5,8],"texture":"#0"}}},{"from":[2,17,0],"to":[3,18,1],"faces":{"north":{"uv":[6,7,6.5,7.5],"texture":"#0"},"east":{"uv":[6,7,6.5,7.5],"texture":"#0"},"south":{"uv":[6,7,6.5,7.5],"texture":"#0"},"west":{"uv":[6,7,6.5,7.5],"texture":"#0"},"up":{"uv":[6,7,6.5,7.5],"texture":"#0"},"down":{"uv":[6,7,6.5,7.5],"texture":"#0"}}},{"from":[1,17,-0.5],"to":[2,18,1.5],"faces":{"north":{"uv":[6.5,7,7,7.5],"texture":"#0"},"east":{"uv":[6.5,7,7,7.5],"texture":"#0"},"south":{"uv":[6.5,7,7,7.5],"texture":"#0"},"west":{"uv":[6.5,7,7,7.5],"texture":"#0"},"up":{"uv":[6.5,7,7,7.5],"texture":"#0"},"down":{"uv":[6.5,7,7,7.5],"texture":"#0"}}},{"from":[1,18,0],"to":[2,19,1],"faces":{"north":{"uv":[6.5,6.5,7,7],"texture":"#0"},"east":{"uv":[6.5,6.5,7,7],"texture":"#0"},"south":{"uv":[6.5,6.5,7,7],"texture":"#0"},"west":{"uv":[6.5,6.5,7,7],"texture":"#0"},"up":{"uv":[6.5,6.5,7,7],"texture":"#0"},"down":{"uv":[6.5,6.5,7,7],"texture":"#0"}}},{"from":[-2,18,-0.5],"to":[-1,19,1.5],"faces":{"north":{"uv":[8,6.5,8.5,7],"texture":"#0"},"east":{"uv":[8,6.5,8.5,7],"texture":"#0"},"south":{"uv":[8,6.5,8.5,7],"texture":"#0"},"west":{"uv":[8,6.5,8.5,7],"texture":"#0"},"up":{"uv":[8,6.5,8.5,7],"texture":"#0"},"down":{"uv":[8,6.5,8.5,7],"texture":"#0"}}},{"from":[-3,18,0],"to":[-2,19,1],"faces":{"north":{"uv":[8.5,6.5,9,7],"texture":"#0"},"east":{"uv":[8.5,6.5,9,7],"texture":"#0"},"south":{"uv":[8.5,6.5,9,7],"texture":"#0"},"west":{"uv":[8.5,6.5,9,7],"texture":"#0"},"up":{"uv":[8.5,6.5,9,7],"texture":"#0"},"down":{"uv":[8.5,6.5,9,7],"texture":"#0"}}},{"from":[-4,18,0],"to":[-3,19,1],"faces":{"north":{"uv":[9,6.5,9.5,7],"texture":"#0"},"east":{"uv":[9,6.5,9.5,7],"texture":"#0"},"south":{"uv":[9,6.5,9.5,7],"texture":"#0"},"west":{"uv":[9,6.5,9.5,7],"texture":"#0"},"up":{"uv":[9,6.5,9.5,7],"texture":"#0"},"down":{"uv":[9,6.5,9.5,7],"texture":"#0"}}},{"from":[-3,19,-0.5],"to":[-2,20,1.5],"faces":{"north":{"uv":[8.5,6,9,6.5],"texture":"#0"},"east":{"uv":[8.5,6,9,6.5],"texture":"#0"},"south":{"uv":[8.5,6,9,6.5],"texture":"#0"},"west":{"uv":[8.5,6,9,6.5],"texture":"#0"},"up":{"uv":[8.5,6,9,6.5],"texture":"#0"},"down":{"uv":[8.5,6,9,6.5],"texture":"#0"}}},{"from":[-2,19,-0.5],"to":[-1,20,1.5],"faces":{"north":{"uv":[8,6,8.5,6.5],"texture":"#0"},"east":{"uv":[8,6,8.5,6.5],"texture":"#0"},"south":{"uv":[8,6,8.5,6.5],"texture":"#0"},"west":{"uv":[8,6,8.5,6.5],"texture":"#0"},"up":{"uv":[8,6,8.5,6.5],"texture":"#0"},"down":{"uv":[8,6,8.5,6.5],"texture":"#0"}}},{"from":[-1,18,-0.5],"to":[0,19,1.5],"faces":{"north":{"uv":[7.5,6.5,8,7],"texture":"#0"},"east":{"uv":[7.5,6.5,8,7],"texture":"#0"},"south":{"uv":[7.5,6.5,8,7],"texture":"#0"},"west":{"uv":[7.5,6.5,8,7],"texture":"#0"},"up":{"uv":[7.5,6.5,8,7],"texture":"#0"},"down":{"uv":[7.5,6.5,8,7],"texture":"#0"}}},{"from":[0,18,-0.5],"to":[1,19,1.5],"faces":{"north":{"uv":[7,6.5,7.5,7],"texture":"#0"},"east":{"uv":[7,6.5,7.5,7],"texture":"#0"},"south":{"uv":[7,6.5,7.5,7],"texture":"#0"},"west":{"uv":[7,6.5,7.5,7],"texture":"#0"},"up":{"uv":[7,6.5,7.5,7],"texture":"#0"},"down":{"uv":[7,6.5,7.5,7],"texture":"#0"}}},{"from":[0,19,0],"to":[1,20,1],"faces":{"north":{"uv":[7,6,7.5,6.5],"texture":"#0"},"east":{"uv":[7,6,7.5,6.5],"texture":"#0"},"south":{"uv":[7,6,7.5,6.5],"texture":"#0"},"west":{"uv":[7,6,7.5,6.5],"texture":"#0"},"up":{"uv":[7,6,7.5,6.5],"texture":"#0"},"down":{"uv":[7,6,7.5,6.5],"texture":"#0"}}},{"from":[-1,19,-0.5],"to":[0,20,1.5],"faces":{"north":{"uv":[7.5,6,8,6.5],"texture":"#0"},"east":{"uv":[7.5,6,8,6.5],"texture":"#0"},"south":{"uv":[7.5,6,8,6.5],"texture":"#0"},"west":{"uv":[7.5,6,8,6.5],"texture":"#0"},"up":{"uv":[7.5,6,8,6.5],"texture":"#0"},"down":{"uv":[7.5,6,8,6.5],"texture":"#0"}}},{"from":[-3,20,-0.5],"to":[-2,21,1.5],"faces":{"north":{"uv":[8.5,5.5,9,6],"texture":"#0"},"east":{"uv":[8.5,5.5,9,6],"texture":"#0"},"south":{"uv":[8.5,5.5,9,6],"texture":"#0"},"west":{"uv":[8.5,5.5,9,6],"texture":"#0"},"up":{"uv":[8.5,5.5,9,6],"texture":"#0"},"down":{"uv":[8.5,5.5,9,6],"texture":"#0"}}},{"from":[-4,20,-0.5],"to":[-3,21,1.5],"faces":{"north":{"uv":[9,5.5,9.5,6],"texture":"#0"},"east":{"uv":[9,5.5,9.5,6],"texture":"#0"},"south":{"uv":[9,5.5,9.5,6],"texture":"#0"},"west":{"uv":[9,5.5,9.5,6],"texture":"#0"},"up":{"uv":[9,5.5,9.5,6],"texture":"#0"},"down":{"uv":[9,5.5,9.5,6],"texture":"#0"}}},{"from":[-3,21,-0.5],"to":[-2,22,1.5],"faces":{"north":{"uv":[8.5,5,9,5.5],"texture":"#0"},"east":{"uv":[8.5,5,9,5.5],"texture":"#0"},"south":{"uv":[8.5,5,9,5.5],"texture":"#0"},"west":{"uv":[8.5,5,9,5.5],"texture":"#0"},"up":{"uv":[8.5,5,9,5.5],"texture":"#0"},"down":{"uv":[8.5,5,9,5.5],"texture":"#0"}}},{"from":[-3,22,0],"to":[-2,23,1],"faces":{"north":{"uv":[8.5,4.5,9,5],"texture":"#0"},"east":{"uv":[8.5,4.5,9,5],"texture":"#0"},"south":{"uv":[8.5,4.5,9,5],"texture":"#0"},"west":{"uv":[8.5,4.5,9,5],"texture":"#0"},"up":{"uv":[8.5,4.5,9,5],"texture":"#0"},"down":{"uv":[8.5,4.5,9,5],"texture":"#0"}}},{"from":[-4,22,0],"to":[-3,23,1],"faces":{"north":{"uv":[9,4.5,9.5,5],"texture":"#0"},"east":{"uv":[9,4.5,9.5,5],"texture":"#0"},"south":{"uv":[9,4.5,9.5,5],"texture":"#0"},"west":{"uv":[9,4.5,9.5,5],"texture":"#0"},"up":{"uv":[9,4.5,9.5,5],"texture":"#0"},"down":{"uv":[9,4.5,9.5,5],"texture":"#0"}}},{"from":[-5,22,-0.5],"to":[-4,23,1.5],"faces":{"north":{"uv":[9.5,4.5,10,5],"texture":"#0"},"east":{"uv":[9.5,4.5,10,5],"texture":"#0"},"south":{"uv":[9.5,4.5,10,5],"texture":"#0"},"west":{"uv":[9.5,4.5,10,5],"texture":"#0"},"up":{"uv":[9.5,4.5,10,5],"texture":"#0"},"down":{"uv":[9.5,4.5,10,5],"texture":"#0"}}},{"from":[-6,22,-0.5],"to":[-5,23,1.5],"faces":{"north":{"uv":[10,4.5,10.5,5],"texture":"#0"},"east":{"uv":[10,4.5,10.5,5],"texture":"#0"},"south":{"uv":[10,4.5,10.5,5],"texture":"#0"},"west":{"uv":[10,4.5,10.5,5],"texture":"#0"},"up":{"uv":[10,4.5,10.5,5],"texture":"#0"},"down":{"uv":[10,4.5,10.5,5],"texture":"#0"}}},{"from":[-6,23,-0.5],"to":[-5,24,1.5],"faces":{"north":{"uv":[10,4,10.5,4.5],"texture":"#0"},"east":{"uv":[10,4,10.5,4.5],"texture":"#0"},"south":{"uv":[10,4,10.5,4.5],"texture":"#0"},"west":{"uv":[10,4,10.5,4.5],"texture":"#0"},"up":{"uv":[10,4,10.5,4.5],"texture":"#0"},"down":{"uv":[10,4,10.5,4.5],"texture":"#0"}}},{"from":[-7,23,-0.5],"to":[-6,24,1.5],"faces":{"north":{"uv":[10.5,4,11,4.5],"texture":"#0"},"east":{"uv":[10.5,4,11,4.5],"texture":"#0"},"south":{"uv":[10.5,4,11,4.5],"texture":"#0"},"west":{"uv":[10.5,4,11,4.5],"texture":"#0"},"up":{"uv":[10.5,4,11,4.5],"texture":"#0"},"down":{"uv":[10.5,4,11,4.5],"texture":"#0"}}},{"from":[-6,24,0],"to":[-5,25,1],"faces":{"north":{"uv":[10,3.5,10.5,4],"texture":"#0"},"east":{"uv":[10,3.5,10.5,4],"texture":"#0"},"south":{"uv":[10,3.5,10.5,4],"texture":"#0"},"west":{"uv":[10,3.5,10.5,4],"texture":"#0"},"up":{"uv":[10,3.5,10.5,4],"texture":"#0"},"down":{"uv":[10,3.5,10.5,4],"texture":"#0"}}},{"from":[-7,24,0],"to":[-6,25,1],"faces":{"north":{"uv":[10.5,3.5,11,4],"texture":"#0"},"east":{"uv":[10,3.5,10.5,4],"texture":"#0"},"south":{"uv":[10,3.5,10.5,4],"texture":"#0"},"west":{"uv":[10,3.5,10.5,4],"texture":"#0"},"up":{"uv":[10,3.5,10.5,4],"texture":"#0"},"down":{"uv":[10,3.5,10.5,4],"texture":"#0"}}},{"from":[-8,24,0],"to":[-7,25,1],"faces":{"north":{"uv":[11,3.5,11.5,4],"texture":"#0"},"east":{"uv":[11,3.5,11.5,4],"texture":"#0"},"south":{"uv":[11,3.5,11.5,4],"texture":"#0"},"west":{"uv":[11,3.5,11.5,4],"texture":"#0"},"up":{"uv":[11,3.5,11.5,4],"texture":"#0"},"down":{"uv":[11,3.5,11.5,4],"texture":"#0"}}},{"from":[-5,23,0],"to":[-4,24,1],"faces":{"north":{"uv":[9.5,4,10,4.5],"texture":"#0"},"east":{"uv":[9.5,4,10,4.5],"texture":"#0"},"south":{"uv":[9.5,4,10,4.5],"texture":"#0"},"west":{"uv":[9.5,4,10,4.5],"texture":"#0"},"up":{"uv":[9.5,4,10,4.5],"texture":"#0"},"down":{"uv":[9.5,4,10,4.5],"texture":"#0"}}},{"from":[-5,21,-0.5],"to":[-4,22,1.5],"faces":{"north":{"uv":[9.5,5,10,5.5],"texture":"#0"},"east":{"uv":[9.5,5,10,5.5],"texture":"#0"},"south":{"uv":[9.5,5,10,5.5],"texture":"#0"},"west":{"uv":[9.5,5,10,5.5],"texture":"#0"},"up":{"uv":[9.5,5,10,5.5],"texture":"#0"},"down":{"uv":[9.5,5,10,5.5],"texture":"#0"}}},{"from":[-4,21,-0.5],"to":[-3,22,1.5],"faces":{"north":{"uv":[9,5,9.5,5.5],"texture":"#0"},"east":{"uv":[9,5,9.5,5.5],"texture":"#0"},"south":{"uv":[9,5,9.5,5.5],"texture":"#0"},"west":{"uv":[9,5,9.5,5.5],"texture":"#0"},"up":{"uv":[9,5,9.5,5.5],"texture":"#0"},"down":{"uv":[9,5,9.5,5.5],"texture":"#0"}}},{"from":[-2,20,-0.5],"to":[-1,21,1.5],"faces":{"north":{"uv":[8,5.5,8.5,6],"texture":"#0"},"east":{"uv":[8,5.5,8.5,6],"texture":"#0"},"south":{"uv":[8,5.5,8.5,6],"texture":"#0"},"west":{"uv":[8,5.5,8.5,6],"texture":"#0"},"up":{"uv":[8,5.5,8.5,6],"texture":"#0"},"down":{"uv":[8,5.5,8.5,6],"texture":"#0"}}},{"from":[-2,21,0],"to":[-1,22,1],"faces":{"north":{"uv":[8,5,8.5,5.5],"texture":"#0"},"east":{"uv":[8,5,8.5,5.5],"texture":"#0"},"south":{"uv":[8,5,8.5,5.5],"texture":"#0"},"west":{"uv":[8,5,8.5,5.5],"texture":"#0"},"up":{"uv":[8,5,8.5,5.5],"texture":"#0"},"down":{"uv":[8,5,8.5,5.5],"texture":"#0"}}},{"from":[-1,20,0],"to":[0,21,1],"faces":{"north":{"uv":[7.5,5.5,8,6],"texture":"#0"},"east":{"uv":[7.5,5.5,8,6],"texture":"#0"},"south":{"uv":[7.5,5.5,8,6],"texture":"#0"},"west":{"uv":[7.5,5.5,8,6],"texture":"#0"},"up":{"uv":[7.5,5.5,8,6],"texture":"#0"},"down":{"uv":[7.5,5.5,8,6],"texture":"#0"}}},{"from":[-4,19,0],"to":[-3,20,1],"faces":{"north":{"uv":[9,6,9.5,6.5],"texture":"#0"},"east":{"uv":[9,6,9.5,6.5],"texture":"#0"},"south":{"uv":[9,6,9.5,6.5],"texture":"#0"},"west":{"uv":[9,6,9.5,6.5],"texture":"#0"},"up":{"uv":[9,6,9.5,6.5],"texture":"#0"},"down":{"uv":[9,6,9.5,6.5],"texture":"#0"}}},{"from":[-5,20,0],"to":[-4,21,1],"faces":{"north":{"uv":[9.5,5.5,10,6],"texture":"#0"},"east":{"uv":[9.5,5.5,10,6],"texture":"#0"},"south":{"uv":[9.5,5.5,10,6],"texture":"#0"},"west":{"uv":[9.5,5.5,10,6],"texture":"#0"},"up":{"uv":[9.5,5.5,10,6],"texture":"#0"},"down":{"uv":[9.5,5.5,10,6],"texture":"#0"}}},{"from":[-6,21,0],"to":[-5,22,1],"faces":{"north":{"uv":[10,5,10.5,5.5],"texture":"#0"},"east":{"uv":[10,5,10.5,5.5],"texture":"#0"},"south":{"uv":[10,5,10.5,5.5],"texture":"#0"},"west":{"uv":[10,5,10.5,5.5],"texture":"#0"},"up":{"uv":[10,5,10.5,5.5],"texture":"#0"},"down":{"uv":[10,5,10.5,5.5],"texture":"#0"}}},{"from":[-7,22,0],"to":[-6,23,1],"faces":{"north":{"uv":[10.5,4.5,11,5],"texture":"#0"},"east":{"uv":[10.5,4.5,11,5],"texture":"#0"},"south":{"uv":[10.5,4.5,11,5],"texture":"#0"},"west":{"uv":[10.5,4.5,11,5],"texture":"#0"},"up":{"uv":[10.5,4.5,11,5],"texture":"#0"},"down":{"uv":[10.5,4.5,11,5],"texture":"#0"}}},{"from":[-8,23,0],"to":[-7,24,1],"faces":{"north":{"uv":[11,4,11.5,4.5],"texture":"#0"},"east":{"uv":[10.5,4.5,11,5],"texture":"#0"},"south":{"uv":[10.5,4.5,11,5],"texture":"#0"},"west":{"uv":[10.5,4.5,11,5],"texture":"#0"},"up":{"uv":[10.5,4.5,11,5],"texture":"#0"},"down":{"uv":[10.5,4.5,11,5],"texture":"#0"}}},{"from":[-9,24,0],"to":[-8,25,1],"faces":{"north":{"uv":[11.5,3.5,12,4],"texture":"#0"},"east":{"uv":[11.5,3.5,12,4],"texture":"#0"},"south":{"uv":[11.5,3.5,12,4],"texture":"#0"},"west":{"uv":[11.5,3.5,12,4],"texture":"#0"},"up":{"uv":[11.5,3.5,12,4],"texture":"#0"},"down":{"uv":[11.5,3.5,12,4],"texture":"#0"}}},{"from":[-1,17,-0.5],"to":[0,18,1.5],"faces":{"north":{"uv":[7.5,7,8,7.5],"texture":"#0"},"east":{"uv":[7.5,7,8,7.5],"texture":"#0"},"south":{"uv":[7.5,7,8,7.5],"texture":"#0"},"west":{"uv":[7.5,7,8,7.5],"texture":"#0"},"up":{"uv":[7.5,7,8,7.5],"texture":"#0"},"down":{"uv":[7.5,7,8,7.5],"texture":"#0"}}},{"from":[-2,17,0],"to":[-1,18,1],"faces":{"north":{"uv":[8,7,8.5,7.5],"texture":"#0"},"east":{"uv":[8,7,8.5,7.5],"texture":"#0"},"south":{"uv":[8,7,8.5,7.5],"texture":"#0"},"west":{"uv":[8,7,8.5,7.5],"texture":"#0"},"up":{"uv":[8,7,8.5,7.5],"texture":"#0"},"down":{"uv":[8,7,8.5,7.5],"texture":"#0"}}},{"from":[-3,17,0],"to":[-2,18,1],"faces":{"north":{"uv":[8.5,7,9,7.5],"texture":"#0"},"east":{"uv":[8.5,7,9,7.5],"texture":"#0"},"south":{"uv":[8.5,7,9,7.5],"texture":"#0"},"west":{"uv":[8.5,7,9,7.5],"texture":"#0"},"up":{"uv":[8.5,7,9,7.5],"texture":"#0"},"down":{"uv":[8.5,7,9,7.5],"texture":"#0"}}},{"from":[0,17,-0.5],"to":[1,18,1.5],"faces":{"north":{"uv":[7,7,7.5,7.5],"texture":"#0"},"east":{"uv":[7,7,7.5,7.5],"texture":"#0"},"south":{"uv":[7,7,7.5,7.5],"texture":"#0"},"west":{"uv":[7,7,7.5,7.5],"texture":"#0"},"up":{"uv":[7,7,7.5,7.5],"texture":"#0"},"down":{"uv":[7,7,7.5,7.5],"texture":"#0"}}},{"from":[1,16,0],"to":[2,17,1],"faces":{"north":{"uv":[6.5,7.5,7,8],"texture":"#0"},"east":{"uv":[6.5,7.5,7,8],"texture":"#0"},"south":{"uv":[6.5,7.5,7,8],"texture":"#0"},"west":{"uv":[6.5,7.5,7,8],"texture":"#0"},"up":{"uv":[6.5,7.5,7,8],"texture":"#0"},"down":{"uv":[6.5,7.5,7,8],"texture":"#0"}}},{"from":[0,16,-0.5],"to":[1,17,1.5],"faces":{"north":{"uv":[7,7.5,7.5,8],"texture":"#0"},"east":{"uv":[7,7.5,7.5,8],"texture":"#0"},"south":{"uv":[7,7.5,7.5,8],"texture":"#0"},"west":{"uv":[7,7.5,7.5,8],"texture":"#0"},"up":{"uv":[7,7.5,7.5,8],"texture":"#0"},"down":{"uv":[7,7.5,7.5,8],"texture":"#0"}}},{"from":[-1,16,0],"to":[0,17,1],"faces":{"north":{"uv":[7.5,7.5,8,8],"texture":"#0"},"east":{"uv":[7.5,7.5,8,8],"texture":"#0"},"south":{"uv":[7.5,7.5,8,8],"texture":"#0"},"west":{"uv":[7.5,7.5,8,8],"texture":"#0"},"up":{"uv":[7.5,7.5,8,8],"texture":"#0"},"down":{"uv":[7.5,7.5,8,8],"texture":"#0"}}},{"from":[-2,16,0],"to":[-1,17,1],"faces":{"north":{"uv":[8,7.5,8.5,8],"texture":"#0"},"east":{"uv":[8,7.5,8.5,8],"texture":"#0"},"south":{"uv":[8,7.5,8.5,8],"texture":"#0"},"west":{"uv":[8,7.5,8.5,8],"texture":"#0"},"up":{"uv":[8,7.5,8.5,8],"texture":"#0"},"down":{"uv":[8,7.5,8.5,8],"texture":"#0"}}},{"from":[2,15,-0.5],"to":[3,16,1.5],"faces":{"north":{"uv":[6,8,6.5,8.5],"texture":"#0"},"east":{"uv":[6,8,6.5,8.5],"texture":"#0"},"south":{"uv":[6,8,6.5,8.5],"texture":"#0"},"west":{"uv":[6,8,6.5,8.5],"texture":"#0"},"up":{"uv":[6,8,6.5,8.5],"texture":"#0"},"down":{"uv":[6,8,6.5,8.5],"texture":"#0"}}},{"from":[1,15,-0.5],"to":[2,16,1.5],"faces":{"north":{"uv":[6.5,8,7,8.5],"texture":"#0"},"east":{"uv":[6.5,8,7,8.5],"texture":"#0"},"south":{"uv":[6.5,8,7,8.5],"texture":"#0"},"west":{"uv":[6.5,8,7,8.5],"texture":"#0"},"up":{"uv":[6.5,8,7,8.5],"texture":"#0"},"down":{"uv":[6.5,8,7,8.5],"texture":"#0"}}},{"from":[0,15,0],"to":[1,16,1],"faces":{"north":{"uv":[7,8,7.5,8.5],"texture":"#0"},"east":{"uv":[7,8,7.5,8.5],"texture":"#0"},"south":{"uv":[7,8,7.5,8.5],"texture":"#0"},"west":{"uv":[7,8,7.5,8.5],"texture":"#0"},"up":{"uv":[7,8,7.5,8.5],"texture":"#0"},"down":{"uv":[7,8,7.5,8.5],"texture":"#0"}}},{"from":[-1,15,0],"to":[0,16,1],"faces":{"north":{"uv":[7.5,8,8,8.5],"texture":"#0"},"east":{"uv":[7.5,8,8,8.5],"texture":"#0"},"south":{"uv":[7.5,8,8,8.5],"texture":"#0"},"west":{"uv":[7.5,8,8,8.5],"texture":"#0"},"up":{"uv":[7.5,8,8,8.5],"texture":"#0"},"down":{"uv":[7.5,8,8,8.5],"texture":"#0"}}},{"from":[-2,15,0],"to":[-1,16,1],"faces":{"north":{"uv":[8,8,8.5,8.5],"texture":"#0"},"east":{"uv":[8,8,8.5,8.5],"texture":"#0"},"south":{"uv":[8,8,8.5,8.5],"texture":"#0"},"west":{"uv":[8,8,8.5,8.5],"texture":"#0"},"up":{"uv":[8,8,8.5,8.5],"texture":"#0"},"down":{"uv":[8,8,8.5,8.5],"texture":"#0"}}},{"from":[2,14,-0.5],"to":[3,15,1.5],"faces":{"north":{"uv":[6,8.5,6.5,9],"texture":"#0"},"east":{"uv":[6,8.5,6.5,9],"texture":"#0"},"south":{"uv":[6,8.5,6.5,9],"texture":"#0"},"west":{"uv":[6,8.5,6.5,9],"texture":"#0"},"up":{"uv":[6,8.5,6.5,9],"texture":"#0"},"down":{"uv":[6,8.5,6.5,9],"texture":"#0"}}},{"from":[1,14,-0.5],"to":[2,15,1.5],"faces":{"north":{"uv":[6.5,8.5,7,9],"texture":"#0"},"east":{"uv":[6.5,8.5,7,9],"texture":"#0"},"south":{"uv":[6.5,8.5,7,9],"texture":"#0"},"west":{"uv":[6.5,8.5,7,9],"texture":"#0"},"up":{"uv":[6.5,8.5,7,9],"texture":"#0"},"down":{"uv":[6.5,8.5,7,9],"texture":"#0"}}},{"from":[0,14,0],"to":[1,15,1],"faces":{"north":{"uv":[7,8.5,7.5,9],"texture":"#0"},"east":{"uv":[7,8.5,7.5,9],"texture":"#0"},"south":{"uv":[7,8.5,7.5,9],"texture":"#0"},"west":{"uv":[7,8.5,7.5,9],"texture":"#0"},"up":{"uv":[7,8.5,7.5,9],"texture":"#0"},"down":{"uv":[7,8.5,7.5,9],"texture":"#0"}}},{"from":[-1,14,0],"to":[0,15,1],"faces":{"north":{"uv":[7.5,8.5,8,9],"texture":"#0"},"east":{"uv":[7.5,8.5,8,9],"texture":"#0"},"south":{"uv":[7.5,8.5,8,9],"texture":"#0"},"west":{"uv":[7.5,8.5,8,9],"texture":"#0"},"up":{"uv":[7.5,8.5,8,9],"texture":"#0"},"down":{"uv":[7.5,8.5,8,9],"texture":"#0"}}},{"from":[4,13,-0.5],"to":[5,14,1.5],"faces":{"north":{"uv":[5,9,5.5,9.5],"texture":"#0"},"east":{"uv":[5,9,5.5,9.5],"texture":"#0"},"south":{"uv":[5,9,5.5,9.5],"texture":"#0"},"west":{"uv":[5,9,5.5,9.5],"texture":"#0"},"up":{"uv":[5,9,5.5,9.5],"texture":"#0"},"down":{"uv":[5,9,5.5,9.5],"texture":"#0"}}},{"from":[3,13,-0.5],"to":[4,14,1.5],"faces":{"north":{"uv":[5.5,9,6,9.5],"texture":"#0"},"east":{"uv":[5.5,9,6,9.5],"texture":"#0"},"south":{"uv":[5.5,9,6,9.5],"texture":"#0"},"west":{"uv":[5.5,9,6,9.5],"texture":"#0"},"up":{"uv":[5.5,9,6,9.5],"texture":"#0"},"down":{"uv":[5.5,9,6,9.5],"texture":"#0"}}},{"from":[2,13,-0.5],"to":[3,14,1.5],"faces":{"north":{"uv":[6,9,6.5,9.5],"texture":"#0"},"east":{"uv":[6,9,6.5,9.5],"texture":"#0"},"south":{"uv":[6,9,6.5,9.5],"texture":"#0"},"west":{"uv":[6,9,6.5,9.5],"texture":"#0"},"up":{"uv":[6,9,6.5,9.5],"texture":"#0"},"down":{"uv":[6,9,6.5,9.5],"texture":"#0"}}},{"from":[1,13,0],"to":[2,14,1],"faces":{"north":{"uv":[6.5,9,7,9.5],"texture":"#0"},"east":{"uv":[6.5,9,7,9.5],"texture":"#0"},"south":{"uv":[6.5,9,7,9.5],"texture":"#0"},"west":{"uv":[6.5,9,7,9.5],"texture":"#0"},"up":{"uv":[6.5,9,7,9.5],"texture":"#0"},"down":{"uv":[6.5,9,7,9.5],"texture":"#0"}}},{"from":[0,13,0],"to":[1,14,1],"faces":{"north":{"uv":[7,9,7.5,9.5],"texture":"#0"},"east":{"uv":[7,9,7.5,9.5],"texture":"#0"},"south":{"uv":[7,9,7.5,9.5],"texture":"#0"},"west":{"uv":[7,9,7.5,9.5],"texture":"#0"},"up":{"uv":[7,9,7.5,9.5],"texture":"#0"},"down":{"uv":[7,9,7.5,9.5],"texture":"#0"}}},{"from":[0,13,0],"to":[1,14,1],"faces":{"north":{"uv":[6.5,9,7,9.5],"texture":"#0"},"east":{"uv":[6.5,9,7,9.5],"texture":"#0"},"south":{"uv":[6.5,9,7,9.5],"texture":"#0"},"west":{"uv":[6.5,9,7,9.5],"texture":"#0"},"up":{"uv":[6.5,9,7,9.5],"texture":"#0"},"down":{"uv":[6.5,9,7,9.5],"texture":"#0"}}},{"from":[6,8,0],"to":[7,9,1],"faces":{"north":{"uv":[4.5,11.5,5,12],"texture":"#0"},"east":{"uv":[4.5,11.5,5,12],"texture":"#0"},"south":{"uv":[4.5,11.5,5,12],"texture":"#0"},"west":{"uv":[4.5,11.5,5,12],"texture":"#0"},"up":{"uv":[4.5,11.5,5,12],"texture":"#0"},"down":{"uv":[4.5,11.5,5,12],"texture":"#0"}}},{"from":[11,5,0],"to":[12,6,1],"faces":{"north":{"uv":[2,13,2.5,13.5],"texture":"#0"},"east":{"uv":[2,13,2.5,13.5],"texture":"#0"},"south":{"uv":[2,13,2.5,13.5],"texture":"#0"},"west":{"uv":[2,13,2.5,13.5],"texture":"#0"},"up":{"uv":[2,13,2.5,13.5],"texture":"#0"},"down":{"uv":[2,13,2.5,13.5],"texture":"#0"}}},{"from":[10,3,0],"to":[11,4,1],"faces":{"north":{"uv":[2.5,14,3,14.5],"texture":"#0"},"east":{"uv":[2.5,14,3,14.5],"texture":"#0"},"south":{"uv":[2.5,14,3,14.5],"texture":"#0"},"west":{"uv":[2.5,14,3,14.5],"texture":"#0"},"up":{"uv":[2.5,14,3,14.5],"texture":"#0"},"down":{"uv":[2.5,14,3,14.5],"texture":"#0"}}},{"from":[9,3,0],"to":[10,4,1],"faces":{"north":{"uv":[3,14,3.5,14.5],"texture":"#0"},"east":{"uv":[3,14,3.5,14.5],"texture":"#0"},"south":{"uv":[3,14,3.5,14.5],"texture":"#0"},"west":{"uv":[3,14,3.5,14.5],"texture":"#0"},"up":{"uv":[3,14,3.5,14.5],"texture":"#0"},"down":{"uv":[3,14,3.5,14.5],"texture":"#0"}}},{"from":[12,3,-0.5],"to":[13,4,1.5],"faces":{"north":{"uv":[1.5,14,2,14.5],"texture":"#0"},"east":{"uv":[1.5,14,2,14.5],"texture":"#0"},"south":{"uv":[1.5,14,2,14.5],"texture":"#0"},"west":{"uv":[1.5,14,2,14.5],"texture":"#0"},"up":{"uv":[1.5,14,2,14.5],"texture":"#0"},"down":{"uv":[1.5,14,2,14.5],"texture":"#0"}}},{"from":[12,4,-0.5],"to":[13,5,1.5],"faces":{"north":{"uv":[1.5,13.5,2,14],"texture":"#0"},"east":{"uv":[1.5,13.5,2,14],"texture":"#0"},"south":{"uv":[1.5,13.5,2,14],"texture":"#0"},"west":{"uv":[1.5,13.5,2,14],"texture":"#0"},"up":{"uv":[1.5,13.5,2,14],"texture":"#0"},"down":{"uv":[1.5,13.5,2,14],"texture":"#0"}}},{"from":[12,5,-0.5],"to":[13,6,1.5],"faces":{"north":{"uv":[1.5,13,2,13.5],"texture":"#0"},"east":{"uv":[1.5,13,2,13.5],"texture":"#0"},"south":{"uv":[1.5,13,2,13.5],"texture":"#0"},"west":{"uv":[1.5,13,2,13.5],"texture":"#0"},"up":{"uv":[1.5,13,2,13.5],"texture":"#0"},"down":{"uv":[1.5,13,2,13.5],"texture":"#0"}}},{"from":[12,6,0],"to":[13,7,1],"faces":{"north":{"uv":[1.5,12.5,2,13],"texture":"#0"},"east":{"uv":[1.5,12.5,2,13],"texture":"#0"},"south":{"uv":[1.5,12.5,2,13],"texture":"#0"},"west":{"uv":[1.5,12.5,2,13],"texture":"#0"},"up":{"uv":[1.5,12.5,2,13],"texture":"#0"},"down":{"uv":[1.5,12.5,2,13],"texture":"#0"}}},{"from":[13,6,0],"to":[14,7,1],"faces":{"north":{"uv":[1,12.5,1.5,13],"texture":"#0"},"east":{"uv":[1,12.5,1.5,13],"texture":"#0"},"south":{"uv":[1,12.5,1.5,13],"texture":"#0"},"west":{"uv":[1,12.5,1.5,13],"texture":"#0"},"up":{"uv":[1,12.5,1.5,13],"texture":"#0"},"down":{"uv":[1,12.5,1.5,13],"texture":"#0"}}},{"from":[13,5,-0.5],"to":[14,6,1.5],"faces":{"north":{"uv":[1,13,1.5,13.5],"texture":"#0"},"east":{"uv":[1,13,1.5,13.5],"texture":"#0"},"south":{"uv":[1,13,1.5,13.5],"texture":"#0"},"west":{"uv":[1,13,1.5,13.5],"texture":"#0"},"up":{"uv":[1,13,1.5,13.5],"texture":"#0"},"down":{"uv":[1,13,1.5,13.5],"texture":"#0"}}},{"from":[13,4,-0.5],"to":[14,5,1.5],"faces":{"north":{"uv":[1,13.5,1.5,14],"texture":"#0"},"east":{"uv":[1,13.5,1.5,14],"texture":"#0"},"south":{"uv":[1,13.5,1.5,14],"texture":"#0"},"west":{"uv":[1,13.5,1.5,14],"texture":"#0"},"up":{"uv":[1,13.5,1.5,14],"texture":"#0"},"down":{"uv":[1,13.5,1.5,14],"texture":"#0"}}},{"from":[14,4,0],"to":[15,5,1],"faces":{"north":{"uv":[0.5,13.5,1,14],"texture":"#0"},"east":{"uv":[0.5,13.5,1,14],"texture":"#0"},"south":{"uv":[0.5,13.5,1,14],"texture":"#0"},"west":{"uv":[0.5,13.5,1,14],"texture":"#0"},"up":{"uv":[0.5,13.5,1,14],"texture":"#0"},"down":{"uv":[0.5,13.5,1,14],"texture":"#0"}}},{"from":[14,5,0],"to":[15,6,1],"faces":{"north":{"uv":[0.5,13,1,13.5],"texture":"#0"},"east":{"uv":[0.5,13,1,13.5],"texture":"#0"},"south":{"uv":[0.5,13,1,13.5],"texture":"#0"},"west":{"uv":[0.5,13,1,13.5],"texture":"#0"},"up":{"uv":[0.5,13,1,13.5],"texture":"#0"},"down":{"uv":[0.5,13,1,13.5],"texture":"#0"}}},{"from":[13,1,0],"to":[14,2,1],"faces":{"north":{"uv":[1,15,1.5,15.5],"texture":"#0"},"east":{"uv":[1,15,1.5,15.5],"texture":"#0"},"south":{"uv":[1,15,1.5,15.5],"texture":"#0"},"west":{"uv":[1,15,1.5,15.5],"texture":"#0"},"up":{"uv":[1,15,1.5,15.5],"texture":"#0"},"down":{"uv":[1,15,1.5,15.5],"texture":"#0"}}},{"from":[14,1,-0.5],"to":[15,2,1.5],"faces":{"north":{"uv":[0.5,15,1,15.5],"texture":"#0"},"east":{"uv":[0.5,15,1,15.5],"texture":"#0"},"south":{"uv":[0.5,15,1,15.5],"texture":"#0"},"west":{"uv":[0.5,15,1,15.5],"texture":"#0"},"up":{"uv":[0.5,15,1,15.5],"texture":"#0"},"down":{"uv":[0.5,15,1,15.5],"texture":"#0"}}},{"from":[14,0,0],"to":[15,1,1],"faces":{"north":{"uv":[0.5,15.5,1,16],"texture":"#0"},"east":{"uv":[0.5,15.5,1,16],"texture":"#0"},"south":{"uv":[0.5,15.5,1,16],"texture":"#0"},"west":{"uv":[0.5,15.5,1,16],"texture":"#0"},"up":{"uv":[0.5,15.5,1,16],"texture":"#0"},"down":{"uv":[0.5,15.5,1,16],"texture":"#0"}}},{"from":[-9,12,-1],"to":[-6,15,2],"rotation":{"angle":-22.5,"axis":"z","origin":[0,0,0]},"faces":{"north":{"uv":[8.5,13.5,10,15],"rotation":90,"texture":"#0"},"east":{"uv":[8.5,14.5,9,15],"rotation":270,"texture":"#0"},"south":{"uv":[8.5,13.5,10,15],"rotation":270,"texture":"#0"},"west":{"uv":[8.5,13.5,9,14],"rotation":270,"texture":"#0"},"up":{"uv":[8.5,13.5,10,15],"rotation":270,"texture":"#0"},"down":{"uv":[8.5,13.5,10,15],"rotation":270,"texture":"#0"}}},{"from":[-12,12,0],"to":[-11,14,1],"rotation":{"angle":-22.5,"axis":"z","origin":[0,0,0]},"faces":{"north":{"uv":[9,12,9.5,13.5],"rotation":270,"texture":"#0"},"east":{"uv":[9,12,9.5,13.5],"rotation":270,"texture":"#0"},"south":{"uv":[9,12,9.5,13.5],"rotation":270,"texture":"#0"},"west":{"uv":[9,12,9.5,13.5],"rotation":270,"texture":"#0"},"up":{"uv":[9,12,9.5,13.5],"rotation":270,"texture":"#0"},"down":{"uv":[9,12,9.5,13.5],"rotation":270,"texture":"#0"}}},{"from":[-12,13,0],"to":[-9,14,1],"rotation":{"angle":-22.5,"axis":"z","origin":[0,0,0]},"faces":{"north":{"uv":[9,12,9.5,13.5],"rotation":270,"texture":"#0"},"east":{"uv":[9,12,9.5,13.5],"rotation":270,"texture":"#0"},"south":{"uv":[9,12,9.5,13.5],"rotation":270,"texture":"#0"},"west":{"uv":[9,12,9.5,13.5],"rotation":270,"texture":"#0"},"up":{"uv":[9,12,9.5,13.5],"rotation":270,"texture":"#0"},"down":{"uv":[9,12,9.5,13.5],"rotation":270,"texture":"#0"}}}],"gui_light":"front"}