{"display":{"thirdperson_righthand":{"rotation":[-78.32,-11.74,9.06],"translation":[-0.5,-1.25,-7.5]},"thirdperson_lefthand":{"rotation":[-78.32,-11.74,9.06],"translation":[-0.5,-1.25,-7.5]},"firstperson_righthand":{"rotation":[154.78,-2.79,-9.12],"translation":[1.5,1.5,0]},"firstperson_lefthand":{"rotation":[154.78,-2.79,-9.12],"translation":[1.5,1.5,0]},"ground":{"rotation":[129.09,-23.39,-11.32],"translation":[0,-1.5,0],"scale":[0.4,0.4,0.4]},"gui":{"rotation":[16.25,-53.5,-28.75],"translation":[1,1.25,0],"scale":[1.3,1.3,1.3]},"head":{"rotation":[90,0,0],"translation":[0,-1.75,1.75],"scale":[1.6,1.6,1.6]}},"textures":{"0":"block/obsidian","particle":"block/obsidian"},"elements":[{"from":[6,0,6],"to":[10,13,10],"faces":{"north":{"uv":[0,0,4,13],"texture":"#0"},"east":{"uv":[4,0,8,13],"texture":"#0"},"south":{"uv":[8,0,12,13],"texture":"#0"},"west":{"uv":[12,0,16,13],"texture":"#0"},"up":{"uv":[1,6,5,10],"texture":"#0"},"down":{"uv":[12,12,16,16],"texture":"#0"}}}]}