{"display":{"thirdperson_righthand":{"rotation":[-45,0,0],"translation":[0,-1,0]},"thirdperson_lefthand":{"rotation":[-45,0,0],"translation":[0,-1,0]},"firstperson_righthand":{"rotation":[-45,0,0]},"firstperson_lefthand":{"rotation":[-45,0,0]},"gui":{"rotation":[0,90,0],"translation":[-4.75,-4.75,0],"scale":[0.4,0.4,0.4]}},"textures":{"0":"item/netherite_sword/6","particle":"item/netherite_sword/6"},"elements":[{"from":[7.5,0,0],"to":[8.5,2,2],"faces":{"north":{"uv":[1,14,2,15],"texture":"#0"},"east":{"uv":[1,14,2,15],"texture":"#0"},"south":{"uv":[1,14,2,15],"texture":"#0"},"west":{"uv":[1,14,2,15],"texture":"#0"},"up":{"uv":[1,14,2,15],"texture":"#0"},"down":{"uv":[1,14,2,15],"texture":"#0"}}},{"from":[7.5,4,5],"to":[8.5,5,6],"rotation":{"angle":0,"axis":"y","origin":[8,11,13]},"faces":{"north":{"uv":[6,10,7,11],"texture":"#0"},"east":{"uv":[6,10,7,11],"texture":"#0"},"south":{"uv":[6,10,7,11],"texture":"#0"},"west":{"uv":[6,10,7,11],"texture":"#0"},"up":{"uv":[6,10,7,11],"texture":"#0"},"down":{"uv":[6,10,7,11],"texture":"#0"}}},{"from":[7.5,5,6],"to":[8.5,6,7],"rotation":{"angle":0,"axis":"y","origin":[8,12,14]},"faces":{"north":{"uv":[6,10,7,11],"texture":"#0"},"east":{"uv":[6,10,7,11],"texture":"#0"},"south":{"uv":[6,10,7,11],"texture":"#0"},"west":{"uv":[6,10,7,11],"texture":"#0"},"up":{"uv":[6,10,7,11],"texture":"#0"},"down":{"uv":[6,10,7,11],"texture":"#0"}}},{"from":[7.5,6,7],"to":[8.5,7,8],"rotation":{"angle":0,"axis":"y","origin":[8,13,15]},"faces":{"north":{"uv":[6,10,7,11],"texture":"#0"},"east":{"uv":[6,10,7,11],"texture":"#0"},"south":{"uv":[6,10,7,11],"texture":"#0"},"west":{"uv":[6,10,7,11],"texture":"#0"},"up":{"uv":[6,10,7,11],"texture":"#0"},"down":{"uv":[6,10,7,11],"texture":"#0"}}},{"from":[7.5,7,8],"to":[8.5,8,10],"rotation":{"angle":0,"axis":"y","origin":[8,14,16]},"faces":{"north":{"uv":[9,7,10,8],"texture":"#0"},"east":{"uv":[9,7,10,8],"texture":"#0"},"south":{"uv":[9,7,10,8],"texture":"#0"},"west":{"uv":[9,7,10,8],"texture":"#0"},"up":{"uv":[9,7,10,8],"texture":"#0"},"down":{"uv":[9,7,10,8],"texture":"#0"}}},{"from":[7.5,8,7],"to":[8.5,10,8],"rotation":{"angle":0,"axis":"y","origin":[8,15,15]},"faces":{"north":{"uv":[9,7,10,8],"texture":"#0"},"east":{"uv":[9,7,10,8],"texture":"#0"},"south":{"uv":[9,7,10,8],"texture":"#0"},"west":{"uv":[9,7,10,8],"texture":"#0"},"up":{"uv":[9,7,10,8],"texture":"#0"},"down":{"uv":[9,7,10,8],"texture":"#0"}}},{"from":[7.5,10,8],"to":[8.5,12,9],"rotation":{"angle":0,"axis":"y","origin":[8,17,16]},"faces":{"north":{"uv":[9,3,10,5],"texture":"#0"},"east":{"uv":[9,3,10,5],"texture":"#0"},"south":{"uv":[9,3,10,5],"texture":"#0"},"west":{"uv":[9,3,10,5],"texture":"#0"},"up":{"uv":[9,3,10,5],"texture":"#0"},"down":{"uv":[9,3,10,5],"texture":"#0"}}},{"from":[7.5,13,6],"to":[8.5,15,7],"rotation":{"angle":0,"axis":"y","origin":[8,20,14]},"faces":{"north":{"uv":[7,0,8,2],"texture":"#0"},"east":{"uv":[7,0,8,2],"texture":"#0"},"south":{"uv":[7,0,8,2],"texture":"#0"},"west":{"uv":[7,0,8,2],"texture":"#0"},"up":{"uv":[7,0,8,2],"texture":"#0"},"down":{"uv":[7,0,8,2],"texture":"#0"}}},{"from":[7.5,12,7],"to":[8.5,13,8],"rotation":{"angle":0,"axis":"y","origin":[8,18,15]},"faces":{"north":{"uv":[8,2,9,3],"texture":"#0"},"east":{"uv":[8,2,9,3],"texture":"#0"},"south":{"uv":[8,2,9,3],"texture":"#0"},"west":{"uv":[8,2,9,3],"texture":"#0"},"up":{"uv":[8,2,9,3],"texture":"#0"},"down":{"uv":[8,2,9,3],"texture":"#0"}}},{"from":[7.5,14,7],"to":[8.5,15,8],"rotation":{"angle":0,"axis":"y","origin":[8,20,15]},"faces":{"north":{"uv":[8,0,9,1],"texture":"#0"},"east":{"uv":[8,0,9,1],"texture":"#0"},"south":{"uv":[8,0,9,1],"texture":"#0"},"west":{"uv":[8,0,9,1],"texture":"#0"},"up":{"uv":[8,0,9,1],"texture":"#0"},"down":{"uv":[8,0,9,1],"texture":"#0"}}},{"from":[7.5,13,8],"to":[8.5,14,10],"rotation":{"angle":0,"axis":"y","origin":[8,19,16]},"faces":{"north":{"uv":[8,0,9,1],"texture":"#0"},"east":{"uv":[8,0,9,1],"texture":"#0"},"south":{"uv":[8,0,9,1],"texture":"#0"},"west":{"uv":[8,0,9,1],"texture":"#0"},"up":{"uv":[8,0,9,1],"texture":"#0"},"down":{"uv":[8,0,9,1],"texture":"#0"}}},{"from":[7.5,11,10],"to":[8.5,12,12],"rotation":{"angle":0,"axis":"y","origin":[8,17,18]},"faces":{"north":{"uv":[8,0,9,1],"texture":"#0"},"east":{"uv":[8,0,9,1],"texture":"#0"},"south":{"uv":[8,0,9,1],"texture":"#0"},"west":{"uv":[8,0,9,1],"texture":"#0"},"up":{"uv":[8,0,9,1],"texture":"#0"},"down":{"uv":[8,0,9,1],"texture":"#0"}}},{"from":[7.5,8,8],"to":[8.5,10,10],"rotation":{"angle":0,"axis":"y","origin":[8,15,16]},"faces":{"north":{"uv":[9,5,11,7],"texture":"#0"},"east":{"uv":[9,5,11,7],"texture":"#0"},"south":{"uv":[9,5,11,7],"texture":"#0"},"west":{"uv":[9,5,11,7],"texture":"#0"},"up":{"uv":[9,5,11,7],"texture":"#0"},"down":{"uv":[9,5,11,7],"texture":"#0"}}},{"from":[7.5,8,10],"to":[8.5,9,12],"rotation":{"angle":0,"axis":"y","origin":[8,15,18]},"faces":{"north":{"uv":[11,6,13,7],"texture":"#0"},"east":{"uv":[11,6,13,7],"texture":"#0"},"south":{"uv":[11,6,13,7],"texture":"#0"},"west":{"uv":[11,6,13,7],"texture":"#0"},"up":{"uv":[11,6,13,7],"texture":"#0"},"down":{"uv":[11,6,13,7],"texture":"#0"}}},{"from":[7.5,7,12],"to":[8.5,8,13],"rotation":{"angle":0,"axis":"y","origin":[8,14,20]},"faces":{"north":{"uv":[13,7,14,8],"texture":"#0"},"east":{"uv":[13,7,14,8],"texture":"#0"},"south":{"uv":[13,7,14,8],"texture":"#0"},"west":{"uv":[13,7,14,8],"texture":"#0"},"up":{"uv":[13,7,14,8],"texture":"#0"},"down":{"uv":[13,7,14,8],"texture":"#0"}}},{"from":[7.5,8,13],"to":[8.5,10,14],"rotation":{"angle":0,"axis":"y","origin":[8,15,21]},"faces":{"north":{"uv":[13,7,14,8],"texture":"#0"},"east":{"uv":[13,7,14,8],"texture":"#0"},"south":{"uv":[13,7,14,8],"texture":"#0"},"west":{"uv":[13,7,14,8],"texture":"#0"},"up":{"uv":[13,7,14,8],"texture":"#0"},"down":{"uv":[13,7,14,8],"texture":"#0"}}},{"from":[7.5,9,12],"to":[8.5,11,13],"rotation":{"angle":0,"axis":"y","origin":[8,16,20]},"faces":{"north":{"uv":[13,7,14,8],"texture":"#0"},"east":{"uv":[13,7,14,8],"texture":"#0"},"south":{"uv":[13,7,14,8],"texture":"#0"},"west":{"uv":[13,7,14,8],"texture":"#0"},"up":{"uv":[13,7,14,8],"texture":"#0"},"down":{"uv":[13,7,14,8],"texture":"#0"}}},{"from":[7.5,7,6],"to":[8.5,8,7],"rotation":{"angle":0,"axis":"y","origin":[8,14,14]},"faces":{"north":{"uv":[6,10,7,11],"texture":"#0"},"east":{"uv":[6,10,7,11],"texture":"#0"},"south":{"uv":[6,10,7,11],"texture":"#0"},"west":{"uv":[6,10,7,11],"texture":"#0"},"up":{"uv":[6,10,7,11],"texture":"#0"},"down":{"uv":[6,10,7,11],"texture":"#0"}}},{"from":[7.5,6,5],"to":[8.5,7,6],"rotation":{"angle":0,"axis":"y","origin":[8,13,13]},"faces":{"north":{"uv":[6,10,7,11],"texture":"#0"},"east":{"uv":[6,10,7,11],"texture":"#0"},"south":{"uv":[6,10,7,11],"texture":"#0"},"west":{"uv":[6,10,7,11],"texture":"#0"},"up":{"uv":[6,10,7,11],"texture":"#0"},"down":{"uv":[6,10,7,11],"texture":"#0"}}},{"from":[7.5,5,4],"to":[8.5,6,5],"rotation":{"angle":0,"axis":"y","origin":[8,12,12]},"faces":{"north":{"uv":[6,10,7,11],"texture":"#0"},"east":{"uv":[6,10,7,11],"texture":"#0"},"south":{"uv":[6,10,7,11],"texture":"#0"},"west":{"uv":[6,10,7,11],"texture":"#0"},"up":{"uv":[6,10,7,11],"texture":"#0"},"down":{"uv":[6,10,7,11],"texture":"#0"}}},{"from":[7.3,2,2],"to":[8.7,3,3],"rotation":{"angle":0,"axis":"y","origin":[8,9,9]},"faces":{"north":{"uv":[3,12,4,13],"texture":"#0"},"east":{"uv":[3,12,4,13],"texture":"#0"},"south":{"uv":[3,12,4,13],"texture":"#0"},"west":{"uv":[3,12,4,13],"texture":"#0"},"up":{"uv":[3,12,4,13],"texture":"#0"},"down":{"uv":[3,12,4,13],"texture":"#0"}}},{"from":[7.3,3,3],"to":[8.7,4,4],"rotation":{"angle":0,"axis":"y","origin":[8,10,10]},"faces":{"north":{"uv":[4,11,5,12],"texture":"#0"},"east":{"uv":[4,11,5,12],"texture":"#0"},"south":{"uv":[4,11,5,12],"texture":"#0"},"west":{"uv":[4,11,5,12],"texture":"#0"},"up":{"uv":[4,11,5,12],"texture":"#0"},"down":{"uv":[4,11,5,12],"texture":"#0"}}},{"from":[7.3,13,7],"to":[8.7,14,8],"rotation":{"angle":0,"axis":"y","origin":[8,20,14]},"faces":{"north":{"uv":[8,1,9,2],"texture":"#0"},"east":{"uv":[8,1,9,2],"texture":"#0"},"south":{"uv":[8,1,9,2],"texture":"#0"},"west":{"uv":[8,1,9,2],"texture":"#0"},"up":{"uv":[8,1,9,2],"texture":"#0"},"down":{"uv":[8,1,9,2],"texture":"#0"}}},{"from":[7.3,12,8],"to":[8.7,13,9],"rotation":{"angle":0,"axis":"y","origin":[8,19,15]},"faces":{"north":{"uv":[9,2,10,3],"texture":"#0"},"east":{"uv":[9,2,10,3],"texture":"#0"},"south":{"uv":[9,2,10,3],"texture":"#0"},"west":{"uv":[9,2,10,3],"texture":"#0"},"up":{"uv":[9,2,10,3],"texture":"#0"},"down":{"uv":[9,2,10,3],"texture":"#0"}}},{"from":[7.3,12,9],"to":[8.7,13,10],"rotation":{"angle":0,"axis":"y","origin":[8,19,16]},"faces":{"north":{"uv":[10,2,11,3],"texture":"#0"},"east":{"uv":[10,2,11,3],"texture":"#0"},"south":{"uv":[10,2,11,3],"texture":"#0"},"west":{"uv":[10,2,11,3],"texture":"#0"},"up":{"uv":[10,2,11,3],"texture":"#0"},"down":{"uv":[10,2,11,3],"texture":"#0"}}},{"from":[7.3,11,9],"to":[8.7,12,10],"rotation":{"angle":0,"axis":"y","origin":[8,18,16]},"faces":{"north":{"uv":[10,3,11,4],"texture":"#0"},"east":{"uv":[10,3,11,4],"texture":"#0"},"south":{"uv":[10,3,11,4],"texture":"#0"},"west":{"uv":[10,3,11,4],"texture":"#0"},"up":{"uv":[10,3,11,4],"texture":"#0"},"down":{"uv":[10,3,11,4],"texture":"#0"}}},{"from":[7.3,10,9],"to":[8.7,11,10],"rotation":{"angle":0,"axis":"y","origin":[8,17,16]},"faces":{"north":{"uv":[10,4,11,5],"texture":"#0"},"east":{"uv":[10,4,11,5],"texture":"#0"},"south":{"uv":[10,4,11,5],"texture":"#0"},"west":{"uv":[10,4,11,5],"texture":"#0"},"up":{"uv":[10,4,11,5],"texture":"#0"},"down":{"uv":[10,4,11,5],"texture":"#0"}}},{"from":[7.3,10,10],"to":[8.7,11,11],"rotation":{"angle":0,"axis":"y","origin":[8,17,17]},"faces":{"north":{"uv":[11,4,12,5],"texture":"#0"},"east":{"uv":[11,4,12,5],"texture":"#0"},"south":{"uv":[11,4,12,5],"texture":"#0"},"west":{"uv":[11,4,12,5],"texture":"#0"},"up":{"uv":[11,4,12,5],"texture":"#0"},"down":{"uv":[11,4,12,5],"texture":"#0"}}},{"from":[7.3,10,11],"to":[8.7,11,12],"rotation":{"angle":0,"axis":"y","origin":[8,17,18]},"faces":{"north":{"uv":[12,4,13,5],"texture":"#0"},"east":{"uv":[12,4,13,5],"texture":"#0"},"south":{"uv":[12,4,13,5],"texture":"#0"},"west":{"uv":[12,4,13,5],"texture":"#0"},"up":{"uv":[12,4,13,5],"texture":"#0"},"down":{"uv":[12,4,13,5],"texture":"#0"}}},{"from":[7.3,9,11],"to":[8.7,10,12],"rotation":{"angle":0,"axis":"y","origin":[8,16,18]},"faces":{"north":{"uv":[12,5,13,6],"texture":"#0"},"east":{"uv":[12,5,13,6],"texture":"#0"},"south":{"uv":[12,5,13,6],"texture":"#0"},"west":{"uv":[12,5,13,6],"texture":"#0"},"up":{"uv":[12,5,13,6],"texture":"#0"},"down":{"uv":[12,5,13,6],"texture":"#0"}}},{"from":[7.3,8,12],"to":[8.7,9,13],"rotation":{"angle":0,"axis":"y","origin":[8,15,19]},"faces":{"north":{"uv":[13,6,14,7],"texture":"#0"},"east":{"uv":[13,6,14,7],"texture":"#0"},"south":{"uv":[13,6,14,7],"texture":"#0"},"west":{"uv":[13,6,14,7],"texture":"#0"},"up":{"uv":[13,6,14,7],"texture":"#0"},"down":{"uv":[13,6,14,7],"texture":"#0"}}},{"from":[7.3,7,13],"to":[8.7,8,14],"rotation":{"angle":0,"axis":"y","origin":[8,14,20]},"faces":{"north":{"uv":[14,7,15,8],"texture":"#0"},"east":{"uv":[14,7,15,8],"texture":"#0"},"south":{"uv":[14,7,15,8],"texture":"#0"},"west":{"uv":[14,7,15,8],"texture":"#0"},"up":{"uv":[14,7,15,8],"texture":"#0"},"down":{"uv":[14,7,15,8],"texture":"#0"}}},{"from":[7.3,7,14],"to":[8.7,8,15],"rotation":{"angle":0,"axis":"y","origin":[8,14,21]},"faces":{"north":{"uv":[15,7,16,8],"texture":"#0"},"east":{"uv":[15,7,16,8],"texture":"#0"},"south":{"uv":[15,7,16,8],"texture":"#0"},"west":{"uv":[15,7,16,8],"texture":"#0"},"up":{"uv":[15,7,16,8],"texture":"#0"},"down":{"uv":[15,7,16,8],"texture":"#0"}}},{"from":[7.3,6,14],"to":[8.7,7,15],"rotation":{"angle":0,"axis":"y","origin":[8,13,21]},"faces":{"north":{"uv":[15,8,16,9],"texture":"#0"},"east":{"uv":[15,8,16,9],"texture":"#0"},"south":{"uv":[15,8,16,9],"texture":"#0"},"west":{"uv":[15,8,16,9],"texture":"#0"},"up":{"uv":[15,8,16,9],"texture":"#0"},"down":{"uv":[15,8,16,9],"texture":"#0"}}},{"from":[7.3,6,13],"to":[8.7,7,14],"rotation":{"angle":0,"axis":"y","origin":[8,13,20]},"faces":{"north":{"uv":[14,8,15,9],"texture":"#0"},"east":{"uv":[14,8,15,9],"texture":"#0"},"south":{"uv":[14,8,15,9],"texture":"#0"},"west":{"uv":[14,8,15,9],"texture":"#0"},"up":{"uv":[14,8,15,9],"texture":"#0"},"down":{"uv":[14,8,15,9],"texture":"#0"}}},{"from":[7.3,9,10],"to":[8.7,10,11],"rotation":{"angle":0,"axis":"y","origin":[8,16,17]},"faces":{"north":{"uv":[11,5,12,6],"texture":"#0"},"east":{"uv":[11,5,12,6],"texture":"#0"},"south":{"uv":[11,5,12,6],"texture":"#0"},"west":{"uv":[11,5,12,6],"texture":"#0"},"up":{"uv":[11,5,12,6],"texture":"#0"},"down":{"uv":[11,5,12,6],"texture":"#0"}}},{"from":[7.3,12,10],"to":[8.7,13,11],"rotation":{"angle":0,"axis":"y","origin":[8,19,17]},"faces":{"north":{"uv":[11,2,12,3],"texture":"#0"},"east":{"uv":[11,2,12,3],"texture":"#0"},"south":{"uv":[11,2,12,3],"texture":"#0"},"west":{"uv":[11,2,12,3],"texture":"#0"},"up":{"uv":[11,2,12,3],"texture":"#0"},"down":{"uv":[11,2,12,3],"texture":"#0"}}},{"from":[7.4,4,4],"to":[8.6,5,5],"rotation":{"angle":0,"axis":"y","origin":[8,11,11]},"faces":{"north":{"uv":[5,10,6,11],"texture":"#0"},"east":{"uv":[5,10,6,11],"texture":"#0"},"south":{"uv":[5,10,6,11],"texture":"#0"},"west":{"uv":[5,10,6,11],"texture":"#0"},"up":{"uv":[5,10,6,11],"texture":"#0"},"down":{"uv":[5,10,6,11],"texture":"#0"}}},{"from":[7.4,5,5],"to":[8.6,6,6],"rotation":{"angle":0,"axis":"y","origin":[8,12,12]},"faces":{"north":{"uv":[6,9,7,10],"texture":"#0"},"east":{"uv":[6,9,7,10],"texture":"#0"},"south":{"uv":[6,9,7,10],"texture":"#0"},"west":{"uv":[6,9,7,10],"texture":"#0"},"up":{"uv":[6,9,7,10],"texture":"#0"},"down":{"uv":[6,9,7,10],"texture":"#0"}}},{"from":[7.4,6,6],"to":[8.6,7,7],"rotation":{"angle":0,"axis":"y","origin":[8,13,13]},"faces":{"north":{"uv":[7,8,8,9],"texture":"#0"},"east":{"uv":[7,8,8,9],"texture":"#0"},"south":{"uv":[7,8,8,9],"texture":"#0"},"west":{"uv":[7,8,8,9],"texture":"#0"},"up":{"uv":[7,8,8,9],"texture":"#0"},"down":{"uv":[7,8,8,9],"texture":"#0"}}},{"from":[7.4,7,7],"to":[8.6,8,8],"rotation":{"angle":0,"axis":"y","origin":[8,14,14]},"faces":{"north":{"uv":[8,7,9,8],"texture":"#0"},"east":{"uv":[8,7,9,8],"texture":"#0"},"south":{"uv":[8,7,9,8],"texture":"#0"},"west":{"uv":[8,7,9,8],"texture":"#0"},"up":{"uv":[8,7,9,8],"texture":"#0"},"down":{"uv":[8,7,9,8],"texture":"#0"}}},{"from":[7.5,1,1],"to":[8.5,4,4],"rotation":{"angle":0,"axis":"y","origin":[8,9,9]},"faces":{"north":{"uv":[2,13,3,14],"texture":"#0"},"east":{"uv":[2,13,3,14],"texture":"#0"},"south":{"uv":[2,13,3,14],"texture":"#0"},"west":{"uv":[2,13,3,14],"texture":"#0"},"up":{"uv":[2,13,3,14],"texture":"#0"},"down":{"uv":[2,13,3,14],"texture":"#0"}}},{"from":[7.5,2,2],"to":[8.5,5,5],"rotation":{"angle":0,"axis":"y","origin":[8,10,10]},"faces":{"north":{"uv":[3,10,4,13],"texture":"#0"},"east":{"uv":[6,10,3,13],"texture":"#0"},"south":{"uv":[5,10,6,13],"texture":"#0"},"west":{"uv":[3,10,6,13],"texture":"#0"},"up":{"uv":[3,10,6,11],"texture":"#0"},"down":{"uv":[3,12,6,13],"rotation":270,"texture":"#0"}}}]}