{"display":{"thirdperson_righthand":{"rotation":[-45,0,0],"translation":[0,4.5,0]},"thirdperson_lefthand":{"rotation":[-45,0,0],"translation":[0,4.5,0]},"firstperson_righthand":{"rotation":[-45,0,0],"translation":[0,4.5,0]},"firstperson_lefthand":{"rotation":[-45,0,0],"translation":[0,4.5,0]},"gui":{"rotation":[0,90,0]},"head":{"rotation":[-135,0,0],"translation":[0,-6,11],"scale":[1.5,1.5,1.5]},"fixed":{"rotation":[0,-90,0]}},"textures":{"0":"item/iron_sword"},"elements":[{"from":[7.5,10,12],"to":[8.5,11,13],"faces":{"north":{"uv":[12,5,13,6],"texture":"#0"},"east":{"uv":[12,5,13,6],"texture":"#0"},"south":{"uv":[12,5,13,6],"texture":"#0"},"west":{"uv":[12,5,13,6],"texture":"#0"},"up":{"uv":[12,5,13,6],"texture":"#0"},"down":{"uv":[12,5,13,6],"texture":"#0"}}},{"from":[7.5,11,13],"to":[8.5,12,14],"faces":{"north":{"uv":[13,4,14,5],"texture":"#0"},"east":{"uv":[13,4,14,5],"texture":"#0"},"south":{"uv":[13,4,14,5],"texture":"#0"},"west":{"uv":[13,4,14,5],"texture":"#0"},"up":{"uv":[13,4,14,5],"texture":"#0"},"down":{"uv":[13,4,14,5],"texture":"#0"}}},{"from":[7.5,12,14],"to":[8.5,13,15],"faces":{"north":{"uv":[14,3,15,4],"texture":"#0"},"east":{"uv":[14,3,15,4],"texture":"#0"},"south":{"uv":[14,3,15,4],"texture":"#0"},"west":{"uv":[14,3,15,4],"texture":"#0"},"up":{"uv":[14,3,15,4],"texture":"#0"},"down":{"uv":[14,3,15,4],"texture":"#0"}}},{"from":[7.5,13,15],"to":[8.5,14,16],"faces":{"north":{"uv":[15,2,16,3],"texture":"#0"},"east":{"uv":[15,2,16,3],"texture":"#0"},"south":{"uv":[15,2,16,3],"texture":"#0"},"west":{"uv":[15,2,16,3],"texture":"#0"},"up":{"uv":[15,2,16,3],"texture":"#0"},"down":{"uv":[15,2,16,3],"texture":"#0"}}},{"from":[7.2,10,11],"to":[8.8,11,12],"faces":{"north":{"uv":[11,5,12,6],"texture":"#0"},"east":{"uv":[11,5,12,6],"texture":"#0"},"south":{"uv":[11,5,12,6],"texture":"#0"},"west":{"uv":[11,5,12,6],"texture":"#0"},"up":{"uv":[11,5,12,6],"texture":"#0"},"down":{"uv":[11,5,12,6],"texture":"#0"}}},{"from":[7.2,11,12],"to":[8.8,12,13],"faces":{"north":{"uv":[12,4,13,5],"texture":"#0"},"east":{"uv":[12,4,13,5],"texture":"#0"},"south":{"uv":[12,4,13,5],"texture":"#0"},"west":{"uv":[12,4,13,5],"texture":"#0"},"up":{"uv":[12,4,13,5],"texture":"#0"},"down":{"uv":[12,4,13,5],"texture":"#0"}}},{"from":[7.2,12,13],"to":[8.8,13,14],"faces":{"north":{"uv":[13,3,14,4],"texture":"#0"},"east":{"uv":[13,3,14,4],"texture":"#0"},"south":{"uv":[13,3,14,4],"texture":"#0"},"west":{"uv":[13,3,14,4],"texture":"#0"},"up":{"uv":[13,3,14,4],"texture":"#0"},"down":{"uv":[13,3,14,4],"texture":"#0"}}},{"from":[7.2,13,14],"to":[8.8,14,15],"faces":{"north":{"uv":[14,2,15,3],"texture":"#0"},"east":{"uv":[14,2,15,3],"texture":"#0"},"south":{"uv":[14,2,15,3],"texture":"#0"},"west":{"uv":[14,2,15,3],"texture":"#0"},"up":{"uv":[14,2,15,3],"texture":"#0"},"down":{"uv":[14,2,15,3],"texture":"#0"}}},{"from":[7.5,14,15],"to":[8.5,15,16],"faces":{"north":{"uv":[15,1,16,2],"texture":"#0"},"east":{"uv":[15,1,16,2],"texture":"#0"},"south":{"uv":[15,1,16,2],"texture":"#0"},"west":{"uv":[15,1,16,2],"texture":"#0"},"up":{"uv":[15,1,16,2],"texture":"#0"},"down":{"uv":[15,1,16,2],"texture":"#0"}}},{"from":[7.2,11,11],"to":[8.8,12,12],"faces":{"north":{"uv":[11,4,12,5],"texture":"#0"},"east":{"uv":[11,4,12,5],"texture":"#0"},"south":{"uv":[11,4,12,5],"texture":"#0"},"west":{"uv":[11,4,12,5],"texture":"#0"},"up":{"uv":[11,4,12,5],"texture":"#0"},"down":{"uv":[11,4,12,5],"texture":"#0"}}},{"from":[7.2,11,10],"to":[8.8,12,11],"faces":{"north":{"uv":[10,4,11,5],"texture":"#0"},"east":{"uv":[10,4,11,5],"texture":"#0"},"south":{"uv":[10,4,11,5],"texture":"#0"},"west":{"uv":[10,4,11,5],"texture":"#0"},"up":{"uv":[10,4,11,5],"texture":"#0"},"down":{"uv":[10,4,11,5],"texture":"#0"}}},{"from":[7.2,12,12],"to":[8.8,13,13],"faces":{"north":{"uv":[12,3,13,4],"texture":"#0"},"east":{"uv":[12,3,13,4],"texture":"#0"},"south":{"uv":[12,3,13,4],"texture":"#0"},"west":{"uv":[12,3,13,4],"texture":"#0"},"up":{"uv":[12,3,13,4],"texture":"#0"},"down":{"uv":[12,3,13,4],"texture":"#0"}}},{"from":[7.2,12,11],"to":[8.8,13,12],"faces":{"north":{"uv":[11,3,12,4],"texture":"#0"},"east":{"uv":[11,3,12,4],"texture":"#0"},"south":{"uv":[11,3,12,4],"texture":"#0"},"west":{"uv":[11,3,12,4],"texture":"#0"},"up":{"uv":[11,3,12,4],"texture":"#0"},"down":{"uv":[11,3,12,4],"texture":"#0"}}},{"from":[7.5,12,10],"to":[8.5,13,11],"faces":{"north":{"uv":[10,3,11,4],"texture":"#0"},"east":{"uv":[10,3,11,4],"texture":"#0"},"south":{"uv":[10,3,11,4],"texture":"#0"},"west":{"uv":[10,3,11,4],"texture":"#0"},"up":{"uv":[10,3,11,4],"texture":"#0"},"down":{"uv":[10,3,11,4],"texture":"#0"}}},{"from":[7.2,13,13],"to":[8.8,14,14],"faces":{"north":{"uv":[13,2,14,3],"texture":"#0"},"east":{"uv":[13,2,14,3],"texture":"#0"},"south":{"uv":[13,2,14,3],"texture":"#0"},"west":{"uv":[13,2,14,3],"texture":"#0"},"up":{"uv":[13,2,14,3],"texture":"#0"},"down":{"uv":[13,2,14,3],"texture":"#0"}}},{"from":[7.2,13,12],"to":[8.8,14,13],"faces":{"north":{"uv":[12,2,13,3],"texture":"#0"},"east":{"uv":[12,2,13,3],"texture":"#0"},"south":{"uv":[12,2,13,3],"texture":"#0"},"west":{"uv":[12,2,13,3],"texture":"#0"},"up":{"uv":[12,2,13,3],"texture":"#0"},"down":{"uv":[12,2,13,3],"texture":"#0"}}},{"from":[7.5,13,11],"to":[8.5,14,12],"faces":{"north":{"uv":[11,2,12,3],"texture":"#0"},"east":{"uv":[11,2,12,3],"texture":"#0"},"south":{"uv":[11,2,12,3],"texture":"#0"},"west":{"uv":[11,2,12,3],"texture":"#0"},"up":{"uv":[11,2,12,3],"texture":"#0"},"down":{"uv":[11,2,12,3],"texture":"#0"}}},{"from":[7.2,14,14],"to":[8.8,15,15],"faces":{"north":{"uv":[14,1,15,2],"texture":"#0"},"east":{"uv":[14,1,15,2],"texture":"#0"},"south":{"uv":[14,1,15,2],"texture":"#0"},"west":{"uv":[14,1,15,2],"texture":"#0"},"up":{"uv":[14,1,15,2],"texture":"#0"},"down":{"uv":[14,1,15,2],"texture":"#0"}}},{"from":[7.2,14,13],"to":[8.8,15,14],"faces":{"north":{"uv":[13,1,14,2],"texture":"#0"},"east":{"uv":[13,1,14,2],"texture":"#0"},"south":{"uv":[13,1,14,2],"texture":"#0"},"west":{"uv":[13,1,14,2],"texture":"#0"},"up":{"uv":[13,1,14,2],"texture":"#0"},"down":{"uv":[13,1,14,2],"texture":"#0"}}},{"from":[7.5,14,12],"to":[8.5,15,13],"faces":{"north":{"uv":[12,1,13,2],"texture":"#0"},"east":{"uv":[12,1,13,2],"texture":"#0"},"south":{"uv":[12,1,13,2],"texture":"#0"},"west":{"uv":[12,1,13,2],"texture":"#0"},"up":{"uv":[12,1,13,2],"texture":"#0"},"down":{"uv":[12,1,13,2],"texture":"#0"}}},{"from":[7.5,15,15],"to":[8.5,16,16],"faces":{"north":{"uv":[15,0,16,1],"texture":"#0"},"east":{"uv":[15,0,16,1],"texture":"#0"},"south":{"uv":[15,0,16,1],"texture":"#0"},"west":{"uv":[15,0,16,1],"texture":"#0"},"up":{"uv":[15,0,16,1],"texture":"#0"},"down":{"uv":[15,0,16,1],"texture":"#0"}}},{"from":[7.5,15,14],"to":[8.5,16,15],"faces":{"north":{"uv":[14,0,15,1],"texture":"#0"},"east":{"uv":[14,0,15,1],"texture":"#0"},"south":{"uv":[14,0,15,1],"texture":"#0"},"west":{"uv":[14,0,15,1],"texture":"#0"},"up":{"uv":[14,0,15,1],"texture":"#0"},"down":{"uv":[14,0,15,1],"texture":"#0"}}},{"from":[7.5,15,13],"to":[8.5,16,14],"faces":{"north":{"uv":[13,0,14,1],"texture":"#0"},"east":{"uv":[13,0,14,1],"texture":"#0"},"south":{"uv":[13,0,14,1],"texture":"#0"},"west":{"uv":[13,0,14,1],"texture":"#0"},"up":{"uv":[13,0,14,1],"texture":"#0"},"down":{"uv":[13,0,14,1],"texture":"#0"}}}],"gui_light":"front"}