{"display":{"thirdperson_righthand":{"rotation":[-45,0,0],"translation":[0,4.5,0]},"thirdperson_lefthand":{"rotation":[-45,0,0],"translation":[0,4.5,0]},"firstperson_righthand":{"rotation":[-45,0,0],"translation":[0,4.5,0]},"firstperson_lefthand":{"rotation":[-45,0,0],"translation":[0,4.5,0]},"gui":{"rotation":[0,90,0]},"head":{"scale":[1.5,1.5,1.5]},"fixed":{"rotation":[0,-90,0]}},"gui_light":"front","textures":{"0":"item/gunpowder/15","particle":"item/gunpowder/15"},"elements":[{"from":[7.9,0,0],"to":[8.1,16,16],"faces":{"north":{"uv":[0,0,1,16],"texture":"#0"},"east":{"uv":[16,0,0,16],"texture":"#0"},"south":{"uv":[15,0,16,16],"texture":"#0"},"west":{"uv":[0,0,16,16],"texture":"#0"},"up":{"uv":[0,0,16,1],"rotation":90,"texture":"#0"},"down":{"uv":[0,15,16,16],"rotation":270,"texture":"#0"}}}]}