{"display":{"thirdperson_righthand":{"rotation":[58.83,-1,-91.37],"translation":[7.25,3.5,-4.25]},"thirdperson_lefthand":{"rotation":[52.72,3.62,89.69],"translation":[-8,2.75,-4.25]},"firstperson_righthand":{"rotation":[56.89,4.95,-90.79],"translation":[5.75,6.75,-1],"scale":[0.8,0.8,0.8]},"firstperson_lefthand":{"rotation":[-38.75,0,-91.25],"translation":[7.5,4.5,-2.25]},"ground":{"rotation":[5.29,-5.29,90.96],"translation":[-4,1.5,-2],"scale":[0.6,0.6,0.6]},"gui":{"rotation":[90,0,0],"translation":[1.75,1,0],"scale":[1.1,1.1,1.11]},"head":{"rotation":[44.7,2.1,-90.35],"translation":[7.75,8.75,-9.25]},"fixed":{"rotation":[87.96,0.55,178.08],"translation":[-2.75,0.5,-11.75],"scale":[1.5,1.5,1.5]}},"texture_size":[32,32],"textures":{"0":"item/gunpowder/17","particle":"item/gunpowder/17"},"elements":[{"from":[3,0,12],"to":[5,1,15],"faces":{"north":{"uv":[1.5,7,3,7.5],"rotation":180,"texture":"#0"},"east":{"uv":[1.5,7,3,7.5],"rotation":180,"texture":"#0"},"south":{"uv":[1.5,7,3,7.5],"rotation":180,"texture":"#0"},"west":{"uv":[1.5,7,2,7.5],"rotation":180,"texture":"#0"},"up":{"uv":[2,5.5,3,7],"texture":"#0"},"down":{"uv":[2,7,3,5.5],"rotation":180,"texture":"#0"}}},{"from":[2,0,10],"to":[5,1,12],"faces":{"north":{"uv":[1.5,4.5,3,5.5],"texture":"#0"},"east":{"uv":[1.5,4.5,3,5.5],"texture":"#0"},"south":{"uv":[1.5,4.5,3,5.5],"texture":"#0"},"west":{"uv":[1.5,4.5,3,5.5],"texture":"#0"},"up":{"uv":[1.5,4.5,3,5.5],"texture":"#0"},"down":{"uv":[1.5,4.5,3,5.5],"texture":"#0"}}},{"from":[8,0,5],"to":[10,1,8],"faces":{"north":{"uv":[1.5,4.5,3,5.5],"texture":"#0"},"east":{"uv":[1.5,4.5,3,5.5],"texture":"#0"},"south":{"uv":[1.5,4.5,3,5.5],"texture":"#0"},"west":{"uv":[1.5,4.5,3,5.5],"texture":"#0"},"up":{"uv":[1.5,4.5,3,5.5],"texture":"#0"},"down":{"uv":[1.5,4.5,3,5.5],"texture":"#0"}}},{"from":[3,0,9],"to":[5,1,10],"faces":{"north":{"uv":[2,4,2.5,4.5],"texture":"#0"},"east":{"uv":[2,4,2.5,4.5],"texture":"#0"},"south":{"uv":[2,4,2.5,4.5],"texture":"#0"},"west":{"uv":[2.5,4,3,4.5],"texture":"#0"},"up":{"uv":[2,4,3,4.5],"texture":"#0"},"down":{"uv":[2,4,3,4.5],"texture":"#0"}}},{"from":[4,0,8],"to":[5,1,9],"faces":{"north":{"uv":[2,4,2.5,4.5],"texture":"#0"},"east":{"uv":[2,4,2.5,4.5],"texture":"#0"},"south":{"uv":[2,4,2.5,4.5],"texture":"#0"},"west":{"uv":[2.5,4,3,4.5],"texture":"#0"},"up":{"uv":[2,4,3,4.5],"texture":"#0"},"down":{"uv":[2,4,3,4.5],"texture":"#0"}}},{"from":[1,0,14],"to":[2,1,15],"faces":{"north":{"uv":[2,4,2.5,4.5],"texture":"#0"},"east":{"uv":[2,4,2.5,4.5],"texture":"#0"},"south":{"uv":[2,4,2.5,4.5],"texture":"#0"},"west":{"uv":[2.5,4,3,4.5],"texture":"#0"},"up":{"uv":[2,4,3,4.5],"texture":"#0"},"down":{"uv":[2,4,3,4.5],"texture":"#0"}}},{"from":[4,0,15],"to":[5,1,16],"faces":{"north":{"uv":[2,4,2.5,4.5],"texture":"#0"},"east":{"uv":[2,4,2.5,4.5],"texture":"#0"},"south":{"uv":[2,4,2.5,4.5],"texture":"#0"},"west":{"uv":[2.5,4,3,4.5],"texture":"#0"},"up":{"uv":[2,4,3,4.5],"texture":"#0"},"down":{"uv":[2,4,3,4.5],"texture":"#0"}}},{"from":[0,0,12],"to":[1,1,14],"faces":{"north":{"uv":[2,4,2.5,4.5],"texture":"#0"},"east":{"uv":[2,4,2.5,4.5],"texture":"#0"},"south":{"uv":[2,4,2.5,4.5],"texture":"#0"},"west":{"uv":[2.5,4,3,4.5],"texture":"#0"},"up":{"uv":[2,4,3,4.5],"texture":"#0"},"down":{"uv":[2,4,3,4.5],"texture":"#0"}}},{"from":[2,0,12],"to":[3,1,14],"faces":{"north":{"uv":[2,4,2.5,4.5],"texture":"#0"},"east":{"uv":[2,4,2.5,4.5],"texture":"#0"},"south":{"uv":[2,4,2.5,4.5],"texture":"#0"},"west":{"uv":[2.5,4,3,4.5],"texture":"#0"},"up":{"uv":[2,4,3,4.5],"texture":"#0"},"down":{"uv":[2,4,3,4.5],"texture":"#0"}}},{"from":[5,0,13],"to":[6,1,15],"faces":{"north":{"uv":[2,4,2.5,4.5],"texture":"#0"},"east":{"uv":[2,4,2.5,4.5],"texture":"#0"},"south":{"uv":[2,4,2.5,4.5],"texture":"#0"},"west":{"uv":[2.5,4,3,4.5],"texture":"#0"},"up":{"uv":[2,4,3,4.5],"texture":"#0"},"down":{"uv":[2,4,3,4.5],"texture":"#0"}}},{"from":[6,0,11],"to":[7,1,13],"faces":{"north":{"uv":[2,4,2.5,4.5],"texture":"#0"},"east":{"uv":[2,4,2.5,4.5],"texture":"#0"},"south":{"uv":[2,4,2.5,4.5],"texture":"#0"},"west":{"uv":[2.5,4,3,4.5],"texture":"#0"},"up":{"uv":[2,4,3,4.5],"texture":"#0"},"down":{"uv":[2,4,3,4.5],"texture":"#0"}}},{"from":[10,0,3],"to":[11,1,5],"faces":{"north":{"uv":[2,4,2.5,4.5],"texture":"#0"},"east":{"uv":[2,4,2.5,4.5],"texture":"#0"},"south":{"uv":[2,4,2.5,4.5],"texture":"#0"},"west":{"uv":[2.5,4,3,4.5],"texture":"#0"},"up":{"uv":[2,4,3,4.5],"texture":"#0"},"down":{"uv":[2,4,3,4.5],"texture":"#0"}}},{"from":[11,0,4],"to":[12,1,6],"faces":{"north":{"uv":[2,4,2.5,4.5],"texture":"#0"},"east":{"uv":[2,4,2.5,4.5],"texture":"#0"},"south":{"uv":[2,4,2.5,4.5],"texture":"#0"},"west":{"uv":[2.5,4,3,4.5],"texture":"#0"},"up":{"uv":[2,4,3,4.5],"texture":"#0"},"down":{"uv":[2,4,3,4.5],"texture":"#0"}}},{"from":[8,0,8],"to":[9,1,9],"faces":{"north":{"uv":[2,4,2.5,4.5],"texture":"#0"},"east":{"uv":[2,4,2.5,4.5],"texture":"#0"},"south":{"uv":[2,4,2.5,4.5],"texture":"#0"},"west":{"uv":[2.5,4,3,4.5],"texture":"#0"},"up":{"uv":[2,4,3,4.5],"texture":"#0"},"down":{"uv":[2,4,3,4.5],"texture":"#0"}}},{"from":[10,0,6],"to":[11,1,7],"faces":{"north":{"uv":[2,4,2.5,4.5],"texture":"#0"},"east":{"uv":[2,4,2.5,4.5],"texture":"#0"},"south":{"uv":[2,4,2.5,4.5],"texture":"#0"},"west":{"uv":[2.5,4,3,4.5],"texture":"#0"},"up":{"uv":[2,4,3,4.5],"texture":"#0"},"down":{"uv":[2,4,3,4.5],"texture":"#0"}}},{"from":[12,0,3],"to":[13,1,4],"faces":{"north":{"uv":[2,4,2.5,4.5],"texture":"#0"},"east":{"uv":[2,4,2.5,4.5],"texture":"#0"},"south":{"uv":[2,4,2.5,4.5],"texture":"#0"},"west":{"uv":[2.5,4,3,4.5],"texture":"#0"},"up":{"uv":[2,4,3,4.5],"texture":"#0"},"down":{"uv":[2,4,3,4.5],"texture":"#0"}}},{"from":[11,0,2],"to":[12,1,3],"faces":{"north":{"uv":[2,4,2.5,4.5],"texture":"#0"},"east":{"uv":[2,4,2.5,4.5],"texture":"#0"},"south":{"uv":[2,4,2.5,4.5],"texture":"#0"},"west":{"uv":[2.5,4,3,4.5],"texture":"#0"},"up":{"uv":[2,4,3,4.5],"texture":"#0"},"down":{"uv":[2,4,3,4.5],"texture":"#0"}}},{"from":[7,0,9],"to":[8,1,11],"faces":{"north":{"uv":[2,4,2.5,4.5],"texture":"#0"},"east":{"uv":[2,4,2.5,4.5],"texture":"#0"},"south":{"uv":[2,4,2.5,4.5],"texture":"#0"},"west":{"uv":[2.5,4,3,4.5],"texture":"#0"},"up":{"uv":[2,4,3,4.5],"texture":"#0"},"down":{"uv":[2,4,3,4.5],"texture":"#0"}}},{"from":[6,0,9],"to":[7,1,10],"faces":{"north":{"uv":[2,4,2.5,4.5],"texture":"#0"},"east":{"uv":[2,4,2.5,4.5],"texture":"#0"},"south":{"uv":[2,4,2.5,4.5],"texture":"#0"},"west":{"uv":[2.5,4,3,4.5],"texture":"#0"},"up":{"uv":[2,4,3,4.5],"texture":"#0"},"down":{"uv":[2,4,3,4.5],"texture":"#0"}}},{"from":[6,0,6],"to":[8,1,9],"faces":{"north":{"uv":[2,4,2.5,4.5],"texture":"#0"},"east":{"uv":[2,4,2.5,4.5],"texture":"#0"},"south":{"uv":[2,4,2.5,4.5],"texture":"#0"},"west":{"uv":[2.5,4,3,4.5],"texture":"#0"},"up":{"uv":[3.5,2.5,4.5,4],"texture":"#0"},"down":{"uv":[3.5,2.5,4.5,4],"texture":"#0"}}},{"from":[5,0,8],"to":[6,1,11],"faces":{"north":{"uv":[2,4,2.5,4.5],"texture":"#0"},"east":{"uv":[2,4,2.5,4.5],"texture":"#0"},"south":{"uv":[2,4,2.5,4.5],"texture":"#0"},"west":{"uv":[2.5,4,3,4.5],"texture":"#0"},"up":{"uv":[3,3.5,3.5,5],"texture":"#0"},"down":{"uv":[3,3.5,3.5,5],"texture":"#0"}}},{"from":[1,0,11],"to":[2,1,14],"faces":{"north":{"uv":[2,4,2.5,4.5],"texture":"#0"},"east":{"uv":[2,4,2.5,4.5],"texture":"#0"},"south":{"uv":[2,4,2.5,4.5],"texture":"#0"},"west":{"uv":[2.5,4,3,4.5],"texture":"#0"},"up":{"uv":[1,5,1.5,6.5],"texture":"#0"},"down":{"uv":[1,5,1.5,6.5],"rotation":180,"texture":"#0"}}}]}