{"display":{"thirdperson_righthand":{"rotation":[34.25,82.75,0],"scale":[0.1875,0.18555,0.17773]},"thirdperson_lefthand":{"rotation":[34.25,270.75,0],"scale":[0.1875,0.18555,0.17773]},"firstperson_righthand":{"rotation":[0,-148.75,0],"translation":[0,1.75,0],"scale":[0.16406,0.15234,0.12695]},"firstperson_lefthand":{"rotation":[0,21.25,0],"translation":[0,1.75,0],"scale":[0.16406,0.15234,0.12695]},"ground":{"scale":[0.25586,0.22461,0.25391]},"gui":{"rotation":[0,-131,0],"scale":[0.33984,0.48047,0.54688]},"head":{"rotation":[0,88.75,0],"translation":[0,-10.5,0],"scale":[2.5,2.5,2.5]},"fixed":{"rotation":[0,91.25,0],"scale":[0.42383,0.45508,0.48633]}},"textures":{"0":"item/gunpowder/2","particle":"item/gunpowder/2"},"elements":[{"from":[-5,-6,-8],"to":[27,26,24],"rotation":{"angle":0,"axis":"y","origin":[3,2,8]},"faces":{"north":{"uv":[8,4,12,8],"texture":"#0"},"east":{"uv":[4,4,8,8],"texture":"#0"},"south":{"uv":[0,4,4,8],"texture":"#0"},"west":{"uv":[12,4,16,8],"texture":"#0"},"up":{"uv":[4,0,8,4],"texture":"#0"},"down":{"uv":[8,0,12,4],"rotation":90,"texture":"#0"}}},{"from":[15,21.5,24],"to":[23,22,32],"rotation":{"angle":0,"axis":"y","origin":[29,29,39]},"faces":{"north":{"uv":[13,1.5,14,2.5],"texture":"#0"},"east":{"uv":[13,1.5,14,2.5],"texture":"#0"},"south":{"uv":[13,1.5,14,2.5],"texture":"#0"},"west":{"uv":[13,1.5,14,2.5],"texture":"#0"},"up":{"uv":[13,1.5,14,2.5],"texture":"#0"},"down":{"uv":[13,1.5,14,2.5],"texture":"#0"}}},{"from":[15,21.5,-16],"to":[23,22,-8],"rotation":{"angle":0,"axis":"y","origin":[29,29,-1]},"faces":{"north":{"uv":[13,0,14,1],"texture":"#0"},"east":{"uv":[13,0,14,1],"texture":"#0"},"south":{"uv":[13,0,14,1],"texture":"#0"},"west":{"uv":[13,0,14,1],"texture":"#0"},"up":{"uv":[13,0,14,1],"texture":"#0"},"down":{"uv":[13,0,14,1],"texture":"#0"}}},{"from":[27,14,24],"to":[27,18,28],"rotation":{"angle":0,"axis":"y","origin":[37,22,35]},"faces":{"north":{"uv":[2.5,9.5,3,10],"rotation":180,"texture":"#0"},"east":{"uv":[2.5,9.5,3,10],"rotation":180,"texture":"#0"},"south":{"uv":[2.5,9.5,3,10],"rotation":180,"texture":"#0"},"west":{"uv":[2.5,9.5,3,10],"rotation":180,"texture":"#0"},"up":{"uv":[2.5,9.5,3,10],"rotation":180,"texture":"#0"},"down":{"uv":[2.5,9.5,3,10],"rotation":180,"texture":"#0"}}},{"from":[27,22,24],"to":[27,26,28],"rotation":{"angle":0,"axis":"y","origin":[37,30,35]},"faces":{"north":{"uv":[2.5,9.5,3,10],"rotation":180,"texture":"#0"},"east":{"uv":[2.5,9.5,3,10],"rotation":180,"texture":"#0"},"south":{"uv":[2.5,9.5,3,10],"rotation":180,"texture":"#0"},"west":{"uv":[2.5,9.5,3,10],"rotation":180,"texture":"#0"},"up":{"uv":[2.5,9.5,3,10],"rotation":180,"texture":"#0"},"down":{"uv":[2.5,9.5,3,10],"rotation":180,"texture":"#0"}}},{"from":[27,26,20],"to":[27,30,24],"rotation":{"angle":0,"axis":"y","origin":[37,34,31]},"faces":{"north":{"uv":[2.5,9.5,3,10],"rotation":180,"texture":"#0"},"east":{"uv":[2.5,9.5,3,10],"rotation":180,"texture":"#0"},"south":{"uv":[2.5,9.5,3,10],"rotation":180,"texture":"#0"},"west":{"uv":[2.5,9.5,3,10],"rotation":180,"texture":"#0"},"up":{"uv":[2.5,9.5,3,10],"rotation":180,"texture":"#0"},"down":{"uv":[2.5,9.5,3,10],"rotation":180,"texture":"#0"}}},{"from":[7,26,20],"to":[7,30,24],"rotation":{"angle":0,"axis":"y","origin":[17,34,31]},"faces":{"north":{"uv":[2.5,9.5,3,10],"rotation":180,"texture":"#0"},"east":{"uv":[2.5,9.5,3,10],"rotation":180,"texture":"#0"},"south":{"uv":[2.5,9.5,3,10],"rotation":180,"texture":"#0"},"west":{"uv":[2.5,9.5,3,10],"rotation":180,"texture":"#0"},"up":{"uv":[2.5,9.5,3,10],"rotation":180,"texture":"#0"},"down":{"uv":[2.5,9.5,3,10],"rotation":180,"texture":"#0"}}},{"from":[27,26,8],"to":[27,30,16],"rotation":{"angle":0,"axis":"y","origin":[37,34,23]},"faces":{"north":{"uv":[4.5,8.5,5,9.5],"rotation":90,"texture":"#0"},"east":{"uv":[4.5,8.5,5,9.5],"rotation":270,"texture":"#0"},"south":{"uv":[4.5,8.5,5,9.5],"rotation":90,"texture":"#0"},"west":{"uv":[4.5,8.5,5,9.5],"rotation":90,"texture":"#0"},"up":{"uv":[4.5,8.5,5,9.5],"rotation":90,"texture":"#0"},"down":{"uv":[4.5,8.5,5,9.5],"rotation":90,"texture":"#0"}}},{"from":[7,26,8],"to":[7,30,16],"rotation":{"angle":0,"axis":"y","origin":[17,34,23]},"faces":{"north":{"uv":[4.5,8.5,5,9.5],"rotation":90,"texture":"#0"},"east":{"uv":[4.5,8.5,5,9.5],"rotation":270,"texture":"#0"},"south":{"uv":[4.5,8.5,5,9.5],"rotation":90,"texture":"#0"},"west":{"uv":[4.5,8.5,5,9.5],"rotation":90,"texture":"#0"},"up":{"uv":[4.5,8.5,5,9.5],"rotation":90,"texture":"#0"},"down":{"uv":[4.5,8.5,5,9.5],"rotation":90,"texture":"#0"}}},{"from":[7,26,-4],"to":[7,30,4],"rotation":{"angle":0,"axis":"y","origin":[17,34,11]},"faces":{"north":{"uv":[4.5,8.5,5,9.5],"rotation":90,"texture":"#0"},"east":{"uv":[4.5,8.5,5,9.5],"rotation":270,"texture":"#0"},"south":{"uv":[4.5,8.5,5,9.5],"rotation":90,"texture":"#0"},"west":{"uv":[4.5,8.5,5,9.5],"rotation":90,"texture":"#0"},"up":{"uv":[4.5,8.5,5,9.5],"rotation":90,"texture":"#0"},"down":{"uv":[4.5,8.5,5,9.5],"rotation":90,"texture":"#0"}}},{"from":[27,26,-4],"to":[27,30,4],"rotation":{"angle":0,"axis":"y","origin":[37,34,11]},"faces":{"north":{"uv":[4.5,8.5,5,9.5],"rotation":90,"texture":"#0"},"east":{"uv":[4.5,8.5,5,9.5],"rotation":270,"texture":"#0"},"south":{"uv":[4.5,8.5,5,9.5],"rotation":90,"texture":"#0"},"west":{"uv":[4.5,8.5,5,9.5],"rotation":90,"texture":"#0"},"up":{"uv":[4.5,8.5,5,9.5],"rotation":90,"texture":"#0"},"down":{"uv":[4.5,8.5,5,9.5],"rotation":90,"texture":"#0"}}},{"from":[15,26,4],"to":[15,30,8],"rotation":{"angle":0,"axis":"y","origin":[25,34,19]},"faces":{"north":{"uv":[4.5,9,5,9.5],"rotation":270,"texture":"#0"},"east":{"uv":[4.5,9,5,9.5],"rotation":270,"texture":"#0"},"south":{"uv":[4.5,9,5,9.5],"rotation":270,"texture":"#0"},"west":{"uv":[4.5,9,5,9.5],"rotation":270,"texture":"#0"},"up":{"uv":[4.5,9,5,9.5],"rotation":270,"texture":"#0"},"down":{"uv":[4.5,9,5,9.5],"rotation":270,"texture":"#0"}}},{"from":[15,26,12],"to":[15,30,16],"rotation":{"angle":0,"axis":"y","origin":[25,34,27]},"faces":{"north":{"uv":[4.5,9,5,9.5],"rotation":270,"texture":"#0"},"east":{"uv":[4.5,9,5,9.5],"rotation":270,"texture":"#0"},"south":{"uv":[4.5,9,5,9.5],"rotation":270,"texture":"#0"},"west":{"uv":[4.5,9,5,9.5],"rotation":270,"texture":"#0"},"up":{"uv":[4.5,9,5,9.5],"rotation":270,"texture":"#0"},"down":{"uv":[4.5,9,5,9.5],"rotation":270,"texture":"#0"}}},{"from":[15,26,20],"to":[15,30,24],"rotation":{"angle":0,"axis":"y","origin":[25,34,35]},"faces":{"north":{"uv":[4.5,9,5,9.5],"rotation":270,"texture":"#0"},"east":{"uv":[4.5,9,5,9.5],"rotation":270,"texture":"#0"},"south":{"uv":[4.5,9,5,9.5],"rotation":270,"texture":"#0"},"west":{"uv":[4.5,9,5,9.5],"rotation":270,"texture":"#0"},"up":{"uv":[4.5,9,5,9.5],"rotation":270,"texture":"#0"},"down":{"uv":[4.5,9,5,9.5],"rotation":270,"texture":"#0"}}},{"from":[15,26,-4],"to":[15,30,0],"rotation":{"angle":0,"axis":"y","origin":[25,34,11]},"faces":{"north":{"uv":[4.5,9,5,9.5],"rotation":270,"texture":"#0"},"east":{"uv":[4.5,9,5,9.5],"rotation":270,"texture":"#0"},"south":{"uv":[4.5,9,5,9.5],"rotation":270,"texture":"#0"},"west":{"uv":[4.5,9,5,9.5],"rotation":270,"texture":"#0"},"up":{"uv":[4.5,9,5,9.5],"rotation":270,"texture":"#0"},"down":{"uv":[4.5,9,5,9.5],"rotation":270,"texture":"#0"}}},{"from":[27,6,24],"to":[27,10,28],"rotation":{"angle":0,"axis":"y","origin":[37,14,35]},"faces":{"north":{"uv":[2.5,10.5,3,11],"rotation":180,"texture":"#0"},"east":{"uv":[2.5,10.5,3,11],"rotation":180,"texture":"#0"},"south":{"uv":[2.5,10.5,3,11],"rotation":180,"texture":"#0"},"west":{"uv":[2.5,10.5,3,11],"rotation":180,"texture":"#0"},"up":{"uv":[2.5,10.5,3,11],"rotation":180,"texture":"#0"},"down":{"uv":[2.5,10.5,3,11],"rotation":180,"texture":"#0"}}},{"from":[27,-2,24],"to":[27,2,28],"rotation":{"angle":0,"axis":"y","origin":[37,6,35]},"faces":{"north":{"uv":[2.5,11.5,3,12],"rotation":180,"texture":"#0"},"east":{"uv":[2.5,11.5,3,12],"rotation":180,"texture":"#0"},"south":{"uv":[2.5,11.5,3,12],"rotation":180,"texture":"#0"},"west":{"uv":[2.5,11.5,3,12],"rotation":180,"texture":"#0"},"up":{"uv":[2.5,11.5,3,12],"rotation":180,"texture":"#0"},"down":{"uv":[2.5,11.5,3,12],"rotation":180,"texture":"#0"}}},{"from":[-5,14,-12],"to":[-5,18,-8],"rotation":{"angle":0,"axis":"y","origin":[5,22,-1]},"faces":{"north":{"uv":[9.5,8.5,10,9],"rotation":90,"texture":"#0"},"east":{"uv":[9.5,8.5,10,9],"rotation":90,"texture":"#0"},"south":{"uv":[9.5,8.5,10,9],"rotation":90,"texture":"#0"},"west":{"uv":[9.5,8.5,10,9],"rotation":90,"texture":"#0"},"up":{"uv":[9.5,8.5,10,9],"rotation":90,"texture":"#0"},"down":{"uv":[9.5,8.5,10,9],"rotation":90,"texture":"#0"}}},{"from":[-5,14,24],"to":[-5,18,28],"rotation":{"angle":0,"axis":"y","origin":[5,22,35]},"faces":{"north":{"uv":[9.5,8.5,10,9],"rotation":90,"texture":"#0"},"east":{"uv":[9.5,8.5,10,9],"rotation":90,"texture":"#0"},"south":{"uv":[9.5,8.5,10,9],"rotation":90,"texture":"#0"},"west":{"uv":[9.5,8.5,10,9],"rotation":90,"texture":"#0"},"up":{"uv":[9.5,8.5,10,9],"rotation":90,"texture":"#0"},"down":{"uv":[9.5,8.5,10,9],"rotation":90,"texture":"#0"}}},{"from":[-5,22,-12],"to":[-5,26,-8],"rotation":{"angle":0,"axis":"y","origin":[5,30,-1]},"faces":{"north":{"uv":[10.5,8.5,11,9],"rotation":90,"texture":"#0"},"east":{"uv":[10.5,8.5,11,9],"rotation":90,"texture":"#0"},"south":{"uv":[10.5,8.5,11,9],"rotation":90,"texture":"#0"},"west":{"uv":[10.5,8.5,11,9],"rotation":90,"texture":"#0"},"up":{"uv":[10.5,8.5,11,9],"rotation":90,"texture":"#0"},"down":{"uv":[10.5,8.5,11,9],"rotation":90,"texture":"#0"}}},{"from":[-5,22,24],"to":[-5,26,28],"rotation":{"angle":0,"axis":"y","origin":[5,30,35]},"faces":{"north":{"uv":[10.5,8.5,11,9],"rotation":90,"texture":"#0"},"east":{"uv":[10.5,8.5,11,9],"rotation":90,"texture":"#0"},"south":{"uv":[10.5,8.5,11,9],"rotation":90,"texture":"#0"},"west":{"uv":[10.5,8.5,11,9],"rotation":90,"texture":"#0"},"up":{"uv":[10.5,8.5,11,9],"rotation":90,"texture":"#0"},"down":{"uv":[10.5,8.5,11,9],"rotation":90,"texture":"#0"}}},{"from":[-5,2,-12],"to":[-5,10,-8],"rotation":{"angle":0,"axis":"y","origin":[5,14,-1]},"faces":{"north":{"uv":[8,8.5,9,9],"rotation":90,"texture":"#0"},"east":{"uv":[8,8.5,9,9],"rotation":90,"texture":"#0"},"south":{"uv":[8,8.5,9,9],"rotation":90,"texture":"#0"},"west":{"uv":[8,8.5,9,9],"rotation":90,"texture":"#0"},"up":{"uv":[8,8.5,9,9],"rotation":90,"texture":"#0"},"down":{"uv":[8,8.5,9,9],"rotation":90,"texture":"#0"}}},{"from":[-5,2,24],"to":[-5,10,28],"rotation":{"angle":0,"axis":"y","origin":[5,14,35]},"faces":{"north":{"uv":[8,8.5,9,9],"rotation":90,"texture":"#0"},"east":{"uv":[8,8.5,9,9],"rotation":90,"texture":"#0"},"south":{"uv":[8,8.5,9,9],"rotation":90,"texture":"#0"},"west":{"uv":[8,8.5,9,9],"rotation":90,"texture":"#0"},"up":{"uv":[8,8.5,9,9],"rotation":90,"texture":"#0"},"down":{"uv":[8,8.5,9,9],"rotation":90,"texture":"#0"}}},{"from":[-9,2,-8],"to":[-5,10,-8],"rotation":{"angle":0,"axis":"y","origin":[5,14,-1]},"faces":{"north":{"uv":[8,8.5,9,9],"rotation":90,"texture":"#0"},"east":{"uv":[8,8.5,9,9],"rotation":90,"texture":"#0"},"south":{"uv":[8,8.5,9,9],"rotation":90,"texture":"#0"},"west":{"uv":[8,8.5,9,9],"rotation":90,"texture":"#0"},"up":{"uv":[8,8.5,9,9],"rotation":90,"texture":"#0"},"down":{"uv":[8,8.5,9,9],"rotation":90,"texture":"#0"}}},{"from":[-9,14,-8],"to":[-5,18,-8],"rotation":{"angle":0,"axis":"y","origin":[5,22,-1]},"faces":{"north":{"uv":[9.5,8.5,10,9],"rotation":90,"texture":"#0"},"east":{"uv":[9.5,8.5,10,9],"rotation":90,"texture":"#0"},"south":{"uv":[9.5,8.5,10,9],"rotation":90,"texture":"#0"},"west":{"uv":[9.5,8.5,10,9],"rotation":90,"texture":"#0"},"up":{"uv":[9.5,8.5,10,9],"rotation":90,"texture":"#0"},"down":{"uv":[9.5,8.5,10,9],"rotation":90,"texture":"#0"}}},{"from":[-9,22,-8],"to":[-5,26,-8],"rotation":{"angle":0,"axis":"y","origin":[5,30,-1]},"faces":{"north":{"uv":[10.5,8.5,11,9],"rotation":90,"texture":"#0"},"east":{"uv":[10.5,8.5,11,9],"rotation":90,"texture":"#0"},"south":{"uv":[10.5,8.5,11,9],"rotation":90,"texture":"#0"},"west":{"uv":[10.5,8.5,11,9],"rotation":90,"texture":"#0"},"up":{"uv":[10.5,8.5,11,9],"rotation":90,"texture":"#0"},"down":{"uv":[10.5,8.5,11,9],"rotation":90,"texture":"#0"}}},{"from":[-9,22,0],"to":[-5,26,0],"rotation":{"angle":0,"axis":"y","origin":[5,30,7]},"faces":{"north":{"uv":[12,9,12.5,9.5],"rotation":90,"texture":"#0"},"east":{"uv":[12,9,12.5,9.5],"rotation":90,"texture":"#0"},"south":{"uv":[12,9,12.5,9.5],"rotation":90,"texture":"#0"},"west":{"uv":[12,9,12.5,9.5],"rotation":90,"texture":"#0"},"up":{"uv":[12,9,12.5,9.5],"rotation":90,"texture":"#0"},"down":{"uv":[12,9,12.5,9.5],"rotation":90,"texture":"#0"}}},{"from":[-9,22,8],"to":[-5,26,8],"rotation":{"angle":0,"axis":"y","origin":[5,30,15]},"faces":{"north":{"uv":[12,9,12.5,9.5],"rotation":90,"texture":"#0"},"east":{"uv":[12,9,12.5,9.5],"rotation":90,"texture":"#0"},"south":{"uv":[12,9,12.5,9.5],"rotation":90,"texture":"#0"},"west":{"uv":[12,9,12.5,9.5],"rotation":90,"texture":"#0"},"up":{"uv":[12,9,12.5,9.5],"rotation":90,"texture":"#0"},"down":{"uv":[12,9,12.5,9.5],"rotation":90,"texture":"#0"}}},{"from":[-9,-2,0],"to":[-5,2,0],"rotation":{"angle":0,"axis":"y","origin":[5,6,7]},"faces":{"north":{"uv":[15,9,15.5,9.5],"rotation":90,"texture":"#0"},"east":{"uv":[15,9,15.5,9.5],"rotation":90,"texture":"#0"},"south":{"uv":[15,9,15.5,9.5],"rotation":90,"texture":"#0"},"west":{"uv":[15,9,15.5,9.5],"rotation":90,"texture":"#0"},"up":{"uv":[15,9,15.5,9.5],"rotation":90,"texture":"#0"},"down":{"uv":[15,9,15.5,9.5],"rotation":90,"texture":"#0"}}},{"from":[-9,-2,8],"to":[-5,2,8],"rotation":{"angle":0,"axis":"y","origin":[5,6,15]},"faces":{"north":{"uv":[15,9,15.5,9.5],"rotation":90,"texture":"#0"},"east":{"uv":[15,9,15.5,9.5],"rotation":90,"texture":"#0"},"south":{"uv":[15,9,15.5,9.5],"rotation":90,"texture":"#0"},"west":{"uv":[15,9,15.5,9.5],"rotation":90,"texture":"#0"},"up":{"uv":[15,9,15.5,9.5],"rotation":90,"texture":"#0"},"down":{"uv":[15,9,15.5,9.5],"rotation":90,"texture":"#0"}}},{"from":[-9,6,0],"to":[-5,18,0],"rotation":{"angle":0,"axis":"y","origin":[5,22,7]},"faces":{"north":{"uv":[13,9,14.5,9.5],"rotation":90,"texture":"#0"},"east":{"uv":[13,9,14.5,9.5],"rotation":90,"texture":"#0"},"south":{"uv":[13,9,14.5,9.5],"rotation":90,"texture":"#0"},"west":{"uv":[13,9,14.5,9.5],"rotation":90,"texture":"#0"},"up":{"uv":[13,9,14.5,9.5],"rotation":90,"texture":"#0"},"down":{"uv":[13,9,14.5,9.5],"rotation":90,"texture":"#0"}}},{"from":[-9,6,8],"to":[-5,18,8],"rotation":{"angle":0,"axis":"y","origin":[5,22,15]},"faces":{"north":{"uv":[13,9,14.5,9.5],"rotation":90,"texture":"#0"},"east":{"uv":[13,9,14.5,9.5],"rotation":90,"texture":"#0"},"south":{"uv":[13,9,14.5,9.5],"rotation":90,"texture":"#0"},"west":{"uv":[13,9,14.5,9.5],"rotation":90,"texture":"#0"},"up":{"uv":[13,9,14.5,9.5],"rotation":90,"texture":"#0"},"down":{"uv":[13,9,14.5,9.5],"rotation":90,"texture":"#0"}}},{"from":[27,-10,20],"to":[27,-6,24],"rotation":{"angle":0,"axis":"y","origin":[37,-2,31]},"faces":{"north":{"uv":[8,10,8.5,10.5],"rotation":90,"texture":"#0"},"east":{"uv":[8,10,8.5,10.5],"rotation":90,"texture":"#0"},"south":{"uv":[8,10,8.5,10.5],"rotation":90,"texture":"#0"},"west":{"uv":[8,10,8.5,10.5],"rotation":90,"texture":"#0"},"up":{"uv":[8,10,8.5,10.5],"rotation":90,"texture":"#0"},"down":{"uv":[8,10,8.5,10.5],"rotation":90,"texture":"#0"}}},{"from":[15,-10,16],"to":[15,-6,20],"rotation":{"angle":0,"axis":"y","origin":[25,-2,27]},"faces":{"north":{"uv":[8,10,8.5,10.5],"rotation":90,"texture":"#0"},"east":{"uv":[8,10,8.5,10.5],"rotation":90,"texture":"#0"},"south":{"uv":[8,10,8.5,10.5],"rotation":90,"texture":"#0"},"west":{"uv":[8,10,8.5,10.5],"rotation":90,"texture":"#0"},"up":{"uv":[8,10,8.5,10.5],"rotation":90,"texture":"#0"},"down":{"uv":[8,10,8.5,10.5],"rotation":90,"texture":"#0"}}},{"from":[27,-10,-4],"to":[27,-6,0],"rotation":{"angle":0,"axis":"y","origin":[37,-2,7]},"faces":{"north":{"uv":[11,10,11.5,10.5],"rotation":90,"texture":"#0"},"east":{"uv":[11,10,11.5,10.5],"rotation":90,"texture":"#0"},"south":{"uv":[11,10,11.5,10.5],"rotation":90,"texture":"#0"},"west":{"uv":[11,10,11.5,10.5],"rotation":90,"texture":"#0"},"up":{"uv":[11,10,11.5,10.5],"rotation":90,"texture":"#0"},"down":{"uv":[11,10,11.5,10.5],"rotation":90,"texture":"#0"}}},{"from":[15,-10,-8],"to":[15,-6,-4],"rotation":{"angle":0,"axis":"y","origin":[25,-2,3]},"faces":{"north":{"uv":[11,10,11.5,10.5],"rotation":90,"texture":"#0"},"east":{"uv":[11,10,11.5,10.5],"rotation":90,"texture":"#0"},"south":{"uv":[11,10,11.5,10.5],"rotation":90,"texture":"#0"},"west":{"uv":[11,10,11.5,10.5],"rotation":90,"texture":"#0"},"up":{"uv":[11,10,11.5,10.5],"rotation":90,"texture":"#0"},"down":{"uv":[11,10,11.5,10.5],"rotation":90,"texture":"#0"}}},{"from":[27,-10,4],"to":[27,-6,16],"rotation":{"angle":0,"axis":"y","origin":[37,-2,23]},"faces":{"north":{"uv":[9,10,10.5,10.5],"rotation":180,"texture":"#0"},"east":{"uv":[9,10,10.5,10.5],"rotation":180,"texture":"#0"},"south":{"uv":[9,10,10.5,10.5],"rotation":180,"texture":"#0"},"west":{"uv":[9,10,10.5,10.5],"rotation":180,"texture":"#0"},"up":{"uv":[9,10,10.5,10.5],"rotation":180,"texture":"#0"},"down":{"uv":[9,10,10.5,10.5],"rotation":180,"texture":"#0"}}},{"from":[15,-10,0],"to":[15,-6,12],"rotation":{"angle":0,"axis":"y","origin":[25,-2,19]},"faces":{"north":{"uv":[9,10,10.5,10.5],"rotation":180,"texture":"#0"},"east":{"uv":[9,10,10.5,10.5],"rotation":180,"texture":"#0"},"south":{"uv":[9,10,10.5,10.5],"rotation":180,"texture":"#0"},"west":{"uv":[9,10,10.5,10.5],"rotation":180,"texture":"#0"},"up":{"uv":[9,10,10.5,10.5],"rotation":180,"texture":"#0"},"down":{"uv":[9,10,10.5,10.5],"rotation":180,"texture":"#0"}}}]}