{"display":{"thirdperson_righthand":{"rotation":[60.25,-96,0],"translation":[0,0,2.5],"scale":[0.3,0.3,0.3]},"thirdperson_lefthand":{"rotation":[60.25,-261.75,0],"translation":[0,0,2.5],"scale":[0.3,0.3,0.3]},"firstperson_righthand":{"rotation":[-60.03,39.33,35.49],"translation":[7,0,-2],"scale":[0.5,0.5,0.5]},"firstperson_lefthand":{"rotation":[139.4,-40.43,150.88],"translation":[3.25,0,-2],"scale":[0.5,0.5,0.5]},"ground":{"rotation":[0,0,31.5],"translation":[0,0.5,0],"scale":[0.4,0.4,0.4]},"gui":{"rotation":[0,37,13.5],"translation":[1,0.25,0],"scale":[0.5,0.5,0.5]},"head":{"rotation":[0,-88.5,-1.5],"translation":[-4,10,4.5],"scale":[1.75,1.75,1.75]},"fixed":{"rotation":[0,-95.5,0],"translation":[-1,0,1.25],"scale":[0.5,0.5,0.5]}},"texture_size":[128,128],"textures":{"1":"item/gunpowder/3"},"elements":[{"from":[0,-12,0],"to":[11,6,11],"rotation":{"angle":0,"axis":"y","origin":[8,-4,8]},"faces":{"north":{"uv":[3.625,1.25,4.875,3.5],"texture":"#1"},"east":{"uv":[6.5,1.375,7.875,3.5],"texture":"#1"},"south":{"uv":[7.875,1.25,9.125,3.5],"texture":"#1"},"west":{"uv":[4.875,1.25,6.25,3.5],"texture":"#1"},"up":{"uv":[4.875,0,6.25,1.25],"texture":"#1"},"down":{"uv":[6.5,0,7.75,1.25],"rotation":90,"texture":"#1"}}},{"from":[-2.7,7,1.5],"to":[4.3,25,9.5],"rotation":{"angle":22.5,"axis":"z","origin":[8,16,12]},"faces":{"north":{"uv":[0,2.5,0.75,4.75],"texture":"#1"},"east":{"uv":[2.625,2.5,3.5,4.75],"texture":"#1"},"south":{"uv":[1.75,2.5,2.5,4.75],"texture":"#1"},"west":{"uv":[0.75,2.5,1.75,4.75],"texture":"#1"},"up":{"uv":[0.75,1.75,1.75,2.5],"rotation":90,"texture":"#1"},"down":{"uv":[1.75,1.75,2.75,2.5],"texture":"#1"}}},{"from":[-6,27,1.5],"to":[-4,30,4.5],"rotation":{"angle":22.5,"axis":"z","origin":[10,32,10]},"faces":{"north":{"uv":[2.125,0.25,2.375,0.625],"texture":"#1"},"east":{"uv":[3,0.25,3.375,0.625],"rotation":270,"texture":"#1"},"south":{"uv":[2.125,0.25,2.375,0.625],"texture":"#1"},"west":{"uv":[2.375,0.25,2.75,0.625],"texture":"#1"},"up":{"uv":[2.75,0,3.125,0.25],"rotation":90,"texture":"#1"},"down":{"uv":[2.86538,0.25,3.37821,0.66026],"texture":"#1"}}},{"from":[-6,27,6.5],"to":[-4,30,9.5],"rotation":{"angle":22.5,"axis":"z","origin":[10,32,15]},"faces":{"north":{"uv":[2.125,0.25,2.375,0.625],"texture":"#1"},"east":{"uv":[2.875,0.25,3.25,0.625],"rotation":90,"texture":"#1"},"south":{"uv":[2.125,0.25,2.375,0.625],"texture":"#1"},"west":{"uv":[2.375,0.25,2.75,0.625],"texture":"#1"},"up":{"uv":[2.75,0,3.125,0.25],"rotation":90,"texture":"#1"},"down":{"uv":[2.74038,0.25,3.25321,0.66026],"texture":"#1"}}},{"from":[-11.325,20.5,3.5],"to":[-7.325,23.5,7.5],"rotation":{"angle":22.5,"axis":"z","origin":[7,28,12]},"faces":{"north":{"uv":[0.625,1.125,1.125,1.5],"texture":"#1"},"east":{"uv":[1.84615,1.84615,2.66667,2.46154],"texture":"#1"},"south":{"uv":[1.625,1.125,2.125,1.5],"texture":"#1"},"west":{"uv":[1.125,1.125,1.625,1.5],"texture":"#1"},"up":{"uv":[1.125,0.375,1.625,1.125],"rotation":90,"texture":"#1"},"down":{"uv":[2.75,1,3.25,1.625],"rotation":90,"texture":"#1"}}},{"from":[-12.025,18.05,3.5],"to":[-8.025,19.05,7.5],"rotation":{"angle":22.5,"axis":"z","origin":[3,29,12]},"faces":{"north":{"uv":[0.625,1.5,1.125,1.625],"texture":"#1"},"east":{"uv":[1.84615,2.46154,2.66667,2.66667],"texture":"#1"},"south":{"uv":[1.625,1.5,2.125,1.625],"texture":"#1"},"west":{"uv":[1.125,1.5,1.625,1.625],"texture":"#1"},"up":{"uv":[2.75,1,3.25,1.625],"rotation":90,"texture":"#1"},"down":{"uv":[1.625,0.625,2.125,1.125],"rotation":90,"texture":"#1"}}},{"from":[-5.7,8,1.5],"to":[1.3,26,9.5],"rotation":{"angle":22.5,"axis":"z","origin":[8,16,12]},"faces":{"north":{"uv":[12.5,2.5,13.25,4.75],"texture":"#1"},"east":{"uv":[15.02226,2.5,15.89726,4.75],"texture":"#1"},"south":{"uv":[14.27226,2.5,15.02226,4.75],"texture":"#1"},"west":{"uv":[13.25,2.5,14.25,4.75],"texture":"#1"},"up":{"uv":[13.27226,1.75,14.27226,2.5],"rotation":90,"texture":"#1"},"down":{"uv":[14.25,1.75,15.25,2.5],"texture":"#1"}}},{"from":[-9,28,1.5],"to":[-7,31,4.5],"rotation":{"angle":22.5,"axis":"z","origin":[10,32,10]},"faces":{"north":{"uv":[14.625,0.25,14.875,0.625],"texture":"#1"},"east":{"uv":[15.25,0.25,15.625,0.625],"rotation":270,"texture":"#1"},"south":{"uv":[15.625,0.25,15.875,0.625],"texture":"#1"},"west":{"uv":[14.875,0.25,15.25,0.625],"texture":"#1"},"up":{"uv":[15.25,0,15.625,0.25],"rotation":90,"texture":"#1"},"down":{"uv":[15.24038,0,15.75321,0.41026],"texture":"#1"}}},{"from":[-9,28,6.5],"to":[-7,31,9.5],"rotation":{"angle":22.5,"axis":"z","origin":[10,32,15]},"faces":{"north":{"uv":[14.625,0.25,14.875,0.625],"texture":"#1"},"east":{"uv":[15.25,0.25,15.625,0.625],"rotation":90,"texture":"#1"},"south":{"uv":[15.625,0.25,15.875,0.625],"texture":"#1"},"west":{"uv":[14.875,0.25,15.25,0.625],"texture":"#1"},"up":{"uv":[15.25,0,15.625,0.25],"rotation":90,"texture":"#1"},"down":{"uv":[15.24038,0,15.75321,0.41026],"texture":"#1"}}},{"from":[-14.375,21.5,3.5],"to":[-10.375,24.5,7.5],"rotation":{"angle":22.5,"axis":"z","origin":[7,28,12]},"faces":{"north":{"uv":[13.125,1.125,13.625,1.5],"texture":"#1"},"east":{"uv":[13.47115,0.97115,14.29167,1.58654],"texture":"#1"},"south":{"uv":[14.125,1.125,14.625,1.5],"texture":"#1"},"west":{"uv":[13.625,1.125,14.125,1.5],"texture":"#1"},"up":{"uv":[13.625,0.375,14.125,1.125],"rotation":90,"texture":"#1"},"down":{"uv":[15.25,1,15.75,1.625],"rotation":90,"texture":"#1"}}},{"from":[-15.075,19.05,3.5],"to":[-11.075,20.05,7.5],"rotation":{"angle":22.5,"axis":"z","origin":[3,29,12]},"faces":{"north":{"uv":[13.125,1.5,13.625,1.625],"texture":"#1"},"east":{"uv":[5.09615,3.96154,5.91667,4.16667],"texture":"#1"},"south":{"uv":[14.125,1.5,14.625,1.625],"texture":"#1"},"west":{"uv":[13.625,1.5,14.125,1.625],"texture":"#1"},"up":{"uv":[15.25,1,15.75,1.625],"rotation":90,"texture":"#1"},"down":{"uv":[14.125,0.625,14.625,1.125],"rotation":90,"texture":"#1"}}},{"from":[-15.075,18.05,3.5],"to":[-11.075,19.05,7.5],"rotation":{"angle":22.5,"axis":"z","origin":[3,29,12]},"faces":{"north":{"uv":[14.375,6.75,14.875,6.875],"texture":"#1"},"east":{"uv":[5.09615,3.96154,5.91667,4.16667],"texture":"#1"},"south":{"uv":[15.375,6.75,15.875,6.875],"texture":"#1"},"west":{"uv":[14.875,6.75,15.375,6.875],"texture":"#1"},"up":{"uv":[15.5,4.875,16,5.5],"rotation":90,"texture":"#1"},"down":{"uv":[14.875,7.25,15.375,7.75],"rotation":90,"texture":"#1"}}},{"from":[-15.075,17.05,3.5],"to":[-11.075,18.05,7.5],"rotation":{"angle":22.5,"axis":"z","origin":[3,29,12]},"faces":{"north":{"uv":[12.75,6.75,13.25,6.875],"texture":"#1"},"east":{"uv":[5.09615,3.96154,5.91667,4.16667],"texture":"#1"},"south":{"uv":[13.75,6.75,14.25,6.875],"texture":"#1"},"west":{"uv":[13.25,6.75,13.75,6.875],"texture":"#1"},"up":{"uv":[14.875,4.875,15.375,5.5],"rotation":90,"texture":"#1"},"down":{"uv":[13.25,7.25,13.75,7.75],"rotation":90,"texture":"#1"}}},{"from":[-15.075,16.05,3.5],"to":[-11.075,17.05,7.5],"rotation":{"angle":22.5,"axis":"z","origin":[3,29,12]},"faces":{"north":{"uv":[11,6.75,11.5,6.875],"texture":"#1"},"east":{"uv":[5.09615,3.96154,5.91667,4.16667],"texture":"#1"},"south":{"uv":[12,6.75,12.5,6.875],"texture":"#1"},"west":{"uv":[11.5,6.75,12,6.875],"texture":"#1"},"up":{"uv":[14.25,4.875,14.75,5.5],"rotation":90,"texture":"#1"},"down":{"uv":[11.5,7.25,12,7.75],"rotation":90,"texture":"#1"}}},{"from":[-15.075,15.05,3.5],"to":[-11.075,16.05,7.5],"rotation":{"angle":22.5,"axis":"z","origin":[3,29,12]},"faces":{"north":{"uv":[9.375,6.75,9.875,6.875],"texture":"#1"},"east":{"uv":[5.09615,3.96154,5.91667,4.16667],"texture":"#1"},"south":{"uv":[10.375,6.75,10.875,6.875],"texture":"#1"},"west":{"uv":[9.875,6.75,10.375,6.875],"texture":"#1"},"up":{"uv":[13.625,4.875,14.125,5.5],"rotation":90,"texture":"#1"},"down":{"uv":[9.875,7.25,10.375,7.75],"rotation":90,"texture":"#1"}}},{"from":[-15.075,14.05,3.5],"to":[-11.075,15.05,7.5],"rotation":{"angle":22.5,"axis":"z","origin":[3,29,12]},"faces":{"north":{"uv":[7.75,6.75,8.25,6.875],"texture":"#1"},"east":{"uv":[5.09615,3.96154,5.91667,4.16667],"texture":"#1"},"south":{"uv":[8.75,6.75,9.25,6.875],"texture":"#1"},"west":{"uv":[8.25,6.75,8.75,6.875],"texture":"#1"},"up":{"uv":[13,4.875,13.5,5.5],"rotation":90,"texture":"#1"},"down":{"uv":[8.25,7.25,8.75,7.75],"rotation":90,"texture":"#1"}}},{"from":[-15.075,13.05,3.5],"to":[-11.075,14.05,7.5],"rotation":{"angle":22.5,"axis":"z","origin":[3,29,12]},"faces":{"north":{"uv":[6.125,6.75,6.625,6.875],"texture":"#1"},"east":{"uv":[5.09615,3.96154,5.91667,4.16667],"texture":"#1"},"south":{"uv":[7.125,6.75,7.625,6.875],"texture":"#1"},"west":{"uv":[6.625,6.75,7.125,6.875],"texture":"#1"},"up":{"uv":[12.375,4.875,12.875,5.5],"rotation":90,"texture":"#1"},"down":{"uv":[6.625,7.25,7.125,7.75],"rotation":90,"texture":"#1"}}},{"from":[-15.075,12.05,3.5],"to":[-11.075,13.05,7.5],"rotation":{"angle":22.5,"axis":"z","origin":[3,29,12]},"faces":{"north":{"uv":[4.5,6.875,5,7],"texture":"#1"},"east":{"uv":[5.09615,3.96154,5.91667,4.16667],"texture":"#1"},"south":{"uv":[5.5,6.875,6,7],"texture":"#1"},"west":{"uv":[5,6.875,5.5,7],"texture":"#1"},"up":{"uv":[11.75,4.875,12.25,5.5],"rotation":90,"texture":"#1"},"down":{"uv":[5,7.375,5.5,7.875],"rotation":90,"texture":"#1"}}},{"from":[-15.075,11.05,3.5],"to":[-11.075,12.05,7.5],"rotation":{"angle":22.5,"axis":"z","origin":[3,29,12]},"faces":{"north":{"uv":[2.875,6.75,3.375,6.875],"texture":"#1"},"east":{"uv":[5.09615,3.96154,5.91667,4.16667],"texture":"#1"},"south":{"uv":[3.875,6.75,4.375,6.875],"texture":"#1"},"west":{"uv":[3.375,6.75,3.875,6.875],"texture":"#1"},"up":{"uv":[11.125,4.875,11.625,5.5],"rotation":90,"texture":"#1"},"down":{"uv":[3.375,7.25,3.875,7.75],"rotation":90,"texture":"#1"}}},{"from":[-15.075,10.05,3.5],"to":[-11.075,11.05,7.5],"rotation":{"angle":22.5,"axis":"z","origin":[3,29,12]},"faces":{"north":{"uv":[1.25,6.75,1.75,6.875],"texture":"#1"},"east":{"uv":[5.09615,3.96154,5.91667,4.16667],"texture":"#1"},"south":{"uv":[2.25,6.75,2.75,6.875],"texture":"#1"},"west":{"uv":[1.75,6.75,2.25,6.875],"texture":"#1"},"up":{"uv":[10.5,4.875,11,5.5],"rotation":90,"texture":"#1"},"down":{"uv":[1.75,7.25,2.25,7.75],"rotation":90,"texture":"#1"}}},{"from":[-15.075,9.05,3.5],"to":[-11.075,10.05,7.5],"rotation":{"angle":22.5,"axis":"z","origin":[3,29,12]},"faces":{"north":{"uv":[4.375,15,4.875,15.125],"texture":"#1"},"east":{"uv":[5.09615,3.96154,5.91667,4.16667],"texture":"#1"},"south":{"uv":[5.375,15,5.875,15.125],"texture":"#1"},"west":{"uv":[4.875,15,5.375,15.125],"texture":"#1"},"up":{"uv":[10,4.875,10.5,5.5],"rotation":90,"texture":"#1"},"down":{"uv":[4.875,15.5,5.375,16],"rotation":90,"texture":"#1"}}},{"from":[-0.3,15,3.55],"to":[-0.2,17,7.45],"rotation":{"angle":22.5,"axis":"z","origin":[0,0,0]},"faces":{"north":{"uv":[15.625,6,15.8625,6.25],"rotation":90,"texture":"#1"},"east":{"uv":[15.625,6,15.8625,6.25],"rotation":90,"texture":"#1"},"south":{"uv":[15.625,6,15.8625,6.25],"rotation":90,"texture":"#1"},"west":{"uv":[15.625,6,15.8625,6.25],"rotation":90,"texture":"#1"},"up":{"uv":[15.625,6,15.8625,6.25],"rotation":90,"texture":"#1"},"down":{"uv":[15.625,6,15.8625,6.25],"rotation":90,"texture":"#1"}}},{"from":[-0.3,14,3.55],"to":[-0.2,17,7.45],"rotation":{"angle":22.5,"axis":"z","origin":[0,0,0]},"faces":{"north":{"uv":[15,5.875,15.2375,6.125],"texture":"#1"},"east":{"uv":[15,5.875,15.2375,6.125],"texture":"#1"},"south":{"uv":[15,5.875,15.2375,6.125],"texture":"#1"},"west":{"uv":[15,5.875,15.2375,6.125],"texture":"#1"},"up":{"uv":[15,5.875,15.2375,6.125],"texture":"#1"},"down":{"uv":[15,5.875,15.2375,6.125],"texture":"#1"}}},{"from":[-0.3,13,3.55],"to":[-0.2,17,7.45],"rotation":{"angle":22.5,"axis":"z","origin":[0,0,0]},"faces":{"north":{"uv":[14.375,5.875,14.6125,6.125],"texture":"#1"},"east":{"uv":[14.375,5.875,14.6125,6.125],"texture":"#1"},"south":{"uv":[14.375,5.875,14.6125,6.125],"texture":"#1"},"west":{"uv":[14.375,5.875,14.6125,6.125],"texture":"#1"},"up":{"uv":[14.375,5.875,14.6125,6.125],"texture":"#1"},"down":{"uv":[14.375,5.875,14.6125,6.125],"texture":"#1"}}},{"from":[-0.3,12,3.55],"to":[-0.2,17,7.45],"rotation":{"angle":22.5,"axis":"z","origin":[0,0,0]},"faces":{"north":{"uv":[13.75,5.875,13.9875,6.125],"texture":"#1"},"east":{"uv":[13.75,5.875,13.9875,6.125],"texture":"#1"},"south":{"uv":[13.75,5.875,13.9875,6.125],"texture":"#1"},"west":{"uv":[13.75,5.875,13.9875,6.125],"texture":"#1"},"up":{"uv":[13.75,5.875,13.9875,6.125],"texture":"#1"},"down":{"uv":[13.75,5.875,13.9875,6.125],"texture":"#1"}}},{"from":[-0.3,11,3.55],"to":[-0.2,17,7.45],"rotation":{"angle":22.5,"axis":"z","origin":[0,0,0]},"faces":{"north":{"uv":[13.125,5.875,13.3625,6.125],"texture":"#1"},"east":{"uv":[13.125,5.875,13.3625,6.125],"texture":"#1"},"south":{"uv":[13.125,5.875,13.3625,6.125],"texture":"#1"},"west":{"uv":[13.125,5.875,13.3625,6.125],"texture":"#1"},"up":{"uv":[13.125,5.875,13.3625,6.125],"texture":"#1"},"down":{"uv":[13.125,5.875,13.3625,6.125],"texture":"#1"}}},{"from":[-0.3,10,3.55],"to":[-0.2,17,7.45],"rotation":{"angle":22.5,"axis":"z","origin":[0,0,0]},"faces":{"north":{"uv":[12.5,5.875,12.7375,6.125],"texture":"#1"},"east":{"uv":[12.5,5.875,12.7375,6.125],"texture":"#1"},"south":{"uv":[12.5,5.875,12.7375,6.125],"texture":"#1"},"west":{"uv":[12.5,5.875,12.7375,6.125],"texture":"#1"},"up":{"uv":[12.5,5.875,12.7375,6.125],"texture":"#1"},"down":{"uv":[12.5,5.875,12.7375,6.125],"texture":"#1"}}},{"from":[-0.3,9,3.55],"to":[-0.2,17,7.45],"rotation":{"angle":22.5,"axis":"z","origin":[0,0,0]},"faces":{"north":{"uv":[11.875,5.875,12.1125,6.125],"texture":"#1"},"east":{"uv":[11.875,5.875,12.1125,6.125],"texture":"#1"},"south":{"uv":[11.875,5.875,12.1125,6.125],"texture":"#1"},"west":{"uv":[11.875,5.875,12.1125,6.125],"texture":"#1"},"up":{"uv":[11.875,5.875,12.1125,6.125],"texture":"#1"},"down":{"uv":[11.875,5.875,12.1125,6.125],"texture":"#1"}}},{"from":[-0.3,8,3.55],"to":[-0.2,17,7.45],"rotation":{"angle":22.5,"axis":"z","origin":[0,0,0]},"faces":{"north":{"uv":[11.25,5.875,11.4875,6.125],"texture":"#1"},"east":{"uv":[11.25,5.875,11.4875,6.125],"texture":"#1"},"south":{"uv":[11.25,5.875,11.4875,6.125],"texture":"#1"},"west":{"uv":[11.25,5.875,11.4875,6.125],"texture":"#1"},"up":{"uv":[11.25,5.875,11.4875,6.125],"texture":"#1"},"down":{"uv":[11.25,5.875,11.4875,6.125],"texture":"#1"}}},{"from":[-0.3,7,3.55],"to":[-0.2,17,7.45],"rotation":{"angle":22.5,"axis":"z","origin":[0,0,0]},"faces":{"north":{"uv":[10.625,5.875,10.8625,6.125],"texture":"#1"},"east":{"uv":[10.625,5.875,10.8625,6.125],"texture":"#1"},"south":{"uv":[10.625,5.875,10.8625,6.125],"texture":"#1"},"west":{"uv":[10.625,5.875,10.8625,6.125],"texture":"#1"},"up":{"uv":[10.625,5.875,10.8625,6.125],"texture":"#1"},"down":{"uv":[10.625,5.875,10.8625,6.125],"texture":"#1"}}},{"from":[-0.3,6,3.55],"to":[-0.2,17,7.45],"rotation":{"angle":22.5,"axis":"z","origin":[0,0,0]},"faces":{"north":{"uv":[10.125,5.875,10.3625,6.125],"texture":"#1"},"east":{"uv":[10.125,5.875,10.3625,6.125],"texture":"#1"},"south":{"uv":[10.125,5.875,10.3625,6.125],"texture":"#1"},"west":{"uv":[10.125,5.875,10.3625,6.125],"texture":"#1"},"up":{"uv":[10.125,5.875,10.3625,6.125],"texture":"#1"},"down":{"uv":[10.125,5.875,10.3625,6.125],"texture":"#1"}}}]}