{"display":{"thirdperson_righthand":{"translation":[0,3,0],"scale":[0.4,0.4,0.4]},"thirdperson_lefthand":{"rotation":[0,155.75,0],"translation":[0,3,0],"scale":[0.4,0.4,0.4]},"firstperson_righthand":{"translation":[0,3,0],"scale":[0.4,0.4,0.4]},"firstperson_lefthand":{"rotation":[0,-183,0],"translation":[0,3,0],"scale":[0.4,0.4,0.4]},"ground":{"rotation":[0,0,35],"translation":[0,20,0]},"gui":{"rotation":[0,56.25,15.75],"scale":[0.3,0.3,0.3]},"head":{"rotation":[0,-90,0],"translation":[-3,0,3.5],"scale":[1.5,1.5,1.5]},"fixed":{"rotation":[0,-90,0],"scale":[0.3,0.3,0.3]}},"texture_size":[64,64],"textures":{"0":"item/gunpowder/4","particle":"item/gunpowder/4"},"elements":[{"from":[0,-13,-4],"to":[13,13,16],"rotation":{"angle":0,"axis":"y","origin":[8,-5,4]},"faces":{"north":{"uv":[0,9.5,3.25,16],"texture":"#0"},"east":{"uv":[11,9.5,16,16],"texture":"#0"},"south":{"uv":[8.25,9.5,11.5,16],"texture":"#0"},"west":{"uv":[3.25,9.5,8.25,16],"texture":"#0"},"up":{"uv":[3.25,6,8.25,9.25],"rotation":90,"texture":"#0"},"down":{"uv":[8.25,6.25,12.75,9.25],"rotation":90,"texture":"#0"}}},{"from":[-1,13,-0.5],"to":[8,23,12.5],"rotation":{"angle":0,"axis":"y","origin":[7,21,7]},"faces":{"north":{"uv":[7.75,3.75,5.5,6.25],"texture":"#0"},"east":{"uv":[7.75,3.75,11,6.25],"texture":"#0"},"south":{"uv":[2.25,3.75,0,6.25],"texture":"#0"},"west":{"uv":[2.25,3.75,5.5,6.25],"texture":"#0"},"up":{"uv":[2.25,1.5,5.5,4],"rotation":90,"texture":"#0"},"down":{"uv":[5.5,1.5,8.75,3.75],"rotation":90,"texture":"#0"}}},{"from":[3,22,-3],"to":[4,26,1],"rotation":{"angle":0,"axis":"y","origin":[11,30,5]},"faces":{"north":{"uv":[14.25,6.5,14.5,7.25],"texture":"#0"},"east":{"uv":[15,6.5,16,7.25],"texture":"#0"},"south":{"uv":[14.75,6.25,15,7.25],"texture":"#0"},"west":{"uv":[13.25,6.5,14,7.25],"texture":"#0"},"up":{"uv":[13.25,6.25,14,6.5],"texture":"#0"},"down":{"uv":[15,7,16,7.25],"texture":"#0"}}},{"from":[3,22,11],"to":[4,26,15],"rotation":{"angle":0,"axis":"y","origin":[11,30,19]},"faces":{"north":{"uv":[14.25,6.5,14.5,7.25],"texture":"#0"},"east":{"uv":[15,6.5,16,7.25],"texture":"#0"},"south":{"uv":[14.75,6.25,15,7.25],"texture":"#0"},"west":{"uv":[14,6.5,13.25,7.25],"texture":"#0"},"up":{"uv":[13.25,6.25,14,6.5],"texture":"#0"},"down":{"uv":[15,7,16,7.25],"texture":"#0"}}},{"from":[-3,14,2.5],"to":[-1,18,9.5],"rotation":{"angle":0,"axis":"y","origin":[6,25,11]},"faces":{"north":{"uv":[11.25,4.5,11.75,5.5],"texture":"#0"},"east":{"uv":[14,4.75,15.75,5],"texture":"#0"},"south":{"uv":[13.5,4.5,14,5.5],"texture":"#0"},"west":{"uv":[11.75,4.5,13.5,5.5],"texture":"#0"},"up":{"uv":[11.75,4,13.5,4.5],"texture":"#0"},"down":{"uv":[14,5,15.75,5.75],"rotation":270,"texture":"#0"}}},{"from":[-7.5,14.7,2.5],"to":[-5.5,15.7,9.5],"rotation":{"angle":22.5,"axis":"z","origin":[1,26,11]},"faces":{"north":{"uv":[11.25,5.5,11.75,5.75],"texture":"#0"},"east":{"uv":[11.75,5.5,13.5,5.75],"texture":"#0"},"south":{"uv":[13.5,5.5,14,5.75],"texture":"#0"},"west":{"uv":[11.75,5.5,13.5,5.75],"texture":"#0"},"up":{"uv":[14,5,15.75,5.75],"rotation":270,"texture":"#0"},"down":{"uv":[11.75,4,13.5,4.5],"texture":"#0"}}}]}