{"display":{"thirdperson_righthand":{"rotation":[45,0,0],"translation":[0,8,0],"scale":[0.6,0.6,0.6]},"thirdperson_lefthand":{"rotation":[45,0,0],"translation":[0,8,0],"scale":[0.6,0.6,0.6]},"firstperson_righthand":{"rotation":[45,0,0],"translation":[0,8,0],"scale":[0.6,0.6,0.6]},"firstperson_lefthand":{"rotation":[45,0,0],"translation":[0,8,0],"scale":[0.6,0.6,0.6]},"head":{"translation":[0,4,0]}},"gui_light":"front","textures":{"0":"item/gunpowder/5","particle":"item/gunpowder/5"},"elements":[{"from":[0,0,2],"to":[16,16,2],"rotation":{"angle":0,"axis":"y","origin":[8,8,10]},"faces":{"north":{"uv":[0,0,16,16],"texture":"#0"},"east":{"uv":[0,0,0,16],"texture":"#missing"},"south":{"uv":[16,0,0,16],"texture":"#0"},"west":{"uv":[0,0,0,16],"texture":"#missing"},"up":{"uv":[0,0,16,0],"texture":"#missing"},"down":{"uv":[0,0,16,0],"texture":"#missing"}}},{"from":[0,0,6],"to":[16,16,6],"rotation":{"angle":0,"axis":"y","origin":[8,8,14]},"faces":{"north":{"uv":[0,0,16,16],"texture":"#0"},"east":{"uv":[0,0,0,16],"texture":"#missing"},"south":{"uv":[16,0,0,16],"texture":"#0"},"west":{"uv":[0,0,0,16],"texture":"#missing"},"up":{"uv":[0,0,16,0],"texture":"#missing"},"down":{"uv":[0,0,16,0],"texture":"#missing"}}},{"from":[0,0,10],"to":[16,16,10],"rotation":{"angle":0,"axis":"y","origin":[8,8,18]},"faces":{"north":{"uv":[0,0,16,16],"texture":"#0"},"east":{"uv":[0,0,0,16],"texture":"#missing"},"south":{"uv":[16,0,0,16],"texture":"#0"},"west":{"uv":[0,0,0,16],"texture":"#missing"},"up":{"uv":[0,0,16,0],"texture":"#missing"},"down":{"uv":[0,0,16,0],"texture":"#missing"}}},{"from":[0,0,14],"to":[16,16,14],"rotation":{"angle":0,"axis":"y","origin":[8,8,22]},"faces":{"north":{"uv":[0,0,16,16],"texture":"#0"},"east":{"uv":[0,0,0,16],"texture":"#missing"},"south":{"uv":[16,0,0,16],"texture":"#0"},"west":{"uv":[0,0,0,16],"texture":"#missing"},"up":{"uv":[0,0,16,0],"texture":"#missing"},"down":{"uv":[0,0,16,0],"texture":"#missing"}}},{"from":[14,0,0],"to":[14,16,16],"rotation":{"angle":0,"axis":"y","origin":[6,8,8]},"faces":{"north":{"uv":[0,0,0,16],"texture":"#missing"},"east":{"uv":[0,0,16,16],"texture":"#0"},"south":{"uv":[0,0,0,16],"texture":"#missing"},"west":{"uv":[16,0,0,16],"texture":"#0"},"up":{"uv":[0,0,16,0],"rotation":90,"texture":"#missing"},"down":{"uv":[0,0,16,0],"rotation":270,"texture":"#missing"}}},{"from":[2,0,0],"to":[2,16,16],"rotation":{"angle":0,"axis":"y","origin":[-6,8,8]},"faces":{"north":{"uv":[0,0,0,16],"texture":"#missing"},"east":{"uv":[0,0,16,16],"texture":"#0"},"south":{"uv":[0,0,0,16],"texture":"#missing"},"west":{"uv":[16,0,0,16],"texture":"#0"},"up":{"uv":[0,0,16,0],"rotation":90,"texture":"#missing"},"down":{"uv":[0,0,16,0],"rotation":270,"texture":"#missing"}}},{"from":[6,0,0],"to":[6,16,16],"rotation":{"angle":0,"axis":"y","origin":[-2,8,8]},"faces":{"north":{"uv":[0,0,0,16],"texture":"#missing"},"east":{"uv":[0,0,16,16],"texture":"#0"},"south":{"uv":[0,0,0,16],"texture":"#missing"},"west":{"uv":[16,0,0,16],"texture":"#0"},"up":{"uv":[0,0,16,0],"rotation":90,"texture":"#missing"},"down":{"uv":[0,0,16,0],"rotation":270,"texture":"#missing"}}},{"from":[10,0,0],"to":[10,16,16],"rotation":{"angle":0,"axis":"y","origin":[2,8,8]},"faces":{"north":{"uv":[0,0,0,16],"texture":"#missing"},"east":{"uv":[0,0,16,16],"texture":"#0"},"south":{"uv":[0,0,0,16],"texture":"#missing"},"west":{"uv":[16,0,0,16],"texture":"#0"},"up":{"uv":[0,0,16,0],"rotation":90,"texture":"#missing"},"down":{"uv":[0,0,16,0],"rotation":270,"texture":"#missing"}}}]}