{"display":{"ground":{"scale":[0.6,0.6,0.6]},"gui":{"rotation":[0,90,0]},"head":{"rotation":[45,-180,-180],"translation":[0,1.5,-5],"scale":[2,2,2]},"fixed":{"rotation":[0,-90,0]}},"gui_light":"front","textures":{"0":"item/gunpowder/6","particle":"item/gunpowder/6"},"elements":[{"from":[7.5,0,7],"to":[8.5,1,8],"faces":{"north":{"uv":[7,13,8,14],"texture":"#0"},"east":{"uv":[7,13,8,14],"texture":"#0"},"south":{"uv":[7,13,8,14],"texture":"#0"},"west":{"uv":[7,13,8,14],"texture":"#0"},"up":{"uv":[7,13,8,14],"texture":"#0"},"down":{"uv":[7,13,8,14],"texture":"#0"}}},{"from":[7.5,1,7],"to":[8.5,2,8],"faces":{"north":{"uv":[7,12,8,13],"texture":"#0"},"east":{"uv":[7,12,8,13],"texture":"#0"},"south":{"uv":[7,12,8,13],"texture":"#0"},"west":{"uv":[7,12,8,13],"texture":"#0"},"up":{"uv":[7,12,8,13],"texture":"#0"},"down":{"uv":[7,12,8,13],"texture":"#0"}}},{"from":[7.5,2,7],"to":[8.5,3,8],"faces":{"north":{"uv":[7,11,8,12],"texture":"#0"},"east":{"uv":[7,11,8,12],"texture":"#0"},"south":{"uv":[7,11,8,12],"texture":"#0"},"west":{"uv":[7,11,8,12],"texture":"#0"},"up":{"uv":[7,11,8,12],"texture":"#0"},"down":{"uv":[7,11,8,12],"texture":"#0"}}},{"from":[7.5,3,7],"to":[8.5,4,8],"faces":{"north":{"uv":[7,10,8,11],"texture":"#0"},"east":{"uv":[7,10,8,11],"texture":"#0"},"south":{"uv":[7,10,8,11],"texture":"#0"},"west":{"uv":[7,10,8,11],"texture":"#0"},"up":{"uv":[7,10,8,11],"texture":"#0"},"down":{"uv":[7,10,8,11],"texture":"#0"}}},{"from":[7.5,4,7],"to":[8.5,5,8],"faces":{"north":{"uv":[7,9,8,10],"texture":"#0"},"east":{"uv":[7,9,8,10],"texture":"#0"},"south":{"uv":[7,9,8,10],"texture":"#0"},"west":{"uv":[7,9,8,10],"texture":"#0"},"up":{"uv":[7,9,8,10],"texture":"#0"},"down":{"uv":[7,9,8,10],"texture":"#0"}}},{"from":[7.5,5,7],"to":[8.5,6,8],"faces":{"north":{"uv":[7,8,8,9],"texture":"#0"},"east":{"uv":[7,8,8,9],"texture":"#0"},"south":{"uv":[7,8,8,9],"texture":"#0"},"west":{"uv":[7,8,8,9],"texture":"#0"},"up":{"uv":[7,8,8,9],"texture":"#0"},"down":{"uv":[7,8,8,9],"texture":"#0"}}},{"from":[7.5,6,7],"to":[8.5,7,8],"faces":{"north":{"uv":[7,7,8,8],"texture":"#0"},"east":{"uv":[7,7,8,8],"texture":"#0"},"south":{"uv":[7,7,8,8],"texture":"#0"},"west":{"uv":[7,7,8,8],"texture":"#0"},"up":{"uv":[7,7,8,8],"texture":"#0"},"down":{"uv":[7,7,8,8],"texture":"#0"}}},{"from":[7.4,7,7],"to":[8.6,8,8],"faces":{"north":{"uv":[7,6,8,7],"texture":"#0"},"east":{"uv":[7,6,8,7],"texture":"#0"},"south":{"uv":[7,6,8,7],"texture":"#0"},"west":{"uv":[7,6,8,7],"texture":"#0"},"up":{"uv":[7,6,8,7],"texture":"#0"},"down":{"uv":[7,6,8,7],"texture":"#0"}}},{"from":[7.3,8,7],"to":[8.7,9,8],"faces":{"north":{"uv":[7,5,8,6],"texture":"#0"},"east":{"uv":[7,5,8,6],"texture":"#0"},"south":{"uv":[7,5,8,6],"texture":"#0"},"west":{"uv":[7,5,8,6],"texture":"#0"},"up":{"uv":[7,5,8,6],"texture":"#0"},"down":{"uv":[7,5,8,6],"texture":"#0"}}},{"from":[7.3,9,7],"to":[8.7,10,8],"faces":{"north":{"uv":[7,4,8,5],"texture":"#0"},"east":{"uv":[7,4,8,5],"texture":"#0"},"south":{"uv":[7,4,8,5],"texture":"#0"},"west":{"uv":[7,4,8,5],"texture":"#0"},"up":{"uv":[7,4,8,5],"texture":"#0"},"down":{"uv":[7,4,8,5],"texture":"#0"}}},{"from":[7.2,10,7],"to":[8.8,11,8],"faces":{"north":{"uv":[7,3,8,4],"texture":"#0"},"east":{"uv":[7,3,8,4],"texture":"#0"},"south":{"uv":[7,3,8,4],"texture":"#0"},"west":{"uv":[7,3,8,4],"texture":"#0"},"up":{"uv":[7,3,8,4],"texture":"#0"},"down":{"uv":[7,3,8,4],"texture":"#0"}}},{"from":[7.5,11,7],"to":[8.5,12,8],"faces":{"north":{"uv":[7,2,8,3],"texture":"#0"},"east":{"uv":[7,2,8,3],"texture":"#0"},"south":{"uv":[7,2,8,3],"texture":"#0"},"west":{"uv":[7,2,8,3],"texture":"#0"},"up":{"uv":[7,2,8,3],"texture":"#0"},"down":{"uv":[7,2,8,3],"texture":"#0"}}},{"from":[7.5,1,6],"to":[8.5,2,7],"faces":{"north":{"uv":[6,12,7,13],"texture":"#0"},"east":{"uv":[6,12,7,13],"texture":"#0"},"south":{"uv":[6,12,7,13],"texture":"#0"},"west":{"uv":[6,12,7,13],"texture":"#0"},"up":{"uv":[6,12,7,13],"texture":"#0"},"down":{"uv":[6,12,7,13],"texture":"#0"}}},{"from":[7.5,2,6],"to":[8.5,3,7],"faces":{"north":{"uv":[6,11,7,12],"texture":"#0"},"east":{"uv":[6,11,7,12],"texture":"#0"},"south":{"uv":[6,11,7,12],"texture":"#0"},"west":{"uv":[6,11,7,12],"texture":"#0"},"up":{"uv":[6,11,7,12],"texture":"#0"},"down":{"uv":[6,11,7,12],"texture":"#0"}}},{"from":[7.3,2,5],"to":[8.7,3,6],"faces":{"north":{"uv":[5,11,6,12],"texture":"#0"},"east":{"uv":[5,11,6,12],"texture":"#0"},"south":{"uv":[5,11,6,12],"texture":"#0"},"west":{"uv":[5,11,6,12],"texture":"#0"},"up":{"uv":[5,11,6,12],"texture":"#0"},"down":{"uv":[5,11,6,12],"texture":"#0"}}},{"from":[7.5,3,6],"to":[8.5,4,7],"faces":{"north":{"uv":[6,10,7,11],"texture":"#0"},"east":{"uv":[6,10,7,11],"texture":"#0"},"south":{"uv":[6,10,7,11],"texture":"#0"},"west":{"uv":[6,10,7,11],"texture":"#0"},"up":{"uv":[6,10,7,11],"texture":"#0"},"down":{"uv":[6,10,7,11],"texture":"#0"}}},{"from":[7.5,3,5],"to":[8.5,4,6],"faces":{"north":{"uv":[5,10,6,11],"texture":"#0"},"east":{"uv":[5,10,6,11],"texture":"#0"},"south":{"uv":[5,10,6,11],"texture":"#0"},"west":{"uv":[5,10,6,11],"texture":"#0"},"up":{"uv":[5,10,6,11],"texture":"#0"},"down":{"uv":[5,10,6,11],"texture":"#0"}}},{"from":[7.5,3,4],"to":[8.5,4,5],"faces":{"north":{"uv":[4,10,5,11],"texture":"#0"},"east":{"uv":[4,10,5,11],"texture":"#0"},"south":{"uv":[4,10,5,11],"texture":"#0"},"west":{"uv":[4,10,5,11],"texture":"#0"},"up":{"uv":[4,10,5,11],"texture":"#0"},"down":{"uv":[4,10,5,11],"texture":"#0"}}},{"from":[7.5,4,6],"to":[8.5,5,7],"faces":{"north":{"uv":[6,9,7,10],"texture":"#0"},"east":{"uv":[6,9,7,10],"texture":"#0"},"south":{"uv":[6,9,7,10],"texture":"#0"},"west":{"uv":[6,9,7,10],"texture":"#0"},"up":{"uv":[6,9,7,10],"texture":"#0"},"down":{"uv":[6,9,7,10],"texture":"#0"}}},{"from":[7.4,4,5],"to":[8.6,5,6],"faces":{"north":{"uv":[5,9,6,10],"texture":"#0"},"east":{"uv":[5,9,6,10],"texture":"#0"},"south":{"uv":[5,9,6,10],"texture":"#0"},"west":{"uv":[5,9,6,10],"texture":"#0"},"up":{"uv":[5,9,6,10],"texture":"#0"},"down":{"uv":[5,9,6,10],"texture":"#0"}}},{"from":[7.5,4,4],"to":[8.5,5,5],"faces":{"north":{"uv":[4,9,5,10],"texture":"#0"},"east":{"uv":[4,9,5,10],"texture":"#0"},"south":{"uv":[4,9,5,10],"texture":"#0"},"west":{"uv":[4,9,5,10],"texture":"#0"},"up":{"uv":[4,9,5,10],"texture":"#0"},"down":{"uv":[4,9,5,10],"texture":"#0"}}},{"from":[7.5,4,3],"to":[8.5,5,4],"faces":{"north":{"uv":[3,9,4,10],"texture":"#0"},"east":{"uv":[3,9,4,10],"texture":"#0"},"south":{"uv":[3,9,4,10],"texture":"#0"},"west":{"uv":[3,9,4,10],"texture":"#0"},"up":{"uv":[3,9,4,10],"texture":"#0"},"down":{"uv":[3,9,4,10],"texture":"#0"}}},{"from":[7.4,5,6],"to":[8.6,6,7],"faces":{"north":{"uv":[6,8,7,9],"texture":"#0"},"east":{"uv":[6,8,7,9],"texture":"#0"},"south":{"uv":[6,8,7,9],"texture":"#0"},"west":{"uv":[6,8,7,9],"texture":"#0"},"up":{"uv":[6,8,7,9],"texture":"#0"},"down":{"uv":[6,8,7,9],"texture":"#0"}}},{"from":[7.4,5,5],"to":[8.6,6,6],"faces":{"north":{"uv":[5,8,6,9],"texture":"#0"},"east":{"uv":[5,8,6,9],"texture":"#0"},"south":{"uv":[5,8,6,9],"texture":"#0"},"west":{"uv":[5,8,6,9],"texture":"#0"},"up":{"uv":[5,8,6,9],"texture":"#0"},"down":{"uv":[5,8,6,9],"texture":"#0"}}},{"from":[7.3,5,4],"to":[8.7,6,5],"faces":{"north":{"uv":[4,8,5,9],"texture":"#0"},"east":{"uv":[4,8,5,9],"texture":"#0"},"south":{"uv":[4,8,5,9],"texture":"#0"},"west":{"uv":[4,8,5,9],"texture":"#0"},"up":{"uv":[4,8,5,9],"texture":"#0"},"down":{"uv":[4,8,5,9],"texture":"#0"}}},{"from":[7.2,5,3],"to":[8.8,6,4],"faces":{"north":{"uv":[3,8,4,9],"texture":"#0"},"east":{"uv":[3,8,4,9],"texture":"#0"},"south":{"uv":[3,8,4,9],"texture":"#0"},"west":{"uv":[3,8,4,9],"texture":"#0"},"up":{"uv":[3,8,4,9],"texture":"#0"},"down":{"uv":[3,8,4,9],"texture":"#0"}}},{"from":[7.2,5,2],"to":[8.8,6,3],"faces":{"north":{"uv":[2,8,3,9],"texture":"#0"},"east":{"uv":[2,8,3,9],"texture":"#0"},"south":{"uv":[2,8,3,9],"texture":"#0"},"west":{"uv":[2,8,3,9],"texture":"#0"},"up":{"uv":[2,8,3,9],"texture":"#0"},"down":{"uv":[2,8,3,9],"texture":"#0"}}},{"from":[7.3,6,6],"to":[8.7,7,7],"faces":{"north":{"uv":[6,7,7,8],"texture":"#0"},"east":{"uv":[6,7,7,8],"texture":"#0"},"south":{"uv":[6,7,7,8],"texture":"#0"},"west":{"uv":[6,7,7,8],"texture":"#0"},"up":{"uv":[6,7,7,8],"texture":"#0"},"down":{"uv":[6,7,7,8],"texture":"#0"}}},{"from":[7.4,6,5],"to":[8.6,7,6],"faces":{"north":{"uv":[5,7,6,8],"texture":"#0"},"east":{"uv":[5,7,6,8],"texture":"#0"},"south":{"uv":[5,7,6,8],"texture":"#0"},"west":{"uv":[5,7,6,8],"texture":"#0"},"up":{"uv":[5,7,6,8],"texture":"#0"},"down":{"uv":[5,7,6,8],"texture":"#0"}}},{"from":[7.2,6,4],"to":[8.8,7,5],"faces":{"north":{"uv":[4,7,5,8],"texture":"#0"},"east":{"uv":[4,7,5,8],"texture":"#0"},"south":{"uv":[4,7,5,8],"texture":"#0"},"west":{"uv":[4,7,5,8],"texture":"#0"},"up":{"uv":[4,7,5,8],"texture":"#0"},"down":{"uv":[4,7,5,8],"texture":"#0"}}},{"from":[7.2,6,3],"to":[8.8,7,4],"faces":{"north":{"uv":[3,7,4,8],"texture":"#0"},"east":{"uv":[3,7,4,8],"texture":"#0"},"south":{"uv":[3,7,4,8],"texture":"#0"},"west":{"uv":[3,7,4,8],"texture":"#0"},"up":{"uv":[3,7,4,8],"texture":"#0"},"down":{"uv":[3,7,4,8],"texture":"#0"}}},{"from":[7.2,6,2],"to":[8.8,7,3],"faces":{"north":{"uv":[2,7,3,8],"texture":"#0"},"east":{"uv":[2,7,3,8],"texture":"#0"},"south":{"uv":[2,7,3,8],"texture":"#0"},"west":{"uv":[2,7,3,8],"texture":"#0"},"up":{"uv":[2,7,3,8],"texture":"#0"},"down":{"uv":[2,7,3,8],"texture":"#0"}}},{"from":[7.3,6,1],"to":[8.7,7,2],"faces":{"north":{"uv":[1,7,2,8],"texture":"#0"},"east":{"uv":[1,7,2,8],"texture":"#0"},"south":{"uv":[1,7,2,8],"texture":"#0"},"west":{"uv":[1,7,2,8],"texture":"#0"},"up":{"uv":[1,7,2,8],"texture":"#0"},"down":{"uv":[1,7,2,8],"texture":"#0"}}},{"from":[7.3,7,6],"to":[8.7,8,7],"faces":{"north":{"uv":[6,6,7,7],"texture":"#0"},"east":{"uv":[6,6,7,7],"texture":"#0"},"south":{"uv":[6,6,7,7],"texture":"#0"},"west":{"uv":[6,6,7,7],"texture":"#0"},"up":{"uv":[6,6,7,7],"texture":"#0"},"down":{"uv":[6,6,7,7],"texture":"#0"}}},{"from":[7.2,7,5],"to":[8.8,8,6],"faces":{"north":{"uv":[5,6,6,7],"texture":"#0"},"east":{"uv":[5,6,6,7],"texture":"#0"},"south":{"uv":[5,6,6,7],"texture":"#0"},"west":{"uv":[5,6,6,7],"texture":"#0"},"up":{"uv":[5,6,6,7],"texture":"#0"},"down":{"uv":[5,6,6,7],"texture":"#0"}}},{"from":[7.2,7,4],"to":[8.8,8,5],"faces":{"north":{"uv":[4,6,5,7],"texture":"#0"},"east":{"uv":[4,6,5,7],"texture":"#0"},"south":{"uv":[4,6,5,7],"texture":"#0"},"west":{"uv":[4,6,5,7],"texture":"#0"},"up":{"uv":[4,6,5,7],"texture":"#0"},"down":{"uv":[4,6,5,7],"texture":"#0"}}},{"from":[7.4,7,3],"to":[8.6,8,4],"faces":{"north":{"uv":[3,6,4,7],"texture":"#0"},"east":{"uv":[3,6,4,7],"texture":"#0"},"south":{"uv":[3,6,4,7],"texture":"#0"},"west":{"uv":[3,6,4,7],"texture":"#0"},"up":{"uv":[3,6,4,7],"texture":"#0"},"down":{"uv":[3,6,4,7],"texture":"#0"}}},{"from":[7.5,7,2],"to":[8.5,8,3],"faces":{"north":{"uv":[2,6,3,7],"texture":"#0"},"east":{"uv":[2,6,3,7],"texture":"#0"},"south":{"uv":[2,6,3,7],"texture":"#0"},"west":{"uv":[2,6,3,7],"texture":"#0"},"up":{"uv":[2,6,3,7],"texture":"#0"},"down":{"uv":[2,6,3,7],"texture":"#0"}}},{"from":[7.5,7,1],"to":[8.5,8,2],"faces":{"north":{"uv":[1,6,2,7],"texture":"#0"},"east":{"uv":[1,6,2,7],"texture":"#0"},"south":{"uv":[1,6,2,7],"texture":"#0"},"west":{"uv":[1,6,2,7],"texture":"#0"},"up":{"uv":[1,6,2,7],"texture":"#0"},"down":{"uv":[1,6,2,7],"texture":"#0"}}},{"from":[7.2,8,6],"to":[8.8,9,7],"faces":{"north":{"uv":[6,5,7,6],"texture":"#0"},"east":{"uv":[6,5,7,6],"texture":"#0"},"south":{"uv":[6,5,7,6],"texture":"#0"},"west":{"uv":[6,5,7,6],"texture":"#0"},"up":{"uv":[6,5,7,6],"texture":"#0"},"down":{"uv":[6,5,7,6],"texture":"#0"}}},{"from":[7.2,8,5],"to":[8.8,9,6],"faces":{"north":{"uv":[5,5,6,6],"texture":"#0"},"east":{"uv":[5,5,6,6],"texture":"#0"},"south":{"uv":[5,5,6,6],"texture":"#0"},"west":{"uv":[5,5,6,6],"texture":"#0"},"up":{"uv":[5,5,6,6],"texture":"#0"},"down":{"uv":[5,5,6,6],"texture":"#0"}}},{"from":[7.3,8,4],"to":[8.7,9,5],"faces":{"north":{"uv":[4,5,5,6],"texture":"#0"},"east":{"uv":[4,5,5,6],"texture":"#0"},"south":{"uv":[4,5,5,6],"texture":"#0"},"west":{"uv":[4,5,5,6],"texture":"#0"},"up":{"uv":[4,5,5,6],"texture":"#0"},"down":{"uv":[4,5,5,6],"texture":"#0"}}},{"from":[7.5,8,3],"to":[8.5,9,4],"faces":{"north":{"uv":[3,5,4,6],"texture":"#0"},"east":{"uv":[3,5,4,6],"texture":"#0"},"south":{"uv":[3,5,4,6],"texture":"#0"},"west":{"uv":[3,5,4,6],"texture":"#0"},"up":{"uv":[3,5,4,6],"texture":"#0"},"down":{"uv":[3,5,4,6],"texture":"#0"}}},{"from":[7.5,9,6],"to":[8.5,10,7],"faces":{"north":{"uv":[6,4,7,5],"texture":"#0"},"east":{"uv":[6,4,7,5],"texture":"#0"},"south":{"uv":[6,4,7,5],"texture":"#0"},"west":{"uv":[6,4,7,5],"texture":"#0"},"up":{"uv":[6,4,7,5],"texture":"#0"},"down":{"uv":[6,4,7,5],"texture":"#0"}}},{"from":[7.5,9,5],"to":[8.5,10,6],"faces":{"north":{"uv":[5,4,6,5],"texture":"#0"},"east":{"uv":[5,4,6,5],"texture":"#0"},"south":{"uv":[5,4,6,5],"texture":"#0"},"west":{"uv":[5,4,6,5],"texture":"#0"},"up":{"uv":[5,4,6,5],"texture":"#0"},"down":{"uv":[5,4,6,5],"texture":"#0"}}},{"from":[7.5,9,4],"to":[8.5,10,5],"faces":{"north":{"uv":[4,4,5,5],"texture":"#0"},"east":{"uv":[4,4,5,5],"texture":"#0"},"south":{"uv":[4,4,5,5],"texture":"#0"},"west":{"uv":[4,4,5,5],"texture":"#0"},"up":{"uv":[4,4,5,5],"texture":"#0"},"down":{"uv":[4,4,5,5],"texture":"#0"}}},{"from":[7.5,10,6],"to":[8.5,11,7],"faces":{"north":{"uv":[6,3,7,4],"texture":"#0"},"east":{"uv":[6,3,7,4],"texture":"#0"},"south":{"uv":[6,3,7,4],"texture":"#0"},"west":{"uv":[6,3,7,4],"texture":"#0"},"up":{"uv":[6,3,7,4],"texture":"#0"},"down":{"uv":[6,3,7,4],"texture":"#0"}}},{"from":[7.5,1,8],"to":[8.5,2,9],"faces":{"north":{"uv":[8,12,9,13],"texture":"#0"},"east":{"uv":[8,12,9,13],"texture":"#0"},"south":{"uv":[8,12,9,13],"texture":"#0"},"west":{"uv":[8,12,9,13],"texture":"#0"},"up":{"uv":[8,12,9,13],"texture":"#0"},"down":{"uv":[8,12,9,13],"texture":"#0"}}},{"from":[7.5,1,11],"to":[8.5,2,12],"faces":{"north":{"uv":[11,12,12,13],"texture":"#0"},"east":{"uv":[11,12,12,13],"texture":"#0"},"south":{"uv":[11,12,12,13],"texture":"#0"},"west":{"uv":[11,12,12,13],"texture":"#0"},"up":{"uv":[11,12,12,13],"texture":"#0"},"down":{"uv":[11,12,12,13],"texture":"#0"}}},{"from":[7.3,2,8],"to":[8.7,3,9],"faces":{"north":{"uv":[8,11,9,12],"texture":"#0"},"east":{"uv":[8,11,9,12],"texture":"#0"},"south":{"uv":[8,11,9,12],"texture":"#0"},"west":{"uv":[8,11,9,12],"texture":"#0"},"up":{"uv":[8,11,9,12],"texture":"#0"},"down":{"uv":[8,11,9,12],"texture":"#0"}}},{"from":[7.5,2,9],"to":[8.5,3,10],"faces":{"north":{"uv":[9,11,10,12],"texture":"#0"},"east":{"uv":[9,11,10,12],"texture":"#0"},"south":{"uv":[9,11,10,12],"texture":"#0"},"west":{"uv":[9,11,10,12],"texture":"#0"},"up":{"uv":[9,11,10,12],"texture":"#0"},"down":{"uv":[9,11,10,12],"texture":"#0"}}},{"from":[7.5,2,11],"to":[8.5,3,12],"faces":{"north":{"uv":[11,11,12,12],"texture":"#0"},"east":{"uv":[11,11,12,12],"texture":"#0"},"south":{"uv":[11,11,12,12],"texture":"#0"},"west":{"uv":[11,11,12,12],"texture":"#0"},"up":{"uv":[11,11,12,12],"texture":"#0"},"down":{"uv":[11,11,12,12],"texture":"#0"}}},{"from":[7.5,2,12],"to":[8.5,3,13],"faces":{"north":{"uv":[12,11,13,12],"texture":"#0"},"east":{"uv":[12,11,13,12],"texture":"#0"},"south":{"uv":[12,11,13,12],"texture":"#0"},"west":{"uv":[12,11,13,12],"texture":"#0"},"up":{"uv":[12,11,13,12],"texture":"#0"},"down":{"uv":[12,11,13,12],"texture":"#0"}}},{"from":[7.3,3,8],"to":[8.7,4,9],"faces":{"north":{"uv":[8,10,9,11],"texture":"#0"},"east":{"uv":[8,10,9,11],"texture":"#0"},"south":{"uv":[8,10,9,11],"texture":"#0"},"west":{"uv":[8,10,9,11],"texture":"#0"},"up":{"uv":[8,10,9,11],"texture":"#0"},"down":{"uv":[8,10,9,11],"texture":"#0"}}},{"from":[7.2,3,9],"to":[8.8,4,10],"faces":{"north":{"uv":[9,10,10,11],"texture":"#0"},"east":{"uv":[9,10,10,11],"texture":"#0"},"south":{"uv":[9,10,10,11],"texture":"#0"},"west":{"uv":[9,10,10,11],"texture":"#0"},"up":{"uv":[9,10,10,11],"texture":"#0"},"down":{"uv":[9,10,10,11],"texture":"#0"}}},{"from":[7.5,3,10],"to":[8.5,4,11],"faces":{"north":{"uv":[10,10,11,11],"texture":"#0"},"east":{"uv":[10,10,11,11],"texture":"#0"},"south":{"uv":[10,10,11,11],"texture":"#0"},"west":{"uv":[10,10,11,11],"texture":"#0"},"up":{"uv":[10,10,11,11],"texture":"#0"},"down":{"uv":[10,10,11,11],"texture":"#0"}}},{"from":[7.5,3,11],"to":[8.5,4,12],"faces":{"north":{"uv":[11,10,12,11],"texture":"#0"},"east":{"uv":[11,10,12,11],"texture":"#0"},"south":{"uv":[11,10,12,11],"texture":"#0"},"west":{"uv":[11,10,12,11],"texture":"#0"},"up":{"uv":[11,10,12,11],"texture":"#0"},"down":{"uv":[11,10,12,11],"texture":"#0"}}},{"from":[7.5,3,12],"to":[8.5,4,13],"faces":{"north":{"uv":[12,10,13,11],"texture":"#0"},"east":{"uv":[12,10,13,11],"texture":"#0"},"south":{"uv":[12,10,13,11],"texture":"#0"},"west":{"uv":[12,10,13,11],"texture":"#0"},"up":{"uv":[12,10,13,11],"texture":"#0"},"down":{"uv":[12,10,13,11],"texture":"#0"}}},{"from":[7.5,4,8],"to":[8.5,5,9],"faces":{"north":{"uv":[8,9,9,10],"texture":"#0"},"east":{"uv":[8,9,9,10],"texture":"#0"},"south":{"uv":[8,9,9,10],"texture":"#0"},"west":{"uv":[8,9,9,10],"texture":"#0"},"up":{"uv":[8,9,9,10],"texture":"#0"},"down":{"uv":[8,9,9,10],"texture":"#0"}}},{"from":[7.2,4,9],"to":[8.8,5,10],"faces":{"north":{"uv":[9,9,10,10],"texture":"#0"},"east":{"uv":[9,9,10,10],"texture":"#0"},"south":{"uv":[9,9,10,10],"texture":"#0"},"west":{"uv":[9,9,10,10],"texture":"#0"},"up":{"uv":[9,9,10,10],"texture":"#0"},"down":{"uv":[9,9,10,10],"texture":"#0"}}},{"from":[7.5,4,10],"to":[8.5,5,11],"faces":{"north":{"uv":[10,9,11,10],"texture":"#0"},"east":{"uv":[10,9,11,10],"texture":"#0"},"south":{"uv":[10,9,11,10],"texture":"#0"},"west":{"uv":[10,9,11,10],"texture":"#0"},"up":{"uv":[10,9,11,10],"texture":"#0"},"down":{"uv":[10,9,11,10],"texture":"#0"}}},{"from":[7.5,4,11],"to":[8.5,5,12],"faces":{"north":{"uv":[11,9,12,10],"texture":"#0"},"east":{"uv":[11,9,12,10],"texture":"#0"},"south":{"uv":[11,9,12,10],"texture":"#0"},"west":{"uv":[11,9,12,10],"texture":"#0"},"up":{"uv":[11,9,12,10],"texture":"#0"},"down":{"uv":[11,9,12,10],"texture":"#0"}}},{"from":[7.5,4,12],"to":[8.5,5,13],"faces":{"north":{"uv":[12,9,13,10],"texture":"#0"},"east":{"uv":[12,9,13,10],"texture":"#0"},"south":{"uv":[12,9,13,10],"texture":"#0"},"west":{"uv":[12,9,13,10],"texture":"#0"},"up":{"uv":[12,9,13,10],"texture":"#0"},"down":{"uv":[12,9,13,10],"texture":"#0"}}},{"from":[7.5,5,8],"to":[8.5,6,9],"faces":{"north":{"uv":[8,8,9,9],"texture":"#0"},"east":{"uv":[8,8,9,9],"texture":"#0"},"south":{"uv":[8,8,9,9],"texture":"#0"},"west":{"uv":[8,8,9,9],"texture":"#0"},"up":{"uv":[8,8,9,9],"texture":"#0"},"down":{"uv":[8,8,9,9],"texture":"#0"}}},{"from":[7.5,5,9],"to":[8.5,6,10],"faces":{"north":{"uv":[9,8,10,9],"texture":"#0"},"east":{"uv":[9,8,10,9],"texture":"#0"},"south":{"uv":[9,8,10,9],"texture":"#0"},"west":{"uv":[9,8,10,9],"texture":"#0"},"up":{"uv":[9,8,10,9],"texture":"#0"},"down":{"uv":[9,8,10,9],"texture":"#0"}}},{"from":[7.2,5,10],"to":[8.8,6,11],"faces":{"north":{"uv":[10,8,11,9],"texture":"#0"},"east":{"uv":[10,8,11,9],"texture":"#0"},"south":{"uv":[10,8,11,9],"texture":"#0"},"west":{"uv":[10,8,11,9],"texture":"#0"},"up":{"uv":[10,8,11,9],"texture":"#0"},"down":{"uv":[10,8,11,9],"texture":"#0"}}},{"from":[7.5,5,11],"to":[8.5,6,12],"faces":{"north":{"uv":[11,8,12,9],"texture":"#0"},"east":{"uv":[11,8,12,9],"texture":"#0"},"south":{"uv":[11,8,12,9],"texture":"#0"},"west":{"uv":[11,8,12,9],"texture":"#0"},"up":{"uv":[11,8,12,9],"texture":"#0"},"down":{"uv":[11,8,12,9],"texture":"#0"}}},{"from":[7.5,5,12],"to":[8.5,6,13],"faces":{"north":{"uv":[12,8,13,9],"texture":"#0"},"east":{"uv":[12,8,13,9],"texture":"#0"},"south":{"uv":[12,8,13,9],"texture":"#0"},"west":{"uv":[12,8,13,9],"texture":"#0"},"up":{"uv":[12,8,13,9],"texture":"#0"},"down":{"uv":[12,8,13,9],"texture":"#0"}}},{"from":[7.5,6,8],"to":[8.5,7,9],"faces":{"north":{"uv":[8,7,9,8],"texture":"#0"},"east":{"uv":[8,7,9,8],"texture":"#0"},"south":{"uv":[8,7,9,8],"texture":"#0"},"west":{"uv":[8,7,9,8],"texture":"#0"},"up":{"uv":[8,7,9,8],"texture":"#0"},"down":{"uv":[8,7,9,8],"texture":"#0"}}},{"from":[7.5,6,9],"to":[8.5,7,10],"faces":{"north":{"uv":[9,7,10,8],"texture":"#0"},"east":{"uv":[9,7,10,8],"texture":"#0"},"south":{"uv":[9,7,10,8],"texture":"#0"},"west":{"uv":[9,7,10,8],"texture":"#0"},"up":{"uv":[9,7,10,8],"texture":"#0"},"down":{"uv":[9,7,10,8],"texture":"#0"}}},{"from":[7.5,6,10],"to":[8.5,7,11],"faces":{"north":{"uv":[10,7,11,8],"texture":"#0"},"east":{"uv":[10,7,11,8],"texture":"#0"},"south":{"uv":[10,7,11,8],"texture":"#0"},"west":{"uv":[10,7,11,8],"texture":"#0"},"up":{"uv":[10,7,11,8],"texture":"#0"},"down":{"uv":[10,7,11,8],"texture":"#0"}}},{"from":[7.5,6,11],"to":[8.5,7,12],"faces":{"north":{"uv":[11,7,12,8],"texture":"#0"},"east":{"uv":[11,7,12,8],"texture":"#0"},"south":{"uv":[11,7,12,8],"texture":"#0"},"west":{"uv":[11,7,12,8],"texture":"#0"},"up":{"uv":[11,7,12,8],"texture":"#0"},"down":{"uv":[11,7,12,8],"texture":"#0"}}},{"from":[7.4,6,12],"to":[8.6,7,13],"faces":{"north":{"uv":[12,7,13,8],"texture":"#0"},"east":{"uv":[12,7,13,8],"texture":"#0"},"south":{"uv":[12,7,13,8],"texture":"#0"},"west":{"uv":[12,7,13,8],"texture":"#0"},"up":{"uv":[12,7,13,8],"texture":"#0"},"down":{"uv":[12,7,13,8],"texture":"#0"}}},{"from":[7.5,6,13],"to":[8.5,7,14],"faces":{"north":{"uv":[13,7,14,8],"texture":"#0"},"east":{"uv":[13,7,14,8],"texture":"#0"},"south":{"uv":[13,7,14,8],"texture":"#0"},"west":{"uv":[13,7,14,8],"texture":"#0"},"up":{"uv":[13,7,14,8],"texture":"#0"},"down":{"uv":[13,7,14,8],"texture":"#0"}}},{"from":[7.4,7,8],"to":[8.6,8,9],"faces":{"north":{"uv":[8,6,9,7],"texture":"#0"},"east":{"uv":[8,6,9,7],"texture":"#0"},"south":{"uv":[8,6,9,7],"texture":"#0"},"west":{"uv":[8,6,9,7],"texture":"#0"},"up":{"uv":[8,6,9,7],"texture":"#0"},"down":{"uv":[8,6,9,7],"texture":"#0"}}},{"from":[7.5,7,9],"to":[8.5,8,10],"faces":{"north":{"uv":[9,6,10,7],"texture":"#0"},"east":{"uv":[9,6,10,7],"texture":"#0"},"south":{"uv":[9,6,10,7],"texture":"#0"},"west":{"uv":[9,6,10,7],"texture":"#0"},"up":{"uv":[9,6,10,7],"texture":"#0"},"down":{"uv":[9,6,10,7],"texture":"#0"}}},{"from":[7.5,7,10],"to":[8.5,8,11],"faces":{"north":{"uv":[10,6,11,7],"texture":"#0"},"east":{"uv":[10,6,11,7],"texture":"#0"},"south":{"uv":[10,6,11,7],"texture":"#0"},"west":{"uv":[10,6,11,7],"texture":"#0"},"up":{"uv":[10,6,11,7],"texture":"#0"},"down":{"uv":[10,6,11,7],"texture":"#0"}}},{"from":[7.5,7,11],"to":[8.5,8,12],"faces":{"north":{"uv":[11,6,12,7],"texture":"#0"},"east":{"uv":[11,6,12,7],"texture":"#0"},"south":{"uv":[11,6,12,7],"texture":"#0"},"west":{"uv":[11,6,12,7],"texture":"#0"},"up":{"uv":[11,6,12,7],"texture":"#0"},"down":{"uv":[11,6,12,7],"texture":"#0"}}},{"from":[7.3,8,8],"to":[8.7,9,9],"faces":{"north":{"uv":[8,5,9,6],"texture":"#0"},"east":{"uv":[8,5,9,6],"texture":"#0"},"south":{"uv":[8,5,9,6],"texture":"#0"},"west":{"uv":[8,5,9,6],"texture":"#0"},"up":{"uv":[8,5,9,6],"texture":"#0"},"down":{"uv":[8,5,9,6],"texture":"#0"}}},{"from":[7.5,8,9],"to":[8.5,9,10],"faces":{"north":{"uv":[9,5,10,6],"texture":"#0"},"east":{"uv":[9,5,10,6],"texture":"#0"},"south":{"uv":[9,5,10,6],"texture":"#0"},"west":{"uv":[9,5,10,6],"texture":"#0"},"up":{"uv":[9,5,10,6],"texture":"#0"},"down":{"uv":[9,5,10,6],"texture":"#0"}}},{"from":[7.4,8,10],"to":[8.6,9,11],"faces":{"north":{"uv":[10,5,11,6],"texture":"#0"},"east":{"uv":[10,5,11,6],"texture":"#0"},"south":{"uv":[10,5,11,6],"texture":"#0"},"west":{"uv":[10,5,11,6],"texture":"#0"},"up":{"uv":[10,5,11,6],"texture":"#0"},"down":{"uv":[10,5,11,6],"texture":"#0"}}},{"from":[7.4,9,8],"to":[8.6,10,9],"faces":{"north":{"uv":[8,4,9,5],"texture":"#0"},"east":{"uv":[8,4,9,5],"texture":"#0"},"south":{"uv":[8,4,9,5],"texture":"#0"},"west":{"uv":[8,4,9,5],"texture":"#0"},"up":{"uv":[8,4,9,5],"texture":"#0"},"down":{"uv":[8,4,9,5],"texture":"#0"}}},{"from":[7.4,9,9],"to":[8.6,10,10],"faces":{"north":{"uv":[9,4,10,5],"texture":"#0"},"east":{"uv":[9,4,10,5],"texture":"#0"},"south":{"uv":[9,4,10,5],"texture":"#0"},"west":{"uv":[9,4,10,5],"texture":"#0"},"up":{"uv":[9,4,10,5],"texture":"#0"},"down":{"uv":[9,4,10,5],"texture":"#0"}}},{"from":[7.2,10,8],"to":[8.8,11,9],"faces":{"north":{"uv":[8,3,9,4],"texture":"#0"},"east":{"uv":[8,3,9,4],"texture":"#0"},"south":{"uv":[8,3,9,4],"texture":"#0"},"west":{"uv":[8,3,9,4],"texture":"#0"},"up":{"uv":[8,3,9,4],"texture":"#0"},"down":{"uv":[8,3,9,4],"texture":"#0"}}}]}