{"display":{"thirdperson_righthand":{"rotation":[-45,0,0],"translation":[0,5,2]},"thirdperson_lefthand":{"rotation":[-45,0,0],"translation":[0,5,2]},"firstperson_righthand":{"rotation":[-45,0,0],"translation":[0,5,2]},"firstperson_lefthand":{"rotation":[-45,0,0],"translation":[0,5,2]},"ground":{"scale":[0.6,0.6,0.6]},"gui":{"rotation":[0,90,0],"translation":[4,0,0]},"fixed":{"rotation":[0,-90,0],"translation":[-6,0,0]}},"gui_light":"front","textures":{"0":"item/gunpowder/8","particle":"item/gunpowder/8"},"elements":[{"from":[7.5,0,0],"to":[8.5,1,2],"faces":{"north":{"uv":[7,15,8,16],"texture":"#0"},"east":{"uv":[7,15,8,16],"texture":"#0"},"south":{"uv":[7,15,8,16],"texture":"#0"},"west":{"uv":[7,15,8,16],"texture":"#0"},"up":{"uv":[7,15,8,16],"texture":"#0"},"down":{"uv":[7,15,8,16],"texture":"#0"}}},{"from":[7.5,1,-1],"to":[8.5,3,0],"rotation":{"angle":0,"axis":"y","origin":[8,9,7]},"faces":{"north":{"uv":[7,15,8,16],"texture":"#0"},"east":{"uv":[7,15,8,16],"texture":"#0"},"south":{"uv":[7,15,8,16],"texture":"#0"},"west":{"uv":[7,15,8,16],"texture":"#0"},"up":{"uv":[7,15,8,16],"texture":"#0"},"down":{"uv":[7,15,8,16],"texture":"#0"}}},{"from":[7.5,5,0],"to":[8.5,7,1],"rotation":{"angle":0,"axis":"y","origin":[8,13,8]},"faces":{"north":{"uv":[7,15,8,16],"texture":"#0"},"east":{"uv":[7,15,8,16],"texture":"#0"},"south":{"uv":[7,15,8,16],"texture":"#0"},"west":{"uv":[7,15,8,16],"texture":"#0"},"up":{"uv":[7,15,8,16],"texture":"#0"},"down":{"uv":[7,15,8,16],"texture":"#0"}}},{"from":[7.5,5,2],"to":[8.5,7,3],"rotation":{"angle":0,"axis":"y","origin":[8,13,10]},"faces":{"north":{"uv":[7,15,8,16],"texture":"#0"},"east":{"uv":[7,15,8,16],"texture":"#0"},"south":{"uv":[7,15,8,16],"texture":"#0"},"west":{"uv":[7,15,8,16],"texture":"#0"},"up":{"uv":[7,15,8,16],"texture":"#0"},"down":{"uv":[7,15,8,16],"texture":"#0"}}},{"from":[7.5,3,0],"to":[8.5,4,1],"rotation":{"angle":0,"axis":"y","origin":[8,11,8]},"faces":{"north":{"uv":[7,15,8,16],"texture":"#0"},"east":{"uv":[7,15,8,16],"texture":"#0"},"south":{"uv":[7,15,8,16],"texture":"#0"},"west":{"uv":[7,15,8,16],"texture":"#0"},"up":{"uv":[7,15,8,16],"texture":"#0"},"down":{"uv":[7,15,8,16],"texture":"#0"}}},{"from":[7.5,1,2],"to":[8.5,2,3],"rotation":{"angle":0,"axis":"y","origin":[8,9,10]},"faces":{"north":{"uv":[7,15,8,16],"texture":"#0"},"east":{"uv":[7,15,8,16],"texture":"#0"},"south":{"uv":[7,15,8,16],"texture":"#0"},"west":{"uv":[7,15,8,16],"texture":"#0"},"up":{"uv":[7,15,8,16],"texture":"#0"},"down":{"uv":[7,15,8,16],"texture":"#0"}}},{"from":[7.5,2,3],"to":[8.5,3,4],"rotation":{"angle":0,"axis":"y","origin":[8,10,11]},"faces":{"north":{"uv":[7,15,8,16],"texture":"#0"},"east":{"uv":[7,15,8,16],"texture":"#0"},"south":{"uv":[7,15,8,16],"texture":"#0"},"west":{"uv":[7,15,8,16],"texture":"#0"},"up":{"uv":[7,15,8,16],"texture":"#0"},"down":{"uv":[7,15,8,16],"texture":"#0"}}},{"from":[7.5,3,2],"to":[8.5,4,3],"rotation":{"angle":0,"axis":"y","origin":[8,11,10]},"faces":{"north":{"uv":[7,15,8,16],"texture":"#0"},"east":{"uv":[7,15,8,16],"texture":"#0"},"south":{"uv":[7,15,8,16],"texture":"#0"},"west":{"uv":[7,15,8,16],"texture":"#0"},"up":{"uv":[7,15,8,16],"texture":"#0"},"down":{"uv":[7,15,8,16],"texture":"#0"}}},{"from":[7.4,3,1],"to":[8.6,4,2],"rotation":{"angle":0,"axis":"y","origin":[8,11,9]},"faces":{"north":{"uv":[8,12,9,13],"texture":"#0"},"east":{"uv":[8,12,9,13],"texture":"#0"},"south":{"uv":[8,12,9,13],"texture":"#0"},"west":{"uv":[8,12,9,13],"texture":"#0"},"up":{"uv":[8,12,9,13],"texture":"#0"},"down":{"uv":[8,12,9,13],"texture":"#0"}}},{"from":[7.4,2,0],"to":[8.6,3,1],"rotation":{"angle":0,"axis":"y","origin":[8,10,8]},"faces":{"north":{"uv":[7,13,8,14],"texture":"#0"},"east":{"uv":[7,13,8,14],"texture":"#0"},"south":{"uv":[7,13,8,14],"texture":"#0"},"west":{"uv":[7,13,8,14],"texture":"#0"},"up":{"uv":[7,13,8,14],"texture":"#0"},"down":{"uv":[7,13,8,14],"texture":"#0"}}},{"from":[7.4,2,1],"to":[8.6,3,2],"rotation":{"angle":0,"axis":"y","origin":[8,10,9]},"faces":{"north":{"uv":[8,13,9,14],"texture":"#0"},"east":{"uv":[8,13,9,14],"texture":"#0"},"south":{"uv":[8,13,9,14],"texture":"#0"},"west":{"uv":[8,13,9,14],"texture":"#0"},"up":{"uv":[8,13,9,14],"texture":"#0"},"down":{"uv":[8,13,9,14],"texture":"#0"}}},{"from":[7.4,1,1],"to":[8.6,2,2],"rotation":{"angle":0,"axis":"y","origin":[8,9,9]},"faces":{"north":{"uv":[8,14,9,15],"texture":"#0"},"east":{"uv":[8,14,9,15],"texture":"#0"},"south":{"uv":[8,14,9,15],"texture":"#0"},"west":{"uv":[8,14,9,15],"texture":"#0"},"up":{"uv":[8,14,9,15],"texture":"#0"},"down":{"uv":[8,14,9,15],"texture":"#0"}}},{"from":[7.4,1,0],"to":[8.6,2,1],"rotation":{"angle":0,"axis":"y","origin":[8,9,8]},"faces":{"north":{"uv":[7,14,8,15],"texture":"#0"},"east":{"uv":[7,14,8,15],"texture":"#0"},"south":{"uv":[7,14,8,15],"texture":"#0"},"west":{"uv":[7,14,8,15],"texture":"#0"},"up":{"uv":[7,14,8,15],"texture":"#0"},"down":{"uv":[7,14,8,15],"texture":"#0"}}},{"from":[7.4,2,2],"to":[8.6,3,3],"rotation":{"angle":0,"axis":"y","origin":[8,10,10]},"faces":{"north":{"uv":[9,13,10,14],"texture":"#0"},"east":{"uv":[9,13,10,14],"texture":"#0"},"south":{"uv":[9,13,10,14],"texture":"#0"},"west":{"uv":[9,13,10,14],"texture":"#0"},"up":{"uv":[9,13,10,14],"texture":"#0"},"down":{"uv":[9,13,10,14],"texture":"#0"}}},{"from":[7.5,4,1],"to":[8.5,5,2],"rotation":{"angle":0,"axis":"y","origin":[8,12,9]},"faces":{"north":{"uv":[7,15,8,16],"texture":"#0"},"east":{"uv":[7,15,8,16],"texture":"#0"},"south":{"uv":[7,15,8,16],"texture":"#0"},"west":{"uv":[7,15,8,16],"texture":"#0"},"up":{"uv":[7,15,8,16],"texture":"#0"},"down":{"uv":[7,15,8,16],"texture":"#0"}}},{"from":[7.5,7,1],"to":[8.5,8,2],"rotation":{"angle":0,"axis":"y","origin":[8,15,9]},"faces":{"north":{"uv":[7,15,8,16],"texture":"#0"},"east":{"uv":[7,15,8,16],"texture":"#0"},"south":{"uv":[7,15,8,16],"texture":"#0"},"west":{"uv":[7,15,8,16],"texture":"#0"},"up":{"uv":[7,15,8,16],"texture":"#0"},"down":{"uv":[7,15,8,16],"texture":"#0"}}},{"from":[7.5,8,0],"to":[8.5,9,1],"rotation":{"angle":0,"axis":"y","origin":[8,16,8]},"faces":{"north":{"uv":[7,15,8,16],"texture":"#0"},"east":{"uv":[7,15,8,16],"texture":"#0"},"south":{"uv":[7,15,8,16],"texture":"#0"},"west":{"uv":[7,15,8,16],"texture":"#0"},"up":{"uv":[7,15,8,16],"texture":"#0"},"down":{"uv":[7,15,8,16],"texture":"#0"}}},{"from":[7.5,9,-1],"to":[8.5,10,0],"rotation":{"angle":0,"axis":"y","origin":[8,17,7]},"faces":{"north":{"uv":[7,15,8,16],"texture":"#0"},"east":{"uv":[7,15,8,16],"texture":"#0"},"south":{"uv":[7,15,8,16],"texture":"#0"},"west":{"uv":[7,15,8,16],"texture":"#0"},"up":{"uv":[7,15,8,16],"texture":"#0"},"down":{"uv":[7,15,8,16],"texture":"#0"}}},{"from":[7.5,10,-2],"to":[8.5,11,-1],"rotation":{"angle":0,"axis":"y","origin":[8,18,6]},"faces":{"north":{"uv":[7,15,8,16],"texture":"#0"},"east":{"uv":[7,15,8,16],"texture":"#0"},"south":{"uv":[7,15,8,16],"texture":"#0"},"west":{"uv":[7,15,8,16],"texture":"#0"},"up":{"uv":[7,15,8,16],"texture":"#0"},"down":{"uv":[7,15,8,16],"texture":"#0"}}},{"from":[7.5,12,-4],"to":[8.5,13,-3],"rotation":{"angle":0,"axis":"y","origin":[8,20,4]},"faces":{"north":{"uv":[7,15,8,16],"texture":"#0"},"east":{"uv":[7,15,8,16],"texture":"#0"},"south":{"uv":[7,15,8,16],"texture":"#0"},"west":{"uv":[7,15,8,16],"texture":"#0"},"up":{"uv":[7,15,8,16],"texture":"#0"},"down":{"uv":[7,15,8,16],"texture":"#0"}}},{"from":[7.5,13,-3],"to":[8.5,14,-2],"rotation":{"angle":0,"axis":"y","origin":[8,21,5]},"faces":{"north":{"uv":[7,15,8,16],"texture":"#0"},"east":{"uv":[7,15,8,16],"texture":"#0"},"south":{"uv":[7,15,8,16],"texture":"#0"},"west":{"uv":[7,15,8,16],"texture":"#0"},"up":{"uv":[7,15,8,16],"texture":"#0"},"down":{"uv":[7,15,8,16],"texture":"#0"}}},{"from":[7.5,12,0],"to":[8.5,13,1],"rotation":{"angle":0,"axis":"y","origin":[8,20,8]},"faces":{"north":{"uv":[7,15,8,16],"texture":"#0"},"east":{"uv":[7,15,8,16],"texture":"#0"},"south":{"uv":[7,15,8,16],"texture":"#0"},"west":{"uv":[7,15,8,16],"texture":"#0"},"up":{"uv":[7,15,8,16],"texture":"#0"},"down":{"uv":[7,15,8,16],"texture":"#0"}}},{"from":[7.5,11,1],"to":[8.5,12,2],"rotation":{"angle":0,"axis":"y","origin":[8,19,9]},"faces":{"north":{"uv":[7,15,8,16],"texture":"#0"},"east":{"uv":[7,15,8,16],"texture":"#0"},"south":{"uv":[7,15,8,16],"texture":"#0"},"west":{"uv":[7,15,8,16],"texture":"#0"},"up":{"uv":[7,15,8,16],"texture":"#0"},"down":{"uv":[7,15,8,16],"texture":"#0"}}},{"from":[7.5,10,2],"to":[8.5,11,3],"rotation":{"angle":0,"axis":"y","origin":[8,18,10]},"faces":{"north":{"uv":[7,15,8,16],"texture":"#0"},"east":{"uv":[7,15,8,16],"texture":"#0"},"south":{"uv":[7,15,8,16],"texture":"#0"},"west":{"uv":[7,15,8,16],"texture":"#0"},"up":{"uv":[7,15,8,16],"texture":"#0"},"down":{"uv":[7,15,8,16],"texture":"#0"}}},{"from":[7.5,9,3],"to":[8.5,10,4],"rotation":{"angle":0,"axis":"y","origin":[8,17,11]},"faces":{"north":{"uv":[7,15,8,16],"texture":"#0"},"east":{"uv":[7,15,8,16],"texture":"#0"},"south":{"uv":[7,15,8,16],"texture":"#0"},"west":{"uv":[7,15,8,16],"texture":"#0"},"up":{"uv":[7,15,8,16],"texture":"#0"},"down":{"uv":[7,15,8,16],"texture":"#0"}}},{"from":[7.5,8,4],"to":[8.5,9,5],"rotation":{"angle":0,"axis":"y","origin":[8,16,12]},"faces":{"north":{"uv":[7,15,8,16],"texture":"#0"},"east":{"uv":[7,15,8,16],"texture":"#0"},"south":{"uv":[7,15,8,16],"texture":"#0"},"west":{"uv":[7,15,8,16],"texture":"#0"},"up":{"uv":[7,15,8,16],"texture":"#0"},"down":{"uv":[7,15,8,16],"texture":"#0"}}},{"from":[7.5,7,5],"to":[8.5,8,6],"rotation":{"angle":0,"axis":"y","origin":[8,15,13]},"faces":{"north":{"uv":[7,15,8,16],"texture":"#0"},"east":{"uv":[7,15,8,16],"texture":"#0"},"south":{"uv":[7,15,8,16],"texture":"#0"},"west":{"uv":[7,15,8,16],"texture":"#0"},"up":{"uv":[7,15,8,16],"texture":"#0"},"down":{"uv":[7,15,8,16],"texture":"#0"}}},{"from":[7.5,6,6],"to":[8.5,7,7],"rotation":{"angle":0,"axis":"y","origin":[8,14,14]},"faces":{"north":{"uv":[7,15,8,16],"texture":"#0"},"east":{"uv":[7,15,8,16],"texture":"#0"},"south":{"uv":[7,15,8,16],"texture":"#0"},"west":{"uv":[7,15,8,16],"texture":"#0"},"up":{"uv":[7,15,8,16],"texture":"#0"},"down":{"uv":[7,15,8,16],"texture":"#0"}}},{"from":[7.5,5,7],"to":[8.5,6,8],"rotation":{"angle":0,"axis":"y","origin":[8,13,15]},"faces":{"north":{"uv":[7,15,8,16],"texture":"#0"},"east":{"uv":[7,15,8,16],"texture":"#0"},"south":{"uv":[7,15,8,16],"texture":"#0"},"west":{"uv":[7,15,8,16],"texture":"#0"},"up":{"uv":[7,15,8,16],"texture":"#0"},"down":{"uv":[7,15,8,16],"texture":"#0"}}},{"from":[7.4,5,6],"to":[8.6,6,7],"rotation":{"angle":0,"axis":"y","origin":[8,13,14]},"faces":{"north":{"uv":[13,10,14,11],"texture":"#0"},"east":{"uv":[13,10,14,11],"texture":"#0"},"south":{"uv":[13,10,14,11],"texture":"#0"},"west":{"uv":[13,10,14,11],"texture":"#0"},"up":{"uv":[13,10,14,11],"texture":"#0"},"down":{"uv":[13,10,14,11],"texture":"#0"}}},{"from":[7.4,5,5],"to":[8.6,6,6],"rotation":{"angle":0,"axis":"y","origin":[8,13,13]},"faces":{"north":{"uv":[12,10,13,11],"texture":"#0"},"east":{"uv":[12,10,13,11],"texture":"#0"},"south":{"uv":[12,10,13,11],"texture":"#0"},"west":{"uv":[12,10,13,11],"texture":"#0"},"up":{"uv":[12,10,13,11],"texture":"#0"},"down":{"uv":[12,10,13,11],"texture":"#0"}}},{"from":[7.4,6,5],"to":[8.6,7,6],"rotation":{"angle":0,"axis":"y","origin":[8,14,13]},"faces":{"north":{"uv":[12,9,13,10],"texture":"#0"},"east":{"uv":[12,9,13,10],"texture":"#0"},"south":{"uv":[12,9,13,10],"texture":"#0"},"west":{"uv":[12,9,13,10],"texture":"#0"},"up":{"uv":[12,9,13,10],"texture":"#0"},"down":{"uv":[12,9,13,10],"texture":"#0"}}},{"from":[7.4,6,4],"to":[8.6,7,5],"rotation":{"angle":0,"axis":"y","origin":[8,14,12]},"faces":{"north":{"uv":[11,9,12,10],"texture":"#0"},"east":{"uv":[11,9,12,10],"texture":"#0"},"south":{"uv":[11,9,12,10],"texture":"#0"},"west":{"uv":[11,9,12,10],"texture":"#0"},"up":{"uv":[11,9,12,10],"texture":"#0"},"down":{"uv":[11,9,12,10],"texture":"#0"}}},{"from":[7.4,6,3],"to":[8.6,7,4],"rotation":{"angle":0,"axis":"y","origin":[8,14,11]},"faces":{"north":{"uv":[10,9,11,10],"texture":"#0"},"east":{"uv":[10,9,11,10],"texture":"#0"},"south":{"uv":[10,9,11,10],"texture":"#0"},"west":{"uv":[10,9,11,10],"texture":"#0"},"up":{"uv":[10,9,11,10],"texture":"#0"},"down":{"uv":[10,9,11,10],"texture":"#0"}}},{"from":[7.4,7,4],"to":[8.6,8,5],"rotation":{"angle":0,"axis":"y","origin":[8,15,12]},"faces":{"north":{"uv":[11,8,12,9],"texture":"#0"},"east":{"uv":[11,8,12,9],"texture":"#0"},"south":{"uv":[11,8,12,9],"texture":"#0"},"west":{"uv":[11,8,12,9],"texture":"#0"},"up":{"uv":[11,8,12,9],"texture":"#0"},"down":{"uv":[11,8,12,9],"texture":"#0"}}},{"from":[7.4,7,3],"to":[8.6,8,4],"rotation":{"angle":0,"axis":"y","origin":[8,15,11]},"faces":{"north":{"uv":[10,8,11,9],"texture":"#0"},"east":{"uv":[10,8,11,9],"texture":"#0"},"south":{"uv":[10,8,11,9],"texture":"#0"},"west":{"uv":[10,8,11,9],"texture":"#0"},"up":{"uv":[10,8,11,9],"texture":"#0"},"down":{"uv":[10,8,11,9],"texture":"#0"}}},{"from":[7.4,7,2],"to":[8.6,8,3],"rotation":{"angle":0,"axis":"y","origin":[8,15,10]},"faces":{"north":{"uv":[9,8,10,9],"texture":"#0"},"east":{"uv":[9,8,10,9],"texture":"#0"},"south":{"uv":[9,8,10,9],"texture":"#0"},"west":{"uv":[9,8,10,9],"texture":"#0"},"up":{"uv":[9,8,10,9],"texture":"#0"},"down":{"uv":[9,8,10,9],"texture":"#0"}}},{"from":[7.5,8,3],"to":[8.5,9,4],"rotation":{"angle":0,"axis":"y","origin":[8,16,11]},"faces":{"north":{"uv":[10,7,11,8],"texture":"#0"},"east":{"uv":[10,7,11,8],"texture":"#0"},"south":{"uv":[10,7,11,8],"texture":"#0"},"west":{"uv":[10,7,11,8],"texture":"#0"},"up":{"uv":[10,7,11,8],"texture":"#0"},"down":{"uv":[10,7,11,8],"texture":"#0"}}},{"from":[7.4,8,2],"to":[8.6,9,3],"rotation":{"angle":0,"axis":"y","origin":[8,16,10]},"faces":{"north":{"uv":[9,7,10,8],"texture":"#0"},"east":{"uv":[9,7,10,8],"texture":"#0"},"south":{"uv":[9,7,10,8],"texture":"#0"},"west":{"uv":[9,7,10,8],"texture":"#0"},"up":{"uv":[9,7,10,8],"texture":"#0"},"down":{"uv":[9,7,10,8],"texture":"#0"}}},{"from":[7.4,8,1],"to":[8.6,9,2],"rotation":{"angle":0,"axis":"y","origin":[8,16,9]},"faces":{"north":{"uv":[8,7,9,8],"texture":"#0"},"east":{"uv":[8,7,9,8],"texture":"#0"},"south":{"uv":[8,7,9,8],"texture":"#0"},"west":{"uv":[8,7,9,8],"texture":"#0"},"up":{"uv":[8,7,9,8],"texture":"#0"},"down":{"uv":[8,7,9,8],"texture":"#0"}}},{"from":[7.4,9,2],"to":[8.6,10,3],"rotation":{"angle":0,"axis":"y","origin":[8,17,10]},"faces":{"north":{"uv":[10,7,11,8],"texture":"#0"},"east":{"uv":[10,7,11,8],"texture":"#0"},"south":{"uv":[10,7,11,8],"texture":"#0"},"west":{"uv":[10,7,11,8],"texture":"#0"},"up":{"uv":[10,7,11,8],"texture":"#0"},"down":{"uv":[10,7,11,8],"texture":"#0"}}},{"from":[7.4,9,1],"to":[8.6,10,2],"rotation":{"angle":0,"axis":"y","origin":[8,17,9]},"faces":{"north":{"uv":[9,7,10,8],"texture":"#0"},"east":{"uv":[9,7,10,8],"texture":"#0"},"south":{"uv":[9,7,10,8],"texture":"#0"},"west":{"uv":[9,7,10,8],"texture":"#0"},"up":{"uv":[9,7,10,8],"texture":"#0"},"down":{"uv":[9,7,10,8],"texture":"#0"}}},{"from":[7.4,9,0],"to":[8.6,10,1],"rotation":{"angle":0,"axis":"y","origin":[8,17,8]},"faces":{"north":{"uv":[8,7,9,8],"texture":"#0"},"east":{"uv":[8,7,9,8],"texture":"#0"},"south":{"uv":[8,7,9,8],"texture":"#0"},"west":{"uv":[8,7,9,8],"texture":"#0"},"up":{"uv":[8,7,9,8],"texture":"#0"},"down":{"uv":[8,7,9,8],"texture":"#0"}}},{"from":[7.4,10,1],"to":[8.6,11,2],"rotation":{"angle":0,"axis":"y","origin":[8,18,9]},"faces":{"north":{"uv":[9,6,10,7],"texture":"#0"},"east":{"uv":[9,6,10,7],"texture":"#0"},"south":{"uv":[9,6,10,7],"texture":"#0"},"west":{"uv":[9,6,10,7],"texture":"#0"},"up":{"uv":[9,6,10,7],"texture":"#0"},"down":{"uv":[9,6,10,7],"texture":"#0"}}},{"from":[7.4,10,0],"to":[8.6,11,1],"rotation":{"angle":0,"axis":"y","origin":[8,18,8]},"faces":{"north":{"uv":[8,6,9,7],"texture":"#0"},"east":{"uv":[8,6,9,7],"texture":"#0"},"south":{"uv":[8,6,9,7],"texture":"#0"},"west":{"uv":[8,6,9,7],"texture":"#0"},"up":{"uv":[8,6,9,7],"texture":"#0"},"down":{"uv":[8,6,9,7],"texture":"#0"}}},{"from":[7.4,10,-1],"to":[8.6,11,0],"rotation":{"angle":0,"axis":"y","origin":[8,18,7]},"faces":{"north":{"uv":[6,5,7,6],"texture":"#0"},"east":{"uv":[6,5,7,6],"texture":"#0"},"south":{"uv":[6,5,7,6],"texture":"#0"},"west":{"uv":[6,5,7,6],"texture":"#0"},"up":{"uv":[6,5,7,6],"texture":"#0"},"down":{"uv":[6,5,7,6],"texture":"#0"}}},{"from":[7.4,11,0],"to":[8.6,12,1],"rotation":{"angle":0,"axis":"y","origin":[8,19,8]},"faces":{"north":{"uv":[7,4,8,5],"texture":"#0"},"east":{"uv":[7,4,8,5],"texture":"#0"},"south":{"uv":[7,4,8,5],"texture":"#0"},"west":{"uv":[7,4,8,5],"texture":"#0"},"up":{"uv":[7,4,8,5],"texture":"#0"},"down":{"uv":[7,4,8,5],"texture":"#0"}}},{"from":[7.4,11,-1],"to":[8.6,12,0],"rotation":{"angle":0,"axis":"y","origin":[8,19,7]},"faces":{"north":{"uv":[6,4,7,5],"texture":"#0"},"east":{"uv":[6,4,7,5],"texture":"#0"},"south":{"uv":[6,4,7,5],"texture":"#0"},"west":{"uv":[6,4,7,5],"texture":"#0"},"up":{"uv":[6,4,7,5],"texture":"#0"},"down":{"uv":[6,4,7,5],"texture":"#0"}}},{"from":[7.4,11,-2],"to":[8.6,12,-1],"rotation":{"angle":0,"axis":"y","origin":[8,19,6]},"faces":{"north":{"uv":[5,4,6,5],"texture":"#0"},"east":{"uv":[5,4,6,5],"texture":"#0"},"south":{"uv":[5,4,6,5],"texture":"#0"},"west":{"uv":[5,4,6,5],"texture":"#0"},"up":{"uv":[5,4,6,5],"texture":"#0"},"down":{"uv":[5,4,6,5],"texture":"#0"}}},{"from":[7.4,12,-1],"to":[8.6,13,0],"rotation":{"angle":0,"axis":"y","origin":[8,20,7]},"faces":{"north":{"uv":[6,3,7,4],"texture":"#0"},"east":{"uv":[6,3,7,4],"texture":"#0"},"south":{"uv":[6,3,7,4],"texture":"#0"},"west":{"uv":[6,3,7,4],"texture":"#0"},"up":{"uv":[6,3,7,4],"texture":"#0"},"down":{"uv":[6,3,7,4],"texture":"#0"}}},{"from":[7.4,12,-2],"to":[8.6,13,-1],"rotation":{"angle":0,"axis":"y","origin":[8,20,6]},"faces":{"north":{"uv":[5,3,6,4],"texture":"#0"},"east":{"uv":[5,3,6,4],"texture":"#0"},"south":{"uv":[5,3,6,4],"texture":"#0"},"west":{"uv":[5,3,6,4],"texture":"#0"},"up":{"uv":[5,3,6,4],"texture":"#0"},"down":{"uv":[5,3,6,4],"texture":"#0"}}},{"from":[7.4,12,-3],"to":[8.6,13,-2],"rotation":{"angle":0,"axis":"y","origin":[8,20,5]},"faces":{"north":{"uv":[4,3,5,4],"texture":"#0"},"east":{"uv":[4,3,5,4],"texture":"#0"},"south":{"uv":[4,3,5,4],"texture":"#0"},"west":{"uv":[4,3,5,4],"texture":"#0"},"up":{"uv":[4,3,5,4],"texture":"#0"},"down":{"uv":[4,3,5,4],"texture":"#0"}}},{"from":[7.4,13,-2],"to":[8.6,14,-1],"rotation":{"angle":0,"axis":"y","origin":[8,21,6]},"faces":{"north":{"uv":[5,2,6,3],"texture":"#0"},"east":{"uv":[5,2,6,3],"texture":"#0"},"south":{"uv":[5,2,6,3],"texture":"#0"},"west":{"uv":[5,2,6,3],"texture":"#0"},"up":{"uv":[5,2,6,3],"texture":"#0"},"down":{"uv":[5,2,6,3],"texture":"#0"}}},{"from":[7.5,13,-1],"to":[8.5,14,0],"rotation":{"angle":0,"axis":"y","origin":[8,21,7]},"faces":{"north":{"uv":[7,15,8,16],"texture":"#0"},"east":{"uv":[7,15,8,16],"texture":"#0"},"south":{"uv":[7,15,8,16],"texture":"#0"},"west":{"uv":[7,15,8,16],"texture":"#0"},"up":{"uv":[7,15,8,16],"texture":"#0"},"down":{"uv":[7,15,8,16],"texture":"#0"}}},{"from":[7.5,14,-2],"to":[8.5,15,0],"rotation":{"angle":0,"axis":"y","origin":[8,22,6]},"faces":{"north":{"uv":[7,15,8,16],"texture":"#0"},"east":{"uv":[7,15,8,16],"texture":"#0"},"south":{"uv":[7,15,8,16],"texture":"#0"},"west":{"uv":[7,15,8,16],"texture":"#0"},"up":{"uv":[7,15,8,16],"texture":"#0"},"down":{"uv":[7,15,8,16],"texture":"#0"}}},{"from":[7.5,11,-4],"to":[8.5,12,-2],"rotation":{"angle":0,"axis":"y","origin":[8,19,5]},"faces":{"north":{"uv":[7,15,8,16],"texture":"#0"},"east":{"uv":[7,15,8,16],"texture":"#0"},"south":{"uv":[7,15,8,16],"texture":"#0"},"west":{"uv":[7,15,8,16],"texture":"#0"},"up":{"uv":[7,15,8,16],"texture":"#0"},"down":{"uv":[7,15,8,16],"texture":"#0"}}},{"from":[7.5,3,4],"to":[8.5,4,5],"rotation":{"angle":0,"axis":"y","origin":[8,11,12]},"faces":{"north":{"uv":[7,15,8,16],"texture":"#0"},"east":{"uv":[7,15,8,16],"texture":"#0"},"south":{"uv":[7,15,8,16],"texture":"#0"},"west":{"uv":[7,15,8,16],"texture":"#0"},"up":{"uv":[7,15,8,16],"texture":"#0"},"down":{"uv":[7,15,8,16],"texture":"#0"}}},{"from":[7.4,3,3],"to":[8.6,4,4],"rotation":{"angle":0,"axis":"y","origin":[8,11,11]},"faces":{"north":{"uv":[10,12,11,13],"texture":"#0"},"east":{"uv":[10,12,11,13],"texture":"#0"},"south":{"uv":[10,12,11,13],"texture":"#0"},"west":{"uv":[10,12,11,13],"texture":"#0"},"up":{"uv":[10,12,11,13],"texture":"#0"},"down":{"uv":[10,12,11,13],"texture":"#0"}}},{"from":[7.4,4,2],"to":[8.6,5,3],"rotation":{"angle":0,"axis":"y","origin":[8,12,10]},"faces":{"north":{"uv":[9,11,10,12],"texture":"#0"},"east":{"uv":[9,11,10,12],"texture":"#0"},"south":{"uv":[9,11,10,12],"texture":"#0"},"west":{"uv":[9,11,10,12],"texture":"#0"},"up":{"uv":[9,11,10,12],"texture":"#0"},"down":{"uv":[9,11,10,12],"texture":"#0"}}},{"from":[7.5,5,4],"to":[8.5,6,5],"rotation":{"angle":0,"axis":"y","origin":[8,13,12]},"faces":{"north":{"uv":[11,10,12,11],"texture":"#0"},"east":{"uv":[11,10,12,11],"texture":"#0"},"south":{"uv":[11,10,12,11],"texture":"#0"},"west":{"uv":[11,10,12,11],"texture":"#0"},"up":{"uv":[11,10,12,11],"texture":"#0"},"down":{"uv":[11,10,12,11],"texture":"#0"}}},{"from":[7.4,5,3],"to":[8.6,6,4],"rotation":{"angle":0,"axis":"y","origin":[8,13,11]},"faces":{"north":{"uv":[10,10,11,11],"texture":"#0"},"east":{"uv":[10,10,11,11],"texture":"#0"},"south":{"uv":[10,10,11,11],"texture":"#0"},"west":{"uv":[10,10,11,11],"texture":"#0"},"up":{"uv":[10,10,11,11],"texture":"#0"},"down":{"uv":[10,10,11,11],"texture":"#0"}}},{"from":[7.5,4,3],"to":[8.5,5,6],"rotation":{"angle":0,"axis":"y","origin":[8,12,13]},"faces":{"north":{"uv":[11,11,12,12],"texture":"#0"},"east":{"uv":[11,11,12,12],"texture":"#0"},"south":{"uv":[11,11,12,12],"texture":"#0"},"west":{"uv":[11,11,12,12],"texture":"#0"},"up":{"uv":[11,11,12,12],"texture":"#0"},"down":{"uv":[11,11,12,12],"texture":"#0"}}}]}