{"display":{"thirdperson_righthand":{"translation":[0,-2,-2]},"thirdperson_lefthand":{"translation":[0,-2,-2]},"firstperson_righthand":{"rotation":[-45,0,0],"scale":[0.7,0.7,0.7]},"firstperson_lefthand":{"rotation":[-45,0,0],"scale":[0.7,0.7,0.7]},"ground":{"scale":[0.7,0.7,0.7]},"gui":{"rotation":[0,90,0],"translation":[-3.25,-3.25,0],"scale":[0.6,0.6,0.6]},"fixed":{"rotation":[0,-90,0],"translation":[3.25,-3.25,0],"scale":[0.6,0.6,0.6]}},"gui_light":"front","texture_size":[32,32],"textures":{"0":"item/gunpowder/9","particle":"item/gunpowder/9"},"elements":[{"from":[7.5,0,0],"to":[8.5,1,1],"faces":{"north":{"uv":[0,15.5,0.5,16],"texture":"#0"},"east":{"uv":[0,15.5,0.5,16],"texture":"#0"},"south":{"uv":[0,15.5,0.5,16],"texture":"#0"},"west":{"uv":[0,15.5,0.5,16],"texture":"#0"},"up":{"uv":[0,15.5,0.5,16],"texture":"#0"},"down":{"uv":[0,15.5,0.5,16],"texture":"#0"}}},{"from":[7.5,1,1],"to":[8.5,2,2],"rotation":{"angle":0,"axis":"y","origin":[8,9,9]},"faces":{"north":{"uv":[0.5,15,1,15.5],"texture":"#0"},"east":{"uv":[0.5,15,1,15.5],"texture":"#0"},"south":{"uv":[0.5,15,1,15.5],"texture":"#0"},"west":{"uv":[0.5,15,1,15.5],"texture":"#0"},"up":{"uv":[0.5,15,1,15.5],"texture":"#0"},"down":{"uv":[0.5,15,1,15.5],"texture":"#0"}}},{"from":[7.5,2,2],"to":[8.5,3,3],"rotation":{"angle":0,"axis":"y","origin":[8,10,10]},"faces":{"north":{"uv":[1,14.5,1.5,15],"texture":"#0"},"east":{"uv":[1,14.5,1.5,15],"texture":"#0"},"south":{"uv":[1,14.5,1.5,15],"texture":"#0"},"west":{"uv":[1,14.5,1.5,15],"texture":"#0"},"up":{"uv":[1,14.5,1.5,15],"texture":"#0"},"down":{"uv":[1,14.5,1.5,15],"texture":"#0"}}},{"from":[7.5,2,3],"to":[8.5,3,4],"rotation":{"angle":0,"axis":"y","origin":[8,10,11]},"faces":{"north":{"uv":[1.5,14.5,2,15],"texture":"#0"},"east":{"uv":[1.5,14.5,2,15],"texture":"#0"},"south":{"uv":[1.5,14.5,2,15],"texture":"#0"},"west":{"uv":[1.5,14.5,2,15],"texture":"#0"},"up":{"uv":[1.5,14.5,2,15],"texture":"#0"},"down":{"uv":[1.5,14.5,2,15],"texture":"#0"}}},{"from":[7.5,1,4],"to":[8.5,2,5],"rotation":{"angle":0,"axis":"y","origin":[8,9,12]},"faces":{"north":{"uv":[2,15,2.5,15.5],"texture":"#0"},"east":{"uv":[2,15,2.5,15.5],"texture":"#0"},"south":{"uv":[2,15,2.5,15.5],"texture":"#0"},"west":{"uv":[2,15,2.5,15.5],"texture":"#0"},"up":{"uv":[2,15,2.5,15.5],"texture":"#0"},"down":{"uv":[2,15,2.5,15.5],"texture":"#0"}}},{"from":[7.5,3,2],"to":[8.5,4,3],"rotation":{"angle":0,"axis":"y","origin":[8,11,10]},"faces":{"north":{"uv":[1,14,1.5,14.5],"texture":"#0"},"east":{"uv":[1,14,1.5,14.5],"texture":"#0"},"south":{"uv":[1,14,1.5,14.5],"texture":"#0"},"west":{"uv":[1,14,1.5,14.5],"texture":"#0"},"up":{"uv":[1,14,1.5,14.5],"texture":"#0"},"down":{"uv":[1,14,1.5,14.5],"texture":"#0"}}},{"from":[7.3,3,3],"to":[8.7,4,4],"rotation":{"angle":0,"axis":"y","origin":[8,11,11]},"faces":{"north":{"uv":[1.5,14,2,14.5],"texture":"#0"},"east":{"uv":[1.5,14,2,14.5],"texture":"#0"},"south":{"uv":[1.5,14,2,14.5],"texture":"#0"},"west":{"uv":[1.5,14,2,14.5],"texture":"#0"},"up":{"uv":[1.5,14,2,14.5],"texture":"#0"},"down":{"uv":[1.5,14,2,14.5],"texture":"#0"}}},{"from":[7.5,3,4],"to":[8.5,4,5],"rotation":{"angle":0,"axis":"y","origin":[8,11,12]},"faces":{"north":{"uv":[2,14,2.5,14.5],"texture":"#0"},"east":{"uv":[2,14,2.5,14.5],"texture":"#0"},"south":{"uv":[2,14,2.5,14.5],"texture":"#0"},"west":{"uv":[2,14,2.5,14.5],"texture":"#0"},"up":{"uv":[2,14,2.5,14.5],"texture":"#0"},"down":{"uv":[2,14,2.5,14.5],"texture":"#0"}}},{"from":[7.5,4,3],"to":[8.5,5,4],"rotation":{"angle":0,"axis":"y","origin":[8,12,11]},"faces":{"north":{"uv":[1.5,13.5,2,14],"texture":"#0"},"east":{"uv":[1.5,13.5,2,14],"texture":"#0"},"south":{"uv":[1.5,13.5,2,14],"texture":"#0"},"west":{"uv":[1.5,13.5,2,14],"texture":"#0"},"up":{"uv":[1.5,13.5,2,14],"texture":"#0"},"down":{"uv":[1.5,13.5,2,14],"texture":"#0"}}},{"from":[7.3,4,4],"to":[8.7,5,5],"rotation":{"angle":0,"axis":"y","origin":[8,12,12]},"faces":{"north":{"uv":[2,13.5,2.5,14],"texture":"#0"},"east":{"uv":[2,13.5,2.5,14],"texture":"#0"},"south":{"uv":[2,13.5,2.5,14],"texture":"#0"},"west":{"uv":[2,13.5,2.5,14],"texture":"#0"},"up":{"uv":[2,13.5,2.5,14],"texture":"#0"},"down":{"uv":[2,13.5,2.5,14],"texture":"#0"}}},{"from":[7.5,4,5],"to":[8.5,5,6],"rotation":{"angle":0,"axis":"y","origin":[8,12,13]},"faces":{"north":{"uv":[2.5,13.5,3,14],"texture":"#0"},"east":{"uv":[2.5,13.5,3,14],"texture":"#0"},"south":{"uv":[2.5,13.5,3,14],"texture":"#0"},"west":{"uv":[2.5,13.5,3,14],"texture":"#0"},"up":{"uv":[2.5,13.5,3,14],"texture":"#0"},"down":{"uv":[2.5,13.5,3,14],"texture":"#0"}}},{"from":[7.5,5,4],"to":[8.5,6,5],"rotation":{"angle":0,"axis":"y","origin":[8,13,12]},"faces":{"north":{"uv":[2,13,2.5,13.5],"texture":"#0"},"east":{"uv":[2,13,2.5,13.5],"texture":"#0"},"south":{"uv":[2,13,2.5,13.5],"texture":"#0"},"west":{"uv":[2,13,2.5,13.5],"texture":"#0"},"up":{"uv":[2,13,2.5,13.5],"texture":"#0"},"down":{"uv":[2,13,2.5,13.5],"texture":"#0"}}},{"from":[7.3,5,5],"to":[8.7,6,6],"rotation":{"angle":0,"axis":"y","origin":[8,13,13]},"faces":{"north":{"uv":[2.5,13,3,13.5],"texture":"#0"},"east":{"uv":[2.5,13,3,13.5],"texture":"#0"},"south":{"uv":[2.5,13,3,13.5],"texture":"#0"},"west":{"uv":[2.5,13,3,13.5],"texture":"#0"},"up":{"uv":[2.5,13,3,13.5],"texture":"#0"},"down":{"uv":[2.5,13,3,13.5],"texture":"#0"}}},{"from":[7.5,5,6],"to":[8.5,6,7],"rotation":{"angle":0,"axis":"y","origin":[8,13,14]},"faces":{"north":{"uv":[3,13,3.5,13.5],"texture":"#0"},"east":{"uv":[3,13,3.5,13.5],"texture":"#0"},"south":{"uv":[3,13,3.5,13.5],"texture":"#0"},"west":{"uv":[3,13,3.5,13.5],"texture":"#0"},"up":{"uv":[3,13,3.5,13.5],"texture":"#0"},"down":{"uv":[3,13,3.5,13.5],"texture":"#0"}}},{"from":[7.5,6,5],"to":[8.5,7,6],"rotation":{"angle":0,"axis":"y","origin":[8,14,13]},"faces":{"north":{"uv":[2.5,12.5,3,13],"texture":"#0"},"east":{"uv":[2.5,12.5,3,13],"texture":"#0"},"south":{"uv":[2.5,12.5,3,13],"texture":"#0"},"west":{"uv":[2.5,12.5,3,13],"texture":"#0"},"up":{"uv":[2.5,12.5,3,13],"texture":"#0"},"down":{"uv":[2.5,12.5,3,13],"texture":"#0"}}},{"from":[7.3,6,6],"to":[8.7,7,7],"rotation":{"angle":0,"axis":"y","origin":[8,14,14]},"faces":{"north":{"uv":[3,12.5,3.5,13],"texture":"#0"},"east":{"uv":[3,12.5,3.5,13],"texture":"#0"},"south":{"uv":[3,12.5,3.5,13],"texture":"#0"},"west":{"uv":[3,12.5,3.5,13],"texture":"#0"},"up":{"uv":[3,12.5,3.5,13],"texture":"#0"},"down":{"uv":[3,12.5,3.5,13],"texture":"#0"}}},{"from":[7.5,6,7],"to":[8.5,7,8],"rotation":{"angle":0,"axis":"y","origin":[8,14,15]},"faces":{"north":{"uv":[3.5,12.5,4,13],"texture":"#0"},"east":{"uv":[3.5,12.5,4,13],"texture":"#0"},"south":{"uv":[3.5,12.5,4,13],"texture":"#0"},"west":{"uv":[3.5,12.5,4,13],"texture":"#0"},"up":{"uv":[3.5,12.5,4,13],"texture":"#0"},"down":{"uv":[3.5,12.5,4,13],"texture":"#0"}}},{"from":[7.5,7,6],"to":[8.5,8,7],"rotation":{"angle":0,"axis":"y","origin":[8,15,14]},"faces":{"north":{"uv":[3,12,3.5,12.5],"texture":"#0"},"east":{"uv":[3,12,3.5,12.5],"texture":"#0"},"south":{"uv":[3,12,3.5,12.5],"texture":"#0"},"west":{"uv":[3,12,3.5,12.5],"texture":"#0"},"up":{"uv":[3,12,3.5,12.5],"texture":"#0"},"down":{"uv":[3,12,3.5,12.5],"texture":"#0"}}},{"from":[7.3,7,7],"to":[8.7,8,8],"rotation":{"angle":0,"axis":"y","origin":[8,15,15]},"faces":{"north":{"uv":[3.5,12,4,12.5],"texture":"#0"},"east":{"uv":[3.5,12,4,12.5],"texture":"#0"},"south":{"uv":[3.5,12,4,12.5],"texture":"#0"},"west":{"uv":[3.5,12,4,12.5],"texture":"#0"},"up":{"uv":[3.5,12,4,12.5],"texture":"#0"},"down":{"uv":[3.5,12,4,12.5],"texture":"#0"}}},{"from":[7.5,7,8],"to":[8.5,8,9],"rotation":{"angle":0,"axis":"y","origin":[8,15,16]},"faces":{"north":{"uv":[4,12,4.5,12.5],"texture":"#0"},"east":{"uv":[4,12,4.5,12.5],"texture":"#0"},"south":{"uv":[4,12,4.5,12.5],"texture":"#0"},"west":{"uv":[4,12,4.5,12.5],"texture":"#0"},"up":{"uv":[4,12,4.5,12.5],"texture":"#0"},"down":{"uv":[4,12,4.5,12.5],"texture":"#0"}}},{"from":[7.5,8,7],"to":[8.5,9,8],"rotation":{"angle":0,"axis":"y","origin":[8,16,15]},"faces":{"north":{"uv":[3.5,11.5,4,12],"texture":"#0"},"east":{"uv":[3.5,11.5,4,12],"texture":"#0"},"south":{"uv":[3.5,11.5,4,12],"texture":"#0"},"west":{"uv":[3.5,11.5,4,12],"texture":"#0"},"up":{"uv":[3.5,11.5,4,12],"texture":"#0"},"down":{"uv":[3.5,11.5,4,12],"texture":"#0"}}},{"from":[7.3,8,8],"to":[8.7,9,9],"rotation":{"angle":0,"axis":"y","origin":[8,16,16]},"faces":{"north":{"uv":[4,11.5,4.5,12],"texture":"#0"},"east":{"uv":[4,11.5,4.5,12],"texture":"#0"},"south":{"uv":[4,11.5,4.5,12],"texture":"#0"},"west":{"uv":[4,11.5,4.5,12],"texture":"#0"},"up":{"uv":[4,11.5,4.5,12],"texture":"#0"},"down":{"uv":[4,11.5,4.5,12],"texture":"#0"}}},{"from":[7.5,8,9],"to":[8.5,9,10],"rotation":{"angle":0,"axis":"y","origin":[8,16,17]},"faces":{"north":{"uv":[4.5,11.5,5,12],"texture":"#0"},"east":{"uv":[4.5,11.5,5,12],"texture":"#0"},"south":{"uv":[4.5,11.5,5,12],"texture":"#0"},"west":{"uv":[4.5,11.5,5,12],"texture":"#0"},"up":{"uv":[4.5,11.5,5,12],"texture":"#0"},"down":{"uv":[4.5,11.5,5,12],"texture":"#0"}}},{"from":[7.5,9,8],"to":[8.5,10,9],"rotation":{"angle":0,"axis":"y","origin":[8,17,16]},"faces":{"north":{"uv":[4,11,4.5,11.5],"texture":"#0"},"east":{"uv":[4,11,4.5,11.5],"texture":"#0"},"south":{"uv":[4,11,4.5,11.5],"texture":"#0"},"west":{"uv":[4,11,4.5,11.5],"texture":"#0"},"up":{"uv":[4,11,4.5,11.5],"texture":"#0"},"down":{"uv":[4,11,4.5,11.5],"texture":"#0"}}},{"from":[7.3,9,9],"to":[8.7,10,10],"rotation":{"angle":0,"axis":"y","origin":[8,17,17]},"faces":{"north":{"uv":[4.5,11,5,11.5],"texture":"#0"},"east":{"uv":[4.5,11,5,11.5],"texture":"#0"},"south":{"uv":[4.5,11,5,11.5],"texture":"#0"},"west":{"uv":[4.5,11,5,11.5],"texture":"#0"},"up":{"uv":[4.5,11,5,11.5],"texture":"#0"},"down":{"uv":[4.5,11,5,11.5],"texture":"#0"}}},{"from":[7.5,9,10],"to":[8.5,10,11],"rotation":{"angle":0,"axis":"y","origin":[8,17,18]},"faces":{"north":{"uv":[5,11,5.5,11.5],"texture":"#0"},"east":{"uv":[5,11,5.5,11.5],"texture":"#0"},"south":{"uv":[5,11,5.5,11.5],"texture":"#0"},"west":{"uv":[5,11,5.5,11.5],"texture":"#0"},"up":{"uv":[5,11,5.5,11.5],"texture":"#0"},"down":{"uv":[5,11,5.5,11.5],"texture":"#0"}}},{"from":[7.5,10,9],"to":[8.5,11,10],"rotation":{"angle":0,"axis":"y","origin":[8,18,17]},"faces":{"north":{"uv":[4.5,10.5,5,11],"texture":"#0"},"east":{"uv":[4.5,10.5,5,11],"texture":"#0"},"south":{"uv":[4.5,10.5,5,11],"texture":"#0"},"west":{"uv":[4.5,10.5,5,11],"texture":"#0"},"up":{"uv":[4.5,10.5,5,11],"texture":"#0"},"down":{"uv":[4.5,10.5,5,11],"texture":"#0"}}},{"from":[7.3,10,10],"to":[8.7,11,11],"rotation":{"angle":0,"axis":"y","origin":[8,18,18]},"faces":{"north":{"uv":[5,10.5,5.5,11],"texture":"#0"},"east":{"uv":[5,10.5,5.5,11],"texture":"#0"},"south":{"uv":[5,10.5,5.5,11],"texture":"#0"},"west":{"uv":[5,10.5,5.5,11],"texture":"#0"},"up":{"uv":[5,10.5,5.5,11],"texture":"#0"},"down":{"uv":[5,10.5,5.5,11],"texture":"#0"}}},{"from":[7.5,10,11],"to":[8.5,11,12],"rotation":{"angle":0,"axis":"y","origin":[8,18,19]},"faces":{"north":{"uv":[5.5,10.5,6,11],"texture":"#0"},"east":{"uv":[5.5,10.5,6,11],"texture":"#0"},"south":{"uv":[5.5,10.5,6,11],"texture":"#0"},"west":{"uv":[5.5,10.5,6,11],"texture":"#0"},"up":{"uv":[5.5,10.5,6,11],"texture":"#0"},"down":{"uv":[5.5,10.5,6,11],"texture":"#0"}}},{"from":[7.5,11,10],"to":[8.5,12,11],"rotation":{"angle":0,"axis":"y","origin":[8,19,18]},"faces":{"north":{"uv":[5,10,5.5,10.5],"texture":"#0"},"east":{"uv":[5,10,5.5,10.5],"texture":"#0"},"south":{"uv":[5,10,5.5,10.5],"texture":"#0"},"west":{"uv":[5,10,5.5,10.5],"texture":"#0"},"up":{"uv":[5,10,5.5,10.5],"texture":"#0"},"down":{"uv":[5,10,5.5,10.5],"texture":"#0"}}},{"from":[7.3,11,11],"to":[8.7,12,12],"rotation":{"angle":0,"axis":"y","origin":[8,19,19]},"faces":{"north":{"uv":[5.5,10,6,10.5],"texture":"#0"},"east":{"uv":[5.5,10,6,10.5],"texture":"#0"},"south":{"uv":[5.5,10,6,10.5],"texture":"#0"},"west":{"uv":[5.5,10,6,10.5],"texture":"#0"},"up":{"uv":[5.5,10,6,10.5],"texture":"#0"},"down":{"uv":[5.5,10,6,10.5],"texture":"#0"}}},{"from":[7.5,11,12],"to":[8.5,12,13],"rotation":{"angle":0,"axis":"y","origin":[8,19,20]},"faces":{"north":{"uv":[6,10,6.5,10.5],"texture":"#0"},"east":{"uv":[6,10,6.5,10.5],"texture":"#0"},"south":{"uv":[6,10,6.5,10.5],"texture":"#0"},"west":{"uv":[6,10,6.5,10.5],"texture":"#0"},"up":{"uv":[6,10,6.5,10.5],"texture":"#0"},"down":{"uv":[6,10,6.5,10.5],"texture":"#0"}}},{"from":[7.5,12,11],"to":[8.5,13,12],"rotation":{"angle":0,"axis":"y","origin":[8,20,19]},"faces":{"north":{"uv":[5.5,9.5,6,10],"texture":"#0"},"east":{"uv":[5.5,9.5,6,10],"texture":"#0"},"south":{"uv":[5.5,9.5,6,10],"texture":"#0"},"west":{"uv":[5.5,9.5,6,10],"texture":"#0"},"up":{"uv":[5.5,9.5,6,10],"texture":"#0"},"down":{"uv":[5.5,9.5,6,10],"texture":"#0"}}},{"from":[7.3,12,12],"to":[8.7,13,13],"rotation":{"angle":0,"axis":"y","origin":[8,20,20]},"faces":{"north":{"uv":[6,9.5,6.5,10],"texture":"#0"},"east":{"uv":[6,9.5,6.5,10],"texture":"#0"},"south":{"uv":[6,9.5,6.5,10],"texture":"#0"},"west":{"uv":[6,9.5,6.5,10],"texture":"#0"},"up":{"uv":[6,9.5,6.5,10],"texture":"#0"},"down":{"uv":[6,9.5,6.5,10],"texture":"#0"}}},{"from":[7.5,12,13],"to":[8.5,13,14],"rotation":{"angle":0,"axis":"y","origin":[8,20,21]},"faces":{"north":{"uv":[6.5,9.5,7,10],"texture":"#0"},"east":{"uv":[6.5,9.5,7,10],"texture":"#0"},"south":{"uv":[6.5,9.5,7,10],"texture":"#0"},"west":{"uv":[6.5,9.5,7,10],"texture":"#0"},"up":{"uv":[6.5,9.5,7,10],"texture":"#0"},"down":{"uv":[6.5,9.5,7,10],"texture":"#0"}}},{"from":[7.5,13,12],"to":[8.5,14,13],"rotation":{"angle":0,"axis":"y","origin":[8,21,20]},"faces":{"north":{"uv":[6,9,6.5,9.5],"texture":"#0"},"east":{"uv":[6,9,6.5,9.5],"texture":"#0"},"south":{"uv":[6,9,6.5,9.5],"texture":"#0"},"west":{"uv":[6,9,6.5,9.5],"texture":"#0"},"up":{"uv":[6,9,6.5,9.5],"texture":"#0"},"down":{"uv":[6,9,6.5,9.5],"texture":"#0"}}},{"from":[7.3,13,13],"to":[8.7,14,14],"rotation":{"angle":0,"axis":"y","origin":[8,21,21]},"faces":{"north":{"uv":[6.5,9,7,9.5],"texture":"#0"},"east":{"uv":[6.5,9,7,9.5],"texture":"#0"},"south":{"uv":[6.5,9,7,9.5],"texture":"#0"},"west":{"uv":[6.5,9,7,9.5],"texture":"#0"},"up":{"uv":[6.5,9,7,9.5],"texture":"#0"},"down":{"uv":[6.5,9,7,9.5],"texture":"#0"}}},{"from":[7.5,13,14],"to":[8.5,14,15],"rotation":{"angle":0,"axis":"y","origin":[8,21,22]},"faces":{"north":{"uv":[7,9,7.5,9.5],"texture":"#0"},"east":{"uv":[7,9,7.5,9.5],"texture":"#0"},"south":{"uv":[7,9,7.5,9.5],"texture":"#0"},"west":{"uv":[7,9,7.5,9.5],"texture":"#0"},"up":{"uv":[7,9,7.5,9.5],"texture":"#0"},"down":{"uv":[7,9,7.5,9.5],"texture":"#0"}}},{"from":[7.5,14,13],"to":[8.5,15,14],"rotation":{"angle":0,"axis":"y","origin":[8,22,21]},"faces":{"north":{"uv":[6.5,8.5,7,9],"texture":"#0"},"east":{"uv":[6.5,8.5,7,9],"texture":"#0"},"south":{"uv":[6.5,8.5,7,9],"texture":"#0"},"west":{"uv":[6.5,8.5,7,9],"texture":"#0"},"up":{"uv":[6.5,8.5,7,9],"texture":"#0"},"down":{"uv":[6.5,8.5,7,9],"texture":"#0"}}},{"from":[7.3,14,14],"to":[8.7,15,15],"rotation":{"angle":0,"axis":"y","origin":[8,22,22]},"faces":{"north":{"uv":[7,8.5,7.5,9],"texture":"#0"},"east":{"uv":[7,8.5,7.5,9],"texture":"#0"},"south":{"uv":[7,8.5,7.5,9],"texture":"#0"},"west":{"uv":[7,8.5,7.5,9],"texture":"#0"},"up":{"uv":[7,8.5,7.5,9],"texture":"#0"},"down":{"uv":[7,8.5,7.5,9],"texture":"#0"}}},{"from":[7.5,14,15],"to":[8.5,15,16],"rotation":{"angle":0,"axis":"y","origin":[8,22,23]},"faces":{"north":{"uv":[7.5,8.5,8,9],"texture":"#0"},"east":{"uv":[7.5,8.5,8,9],"texture":"#0"},"south":{"uv":[7.5,8.5,8,9],"texture":"#0"},"west":{"uv":[7.5,8.5,8,9],"texture":"#0"},"up":{"uv":[7.5,8.5,8,9],"texture":"#0"},"down":{"uv":[7.5,8.5,8,9],"texture":"#0"}}},{"from":[7.5,15,14],"to":[8.5,16,15],"rotation":{"angle":0,"axis":"y","origin":[8,23,22]},"faces":{"north":{"uv":[7,8,7.5,8.5],"texture":"#0"},"east":{"uv":[7,8,7.5,8.5],"texture":"#0"},"south":{"uv":[7,8,7.5,8.5],"texture":"#0"},"west":{"uv":[7,8,7.5,8.5],"texture":"#0"},"up":{"uv":[7,8,7.5,8.5],"texture":"#0"},"down":{"uv":[7,8,7.5,8.5],"texture":"#0"}}},{"from":[7.3,15,15],"to":[8.7,16,16],"rotation":{"angle":0,"axis":"y","origin":[8,23,23]},"faces":{"north":{"uv":[7.5,8,8,8.5],"texture":"#0"},"east":{"uv":[7.5,8,8,8.5],"texture":"#0"},"south":{"uv":[7.5,8,8,8.5],"texture":"#0"},"west":{"uv":[7.5,8,8,8.5],"texture":"#0"},"up":{"uv":[7.5,8,8,8.5],"texture":"#0"},"down":{"uv":[7.5,8,8,8.5],"texture":"#0"}}},{"from":[7.5,15,16],"to":[8.5,16,17],"rotation":{"angle":0,"axis":"y","origin":[8,23,24]},"faces":{"north":{"uv":[8,8,8.5,8.5],"texture":"#0"},"east":{"uv":[8,8,8.5,8.5],"texture":"#0"},"south":{"uv":[8,8,8.5,8.5],"texture":"#0"},"west":{"uv":[8,8,8.5,8.5],"texture":"#0"},"up":{"uv":[8,8,8.5,8.5],"texture":"#0"},"down":{"uv":[8,8,8.5,8.5],"texture":"#0"}}},{"from":[7.5,16,15],"to":[8.5,17,16],"rotation":{"angle":0,"axis":"y","origin":[8,24,23]},"faces":{"north":{"uv":[7.5,7.5,8,8],"texture":"#0"},"east":{"uv":[7.5,7.5,8,8],"texture":"#0"},"south":{"uv":[7.5,7.5,8,8],"texture":"#0"},"west":{"uv":[7.5,7.5,8,8],"texture":"#0"},"up":{"uv":[7.5,7.5,8,8],"texture":"#0"},"down":{"uv":[7.5,7.5,8,8],"texture":"#0"}}},{"from":[7.3,16,16],"to":[8.7,17,17],"rotation":{"angle":0,"axis":"y","origin":[8,24,24]},"faces":{"north":{"uv":[8,7.5,8.5,8],"texture":"#0"},"east":{"uv":[8,7.5,8.5,8],"texture":"#0"},"south":{"uv":[8,7.5,8.5,8],"texture":"#0"},"west":{"uv":[8,7.5,8.5,8],"texture":"#0"},"up":{"uv":[8,7.5,8.5,8],"texture":"#0"},"down":{"uv":[8,7.5,8.5,8],"texture":"#0"}}},{"from":[7.5,16,17],"to":[8.5,17,18],"rotation":{"angle":0,"axis":"y","origin":[8,24,25]},"faces":{"north":{"uv":[8.5,7.5,9,8],"texture":"#0"},"east":{"uv":[8.5,7.5,9,8],"texture":"#0"},"south":{"uv":[8.5,7.5,9,8],"texture":"#0"},"west":{"uv":[8.5,7.5,9,8],"texture":"#0"},"up":{"uv":[8.5,7.5,9,8],"texture":"#0"},"down":{"uv":[8.5,7.5,9,8],"texture":"#0"}}},{"from":[7.5,17,16],"to":[8.5,18,17],"rotation":{"angle":0,"axis":"y","origin":[8,25,24]},"faces":{"north":{"uv":[8,7,8.5,7.5],"texture":"#0"},"east":{"uv":[8,7,8.5,7.5],"texture":"#0"},"south":{"uv":[8,7,8.5,7.5],"texture":"#0"},"west":{"uv":[8,7,8.5,7.5],"texture":"#0"},"up":{"uv":[8,7,8.5,7.5],"texture":"#0"},"down":{"uv":[8,7,8.5,7.5],"texture":"#0"}}},{"from":[7.3,17,17],"to":[8.7,18,18],"rotation":{"angle":0,"axis":"y","origin":[8,25,25]},"faces":{"north":{"uv":[8.5,7,9,7.5],"texture":"#0"},"east":{"uv":[8.5,7,9,7.5],"texture":"#0"},"south":{"uv":[8.5,7,9,7.5],"texture":"#0"},"west":{"uv":[8.5,7,9,7.5],"texture":"#0"},"up":{"uv":[8.5,7,9,7.5],"texture":"#0"},"down":{"uv":[8.5,7,9,7.5],"texture":"#0"}}},{"from":[7.5,17,18],"to":[8.5,18,19],"rotation":{"angle":0,"axis":"y","origin":[8,25,26]},"faces":{"north":{"uv":[9,7,9.5,7.5],"texture":"#0"},"east":{"uv":[9,7,9.5,7.5],"texture":"#0"},"south":{"uv":[9,7,9.5,7.5],"texture":"#0"},"west":{"uv":[9,7,9.5,7.5],"texture":"#0"},"up":{"uv":[9,7,9.5,7.5],"texture":"#0"},"down":{"uv":[9,7,9.5,7.5],"texture":"#0"}}},{"from":[7.5,17,19],"to":[8.5,18,20],"rotation":{"angle":0,"axis":"y","origin":[8,25,27]},"faces":{"north":{"uv":[9.5,7,10,7.5],"texture":"#0"},"east":{"uv":[9.5,7,10,7.5],"texture":"#0"},"south":{"uv":[9.5,7,10,7.5],"texture":"#0"},"west":{"uv":[9.5,7,10,7.5],"texture":"#0"},"up":{"uv":[9.5,7,10,7.5],"texture":"#0"},"down":{"uv":[9.5,7,10,7.5],"texture":"#0"}}},{"from":[7.5,17,20],"to":[8.5,18,21],"rotation":{"angle":0,"axis":"y","origin":[8,25,28]},"faces":{"north":{"uv":[10,7,10.5,7.5],"texture":"#0"},"east":{"uv":[10,7,10.5,7.5],"texture":"#0"},"south":{"uv":[10,7,10.5,7.5],"texture":"#0"},"west":{"uv":[10,7,10.5,7.5],"texture":"#0"},"up":{"uv":[10,7,10.5,7.5],"texture":"#0"},"down":{"uv":[10,7,10.5,7.5],"texture":"#0"}}},{"from":[7.5,17,21],"to":[8.5,18,22],"rotation":{"angle":0,"axis":"y","origin":[8,25,29]},"faces":{"north":{"uv":[10.5,7,11,7.5],"texture":"#0"},"east":{"uv":[10.5,7,11,7.5],"texture":"#0"},"south":{"uv":[10.5,7,11,7.5],"texture":"#0"},"west":{"uv":[10.5,7,11,7.5],"texture":"#0"},"up":{"uv":[10.5,7,11,7.5],"texture":"#0"},"down":{"uv":[10.5,7,11,7.5],"texture":"#0"}}},{"from":[7.5,18,21],"to":[8.5,19,22],"rotation":{"angle":0,"axis":"y","origin":[8,26,29]},"faces":{"north":{"uv":[10.5,6.5,11,7],"texture":"#0"},"east":{"uv":[10.5,6.5,11,7],"texture":"#0"},"south":{"uv":[10.5,6.5,11,7],"texture":"#0"},"west":{"uv":[10.5,6.5,11,7],"texture":"#0"},"up":{"uv":[10.5,6.5,11,7],"texture":"#0"},"down":{"uv":[10.5,6.5,11,7],"texture":"#0"}}},{"from":[7.5,18,22],"to":[8.5,19,23],"rotation":{"angle":0,"axis":"y","origin":[8,26,30]},"faces":{"north":{"uv":[11,6.5,11.5,7],"texture":"#0"},"east":{"uv":[11,6.5,11.5,7],"texture":"#0"},"south":{"uv":[11,6.5,11.5,7],"texture":"#0"},"west":{"uv":[11,6.5,11.5,7],"texture":"#0"},"up":{"uv":[11,6.5,11.5,7],"texture":"#0"},"down":{"uv":[11,6.5,11.5,7],"texture":"#0"}}},{"from":[7.5,19,22],"to":[8.5,20,23],"rotation":{"angle":0,"axis":"y","origin":[8,27,30]},"faces":{"north":{"uv":[11,6,11.5,6.5],"texture":"#0"},"east":{"uv":[11,6,11.5,6.5],"texture":"#0"},"south":{"uv":[11,6,11.5,6.5],"texture":"#0"},"west":{"uv":[11,6,11.5,6.5],"texture":"#0"},"up":{"uv":[11,6,11.5,6.5],"texture":"#0"},"down":{"uv":[11,6,11.5,6.5],"texture":"#0"}}},{"from":[7.5,20,23],"to":[8.5,21,24],"rotation":{"angle":0,"axis":"y","origin":[8,28,31]},"faces":{"north":{"uv":[11.5,5.5,12,6],"texture":"#0"},"east":{"uv":[11.5,5.5,12,6],"texture":"#0"},"south":{"uv":[11.5,5.5,12,6],"texture":"#0"},"west":{"uv":[11.5,5.5,12,6],"texture":"#0"},"up":{"uv":[11.5,5.5,12,6],"texture":"#0"},"down":{"uv":[11.5,5.5,12,6],"texture":"#0"}}},{"from":[7.5,21,23],"to":[8.5,22,24],"rotation":{"angle":0,"axis":"y","origin":[8,29,31]},"faces":{"north":{"uv":[11.5,5,12,5.5],"texture":"#0"},"east":{"uv":[11.5,5,12,5.5],"texture":"#0"},"south":{"uv":[11.5,5,12,5.5],"texture":"#0"},"west":{"uv":[11.5,5,12,5.5],"texture":"#0"},"up":{"uv":[11.5,5,12,5.5],"texture":"#0"},"down":{"uv":[11.5,5,12,5.5],"texture":"#0"}}},{"from":[7.5,22,23],"to":[8.5,23,24],"rotation":{"angle":0,"axis":"y","origin":[8,30,31]},"faces":{"north":{"uv":[11.5,4.5,12,5],"texture":"#0"},"east":{"uv":[11.5,4.5,12,5],"texture":"#0"},"south":{"uv":[11.5,4.5,12,5],"texture":"#0"},"west":{"uv":[11.5,4.5,12,5],"texture":"#0"},"up":{"uv":[11.5,4.5,12,5],"texture":"#0"},"down":{"uv":[11.5,4.5,12,5],"texture":"#0"}}},{"from":[7.5,23,24],"to":[8.5,24,25],"rotation":{"angle":0,"axis":"y","origin":[8,31,32]},"faces":{"north":{"uv":[12,4,12.5,4.5],"texture":"#0"},"east":{"uv":[12,4,12.5,4.5],"texture":"#0"},"south":{"uv":[12,4,12.5,4.5],"texture":"#0"},"west":{"uv":[12,4,12.5,4.5],"texture":"#0"},"up":{"uv":[12,4,12.5,4.5],"texture":"#0"},"down":{"uv":[12,4,12.5,4.5],"texture":"#0"}}},{"from":[7.5,24,24],"to":[8.5,25,25],"rotation":{"angle":0,"axis":"y","origin":[8,32,32]},"faces":{"north":{"uv":[12,3.5,12.5,4],"texture":"#0"},"east":{"uv":[12,3.5,12.5,4],"texture":"#0"},"south":{"uv":[12,3.5,12.5,4],"texture":"#0"},"west":{"uv":[12,3.5,12.5,4],"texture":"#0"},"up":{"uv":[12,3.5,12.5,4],"texture":"#0"},"down":{"uv":[12,3.5,12.5,4],"texture":"#0"}}},{"from":[7.5,24,23],"to":[8.5,25,24],"rotation":{"angle":0,"axis":"y","origin":[8,32,31]},"faces":{"north":{"uv":[11.5,3.5,12,4],"texture":"#0"},"east":{"uv":[11.5,3.5,12,4],"texture":"#0"},"south":{"uv":[11.5,3.5,12,4],"texture":"#0"},"west":{"uv":[11.5,3.5,12,4],"texture":"#0"},"up":{"uv":[11.5,3.5,12,4],"texture":"#0"},"down":{"uv":[11.5,3.5,12,4],"texture":"#0"}}},{"from":[7.5,25,24],"to":[8.5,26,25],"rotation":{"angle":0,"axis":"y","origin":[8,33,32]},"faces":{"north":{"uv":[12,3,12.5,3.5],"texture":"#0"},"east":{"uv":[12,3,12.5,3.5],"texture":"#0"},"south":{"uv":[12,3,12.5,3.5],"texture":"#0"},"west":{"uv":[12,3,12.5,3.5],"texture":"#0"},"up":{"uv":[12,3,12.5,3.5],"texture":"#0"},"down":{"uv":[12,3,12.5,3.5],"texture":"#0"}}},{"from":[7.5,25,25],"to":[8.5,26,26],"rotation":{"angle":0,"axis":"y","origin":[8,33,33]},"faces":{"north":{"uv":[12.5,3,13,3.5],"texture":"#0"},"east":{"uv":[12.5,3,13,3.5],"texture":"#0"},"south":{"uv":[12.5,3,13,3.5],"texture":"#0"},"west":{"uv":[12.5,3,13,3.5],"texture":"#0"},"up":{"uv":[12.5,3,13,3.5],"texture":"#0"},"down":{"uv":[12.5,3,13,3.5],"texture":"#0"}}},{"from":[7.5,26,25],"to":[8.5,27,26],"rotation":{"angle":0,"axis":"y","origin":[8,34,33]},"faces":{"north":{"uv":[12.5,2.5,13,3],"texture":"#0"},"east":{"uv":[12.5,2.5,13,3],"texture":"#0"},"south":{"uv":[12.5,2.5,13,3],"texture":"#0"},"west":{"uv":[12.5,2.5,13,3],"texture":"#0"},"up":{"uv":[12.5,2.5,13,3],"texture":"#0"},"down":{"uv":[12.5,2.5,13,3],"texture":"#0"}}},{"from":[7.5,27,26],"to":[8.5,28,27],"rotation":{"angle":0,"axis":"y","origin":[8,35,34]},"faces":{"north":{"uv":[13,2,13.5,2.5],"texture":"#0"},"east":{"uv":[13,2,13.5,2.5],"texture":"#0"},"south":{"uv":[13,2,13.5,2.5],"texture":"#0"},"west":{"uv":[13,2,13.5,2.5],"texture":"#0"},"up":{"uv":[13,2,13.5,2.5],"texture":"#0"},"down":{"uv":[13,2,13.5,2.5],"texture":"#0"}}},{"from":[7.3,23,23],"to":[8.7,24,24],"rotation":{"angle":0,"axis":"y","origin":[8,31,31]},"faces":{"north":{"uv":[11.5,4,12,4.5],"texture":"#0"},"east":{"uv":[11.5,4,12,4.5],"texture":"#0"},"south":{"uv":[11.5,4,12,4.5],"texture":"#0"},"west":{"uv":[11.5,4,12,4.5],"texture":"#0"},"up":{"uv":[11.5,4,12,4.5],"texture":"#0"},"down":{"uv":[11.5,4,12,4.5],"texture":"#0"}}},{"from":[7.5,23,22],"to":[8.5,24,23],"rotation":{"angle":0,"axis":"y","origin":[8,31,30]},"faces":{"north":{"uv":[11,4,11.5,4.5],"texture":"#0"},"east":{"uv":[11,4,11.5,4.5],"texture":"#0"},"south":{"uv":[11,4,11.5,4.5],"texture":"#0"},"west":{"uv":[11,4,11.5,4.5],"texture":"#0"},"up":{"uv":[11,4,11.5,4.5],"texture":"#0"},"down":{"uv":[11,4,11.5,4.5],"texture":"#0"}}},{"from":[7.5,23,21],"to":[8.5,24,22],"rotation":{"angle":0,"axis":"y","origin":[8,31,29]},"faces":{"north":{"uv":[10.5,4,11,4.5],"texture":"#0"},"east":{"uv":[10.5,4,11,4.5],"texture":"#0"},"south":{"uv":[10.5,4,11,4.5],"texture":"#0"},"west":{"uv":[10.5,4,11,4.5],"texture":"#0"},"up":{"uv":[10.5,4,11,4.5],"texture":"#0"},"down":{"uv":[10.5,4,11,4.5],"texture":"#0"}}},{"from":[7.5,23,20],"to":[8.5,24,21],"rotation":{"angle":0,"axis":"y","origin":[8,31,28]},"faces":{"north":{"uv":[10,4,10.5,4.5],"texture":"#0"},"east":{"uv":[10,4,10.5,4.5],"texture":"#0"},"south":{"uv":[10,4,10.5,4.5],"texture":"#0"},"west":{"uv":[10,4,10.5,4.5],"texture":"#0"},"up":{"uv":[10,4,10.5,4.5],"texture":"#0"},"down":{"uv":[10,4,10.5,4.5],"texture":"#0"}}},{"from":[7.5,22,19],"to":[8.5,23,20],"rotation":{"angle":0,"axis":"y","origin":[8,30,27]},"faces":{"north":{"uv":[9.5,4.5,10,5],"texture":"#0"},"east":{"uv":[9.5,4.5,10,5],"texture":"#0"},"south":{"uv":[9.5,4.5,10,5],"texture":"#0"},"west":{"uv":[9.5,4.5,10,5],"texture":"#0"},"up":{"uv":[9.5,4.5,10,5],"texture":"#0"},"down":{"uv":[9.5,4.5,10,5],"texture":"#0"}}},{"from":[7.5,22,18],"to":[8.5,23,19],"rotation":{"angle":0,"axis":"y","origin":[8,30,26]},"faces":{"north":{"uv":[9,4.5,9.5,5],"texture":"#0"},"east":{"uv":[9,4.5,9.5,5],"texture":"#0"},"south":{"uv":[9,4.5,9.5,5],"texture":"#0"},"west":{"uv":[9,4.5,9.5,5],"texture":"#0"},"up":{"uv":[9,4.5,9.5,5],"texture":"#0"},"down":{"uv":[9,4.5,9.5,5],"texture":"#0"}}},{"from":[7.5,21,18],"to":[8.5,22,19],"rotation":{"angle":0,"axis":"y","origin":[8,29,26]},"faces":{"north":{"uv":[9,5,9.5,5.5],"texture":"#0"},"east":{"uv":[9,5,9.5,5.5],"texture":"#0"},"south":{"uv":[9,5,9.5,5.5],"texture":"#0"},"west":{"uv":[9,5,9.5,5.5],"texture":"#0"},"up":{"uv":[9,5,9.5,5.5],"texture":"#0"},"down":{"uv":[9,5,9.5,5.5],"texture":"#0"}}},{"from":[7.5,21,17],"to":[8.5,22,18],"rotation":{"angle":0,"axis":"y","origin":[8,29,25]},"faces":{"north":{"uv":[8.5,5,9,5.5],"texture":"#0"},"east":{"uv":[8.5,5,9,5.5],"texture":"#0"},"south":{"uv":[8.5,5,9,5.5],"texture":"#0"},"west":{"uv":[8.5,5,9,5.5],"texture":"#0"},"up":{"uv":[8.5,5,9,5.5],"texture":"#0"},"down":{"uv":[8.5,5,9,5.5],"texture":"#0"}}},{"from":[7.5,20,17],"to":[8.5,21,18],"rotation":{"angle":0,"axis":"y","origin":[8,28,25]},"faces":{"north":{"uv":[8.5,5.5,9,6],"texture":"#0"},"east":{"uv":[8.5,5.5,9,6],"texture":"#0"},"south":{"uv":[8.5,5.5,9,6],"texture":"#0"},"west":{"uv":[8.5,5.5,9,6],"texture":"#0"},"up":{"uv":[8.5,5.5,9,6],"texture":"#0"},"down":{"uv":[8.5,5.5,9,6],"texture":"#0"}}},{"from":[7.5,19,17],"to":[8.5,20,18],"rotation":{"angle":0,"axis":"y","origin":[8,27,25]},"faces":{"north":{"uv":[8.5,6,9,6.5],"texture":"#0"},"east":{"uv":[8.5,6,9,6.5],"texture":"#0"},"south":{"uv":[8.5,6,9,6.5],"texture":"#0"},"west":{"uv":[8.5,6,9,6.5],"texture":"#0"},"up":{"uv":[8.5,6,9,6.5],"texture":"#0"},"down":{"uv":[8.5,6,9,6.5],"texture":"#0"}}},{"from":[7.5,24,21],"to":[8.5,25,22],"rotation":{"angle":0,"axis":"y","origin":[8,32,29]},"faces":{"north":{"uv":[10.5,3.5,11,4],"texture":"#0"},"east":{"uv":[10.5,3.5,11,4],"texture":"#0"},"south":{"uv":[10.5,3.5,11,4],"texture":"#0"},"west":{"uv":[10.5,3.5,11,4],"texture":"#0"},"up":{"uv":[10.5,3.5,11,4],"texture":"#0"},"down":{"uv":[10.5,3.5,11,4],"texture":"#0"}}},{"from":[7.5,22,22],"to":[8.5,23,23],"rotation":{"angle":0,"axis":"y","origin":[8,30,30]},"faces":{"north":{"uv":[11,4.5,11.5,5],"texture":"#0"},"east":{"uv":[11,4.5,11.5,5],"texture":"#0"},"south":{"uv":[11,4.5,11.5,5],"texture":"#0"},"west":{"uv":[11,4.5,11.5,5],"texture":"#0"},"up":{"uv":[11,4.5,11.5,5],"texture":"#0"},"down":{"uv":[11,4.5,11.5,5],"texture":"#0"}}},{"from":[7.2,21,21],"to":[8.8,22,22],"rotation":{"angle":0,"axis":"y","origin":[8,29,29]},"faces":{"north":{"uv":[10.5,5,11,5.5],"texture":"#0"},"east":{"uv":[10.5,5,11,5.5],"texture":"#0"},"south":{"uv":[10.5,5,11,5.5],"texture":"#0"},"west":{"uv":[10.5,5,11,5.5],"texture":"#0"},"up":{"uv":[10.5,5,11,5.5],"texture":"#0"},"down":{"uv":[10.5,5,11,5.5],"texture":"#0"}}},{"from":[7.2,20,20],"to":[8.8,21,21],"rotation":{"angle":0,"axis":"y","origin":[8,28,28]},"faces":{"north":{"uv":[10,5.5,10.5,6],"texture":"#0"},"east":{"uv":[10,5.5,10.5,6],"texture":"#0"},"south":{"uv":[10,5.5,10.5,6],"texture":"#0"},"west":{"uv":[10,5.5,10.5,6],"texture":"#0"},"up":{"uv":[10,5.5,10.5,6],"texture":"#0"},"down":{"uv":[10,5.5,10.5,6],"texture":"#0"}}},{"from":[7.2,19,19],"to":[8.8,20,20],"rotation":{"angle":0,"axis":"y","origin":[8,27,27]},"faces":{"north":{"uv":[9.5,6,10,6.5],"texture":"#0"},"east":{"uv":[9.5,6,10,6.5],"texture":"#0"},"south":{"uv":[9.5,6,10,6.5],"texture":"#0"},"west":{"uv":[9.5,6,10,6.5],"texture":"#0"},"up":{"uv":[9.5,6,10,6.5],"texture":"#0"},"down":{"uv":[9.5,6,10,6.5],"texture":"#0"}}},{"from":[7.5,21,24],"to":[8.5,22,25],"rotation":{"angle":0,"axis":"y","origin":[8,29,32]},"faces":{"north":{"uv":[12,5,12.5,5.5],"texture":"#0"},"east":{"uv":[12,5,12.5,5.5],"texture":"#0"},"south":{"uv":[12,5,12.5,5.5],"texture":"#0"},"west":{"uv":[12,5,12.5,5.5],"texture":"#0"},"up":{"uv":[12,5,12.5,5.5],"texture":"#0"},"down":{"uv":[12,5,12.5,5.5],"texture":"#0"}}},{"from":[7.5,18,17],"to":[8.5,19,18],"rotation":{"angle":0,"axis":"y","origin":[8,26,25]},"faces":{"north":{"uv":[8.5,6.5,9,7],"texture":"#0"},"east":{"uv":[8.5,6.5,9,7],"texture":"#0"},"south":{"uv":[8.5,6.5,9,7],"texture":"#0"},"west":{"uv":[8.5,6.5,9,7],"texture":"#0"},"up":{"uv":[8.5,6.5,9,7],"texture":"#0"},"down":{"uv":[8.5,6.5,9,7],"texture":"#0"}}},{"from":[7.5,18,18],"to":[8.5,19,19],"rotation":{"angle":0,"axis":"y","origin":[8,26,26]},"faces":{"north":{"uv":[9,6.5,9.5,7],"texture":"#0"},"east":{"uv":[9,6.5,9.5,7],"texture":"#0"},"south":{"uv":[9,6.5,9.5,7],"texture":"#0"},"west":{"uv":[9,6.5,9.5,7],"texture":"#0"},"up":{"uv":[9,6.5,9.5,7],"texture":"#0"},"down":{"uv":[9,6.5,9.5,7],"texture":"#0"}}},{"from":[7.5,4,1],"to":[8.5,5,2],"rotation":{"angle":0,"axis":"y","origin":[8,12,9]},"faces":{"north":{"uv":[0.5,13.5,1,14],"texture":"#0"},"east":{"uv":[0.5,13.5,1,14],"texture":"#0"},"south":{"uv":[0.5,13.5,1,14],"texture":"#0"},"west":{"uv":[0.5,13.5,1,14],"texture":"#0"},"up":{"uv":[0.5,13.5,1,14],"texture":"#0"},"down":{"uv":[0.5,13.5,1,14],"texture":"#0"}}}]}