{"display":{"thirdperson_righthand":{"rotation":[15,-90,55],"translation":[-6.75,4.25,0.5],"scale":[0.9,0.9,0.9]},"thirdperson_lefthand":{"rotation":[15,90,-55],"translation":[6.75,4.25,0.5],"scale":[0.9,0.9,0.9]},"firstperson_righthand":{"rotation":[0,-90,25],"translation":[-3.37,3.2,1.13],"scale":[0.85,0.85,0.85]},"firstperson_lefthand":{"rotation":[0,90,-25],"translation":[8.13,3.2,1.13],"scale":[0.85,0.85,0.85]},"ground":{"translation":[0,2.75,7],"scale":[0.65,0.65,0.65]},"fixed":{"translation":[-1.75,-2,7]}},"gui_light":"front","textures":{"layer0":"item/netherite_axe/5"},"elements":[{"from":[0,0,0],"to":[1,1,1],"faces":{"north":{"uv":[0,15.5,0.5,16],"texture":"#layer0"},"east":{"uv":[0,15.5,0.5,16],"texture":"#layer0"},"south":{"uv":[0,15.5,0.5,16],"texture":"#layer0"},"west":{"uv":[0,15.5,0.5,16],"texture":"#layer0"},"up":{"uv":[0,15.5,0.5,16],"texture":"#layer0"},"down":{"uv":[0,15.5,0.5,16],"texture":"#layer0"}}},{"from":[0,1,0],"to":[1,2,1],"faces":{"north":{"uv":[0,15,0.5,15.5],"texture":"#layer0"},"east":{"uv":[0,15,0.5,15.5],"texture":"#layer0"},"south":{"uv":[0,15,0.5,15.5],"texture":"#layer0"},"west":{"uv":[0,15,0.5,15.5],"texture":"#layer0"},"up":{"uv":[0,15,0.5,15.5],"texture":"#layer0"},"down":{"uv":[0,15,0.5,15.5],"texture":"#layer0"}}},{"from":[1,1,0],"to":[2,2,1],"faces":{"north":{"uv":[0.5,15,1,15.5],"texture":"#layer0"},"east":{"uv":[0.5,15,1,15.5],"texture":"#layer0"},"south":{"uv":[0.5,15,1,15.5],"texture":"#layer0"},"west":{"uv":[0.5,15,1,15.5],"texture":"#layer0"},"up":{"uv":[0.5,15,1,15.5],"texture":"#layer0"},"down":{"uv":[0.5,15,1,15.5],"texture":"#layer0"}}},{"from":[1,2,0],"to":[2,3,1],"faces":{"north":{"uv":[0.5,14.5,1,15],"texture":"#layer0"},"east":{"uv":[0.5,14.5,1,15],"texture":"#layer0"},"south":{"uv":[0.5,14.5,1,15],"texture":"#layer0"},"west":{"uv":[0.5,14.5,1,15],"texture":"#layer0"},"up":{"uv":[0.5,14.5,1,15],"texture":"#layer0"},"down":{"uv":[0.5,14.5,1,15],"texture":"#layer0"}}},{"from":[2,2,0],"to":[3,3,1],"faces":{"north":{"uv":[1,14.5,1.5,15],"texture":"#layer0"},"east":{"uv":[1,14.5,1.5,15],"texture":"#layer0"},"south":{"uv":[1,14.5,1.5,15],"texture":"#layer0"},"west":{"uv":[1,14.5,1.5,15],"texture":"#layer0"},"up":{"uv":[1,14.5,1.5,15],"texture":"#layer0"},"down":{"uv":[1,14.5,1.5,15],"texture":"#layer0"}}},{"from":[2,3,0],"to":[3,4,1],"faces":{"north":{"uv":[1,14,1.5,14.5],"texture":"#layer0"},"east":{"uv":[1,14,1.5,14.5],"texture":"#layer0"},"south":{"uv":[1,14,1.5,14.5],"texture":"#layer0"},"west":{"uv":[1,14,1.5,14.5],"texture":"#layer0"},"up":{"uv":[1,14,1.5,14.5],"texture":"#layer0"},"down":{"uv":[1,14,1.5,14.5],"texture":"#layer0"}}},{"from":[3,2,0],"to":[4,3,1],"faces":{"north":{"uv":[1.5,14.5,2,15],"texture":"#layer0"},"east":{"uv":[1.5,14.5,2,15],"texture":"#layer0"},"south":{"uv":[1.5,14.5,2,15],"texture":"#layer0"},"west":{"uv":[1.5,14.5,2,15],"texture":"#layer0"},"up":{"uv":[1.5,14.5,2,15],"texture":"#layer0"},"down":{"uv":[1.5,14.5,2,15],"texture":"#layer0"}}},{"from":[3,3,0],"to":[4,4,1],"faces":{"north":{"uv":[1.5,14,2,14.5],"texture":"#layer0"},"east":{"uv":[1.5,14,2,14.5],"texture":"#layer0"},"south":{"uv":[1.5,14,2,14.5],"texture":"#layer0"},"west":{"uv":[1.5,14,2,14.5],"texture":"#layer0"},"up":{"uv":[1.5,14,2,14.5],"texture":"#layer0"},"down":{"uv":[1.5,14,2,14.5],"texture":"#layer0"}}},{"from":[3,4,0],"to":[4,5,1],"faces":{"north":{"uv":[1.5,13.5,2,14],"texture":"#layer0"},"east":{"uv":[1.5,13.5,2,14],"texture":"#layer0"},"south":{"uv":[1.5,13.5,2,14],"texture":"#layer0"},"west":{"uv":[1.5,13.5,2,14],"texture":"#layer0"},"up":{"uv":[1.5,13.5,2,14],"texture":"#layer0"},"down":{"uv":[1.5,13.5,2,14],"texture":"#layer0"}}},{"from":[4,4,0],"to":[5,5,1],"faces":{"north":{"uv":[2,13.5,2.5,14],"texture":"#layer0"},"east":{"uv":[2,13.5,2.5,14],"texture":"#layer0"},"south":{"uv":[2,13.5,2.5,14],"texture":"#layer0"},"west":{"uv":[2,13.5,2.5,14],"texture":"#layer0"},"up":{"uv":[2,13.5,2.5,14],"texture":"#layer0"},"down":{"uv":[2,13.5,2.5,14],"texture":"#layer0"}}},{"from":[4,5,0],"to":[5,6,1],"faces":{"north":{"uv":[2,13,2.5,13.5],"texture":"#layer0"},"east":{"uv":[2,13,2.5,13.5],"texture":"#layer0"},"south":{"uv":[2,13,2.5,13.5],"texture":"#layer0"},"west":{"uv":[2,13,2.5,13.5],"texture":"#layer0"},"up":{"uv":[2,13,2.5,13.5],"texture":"#layer0"},"down":{"uv":[2,13,2.5,13.5],"texture":"#layer0"}}},{"from":[5,5,0],"to":[6,6,1],"faces":{"north":{"uv":[2.5,13,3,13.5],"texture":"#layer0"},"east":{"uv":[2.5,13,3,13.5],"texture":"#layer0"},"south":{"uv":[2.5,13,3,13.5],"texture":"#layer0"},"west":{"uv":[2.5,13,3,13.5],"texture":"#layer0"},"up":{"uv":[2.5,13,3,13.5],"texture":"#layer0"},"down":{"uv":[2.5,13,3,13.5],"texture":"#layer0"}}},{"from":[5,6,0],"to":[6,7,1],"faces":{"north":{"uv":[2.5,12.5,3,13],"texture":"#layer0"},"east":{"uv":[2.5,12.5,3,13],"texture":"#layer0"},"south":{"uv":[2.5,12.5,3,13],"texture":"#layer0"},"west":{"uv":[2.5,12.5,3,13],"texture":"#layer0"},"up":{"uv":[2.5,12.5,3,13],"texture":"#layer0"},"down":{"uv":[2.5,12.5,3,13],"texture":"#layer0"}}},{"from":[6,7,0],"to":[7,8,1],"faces":{"north":{"uv":[3,12,3.5,12.5],"texture":"#layer0"},"east":{"uv":[3,12,3.5,12.5],"texture":"#layer0"},"south":{"uv":[3,12,3.5,12.5],"texture":"#layer0"},"west":{"uv":[3,12,3.5,12.5],"texture":"#layer0"},"up":{"uv":[3,12,3.5,12.5],"texture":"#layer0"},"down":{"uv":[3,12,3.5,12.5],"texture":"#layer0"}}},{"from":[7,8,0],"to":[8,9,1],"faces":{"north":{"uv":[3.5,11.5,4,12],"texture":"#layer0"},"east":{"uv":[3.5,11.5,4,12],"texture":"#layer0"},"south":{"uv":[3.5,11.5,4,12],"texture":"#layer0"},"west":{"uv":[3.5,11.5,4,12],"texture":"#layer0"},"up":{"uv":[3.5,11.5,4,12],"texture":"#layer0"},"down":{"uv":[3.5,11.5,4,12],"texture":"#layer0"}}},{"from":[8,8,0],"to":[9,9,1],"faces":{"north":{"uv":[4,11.5,4.5,12],"texture":"#layer0"},"east":{"uv":[4,11.5,4.5,12],"texture":"#layer0"},"south":{"uv":[4,11.5,4.5,12],"texture":"#layer0"},"west":{"uv":[4,11.5,4.5,12],"texture":"#layer0"},"up":{"uv":[4,11.5,4.5,12],"texture":"#layer0"},"down":{"uv":[4,11.5,4.5,12],"texture":"#layer0"}}},{"from":[8,9,0],"to":[9,10,1],"faces":{"north":{"uv":[4,11,4.5,11.5],"texture":"#layer0"},"east":{"uv":[4,11,4.5,11.5],"texture":"#layer0"},"south":{"uv":[4,11,4.5,11.5],"texture":"#layer0"},"west":{"uv":[4,11,4.5,11.5],"texture":"#layer0"},"up":{"uv":[4,11,4.5,11.5],"texture":"#layer0"},"down":{"uv":[4,11,4.5,11.5],"texture":"#layer0"}}},{"from":[9,9,0],"to":[10,10,1],"faces":{"north":{"uv":[4.5,11,5,11.5],"texture":"#layer0"},"east":{"uv":[4.5,11,5,11.5],"texture":"#layer0"},"south":{"uv":[4.5,11,5,11.5],"texture":"#layer0"},"west":{"uv":[4.5,11,5,11.5],"texture":"#layer0"},"up":{"uv":[4.5,11,5,11.5],"texture":"#layer0"},"down":{"uv":[4.5,11,5,11.5],"texture":"#layer0"}}},{"from":[9,10,0],"to":[10,11,1],"faces":{"north":{"uv":[4.5,10.5,5,11],"texture":"#layer0"},"east":{"uv":[4.5,10.5,5,11],"texture":"#layer0"},"south":{"uv":[4.5,10.5,5,11],"texture":"#layer0"},"west":{"uv":[4.5,10.5,5,11],"texture":"#layer0"},"up":{"uv":[4.5,10.5,5,11],"texture":"#layer0"},"down":{"uv":[4.5,10.5,5,11],"texture":"#layer0"}}},{"from":[10,10,0],"to":[11,11,1],"faces":{"north":{"uv":[5,10.5,5.5,11],"texture":"#layer0"},"east":{"uv":[5,10.5,5.5,11],"texture":"#layer0"},"south":{"uv":[5,10.5,5.5,11],"texture":"#layer0"},"west":{"uv":[5,10.5,5.5,11],"texture":"#layer0"},"up":{"uv":[5,10.5,5.5,11],"texture":"#layer0"},"down":{"uv":[5,10.5,5.5,11],"texture":"#layer0"}}},{"from":[10,11,0],"to":[11,12,1],"faces":{"north":{"uv":[5,10,5.5,10.5],"texture":"#layer0"},"east":{"uv":[5,10,5.5,10.5],"texture":"#layer0"},"south":{"uv":[5,10,5.5,10.5],"texture":"#layer0"},"west":{"uv":[5,10,5.5,10.5],"texture":"#layer0"},"up":{"uv":[5,10,5.5,10.5],"texture":"#layer0"},"down":{"uv":[5,10,5.5,10.5],"texture":"#layer0"}}},{"from":[10,9,0],"to":[11,10,1],"faces":{"north":{"uv":[5,11,5.5,11.5],"texture":"#layer0"},"east":{"uv":[5,11,5.5,11.5],"texture":"#layer0"},"south":{"uv":[5,11,5.5,11.5],"texture":"#layer0"},"west":{"uv":[5,11,5.5,11.5],"texture":"#layer0"},"up":{"uv":[5,11,5.5,11.5],"texture":"#layer0"},"down":{"uv":[5,11,5.5,11.5],"texture":"#layer0"}}},{"from":[11,10,0],"to":[12,11,1],"faces":{"north":{"uv":[5.5,10.5,6,11],"texture":"#layer0"},"east":{"uv":[5.5,10.5,6,11],"texture":"#layer0"},"south":{"uv":[5.5,10.5,6,11],"texture":"#layer0"},"west":{"uv":[5.5,10.5,6,11],"texture":"#layer0"},"up":{"uv":[5.5,10.5,6,11],"texture":"#layer0"},"down":{"uv":[5.5,10.5,6,11],"texture":"#layer0"}}},{"from":[11,11,0],"to":[12,12,1],"faces":{"north":{"uv":[5.5,10,6,10.5],"texture":"#layer0"},"east":{"uv":[5.5,10,6,10.5],"texture":"#layer0"},"south":{"uv":[5.5,10,6,10.5],"texture":"#layer0"},"west":{"uv":[5.5,10,6,10.5],"texture":"#layer0"},"up":{"uv":[5.5,10,6,10.5],"texture":"#layer0"},"down":{"uv":[5.5,10,6,10.5],"texture":"#layer0"}}},{"from":[12,11,0],"to":[13,12,1],"faces":{"north":{"uv":[6,10,6.5,10.5],"texture":"#layer0"},"east":{"uv":[6,10,6.5,10.5],"texture":"#layer0"},"south":{"uv":[6,10,6.5,10.5],"texture":"#layer0"},"west":{"uv":[6,10,6.5,10.5],"texture":"#layer0"},"up":{"uv":[6,10,6.5,10.5],"texture":"#layer0"},"down":{"uv":[6,10,6.5,10.5],"texture":"#layer0"}}},{"from":[12,9,0],"to":[13,10,1],"faces":{"north":{"uv":[6,11,6.5,11.5],"texture":"#layer0"},"east":{"uv":[6,11,6.5,11.5],"texture":"#layer0"},"south":{"uv":[6,11,6.5,11.5],"texture":"#layer0"},"west":{"uv":[6,11,6.5,11.5],"texture":"#layer0"},"up":{"uv":[6,11,6.5,11.5],"texture":"#layer0"},"down":{"uv":[6,11,6.5,11.5],"texture":"#layer0"}}},{"from":[12,8,0],"to":[13,9,1],"faces":{"north":{"uv":[6,11.5,6.5,12],"texture":"#layer0"},"east":{"uv":[6,11.5,6.5,12],"texture":"#layer0"},"south":{"uv":[6,11.5,6.5,12],"texture":"#layer0"},"west":{"uv":[6,11.5,6.5,12],"texture":"#layer0"},"up":{"uv":[6,11.5,6.5,12],"texture":"#layer0"},"down":{"uv":[6,11.5,6.5,12],"texture":"#layer0"}}},{"from":[12,7,0],"to":[13,8,1],"faces":{"north":{"uv":[6,12,6.5,12.5],"texture":"#layer0"},"east":{"uv":[6,12,6.5,12.5],"texture":"#layer0"},"south":{"uv":[6,12,6.5,12.5],"texture":"#layer0"},"west":{"uv":[6,12,6.5,12.5],"texture":"#layer0"},"up":{"uv":[6,12,6.5,12.5],"texture":"#layer0"},"down":{"uv":[6,12,6.5,12.5],"texture":"#layer0"}}},{"from":[13,7,0],"to":[14,8,1],"faces":{"north":{"uv":[6,12,6.5,12.5],"texture":"#layer0"},"east":{"uv":[6,12,6.5,12.5],"texture":"#layer0"},"south":{"uv":[6.5,12,7,12.5],"texture":"#layer0"},"west":{"uv":[6,12,6.5,12.5],"texture":"#layer0"},"up":{"uv":[6,12,6.5,12.5],"texture":"#layer0"},"down":{"uv":[6,12,6.5,12.5],"texture":"#layer0"}}},{"from":[14,7,0],"to":[15,8,1],"faces":{"north":{"uv":[7,12,7.5,12.5],"texture":"#layer0"},"east":{"uv":[7,12,7.5,12.5],"texture":"#layer0"},"south":{"uv":[7,12,7.5,12.5],"texture":"#layer0"},"west":{"uv":[7,12,7.5,12.5],"texture":"#layer0"},"up":{"uv":[7,12,7.5,12.5],"texture":"#layer0"},"down":{"uv":[7,12,7.5,12.5],"texture":"#layer0"}}},{"from":[15,8,0],"to":[16,9,1],"faces":{"north":{"uv":[7.5,11.5,8,12],"texture":"#layer0"},"east":{"uv":[7.5,11.5,8,12],"texture":"#layer0"},"south":{"uv":[7.5,11.5,8,12],"texture":"#layer0"},"west":{"uv":[7.5,11.5,8,12],"texture":"#layer0"},"up":{"uv":[7.5,11.5,8,12],"texture":"#layer0"},"down":{"uv":[7.5,11.5,8,12],"texture":"#layer0"}}},{"from":[16,9,0],"to":[17,10,1],"faces":{"north":{"uv":[8,11,8.5,11.5],"texture":"#layer0"},"east":{"uv":[8,11,8.5,11.5],"texture":"#layer0"},"south":{"uv":[8,11,8.5,11.5],"texture":"#layer0"},"west":{"uv":[8,11,8.5,11.5],"texture":"#layer0"},"up":{"uv":[8,11,8.5,11.5],"texture":"#layer0"},"down":{"uv":[8,11,8.5,11.5],"texture":"#layer0"}}},{"from":[17,10,0],"to":[18,11,1],"faces":{"north":{"uv":[8.5,10.5,9,11],"texture":"#layer0"},"east":{"uv":[8.5,10.5,9,11],"texture":"#layer0"},"south":{"uv":[8.5,10.5,9,11],"texture":"#layer0"},"west":{"uv":[8.5,10.5,9,11],"texture":"#layer0"},"up":{"uv":[8.5,10.5,9,11],"texture":"#layer0"},"down":{"uv":[8.5,10.5,9,11],"texture":"#layer0"}}},{"from":[18,10,0],"to":[20,14,1],"faces":{"north":{"uv":[9,9,10,11],"texture":"#layer0"},"east":{"uv":[9,9,10,11],"texture":"#layer0"},"south":{"uv":[9,9,10,11],"texture":"#layer0"},"west":{"uv":[9,9,10,11],"texture":"#layer0"},"up":{"uv":[9,9,10,11],"texture":"#layer0"},"down":{"uv":[9,9,10,11],"texture":"#layer0"}}},{"from":[17,11,0],"to":[18,12,1],"faces":{"north":{"uv":[8.5,10,9,10.5],"texture":"#layer0"},"east":{"uv":[8.5,10,9,10.5],"texture":"#layer0"},"south":{"uv":[8.5,10,9,10.5],"texture":"#layer0"},"west":{"uv":[8.5,10,9,10.5],"texture":"#layer0"},"up":{"uv":[8.5,10,9,10.5],"texture":"#layer0"},"down":{"uv":[8.5,10,9,10.5],"texture":"#layer0"}}},{"from":[16,10,0],"to":[17,13,1],"faces":{"north":{"uv":[8,9.5,8.5,11],"texture":"#layer0"},"east":{"uv":[8,9.5,8.5,11],"texture":"#layer0"},"south":{"uv":[8,9.5,8.5,11],"texture":"#layer0"},"west":{"uv":[8,9.5,8.5,11],"texture":"#layer0"},"up":{"uv":[8,9.5,8.5,11],"texture":"#layer0"},"down":{"uv":[8,9.5,8.5,11],"texture":"#layer0"}}},{"from":[15,9,0],"to":[16,13,1],"faces":{"north":{"uv":[7.5,9.5,8,11.5],"texture":"#layer0"},"east":{"uv":[7.5,9.5,8,11.5],"texture":"#layer0"},"south":{"uv":[7.5,9.5,8,11.5],"texture":"#layer0"},"west":{"uv":[7.5,9.5,8,11.5],"texture":"#layer0"},"up":{"uv":[7.5,9.5,8,11.5],"texture":"#layer0"},"down":{"uv":[7.5,9.5,8,11.5],"texture":"#layer0"}}},{"from":[17,12,0],"to":[18,13,1],"faces":{"north":{"uv":[8.5,9.5,9,10],"texture":"#layer0"},"east":{"uv":[8.5,9.5,9,10],"texture":"#layer0"},"south":{"uv":[8.5,9.5,9,10],"texture":"#layer0"},"west":{"uv":[8.5,9.5,9,10],"texture":"#layer0"},"up":{"uv":[8.5,9.5,9,10],"texture":"#layer0"},"down":{"uv":[8.5,9.5,9,10],"texture":"#layer0"}}},{"from":[16,13,0],"to":[17,14,1],"faces":{"north":{"uv":[8,9,8.5,9.5],"texture":"#layer0"},"east":{"uv":[8,9,8.5,9.5],"texture":"#layer0"},"south":{"uv":[8,9,8.5,9.5],"texture":"#layer0"},"west":{"uv":[8,9,8.5,9.5],"texture":"#layer0"},"up":{"uv":[8,9,8.5,9.5],"texture":"#layer0"},"down":{"uv":[8,9,8.5,9.5],"texture":"#layer0"}}},{"from":[15,13,0],"to":[16,14,1],"faces":{"north":{"uv":[7.5,9,8,9.5],"texture":"#layer0"},"east":{"uv":[7.5,9,8,9.5],"texture":"#layer0"},"south":{"uv":[7.5,9,8,9.5],"texture":"#layer0"},"west":{"uv":[7.5,9,8,9.5],"texture":"#layer0"},"up":{"uv":[7.5,9,8,9.5],"texture":"#layer0"},"down":{"uv":[7.5,9,8,9.5],"texture":"#layer0"}}},{"from":[14,13,0],"to":[15,14,1],"faces":{"north":{"uv":[7,9,7.5,9.5],"texture":"#layer0"},"east":{"uv":[7,9,7.5,9.5],"texture":"#layer0"},"south":{"uv":[7,9,7.5,9.5],"texture":"#layer0"},"west":{"uv":[7,9,7.5,9.5],"texture":"#layer0"},"up":{"uv":[7,9,7.5,9.5],"texture":"#layer0"},"down":{"uv":[7,9,7.5,9.5],"texture":"#layer0"}}},{"from":[14,14,0],"to":[15,15,1],"faces":{"north":{"uv":[7,8.5,7.5,9],"texture":"#layer0"},"east":{"uv":[7,8.5,7.5,9],"texture":"#layer0"},"south":{"uv":[7,8.5,7.5,9],"texture":"#layer0"},"west":{"uv":[7,8.5,7.5,9],"texture":"#layer0"},"up":{"uv":[7,8.5,7.5,9],"texture":"#layer0"},"down":{"uv":[7,8.5,7.5,9],"texture":"#layer0"}}},{"from":[14,15,0],"to":[15,16,1],"faces":{"north":{"uv":[7,8,7.5,8.5],"texture":"#layer0"},"east":{"uv":[7,8,7.5,8.5],"texture":"#layer0"},"south":{"uv":[7,8,7.5,8.5],"texture":"#layer0"},"west":{"uv":[7,8,7.5,8.5],"texture":"#layer0"},"up":{"uv":[7,8,7.5,8.5],"texture":"#layer0"},"down":{"uv":[7,8,7.5,8.5],"texture":"#layer0"}}},{"from":[13,15,0],"to":[14,16,1],"faces":{"north":{"uv":[6.5,8,7,8.5],"texture":"#layer0"},"east":{"uv":[6.5,8,7,8.5],"texture":"#layer0"},"south":{"uv":[6.5,8,7,8.5],"texture":"#layer0"},"west":{"uv":[6.5,8,7,8.5],"texture":"#layer0"},"up":{"uv":[6.5,8,7,8.5],"texture":"#layer0"},"down":{"uv":[6.5,8,7,8.5],"texture":"#layer0"}}},{"from":[13,14,0],"to":[14,15,1],"faces":{"north":{"uv":[6.5,8.5,7,9],"texture":"#layer0"},"east":{"uv":[6.5,8.5,7,9],"texture":"#layer0"},"south":{"uv":[6.5,8.5,7,9],"texture":"#layer0"},"west":{"uv":[6.5,8.5,7,9],"texture":"#layer0"},"up":{"uv":[6.5,8.5,7,9],"texture":"#layer0"},"down":{"uv":[6.5,8.5,7,9],"texture":"#layer0"}}},{"from":[13,16,0],"to":[14,17,1],"faces":{"north":{"uv":[6.5,7.5,7,8],"texture":"#layer0"},"east":{"uv":[6.5,7.5,7,8],"texture":"#layer0"},"south":{"uv":[6.5,7.5,7,8],"texture":"#layer0"},"west":{"uv":[6.5,7.5,7,8],"texture":"#layer0"},"up":{"uv":[6.5,7.5,7,8],"texture":"#layer0"},"down":{"uv":[6.5,7.5,7,8],"texture":"#layer0"}}},{"from":[12,17,0],"to":[13,18,1],"faces":{"north":{"uv":[6,7,6.5,7.5],"texture":"#layer0"},"east":{"uv":[6,7,6.5,7.5],"texture":"#layer0"},"south":{"uv":[6,7,6.5,7.5],"texture":"#layer0"},"west":{"uv":[6,7,6.5,7.5],"texture":"#layer0"},"up":{"uv":[6,7,6.5,7.5],"texture":"#layer0"},"down":{"uv":[6,7,6.5,7.5],"texture":"#layer0"}}},{"from":[11,17,0],"to":[12,18,1],"faces":{"north":{"uv":[5.5,7,6,7.5],"texture":"#layer0"},"east":{"uv":[5.5,7,6,7.5],"texture":"#layer0"},"south":{"uv":[5.5,7,6,7.5],"texture":"#layer0"},"west":{"uv":[5.5,7,6,7.5],"texture":"#layer0"},"up":{"uv":[5.5,7,6,7.5],"texture":"#layer0"},"down":{"uv":[5.5,7,6,7.5],"texture":"#layer0"}}},{"from":[10,17,0],"to":[11,18,1],"faces":{"north":{"uv":[5,7,5.5,7.5],"texture":"#layer0"},"east":{"uv":[5,7,5.5,7.5],"texture":"#layer0"},"south":{"uv":[5,7,5.5,7.5],"texture":"#layer0"},"west":{"uv":[5,7,5.5,7.5],"texture":"#layer0"},"up":{"uv":[5,7,5.5,7.5],"texture":"#layer0"},"down":{"uv":[5,7,5.5,7.5],"texture":"#layer0"}}},{"from":[8,15,0],"to":[9,16,1],"faces":{"north":{"uv":[4,8,4.5,8.5],"texture":"#layer0"},"east":{"uv":[4,8,4.5,8.5],"texture":"#layer0"},"south":{"uv":[4,8,4.5,8.5],"texture":"#layer0"},"west":{"uv":[4,8,4.5,8.5],"texture":"#layer0"},"up":{"uv":[4,8,4.5,8.5],"texture":"#layer0"},"down":{"uv":[4,8,4.5,8.5],"texture":"#layer0"}}},{"from":[7,14,0],"to":[8,15,1],"faces":{"north":{"uv":[3.5,8.5,4,9],"texture":"#layer0"},"east":{"uv":[3.5,8.5,4,9],"texture":"#layer0"},"south":{"uv":[3.5,8.5,4,9],"texture":"#layer0"},"west":{"uv":[3.5,8.5,4,9],"texture":"#layer0"},"up":{"uv":[3.5,8.5,4,9],"texture":"#layer0"},"down":{"uv":[3.5,8.5,4,9],"texture":"#layer0"}}},{"from":[7,15,0],"to":[8,18,1],"faces":{"north":{"uv":[3.5,8,4,8.5],"texture":"#layer0"},"east":{"uv":[3.5,8,4,8.5],"texture":"#layer0"},"south":{"uv":[3.5,7,4,8.5],"texture":"#layer0"},"west":{"uv":[3.5,8,4,8.5],"texture":"#layer0"},"up":{"uv":[3.5,8,4,8.5],"texture":"#layer0"},"down":{"uv":[3.5,8,4,8.5],"texture":"#layer0"}}},{"from":[9,17,0],"to":[10,19,1],"faces":{"north":{"uv":[4.5,6.5,5,7.5],"texture":"#layer0"},"east":{"uv":[4.5,6.5,5,7.5],"texture":"#layer0"},"south":{"uv":[4.5,6.5,5,7.5],"texture":"#layer0"},"west":{"uv":[4.5,6.5,5,7.5],"texture":"#layer0"},"up":{"uv":[4.5,6.5,5,7.5],"texture":"#layer0"},"down":{"uv":[4.5,6.5,5,7.5],"texture":"#layer0"}}},{"from":[10,18,0],"to":[13,20,1],"faces":{"north":{"uv":[5,6,7,7],"texture":"#layer0"},"east":{"uv":[5,6,7,7],"texture":"#layer0"},"south":{"uv":[5,6,7,7],"texture":"#layer0"},"west":{"uv":[5,6,7,7],"texture":"#layer0"},"up":{"uv":[5,6,7,7],"texture":"#layer0"},"down":{"uv":[5,6,7,7],"texture":"#layer0"}}},{"from":[8,16,0],"to":[9,19,1],"faces":{"north":{"uv":[4,6.5,4.5,8],"texture":"#layer0"},"east":{"uv":[4,6.5,4.5,8],"texture":"#layer0"},"south":{"uv":[4,6.5,4.5,8],"texture":"#layer0"},"west":{"uv":[4,6.5,4.5,8],"texture":"#layer0"},"up":{"uv":[4,6.5,4.5,8],"texture":"#layer0"},"down":{"uv":[4,6.5,4.5,8],"texture":"#layer0"}}},{"from":[7,11,0],"to":[8,12,1],"faces":{"north":{"uv":[3.5,10,4,10.5],"texture":"#layer0"},"east":{"uv":[3.5,10,4,10.5],"texture":"#layer0"},"south":{"uv":[3.5,10,4,10.5],"texture":"#layer0"},"west":{"uv":[3.5,10,4,10.5],"texture":"#layer0"},"up":{"uv":[3.5,10,4,10.5],"texture":"#layer0"},"down":{"uv":[3.5,10,4,10.5],"texture":"#layer0"}}},{"from":[6,11,0],"to":[7,17,1],"faces":{"north":{"uv":[3,7.5,3.5,10.5],"texture":"#layer0"},"east":{"uv":[3,7.5,3.5,10.5],"texture":"#layer0"},"south":{"uv":[3,7.5,3.5,10.5],"texture":"#layer0"},"west":{"uv":[3,7.5,3.5,10.5],"texture":"#layer0"},"up":{"uv":[3,7.5,3.5,10.5],"texture":"#layer0"},"down":{"uv":[3,7.5,3.5,10.5],"texture":"#layer0"}}},{"from":[5,12,0],"to":[6,15,1],"faces":{"north":{"uv":[2.5,8.5,3,10],"texture":"#layer0"},"east":{"uv":[2.5,8.5,3,10],"texture":"#layer0"},"south":{"uv":[2.5,8.5,3,10],"texture":"#layer0"},"west":{"uv":[2.5,8.5,3,10],"texture":"#layer0"},"up":{"uv":[2.5,8.5,3,10],"texture":"#layer0"},"down":{"uv":[2.5,8.5,3,10],"texture":"#layer0"}}},{"from":[8,12,0],"to":[9,13,1],"faces":{"north":{"uv":[4,9.5,4.5,10],"texture":"#layer0"},"east":{"uv":[4,9.5,4.5,10],"texture":"#layer0"},"south":{"uv":[4,9.5,4.5,10],"texture":"#layer0"},"west":{"uv":[4,9.5,4.5,10],"texture":"#layer0"},"up":{"uv":[4,9.5,4.5,10],"texture":"#layer0"},"down":{"uv":[4,9.5,4.5,10],"texture":"#layer0"}}},{"from":[8,13,0],"to":[9,14,1],"faces":{"north":{"uv":[4,9,4.5,9.5],"texture":"#layer0"},"east":{"uv":[4,9,4.5,9.5],"texture":"#layer0"},"south":{"uv":[4,9,4.5,9.5],"texture":"#layer0"},"west":{"uv":[4,9,4.5,9.5],"texture":"#layer0"},"up":{"uv":[4,9,4.5,9.5],"texture":"#layer0"},"down":{"uv":[4,9,4.5,9.5],"texture":"#layer0"}}},{"from":[7,13,0],"to":[8,14,1],"faces":{"north":{"uv":[3.5,9,4,9.5],"texture":"#layer0"},"east":{"uv":[3.5,9,4,9.5],"texture":"#layer0"},"south":{"uv":[3.5,9,4,9.5],"texture":"#layer0"},"west":{"uv":[3.5,9,4,9.5],"texture":"#layer0"},"up":{"uv":[3.5,9,4,9.5],"texture":"#layer0"},"down":{"uv":[3.5,9,4,9.5],"texture":"#layer0"}}},{"from":[7,12,0],"to":[8,13,1],"faces":{"north":{"uv":[3.5,9.5,4,10],"texture":"#layer0"},"east":{"uv":[3.5,9.5,4,10],"texture":"#layer0"},"south":{"uv":[3.5,9.5,4,10],"texture":"#layer0"},"west":{"uv":[3.5,9.5,4,10],"texture":"#layer0"},"up":{"uv":[3.5,9.5,4,10],"texture":"#layer0"},"down":{"uv":[3.5,9.5,4,10],"texture":"#layer0"}}},{"from":[8,14,0],"to":[9,15,1],"faces":{"north":{"uv":[4,8.5,4.5,9],"texture":"#layer0"},"east":{"uv":[4,8.5,4.5,9],"texture":"#layer0"},"south":{"uv":[4,8.5,4.5,9],"texture":"#layer0"},"west":{"uv":[4,8.5,4.5,9],"texture":"#layer0"},"up":{"uv":[4,8.5,4.5,9],"texture":"#layer0"},"down":{"uv":[4,8.5,4.5,9],"texture":"#layer0"}}},{"from":[9,12,0],"to":[10,13,1],"faces":{"north":{"uv":[4.5,9.5,5,10],"texture":"#layer0"},"east":{"uv":[4.5,9.5,5,10],"texture":"#layer0"},"south":{"uv":[4.5,9.5,5,10],"texture":"#layer0"},"west":{"uv":[4.5,9.5,5,10],"texture":"#layer0"},"up":{"uv":[4.5,9.5,5,10],"texture":"#layer0"},"down":{"uv":[4.5,9.5,5,10],"texture":"#layer0"}}},{"from":[9,13,0],"to":[13,17,1],"faces":{"north":{"uv":[4.5,7.5,6.5,9.5],"texture":"#layer0"},"east":{"uv":[4.5,7.5,6.5,9.5],"texture":"#layer0"},"south":{"uv":[4.5,7.5,6.5,9.5],"texture":"#layer0"},"west":{"uv":[4.5,7.5,6.5,9.5],"texture":"#layer0"},"up":{"uv":[4.5,7.5,6.5,9.5],"texture":"#layer0"},"down":{"uv":[4.5,7.5,6.5,9.5],"texture":"#layer0"}}},{"from":[10,12,0],"to":[11,13,1],"faces":{"north":{"uv":[5,9.5,5.5,10],"texture":"#layer0"},"east":{"uv":[5,9.5,5.5,10],"texture":"#layer0"},"south":{"uv":[5,9.5,5.5,10],"texture":"#layer0"},"west":{"uv":[5,9.5,5.5,10],"texture":"#layer0"},"up":{"uv":[5,9.5,5.5,10],"texture":"#layer0"},"down":{"uv":[5,9.5,5.5,10],"texture":"#layer0"}}},{"from":[15,14,0],"to":[16,17,1],"faces":{"north":{"uv":[7.5,8.5,8,9],"texture":"#layer0"},"east":{"uv":[7.5,8.5,8,9],"texture":"#layer0"},"south":{"uv":[7.5,7.5,8,9],"texture":"#layer0"},"west":{"uv":[7.5,8.5,8,9],"texture":"#layer0"},"up":{"uv":[7.5,8.5,8,9],"texture":"#layer0"},"down":{"uv":[7.5,8.5,8,9],"texture":"#layer0"}}},{"from":[16,15,0],"to":[17,17,1],"faces":{"north":{"uv":[8,7.5,8.5,8.5],"texture":"#layer0"},"east":{"uv":[8,7.5,8.5,8.5],"texture":"#layer0"},"south":{"uv":[8,7.5,8.5,8.5],"texture":"#layer0"},"west":{"uv":[8,7.5,8.5,8.5],"texture":"#layer0"},"up":{"uv":[8,7.5,8.5,8.5],"texture":"#layer0"},"down":{"uv":[8,7.5,8.5,8.5],"texture":"#layer0"}}},{"from":[13,13,0],"to":[14,14,1],"faces":{"north":{"uv":[6.5,9,7,9.5],"texture":"#layer0"},"east":{"uv":[6.5,9,7,9.5],"texture":"#layer0"},"south":{"uv":[6.5,9,7,9.5],"texture":"#layer0"},"west":{"uv":[6.5,9,7,9.5],"texture":"#layer0"},"up":{"uv":[6.5,9,7,9.5],"texture":"#layer0"},"down":{"uv":[6.5,9,7,9.5],"texture":"#layer0"}}},{"from":[12,12,0],"to":[13,13,1],"faces":{"north":{"uv":[6,9.5,6.5,10],"texture":"#layer0"},"east":{"uv":[6,9.5,6.5,10],"texture":"#layer0"},"south":{"uv":[6,9.5,6.5,10],"texture":"#layer0"},"west":{"uv":[6,9.5,6.5,10],"texture":"#layer0"},"up":{"uv":[6,9.5,6.5,10],"texture":"#layer0"},"down":{"uv":[6,9.5,6.5,10],"texture":"#layer0"}}},{"from":[11,12,0],"to":[12,13,1],"faces":{"north":{"uv":[5.5,9.5,6,10],"texture":"#layer0"},"east":{"uv":[5.5,9.5,6,10],"texture":"#layer0"},"south":{"uv":[5.5,9.5,6,10],"texture":"#layer0"},"west":{"uv":[5.5,9.5,6,10],"texture":"#layer0"},"up":{"uv":[5.5,9.5,6,10],"texture":"#layer0"},"down":{"uv":[5.5,9.5,6,10],"texture":"#layer0"}}},{"from":[15,7,0],"to":[19,8,1],"faces":{"north":{"uv":[7.5,12,9,12.5],"texture":"#layer0"},"east":{"uv":[7.5,12,9,12.5],"texture":"#layer0"},"south":{"uv":[7.5,12,9,12.5],"texture":"#layer0"},"west":{"uv":[7.5,12,9,12.5],"texture":"#layer0"},"up":{"uv":[7.5,12,9,12.5],"texture":"#layer0"},"down":{"uv":[7.5,12,9,12.5],"texture":"#layer0"}}},{"from":[16,8,0],"to":[20,9,1],"faces":{"north":{"uv":[7.5,12,9,12.5],"texture":"#layer0"},"east":{"uv":[7.5,12,9,12.5],"texture":"#layer0"},"south":{"uv":[8,11.5,9.5,12],"texture":"#layer0"},"west":{"uv":[7.5,12,9,12.5],"texture":"#layer0"},"up":{"uv":[7.5,12,9,12.5],"texture":"#layer0"},"down":{"uv":[7.5,12,9,12.5],"texture":"#layer0"}}},{"from":[17,9,0],"to":[20,10,1],"faces":{"north":{"uv":[7.5,12,9,12.5],"texture":"#layer0"},"east":{"uv":[7.5,12,9,12.5],"texture":"#layer0"},"south":{"uv":[8.5,11,9.5,11.5],"texture":"#layer0"},"west":{"uv":[7.5,12,9,12.5],"texture":"#layer0"},"up":{"uv":[7.5,12,9,12.5],"texture":"#layer0"},"down":{"uv":[7.5,12,9,12.5],"texture":"#layer0"}}},{"from":[11,7,0],"to":[12,8,1],"faces":{"north":{"uv":[5.5,12,6,12.5],"texture":"#layer0"},"east":{"uv":[5.5,12,6,12.5],"texture":"#layer0"},"south":{"uv":[5.5,12,6,12.5],"texture":"#layer0"},"west":{"uv":[5.5,12,6,12.5],"texture":"#layer0"},"up":{"uv":[5.5,12,6,12.5],"texture":"#layer0"},"down":{"uv":[5.5,12,6,12.5],"texture":"#layer0"}}},{"from":[11,6,0],"to":[18,7,1],"faces":{"north":{"uv":[5.5,12.5,8.5,13],"texture":"#layer0"},"east":{"uv":[5.5,12.5,8.5,13],"texture":"#layer0"},"south":{"uv":[5.5,12.5,8.5,13],"texture":"#layer0"},"west":{"uv":[5.5,12.5,8.5,13],"texture":"#layer0"},"up":{"uv":[5.5,12.5,8.5,13],"texture":"#layer0"},"down":{"uv":[5.5,12.5,8.5,13],"texture":"#layer0"}}},{"from":[12,5,0],"to":[16,6,1],"faces":{"north":{"uv":[5.5,12.5,8.5,13],"texture":"#layer0"},"east":{"uv":[5.5,12.5,8.5,13],"texture":"#layer0"},"south":{"uv":[6,13,7.5,13.5],"texture":"#layer0"},"west":{"uv":[5.5,12.5,8.5,13],"texture":"#layer0"},"up":{"uv":[5.5,12.5,8.5,13],"texture":"#layer0"},"down":{"uv":[5.5,12.5,8.5,13],"texture":"#layer0"}}},{"from":[12,10,0],"to":[13,11,1],"faces":{"north":{"uv":[6,10.5,6.5,11],"texture":"#layer0"},"east":{"uv":[6,10.5,6.5,11],"texture":"#layer0"},"south":{"uv":[6,10.5,6.5,11],"texture":"#layer0"},"west":{"uv":[6,10.5,6.5,11],"texture":"#layer0"},"up":{"uv":[6,10.5,6.5,11],"texture":"#layer0"},"down":{"uv":[6,10.5,6.5,11],"texture":"#layer0"}}},{"from":[13,8,0],"to":[15,13,1],"faces":{"north":{"uv":[6.5,10,7,10.5],"texture":"#layer0"},"east":{"uv":[6.5,10,7,10.5],"texture":"#layer0"},"south":{"uv":[6.5,9.5,7.5,12],"texture":"#layer0"},"west":{"uv":[6.5,10,7,10.5],"texture":"#layer0"},"up":{"uv":[6.5,10,7,10.5],"texture":"#layer0"},"down":{"uv":[6.5,10,7,10.5],"texture":"#layer0"}}},{"from":[9,8,0],"to":[10,9,1],"faces":{"north":{"uv":[4.5,11.5,5,12],"texture":"#layer0"},"east":{"uv":[4.5,11.5,5,12],"texture":"#layer0"},"south":{"uv":[4.5,11.5,5,12],"texture":"#layer0"},"west":{"uv":[4.5,11.5,5,12],"texture":"#layer0"},"up":{"uv":[4.5,11.5,5,12],"texture":"#layer0"},"down":{"uv":[4.5,11.5,5,12],"texture":"#layer0"}}},{"from":[8,7,0],"to":[9,8,1],"faces":{"north":{"uv":[4,12,4.5,12.5],"texture":"#layer0"},"east":{"uv":[4,12,4.5,12.5],"texture":"#layer0"},"south":{"uv":[4,12,4.5,12.5],"texture":"#layer0"},"west":{"uv":[4,12,4.5,12.5],"texture":"#layer0"},"up":{"uv":[4,12,4.5,12.5],"texture":"#layer0"},"down":{"uv":[4,12,4.5,12.5],"texture":"#layer0"}}},{"from":[7,7,0],"to":[8,8,1],"faces":{"north":{"uv":[3.5,12,4,12.5],"texture":"#layer0"},"east":{"uv":[3.5,12,4,12.5],"texture":"#layer0"},"south":{"uv":[3.5,12,4,12.5],"texture":"#layer0"},"west":{"uv":[3.5,12,4,12.5],"texture":"#layer0"},"up":{"uv":[3.5,12,4,12.5],"texture":"#layer0"},"down":{"uv":[3.5,12,4,12.5],"texture":"#layer0"}}},{"from":[7,6,0],"to":[8,7,1],"faces":{"north":{"uv":[3.5,12.5,4,13],"texture":"#layer0"},"east":{"uv":[3.5,12.5,4,13],"texture":"#layer0"},"south":{"uv":[3.5,12.5,4,13],"texture":"#layer0"},"west":{"uv":[3.5,12.5,4,13],"texture":"#layer0"},"up":{"uv":[3.5,12.5,4,13],"texture":"#layer0"},"down":{"uv":[3.5,12.5,4,13],"texture":"#layer0"}}},{"from":[6,6,0],"to":[7,7,1],"faces":{"north":{"uv":[3,12.5,3.5,13],"texture":"#layer0"},"east":{"uv":[3,12.5,3.5,13],"texture":"#layer0"},"south":{"uv":[3,12.5,3.5,13],"texture":"#layer0"},"west":{"uv":[3,12.5,3.5,13],"texture":"#layer0"},"up":{"uv":[3,12.5,3.5,13],"texture":"#layer0"},"down":{"uv":[3,12.5,3.5,13],"texture":"#layer0"}}},{"from":[6,5,0],"to":[7,6,1],"faces":{"north":{"uv":[3,13,3.5,13.5],"texture":"#layer0"},"east":{"uv":[3,13,3.5,13.5],"texture":"#layer0"},"south":{"uv":[3,13,3.5,13.5],"texture":"#layer0"},"west":{"uv":[3,13,3.5,13.5],"texture":"#layer0"},"up":{"uv":[3,13,3.5,13.5],"texture":"#layer0"},"down":{"uv":[3,13,3.5,13.5],"texture":"#layer0"}}},{"from":[5,4,0],"to":[6,5,1],"faces":{"north":{"uv":[2.5,13.5,3,14],"texture":"#layer0"},"east":{"uv":[2.5,13.5,3,14],"texture":"#layer0"},"south":{"uv":[2.5,13.5,3,14],"texture":"#layer0"},"west":{"uv":[2.5,13.5,3,14],"texture":"#layer0"},"up":{"uv":[2.5,13.5,3,14],"texture":"#layer0"},"down":{"uv":[2.5,13.5,3,14],"texture":"#layer0"}}},{"from":[4,3,0],"to":[5,4,1],"faces":{"north":{"uv":[2,14,2.5,14.5],"texture":"#layer0"},"east":{"uv":[2,14,2.5,14.5],"texture":"#layer0"},"south":{"uv":[2,14,2.5,14.5],"texture":"#layer0"},"west":{"uv":[2,14,2.5,14.5],"texture":"#layer0"},"up":{"uv":[2,14,2.5,14.5],"texture":"#layer0"},"down":{"uv":[2,14,2.5,14.5],"texture":"#layer0"}}},{"from":[2,1,0],"to":[3,2,1],"faces":{"north":{"uv":[1,15,1.5,15.5],"texture":"#layer0"},"east":{"uv":[1,15,1.5,15.5],"texture":"#layer0"},"south":{"uv":[1,15,1.5,15.5],"texture":"#layer0"},"west":{"uv":[1,15,1.5,15.5],"texture":"#layer0"},"up":{"uv":[1,15,1.5,15.5],"texture":"#layer0"},"down":{"uv":[1,15,1.5,15.5],"texture":"#layer0"}}},{"from":[1,0,0],"to":[2,1,1],"faces":{"north":{"uv":[0.5,15.5,1,16],"texture":"#layer0"},"east":{"uv":[0.5,15.5,1,16],"texture":"#layer0"},"south":{"uv":[0.5,15.5,1,16],"texture":"#layer0"},"west":{"uv":[0.5,15.5,1,16],"texture":"#layer0"},"up":{"uv":[0.5,15.5,1,16],"texture":"#layer0"},"down":{"uv":[0.5,15.5,1,16],"texture":"#layer0"}}}]}