{"display":{"thirdperson_righthand":{"rotation":[57,0,0],"translation":[3.25,3.75,2],"scale":[1.16,1.16,1.16]},"thirdperson_lefthand":{"rotation":[57,0,0],"translation":[-3,4.75,1.5],"scale":[1.16,1.16,1.16]},"firstperson_righthand":{"rotation":[57,0,0],"translation":[1.13,4,0.38],"scale":[0.85,0.85,0.85]},"firstperson_lefthand":{"rotation":[57,0,0],"translation":[0.88,4,0.13],"scale":[0.85,0.85,0.85]},"ground":{"translation":[2.25,2,0],"scale":[0.65,0.65,0.65]},"gui":{"rotation":[0,-90,0],"translation":[-3,-2.25,0],"scale":[0.54,0.54,0.54]},"fixed":{"rotation":[0,90,0],"translation":[4.5,-3.25,-2.75],"scale":[0.82,0.82,0.82]}},"gui_light":"front","textures":{"layer0":"item/netherite_axe/7"},"elements":[{"from":[5,0,14],"to":[6,1,15],"faces":{"north":{"uv":[2,14,2.5,14.5],"texture":"#layer0"},"east":{"uv":[2,14,2.5,14.5],"texture":"#layer0"},"south":{"uv":[2,14,2.5,14.5],"texture":"#layer0"},"west":{"uv":[2,14,2.5,14.5],"texture":"#layer0"},"up":{"uv":[2,14,2.5,14.5],"texture":"#layer0"},"down":{"uv":[2,14,2.5,14.5],"texture":"#layer0"}}},{"from":[5,0,13],"to":[6,1,14],"faces":{"north":{"uv":[2.5,14,3,14.5],"texture":"#layer0"},"east":{"uv":[2.5,14,3,14.5],"texture":"#layer0"},"south":{"uv":[2.5,14,3,14.5],"texture":"#layer0"},"west":{"uv":[2.5,14,3,14.5],"texture":"#layer0"},"up":{"uv":[2.5,14,3,14.5],"texture":"#layer0"},"down":{"uv":[2.5,14,3,14.5],"texture":"#layer0"}}},{"from":[4.5,1,13],"to":[6.5,2,14],"faces":{"north":{"uv":[2.5,13.5,3,14],"texture":"#layer0"},"east":{"uv":[2.5,13.5,3,14],"texture":"#layer0"},"south":{"uv":[2.5,13.5,3,14],"texture":"#layer0"},"west":{"uv":[2.5,13.5,3,14],"texture":"#layer0"},"up":{"uv":[2.5,13.5,3,14],"texture":"#layer0"},"down":{"uv":[2.5,13.5,3,14],"texture":"#layer0"}}},{"from":[5,1,14],"to":[6,2,15],"faces":{"north":{"uv":[2,13.5,2.5,14],"texture":"#layer0"},"east":{"uv":[2,13.5,2.5,14],"texture":"#layer0"},"south":{"uv":[2,13.5,2.5,14],"texture":"#layer0"},"west":{"uv":[2,13.5,2.5,14],"texture":"#layer0"},"up":{"uv":[2,13.5,2.5,14],"texture":"#layer0"},"down":{"uv":[2,13.5,2.5,14],"texture":"#layer0"}}},{"from":[5,2,13],"to":[6,3,14],"faces":{"north":{"uv":[2,13.5,2.5,14],"texture":"#layer0"},"east":{"uv":[2,13.5,2.5,14],"texture":"#layer0"},"south":{"uv":[2,13.5,2.5,14],"texture":"#layer0"},"west":{"uv":[2,13.5,2.5,14],"texture":"#layer0"},"up":{"uv":[2,13.5,2.5,14],"texture":"#layer0"},"down":{"uv":[2,13.5,2.5,14],"texture":"#layer0"}}},{"from":[5,1,12],"to":[6,2,13],"faces":{"north":{"uv":[2,13.5,2.5,14],"texture":"#layer0"},"east":{"uv":[2,13.5,2.5,14],"texture":"#layer0"},"south":{"uv":[2,13.5,2.5,14],"texture":"#layer0"},"west":{"uv":[2,13.5,2.5,14],"texture":"#layer0"},"up":{"uv":[2,13.5,2.5,14],"texture":"#layer0"},"down":{"uv":[2,13.5,2.5,14],"texture":"#layer0"}}},{"from":[5,2,11],"to":[6,3,12],"faces":{"north":{"uv":[3.5,13,4,13.5],"texture":"#layer0"},"east":{"uv":[3.5,13,4,13.5],"texture":"#layer0"},"south":{"uv":[3.5,13,4,13.5],"texture":"#layer0"},"west":{"uv":[3.5,13,4,13.5],"texture":"#layer0"},"up":{"uv":[3.5,13,4,13.5],"texture":"#layer0"},"down":{"uv":[3.5,13,4,13.5],"texture":"#layer0"}}},{"from":[4.5,2,12],"to":[6.5,3,13],"faces":{"north":{"uv":[3,13,3.5,13.5],"texture":"#layer0"},"east":{"uv":[3,13,3.5,13.5],"texture":"#layer0"},"south":{"uv":[3,13,3.5,13.5],"texture":"#layer0"},"west":{"uv":[3,13,3.5,13.5],"texture":"#layer0"},"up":{"uv":[3,13,3.5,13.5],"texture":"#layer0"},"down":{"uv":[3,13,3.5,13.5],"texture":"#layer0"}}},{"from":[4.5,3,11],"to":[6.5,4,12],"faces":{"north":{"uv":[3.5,12.5,4,13],"texture":"#layer0"},"east":{"uv":[3.5,12.5,4,13],"texture":"#layer0"},"south":{"uv":[3.5,12.5,4,13],"texture":"#layer0"},"west":{"uv":[3.5,12.5,4,13],"texture":"#layer0"},"up":{"uv":[3.5,12.5,4,13],"texture":"#layer0"},"down":{"uv":[3.5,12.5,4,13],"texture":"#layer0"}}},{"from":[5,3,10],"to":[6,4,11],"faces":{"north":{"uv":[4,12.5,4.5,13],"texture":"#layer0"},"east":{"uv":[4,12.5,4.5,13],"texture":"#layer0"},"south":{"uv":[4,12.5,4.5,13],"texture":"#layer0"},"west":{"uv":[4,12.5,4.5,13],"texture":"#layer0"},"up":{"uv":[4,12.5,4.5,13],"texture":"#layer0"},"down":{"uv":[4,12.5,4.5,13],"texture":"#layer0"}}},{"from":[4.5,4,10],"to":[6.5,5,11],"faces":{"north":{"uv":[4,12,4.5,12.5],"texture":"#layer0"},"east":{"uv":[4,12,4.5,12.5],"texture":"#layer0"},"south":{"uv":[4,12,4.5,12.5],"texture":"#layer0"},"west":{"uv":[4,12,4.5,12.5],"texture":"#layer0"},"up":{"uv":[4,12,4.5,12.5],"texture":"#layer0"},"down":{"uv":[4,12,4.5,12.5],"texture":"#layer0"}}},{"from":[5,5,10],"to":[6,6,11],"faces":{"north":{"uv":[4,11.5,4.5,12],"texture":"#layer0"},"east":{"uv":[4,11.5,4.5,12],"texture":"#layer0"},"south":{"uv":[4,11.5,4.5,12],"texture":"#layer0"},"west":{"uv":[4,11.5,4.5,12],"texture":"#layer0"},"up":{"uv":[4,11.5,4.5,12],"texture":"#layer0"},"down":{"uv":[4,11.5,4.5,12],"texture":"#layer0"}}},{"from":[4.5,5,9],"to":[6.5,6,10],"faces":{"north":{"uv":[4.5,11.5,5,12],"texture":"#layer0"},"east":{"uv":[4.5,11.5,5,12],"texture":"#layer0"},"south":{"uv":[4.5,11.5,5,12],"texture":"#layer0"},"west":{"uv":[4.5,11.5,5,12],"texture":"#layer0"},"up":{"uv":[4.5,11.5,5,12],"texture":"#layer0"},"down":{"uv":[4.5,11.5,5,12],"texture":"#layer0"}}},{"from":[5,6,9],"to":[6,7,10],"faces":{"north":{"uv":[4.5,11,5,11.5],"texture":"#layer0"},"east":{"uv":[4.5,11,5,11.5],"texture":"#layer0"},"south":{"uv":[4.5,11,5,11.5],"texture":"#layer0"},"west":{"uv":[4.5,11,5,11.5],"texture":"#layer0"},"up":{"uv":[4.5,11,5,11.5],"texture":"#layer0"},"down":{"uv":[4.5,11,5,11.5],"texture":"#layer0"}}},{"from":[5,7,8],"to":[6,8,9],"faces":{"north":{"uv":[5,10.5,5.5,11],"texture":"#layer0"},"east":{"uv":[5,10.5,5.5,11],"texture":"#layer0"},"south":{"uv":[5,10.5,5.5,11],"texture":"#layer0"},"west":{"uv":[5,10.5,5.5,11],"texture":"#layer0"},"up":{"uv":[5,10.5,5.5,11],"texture":"#layer0"},"down":{"uv":[5,10.5,5.5,11],"texture":"#layer0"}}},{"from":[4.5,7,7],"to":[6.5,8,8],"faces":{"north":{"uv":[5.5,10.5,6,11],"texture":"#layer0"},"east":{"uv":[5.5,10.5,6,11],"texture":"#layer0"},"south":{"uv":[5.5,10.5,6,11],"texture":"#layer0"},"west":{"uv":[5.5,10.5,6,11],"texture":"#layer0"},"up":{"uv":[5.5,10.5,6,11],"texture":"#layer0"},"down":{"uv":[5.5,10.5,6,11],"texture":"#layer0"}}},{"from":[5,8,7],"to":[6,9,8],"faces":{"north":{"uv":[5.5,10,6,10.5],"texture":"#layer0"},"east":{"uv":[5.5,10,6,10.5],"texture":"#layer0"},"south":{"uv":[5.5,10,6,10.5],"texture":"#layer0"},"west":{"uv":[5.5,10,6,10.5],"texture":"#layer0"},"up":{"uv":[5.5,10,6,10.5],"texture":"#layer0"},"down":{"uv":[5.5,10,6,10.5],"texture":"#layer0"}}},{"from":[4.5,8,6],"to":[6.5,9,7],"faces":{"north":{"uv":[6,10,6.5,10.5],"texture":"#layer0"},"east":{"uv":[6,10,6.5,10.5],"texture":"#layer0"},"south":{"uv":[6,10,6.5,10.5],"texture":"#layer0"},"west":{"uv":[6,10,6.5,10.5],"texture":"#layer0"},"up":{"uv":[6,10,6.5,10.5],"texture":"#layer0"},"down":{"uv":[6,10,6.5,10.5],"texture":"#layer0"}}},{"from":[5,9,6],"to":[6,10,7],"faces":{"north":{"uv":[6,9.5,6.5,10],"texture":"#layer0"},"east":{"uv":[6,9.5,6.5,10],"texture":"#layer0"},"south":{"uv":[6,9.5,6.5,10],"texture":"#layer0"},"west":{"uv":[6,9.5,6.5,10],"texture":"#layer0"},"up":{"uv":[6,9.5,6.5,10],"texture":"#layer0"},"down":{"uv":[6,9.5,6.5,10],"texture":"#layer0"}}},{"from":[4.5,9,5],"to":[6.5,10,6],"faces":{"north":{"uv":[6.5,9.5,7,10],"texture":"#layer0"},"east":{"uv":[6.5,9.5,7,10],"texture":"#layer0"},"south":{"uv":[6.5,9.5,7,10],"texture":"#layer0"},"west":{"uv":[6.5,9.5,7,10],"texture":"#layer0"},"up":{"uv":[6.5,9.5,7,10],"texture":"#layer0"},"down":{"uv":[6.5,9.5,7,10],"texture":"#layer0"}}},{"from":[5,10,5],"to":[6,11,6],"faces":{"north":{"uv":[6.5,9,7,9.5],"texture":"#layer0"},"east":{"uv":[6.5,9,7,9.5],"texture":"#layer0"},"south":{"uv":[6.5,9,7,9.5],"texture":"#layer0"},"west":{"uv":[6.5,9,7,9.5],"texture":"#layer0"},"up":{"uv":[6.5,9,7,9.5],"texture":"#layer0"},"down":{"uv":[6.5,9,7,9.5],"texture":"#layer0"}}},{"from":[4.5,10,4],"to":[6.5,11,5],"faces":{"north":{"uv":[7,9,7.5,9.5],"texture":"#layer0"},"east":{"uv":[7,9,7.5,9.5],"texture":"#layer0"},"south":{"uv":[7,9,7.5,9.5],"texture":"#layer0"},"west":{"uv":[7,9,7.5,9.5],"texture":"#layer0"},"up":{"uv":[7,9,7.5,9.5],"texture":"#layer0"},"down":{"uv":[7,9,7.5,9.5],"texture":"#layer0"}}},{"from":[5,11,4],"to":[6,12,5],"faces":{"north":{"uv":[7,8.5,7.5,9],"texture":"#layer0"},"east":{"uv":[7,8.5,7.5,9],"texture":"#layer0"},"south":{"uv":[7,8.5,7.5,9],"texture":"#layer0"},"west":{"uv":[7,8.5,7.5,9],"texture":"#layer0"},"up":{"uv":[7,8.5,7.5,9],"texture":"#layer0"},"down":{"uv":[7,8.5,7.5,9],"texture":"#layer0"}}},{"from":[4.5,11,3],"to":[6.5,12,4],"faces":{"north":{"uv":[7.5,8.5,8,9],"texture":"#layer0"},"east":{"uv":[7.5,8.5,8,9],"texture":"#layer0"},"south":{"uv":[7.5,8.5,8,9],"texture":"#layer0"},"west":{"uv":[7.5,8.5,8,9],"texture":"#layer0"},"up":{"uv":[7.5,8.5,8,9],"texture":"#layer0"},"down":{"uv":[7.5,8.5,8,9],"texture":"#layer0"}}},{"from":[5,12,3],"to":[6,13,4],"faces":{"north":{"uv":[7.5,8,8,8.5],"texture":"#layer0"},"east":{"uv":[7.5,8,8,8.5],"texture":"#layer0"},"south":{"uv":[7.5,8,8,8.5],"texture":"#layer0"},"west":{"uv":[7.5,8,8,8.5],"texture":"#layer0"},"up":{"uv":[7.5,8,8,8.5],"texture":"#layer0"},"down":{"uv":[7.5,8,8,8.5],"texture":"#layer0"}}},{"from":[5,13,2],"to":[6,14,3],"faces":{"north":{"uv":[8,7.5,8.5,8],"texture":"#layer0"},"east":{"uv":[8,7.5,8.5,8],"texture":"#layer0"},"south":{"uv":[8,7.5,8.5,8],"texture":"#layer0"},"west":{"uv":[8,7.5,8.5,8],"texture":"#layer0"},"up":{"uv":[8,7.5,8.5,8],"texture":"#layer0"},"down":{"uv":[8,7.5,8.5,8],"texture":"#layer0"}}},{"from":[4.5,13,1],"to":[6.5,14,2],"faces":{"north":{"uv":[8.5,7.5,9,8],"texture":"#layer0"},"east":{"uv":[8.5,7.5,9,8],"texture":"#layer0"},"south":{"uv":[8.5,7.5,9,8],"texture":"#layer0"},"west":{"uv":[8.5,7.5,9,8],"texture":"#layer0"},"up":{"uv":[8.5,7.5,9,8],"texture":"#layer0"},"down":{"uv":[8.5,7.5,9,8],"texture":"#layer0"}}},{"from":[5,12,1],"to":[6,13,2],"faces":{"north":{"uv":[8.5,8,9,8.5],"texture":"#layer0"},"east":{"uv":[8.5,8,9,8.5],"texture":"#layer0"},"south":{"uv":[8.5,8,9,8.5],"texture":"#layer0"},"west":{"uv":[8.5,8,9,8.5],"texture":"#layer0"},"up":{"uv":[8.5,8,9,8.5],"texture":"#layer0"},"down":{"uv":[8.5,8,9,8.5],"texture":"#layer0"}}},{"from":[5,14,1],"to":[6,15,2],"faces":{"north":{"uv":[8.5,7,9,7.5],"texture":"#layer0"},"east":{"uv":[8.5,7,9,7.5],"texture":"#layer0"},"south":{"uv":[8.5,7,9,7.5],"texture":"#layer0"},"west":{"uv":[8.5,7,9,7.5],"texture":"#layer0"},"up":{"uv":[8.5,7,9,7.5],"texture":"#layer0"},"down":{"uv":[8.5,7,9,7.5],"texture":"#layer0"}}},{"from":[4.5,14,0],"to":[6.5,15,1],"faces":{"north":{"uv":[9,7,9.5,7.5],"texture":"#layer0"},"east":{"uv":[9,7,9.5,7.5],"texture":"#layer0"},"south":{"uv":[9,7,9.5,7.5],"texture":"#layer0"},"west":{"uv":[9,7,9.5,7.5],"texture":"#layer0"},"up":{"uv":[9,7,9.5,7.5],"texture":"#layer0"},"down":{"uv":[9,7,9.5,7.5],"texture":"#layer0"}}},{"from":[5,15,0],"to":[6,16,1],"faces":{"north":{"uv":[9,6.5,9.5,7],"texture":"#layer0"},"east":{"uv":[9,6.5,9.5,7],"texture":"#layer0"},"south":{"uv":[9,6.5,9.5,7],"texture":"#layer0"},"west":{"uv":[9,6.5,9.5,7],"texture":"#layer0"},"up":{"uv":[9,6.5,9.5,7],"texture":"#layer0"},"down":{"uv":[9,6.5,9.5,7],"texture":"#layer0"}}},{"from":[5,15,-1],"to":[6,16,0],"faces":{"north":{"uv":[9.5,6.5,10,7],"texture":"#layer0"},"east":{"uv":[9.5,6.5,10,7],"texture":"#layer0"},"south":{"uv":[9.5,6.5,10,7],"texture":"#layer0"},"west":{"uv":[9.5,6.5,10,7],"texture":"#layer0"},"up":{"uv":[9.5,6.5,10,7],"texture":"#layer0"},"down":{"uv":[9.5,6.5,10,7],"texture":"#layer0"}}},{"from":[5,14,-1],"to":[6,15,0],"faces":{"north":{"uv":[9.5,7,10,7.5],"texture":"#layer0"},"east":{"uv":[9.5,7,10,7.5],"texture":"#layer0"},"south":{"uv":[9.5,7,10,7.5],"texture":"#layer0"},"west":{"uv":[9.5,7,10,7.5],"texture":"#layer0"},"up":{"uv":[9.5,7,10,7.5],"texture":"#layer0"},"down":{"uv":[9.5,7,10,7.5],"texture":"#layer0"}}},{"from":[5,14,-2],"to":[6,15,-1],"faces":{"north":{"uv":[10,7,10.5,7.5],"texture":"#layer0"},"east":{"uv":[10,7,10.5,7.5],"texture":"#layer0"},"south":{"uv":[10,7,10.5,7.5],"texture":"#layer0"},"west":{"uv":[10,7,10.5,7.5],"texture":"#layer0"},"up":{"uv":[10,7,10.5,7.5],"texture":"#layer0"},"down":{"uv":[10,7,10.5,7.5],"texture":"#layer0"}}},{"from":[5,16,0],"to":[6,17,1],"faces":{"north":{"uv":[9,6,9.5,6.5],"texture":"#layer0"},"east":{"uv":[9,6,9.5,6.5],"texture":"#layer0"},"south":{"uv":[9,6,9.5,6.5],"texture":"#layer0"},"west":{"uv":[9,6,9.5,6.5],"texture":"#layer0"},"up":{"uv":[9,6,9.5,6.5],"texture":"#layer0"},"down":{"uv":[9,6,9.5,6.5],"texture":"#layer0"}}},{"from":[5,17,0],"to":[6,18,1],"faces":{"north":{"uv":[9,5.5,9.5,6],"texture":"#layer0"},"east":{"uv":[9,5.5,9.5,6],"texture":"#layer0"},"south":{"uv":[9,5.5,9.5,6],"texture":"#layer0"},"west":{"uv":[9,5.5,9.5,6],"texture":"#layer0"},"up":{"uv":[9,5.5,9.5,6],"texture":"#layer0"},"down":{"uv":[9,5.5,9.5,6],"texture":"#layer0"}}},{"from":[5,17,1],"to":[6,18,2],"faces":{"north":{"uv":[8.5,5.5,9,6],"texture":"#layer0"},"east":{"uv":[8.5,5.5,9,6],"texture":"#layer0"},"south":{"uv":[8.5,5.5,9,6],"texture":"#layer0"},"west":{"uv":[8.5,5.5,9,6],"texture":"#layer0"},"up":{"uv":[8.5,5.5,9,6],"texture":"#layer0"},"down":{"uv":[8.5,5.5,9,6],"texture":"#layer0"}}},{"from":[5,16,1],"to":[6,17,2],"faces":{"north":{"uv":[8.5,6,9,6.5],"texture":"#layer0"},"east":{"uv":[8.5,6,9,6.5],"texture":"#layer0"},"south":{"uv":[8.5,6,9,6.5],"texture":"#layer0"},"west":{"uv":[8.5,6,9,6.5],"texture":"#layer0"},"up":{"uv":[8.5,6,9,6.5],"texture":"#layer0"},"down":{"uv":[8.5,6,9,6.5],"texture":"#layer0"}}},{"from":[5,16,2],"to":[6,17,3],"faces":{"north":{"uv":[8,6,8.5,6.5],"texture":"#layer0"},"east":{"uv":[8,6,8.5,6.5],"texture":"#layer0"},"south":{"uv":[8,6,8.5,6.5],"texture":"#layer0"},"west":{"uv":[8,6,8.5,6.5],"texture":"#layer0"},"up":{"uv":[8,6,8.5,6.5],"texture":"#layer0"},"down":{"uv":[8,6,8.5,6.5],"texture":"#layer0"}}},{"from":[4.5,16,3],"to":[6.5,17,4],"faces":{"north":{"uv":[7.5,6,8,6.5],"texture":"#layer0"},"east":{"uv":[7.5,6,8,6.5],"texture":"#layer0"},"south":{"uv":[7.5,6,8,6.5],"texture":"#layer0"},"west":{"uv":[7.5,6,8,6.5],"texture":"#layer0"},"up":{"uv":[7.5,6,8,6.5],"texture":"#layer0"},"down":{"uv":[7.5,6,8,6.5],"texture":"#layer0"}}},{"from":[4.5,16,4],"to":[6.5,17,5],"faces":{"north":{"uv":[7,6,7.5,6.5],"texture":"#layer0"},"east":{"uv":[7,6,7.5,6.5],"texture":"#layer0"},"south":{"uv":[7,6,7.5,6.5],"texture":"#layer0"},"west":{"uv":[7,6,7.5,6.5],"texture":"#layer0"},"up":{"uv":[7,6,7.5,6.5],"texture":"#layer0"},"down":{"uv":[7,6,7.5,6.5],"texture":"#layer0"}}},{"from":[4.5,17,4],"to":[6.5,18,5],"faces":{"north":{"uv":[7,5.5,7.5,6],"texture":"#layer0"},"east":{"uv":[7,5.5,7.5,6],"texture":"#layer0"},"south":{"uv":[7,5.5,7.5,6],"texture":"#layer0"},"west":{"uv":[7,5.5,7.5,6],"texture":"#layer0"},"up":{"uv":[7,5.5,7.5,6],"texture":"#layer0"},"down":{"uv":[7,5.5,7.5,6],"texture":"#layer0"}}},{"from":[4.5,17,3],"to":[6.5,18,4],"faces":{"north":{"uv":[7.5,5.5,8,6],"texture":"#layer0"},"east":{"uv":[7.5,5.5,8,6],"texture":"#layer0"},"south":{"uv":[7.5,5.5,8,6],"texture":"#layer0"},"west":{"uv":[7.5,5.5,8,6],"texture":"#layer0"},"up":{"uv":[7.5,5.5,8,6],"texture":"#layer0"},"down":{"uv":[7.5,5.5,8,6],"texture":"#layer0"}}},{"from":[5,17,2],"to":[6,18,3],"faces":{"north":{"uv":[8,5.5,8.5,6],"texture":"#layer0"},"east":{"uv":[8,5.5,8.5,6],"texture":"#layer0"},"south":{"uv":[8,5.5,8.5,6],"texture":"#layer0"},"west":{"uv":[8,5.5,8.5,6],"texture":"#layer0"},"up":{"uv":[8,5.5,8.5,6],"texture":"#layer0"},"down":{"uv":[8,5.5,8.5,6],"texture":"#layer0"}}},{"from":[4.5,18,2],"to":[6.5,19,3],"faces":{"north":{"uv":[8,5,8.5,5.5],"texture":"#layer0"},"east":{"uv":[8,5,8.5,5.5],"texture":"#layer0"},"south":{"uv":[8,5,8.5,5.5],"texture":"#layer0"},"west":{"uv":[8,5,8.5,5.5],"texture":"#layer0"},"up":{"uv":[8,5,8.5,5.5],"texture":"#layer0"},"down":{"uv":[8,5,8.5,5.5],"texture":"#layer0"}}},{"from":[5,18,1],"to":[6,19,2],"faces":{"north":{"uv":[8.5,5,9,5.5],"texture":"#layer0"},"east":{"uv":[8.5,5,9,5.5],"texture":"#layer0"},"south":{"uv":[8.5,5,9,5.5],"texture":"#layer0"},"west":{"uv":[8.5,5,9,5.5],"texture":"#layer0"},"up":{"uv":[8.5,5,9,5.5],"texture":"#layer0"},"down":{"uv":[8.5,5,9,5.5],"texture":"#layer0"}}},{"from":[4.5,18,3],"to":[6.5,19,4],"faces":{"north":{"uv":[7.5,5,8,5.5],"texture":"#layer0"},"east":{"uv":[7.5,5,8,5.5],"texture":"#layer0"},"south":{"uv":[7.5,5,8,5.5],"texture":"#layer0"},"west":{"uv":[7.5,5,8,5.5],"texture":"#layer0"},"up":{"uv":[7.5,5,8,5.5],"texture":"#layer0"},"down":{"uv":[7.5,5,8,5.5],"texture":"#layer0"}}},{"from":[5,15,3],"to":[6,16,4],"faces":{"north":{"uv":[7.5,6.5,8,7],"texture":"#layer0"},"east":{"uv":[7.5,6.5,8,7],"texture":"#layer0"},"south":{"uv":[7.5,6.5,8,7],"texture":"#layer0"},"west":{"uv":[7.5,6.5,8,7],"texture":"#layer0"},"up":{"uv":[7.5,6.5,8,7],"texture":"#layer0"},"down":{"uv":[7.5,6.5,8,7],"texture":"#layer0"}}},{"from":[5,15,4],"to":[6,16,5],"faces":{"north":{"uv":[7,6.5,7.5,7],"texture":"#layer0"},"east":{"uv":[7,6.5,7.5,7],"texture":"#layer0"},"south":{"uv":[7,6.5,7.5,7],"texture":"#layer0"},"west":{"uv":[7,6.5,7.5,7],"texture":"#layer0"},"up":{"uv":[7,6.5,7.5,7],"texture":"#layer0"},"down":{"uv":[7,6.5,7.5,7],"texture":"#layer0"}}},{"from":[5,16,5],"to":[6,17,6],"faces":{"north":{"uv":[6.5,6,7,6.5],"texture":"#layer0"},"east":{"uv":[6.5,6,7,6.5],"texture":"#layer0"},"south":{"uv":[6.5,6,7,6.5],"texture":"#layer0"},"west":{"uv":[6.5,6,7,6.5],"texture":"#layer0"},"up":{"uv":[6.5,6,7,6.5],"texture":"#layer0"},"down":{"uv":[6.5,6,7,6.5],"texture":"#layer0"}}},{"from":[5,17,5],"to":[6,18,6],"faces":{"north":{"uv":[6.5,5.5,7,6],"texture":"#layer0"},"east":{"uv":[6.5,5.5,7,6],"texture":"#layer0"},"south":{"uv":[6.5,5.5,7,6],"texture":"#layer0"},"west":{"uv":[6.5,5.5,7,6],"texture":"#layer0"},"up":{"uv":[6.5,5.5,7,6],"texture":"#layer0"},"down":{"uv":[6.5,5.5,7,6],"texture":"#layer0"}}},{"from":[5,18,5],"to":[6,19,6],"faces":{"north":{"uv":[6.5,5,7,5.5],"texture":"#layer0"},"east":{"uv":[6.5,5,7,5.5],"texture":"#layer0"},"south":{"uv":[6.5,5,7,5.5],"texture":"#layer0"},"west":{"uv":[6.5,5,7,5.5],"texture":"#layer0"},"up":{"uv":[6.5,5,7,5.5],"texture":"#layer0"},"down":{"uv":[6.5,5,7,5.5],"texture":"#layer0"}}},{"from":[5,18,4],"to":[6,19,5],"faces":{"north":{"uv":[7,5,7.5,5.5],"texture":"#layer0"},"east":{"uv":[7,5,7.5,5.5],"texture":"#layer0"},"south":{"uv":[7,5,7.5,5.5],"texture":"#layer0"},"west":{"uv":[7,5,7.5,5.5],"texture":"#layer0"},"up":{"uv":[7,5,7.5,5.5],"texture":"#layer0"},"down":{"uv":[7,5,7.5,5.5],"texture":"#layer0"}}},{"from":[5,19,4],"to":[6,20,5],"faces":{"north":{"uv":[7,4.5,7.5,5],"texture":"#layer0"},"east":{"uv":[7,4.5,7.5,5],"texture":"#layer0"},"south":{"uv":[7,4.5,7.5,5],"texture":"#layer0"},"west":{"uv":[7,4.5,7.5,5],"texture":"#layer0"},"up":{"uv":[7,4.5,7.5,5],"texture":"#layer0"},"down":{"uv":[7,4.5,7.5,5],"texture":"#layer0"}}},{"from":[5,20,4],"to":[6,21,5],"faces":{"north":{"uv":[7,4,7.5,4.5],"texture":"#layer0"},"east":{"uv":[7,4,7.5,4.5],"texture":"#layer0"},"south":{"uv":[7,4,7.5,4.5],"texture":"#layer0"},"west":{"uv":[7,4,7.5,4.5],"texture":"#layer0"},"up":{"uv":[7,4,7.5,4.5],"texture":"#layer0"},"down":{"uv":[7,4,7.5,4.5],"texture":"#layer0"}}},{"from":[5,21,4],"to":[6,22,5],"faces":{"north":{"uv":[7,3.5,7.5,4],"texture":"#layer0"},"east":{"uv":[7,3.5,7.5,4],"texture":"#layer0"},"south":{"uv":[7,3.5,7.5,4],"texture":"#layer0"},"west":{"uv":[7,3.5,7.5,4],"texture":"#layer0"},"up":{"uv":[7,3.5,7.5,4],"texture":"#layer0"},"down":{"uv":[7,3.5,7.5,4],"texture":"#layer0"}}},{"from":[5,22,3],"to":[6,23,4],"faces":{"north":{"uv":[7.5,3,8,3.5],"texture":"#layer0"},"east":{"uv":[7.5,3,8,3.5],"texture":"#layer0"},"south":{"uv":[7.5,3,8,3.5],"texture":"#layer0"},"west":{"uv":[7.5,3,8,3.5],"texture":"#layer0"},"up":{"uv":[7.5,3,8,3.5],"texture":"#layer0"},"down":{"uv":[7.5,3,8,3.5],"texture":"#layer0"}}},{"from":[5,22,2],"to":[6,23,3],"faces":{"north":{"uv":[8,3,8.5,3.5],"texture":"#layer0"},"east":{"uv":[8,3,8.5,3.5],"texture":"#layer0"},"south":{"uv":[8,3,8.5,3.5],"texture":"#layer0"},"west":{"uv":[8,3,8.5,3.5],"texture":"#layer0"},"up":{"uv":[8,3,8.5,3.5],"texture":"#layer0"},"down":{"uv":[8,3,8.5,3.5],"texture":"#layer0"}}},{"from":[5,23,2],"to":[6,24,3],"faces":{"north":{"uv":[8,2.5,8.5,3],"texture":"#layer0"},"east":{"uv":[8,2.5,8.5,3],"texture":"#layer0"},"south":{"uv":[8,2.5,8.5,3],"texture":"#layer0"},"west":{"uv":[8,2.5,8.5,3],"texture":"#layer0"},"up":{"uv":[8,2.5,8.5,3],"texture":"#layer0"},"down":{"uv":[8,2.5,8.5,3],"texture":"#layer0"}}},{"from":[5,24,1],"to":[6,25,2],"faces":{"north":{"uv":[8.5,2,9,2.5],"texture":"#layer0"},"east":{"uv":[8.5,2,9,2.5],"texture":"#layer0"},"south":{"uv":[8.5,2,9,2.5],"texture":"#layer0"},"west":{"uv":[8.5,2,9,2.5],"texture":"#layer0"},"up":{"uv":[8.5,2,9,2.5],"texture":"#layer0"},"down":{"uv":[8.5,2,9,2.5],"texture":"#layer0"}}},{"from":[5,18,0],"to":[6,19,1],"faces":{"north":{"uv":[9,5,9.5,5.5],"texture":"#layer0"},"east":{"uv":[9,5,9.5,5.5],"texture":"#layer0"},"south":{"uv":[9,5,9.5,5.5],"texture":"#layer0"},"west":{"uv":[9,5,9.5,5.5],"texture":"#layer0"},"up":{"uv":[9,5,9.5,5.5],"texture":"#layer0"},"down":{"uv":[9,5,9.5,5.5],"texture":"#layer0"}}},{"from":[5,19,0],"to":[6,20,1],"faces":{"north":{"uv":[9,4.5,9.5,5],"texture":"#layer0"},"east":{"uv":[9,4.5,9.5,5],"texture":"#layer0"},"south":{"uv":[9,4.5,9.5,5],"texture":"#layer0"},"west":{"uv":[9,4.5,9.5,5],"texture":"#layer0"},"up":{"uv":[9,4.5,9.5,5],"texture":"#layer0"},"down":{"uv":[9,4.5,9.5,5],"texture":"#layer0"}}},{"from":[4.5,20,0],"to":[6.5,21,1],"faces":{"north":{"uv":[9,4,9.5,4.5],"texture":"#layer0"},"east":{"uv":[9,4,9.5,4.5],"texture":"#layer0"},"south":{"uv":[9,4,9.5,4.5],"texture":"#layer0"},"west":{"uv":[9,4,9.5,4.5],"texture":"#layer0"},"up":{"uv":[9,4,9.5,4.5],"texture":"#layer0"},"down":{"uv":[9,4,9.5,4.5],"texture":"#layer0"}}},{"from":[4.5,21,0],"to":[6.5,22,1],"faces":{"north":{"uv":[9,3.5,9.5,4],"texture":"#layer0"},"east":{"uv":[9,3.5,9.5,4],"texture":"#layer0"},"south":{"uv":[9,3.5,9.5,4],"texture":"#layer0"},"west":{"uv":[9,3.5,9.5,4],"texture":"#layer0"},"up":{"uv":[9,3.5,9.5,4],"texture":"#layer0"},"down":{"uv":[9,3.5,9.5,4],"texture":"#layer0"}}},{"from":[4.5,23,0],"to":[6.5,24,1],"faces":{"north":{"uv":[9,2.5,9.5,3],"texture":"#layer0"},"east":{"uv":[9,2.5,9.5,3],"texture":"#layer0"},"south":{"uv":[9,2.5,9.5,3],"texture":"#layer0"},"west":{"uv":[9,2.5,9.5,3],"texture":"#layer0"},"up":{"uv":[9,2.5,9.5,3],"texture":"#layer0"},"down":{"uv":[9,2.5,9.5,3],"texture":"#layer0"}}},{"from":[4.5,23,-1],"to":[6.5,24,0],"faces":{"north":{"uv":[9.5,2.5,10,3],"texture":"#layer0"},"east":{"uv":[9.5,2.5,10,3],"texture":"#layer0"},"south":{"uv":[9.5,2.5,10,3],"texture":"#layer0"},"west":{"uv":[9.5,2.5,10,3],"texture":"#layer0"},"up":{"uv":[9.5,2.5,10,3],"texture":"#layer0"},"down":{"uv":[9.5,2.5,10,3],"texture":"#layer0"}}},{"from":[4.5,22,-1],"to":[6.5,23,0],"faces":{"north":{"uv":[9.5,3,10,3.5],"texture":"#layer0"},"east":{"uv":[9.5,3,10,3.5],"texture":"#layer0"},"south":{"uv":[9.5,3,10,3.5],"texture":"#layer0"},"west":{"uv":[9.5,3,10,3.5],"texture":"#layer0"},"up":{"uv":[9.5,3,10,3.5],"texture":"#layer0"},"down":{"uv":[9.5,3,10,3.5],"texture":"#layer0"}}},{"from":[5,21,-1],"to":[6,22,0],"faces":{"north":{"uv":[9.5,3.5,10,4],"texture":"#layer0"},"east":{"uv":[9.5,3.5,10,4],"texture":"#layer0"},"south":{"uv":[9.5,3.5,10,4],"texture":"#layer0"},"west":{"uv":[9.5,3.5,10,4],"texture":"#layer0"},"up":{"uv":[9.5,3.5,10,4],"texture":"#layer0"},"down":{"uv":[9.5,3.5,10,4],"texture":"#layer0"}}},{"from":[5,20,-1],"to":[6,21,0],"faces":{"north":{"uv":[9.5,4,10,4.5],"texture":"#layer0"},"east":{"uv":[9.5,4,10,4.5],"texture":"#layer0"},"south":{"uv":[9.5,4,10,4.5],"texture":"#layer0"},"west":{"uv":[9.5,4,10,4.5],"texture":"#layer0"},"up":{"uv":[9.5,4,10,4.5],"texture":"#layer0"},"down":{"uv":[9.5,4,10,4.5],"texture":"#layer0"}}},{"from":[5,19,-1],"to":[6,20,0],"faces":{"north":{"uv":[9.5,4.5,10,5],"texture":"#layer0"},"east":{"uv":[9.5,4.5,10,5],"texture":"#layer0"},"south":{"uv":[9.5,4.5,10,5],"texture":"#layer0"},"west":{"uv":[9.5,4.5,10,5],"texture":"#layer0"},"up":{"uv":[9.5,4.5,10,5],"texture":"#layer0"},"down":{"uv":[9.5,4.5,10,5],"texture":"#layer0"}}},{"from":[5,18,-1],"to":[6,19,0],"faces":{"north":{"uv":[9.5,5,10,5.5],"texture":"#layer0"},"east":{"uv":[9.5,5,10,5.5],"texture":"#layer0"},"south":{"uv":[9.5,5,10,5.5],"texture":"#layer0"},"west":{"uv":[9.5,5,10,5.5],"texture":"#layer0"},"up":{"uv":[9.5,5,10,5.5],"texture":"#layer0"},"down":{"uv":[9.5,5,10,5.5],"texture":"#layer0"}}},{"from":[5,17,-1],"to":[6,18,0],"faces":{"north":{"uv":[9.5,5.5,10,6],"texture":"#layer0"},"east":{"uv":[9.5,5.5,10,6],"texture":"#layer0"},"south":{"uv":[9.5,5.5,10,6],"texture":"#layer0"},"west":{"uv":[9.5,5.5,10,6],"texture":"#layer0"},"up":{"uv":[9.5,5.5,10,6],"texture":"#layer0"},"down":{"uv":[9.5,5.5,10,6],"texture":"#layer0"}}},{"from":[5,17,-2],"to":[6,18,-1],"faces":{"north":{"uv":[10,5.5,10.5,6],"texture":"#layer0"},"east":{"uv":[10,5.5,10.5,6],"texture":"#layer0"},"south":{"uv":[10,5.5,10.5,6],"texture":"#layer0"},"west":{"uv":[10,5.5,10.5,6],"texture":"#layer0"},"up":{"uv":[10,5.5,10.5,6],"texture":"#layer0"},"down":{"uv":[10,5.5,10.5,6],"texture":"#layer0"}}},{"from":[5,18,-2],"to":[6,19,-1],"faces":{"north":{"uv":[10,5,10.5,5.5],"texture":"#layer0"},"east":{"uv":[10,5,10.5,5.5],"texture":"#layer0"},"south":{"uv":[10,5,10.5,5.5],"texture":"#layer0"},"west":{"uv":[10,5,10.5,5.5],"texture":"#layer0"},"up":{"uv":[10,5,10.5,5.5],"texture":"#layer0"},"down":{"uv":[10,5,10.5,5.5],"texture":"#layer0"}}},{"from":[5,19,-2],"to":[6,20,-1],"faces":{"north":{"uv":[10,4.5,10.5,5],"texture":"#layer0"},"east":{"uv":[10,4.5,10.5,5],"texture":"#layer0"},"south":{"uv":[10,4.5,10.5,5],"texture":"#layer0"},"west":{"uv":[10,4.5,10.5,5],"texture":"#layer0"},"up":{"uv":[10,4.5,10.5,5],"texture":"#layer0"},"down":{"uv":[10,4.5,10.5,5],"texture":"#layer0"}}},{"from":[5,19,-3],"to":[6,20,-2],"faces":{"north":{"uv":[10.5,4.5,11,5],"texture":"#layer0"},"east":{"uv":[10.5,4.5,11,5],"texture":"#layer0"},"south":{"uv":[10.5,4.5,11,5],"texture":"#layer0"},"west":{"uv":[10.5,4.5,11,5],"texture":"#layer0"},"up":{"uv":[10.5,4.5,11,5],"texture":"#layer0"},"down":{"uv":[10.5,4.5,11,5],"texture":"#layer0"}}},{"from":[5,18,-3],"to":[6,19,-2],"faces":{"north":{"uv":[10.5,5,11,5.5],"texture":"#layer0"},"east":{"uv":[10.5,5,11,5.5],"texture":"#layer0"},"south":{"uv":[10.5,5,11,5.5],"texture":"#layer0"},"west":{"uv":[10.5,5,11,5.5],"texture":"#layer0"},"up":{"uv":[10.5,5,11,5.5],"texture":"#layer0"},"down":{"uv":[10.5,5,11,5.5],"texture":"#layer0"}}},{"from":[5,18,-4],"to":[6,19,-3],"faces":{"north":{"uv":[11,5,11.5,5.5],"texture":"#layer0"},"east":{"uv":[11,5,11.5,5.5],"texture":"#layer0"},"south":{"uv":[11,5,11.5,5.5],"texture":"#layer0"},"west":{"uv":[11,5,11.5,5.5],"texture":"#layer0"},"up":{"uv":[11,5,11.5,5.5],"texture":"#layer0"},"down":{"uv":[11,5,11.5,5.5],"texture":"#layer0"}}},{"from":[5,18,-5],"to":[6,19,-4],"faces":{"north":{"uv":[11.5,5,12,5.5],"texture":"#layer0"},"east":{"uv":[11.5,5,12,5.5],"texture":"#layer0"},"south":{"uv":[11.5,5,12,5.5],"texture":"#layer0"},"west":{"uv":[11.5,5,12,5.5],"texture":"#layer0"},"up":{"uv":[11.5,5,12,5.5],"texture":"#layer0"},"down":{"uv":[11.5,5,12,5.5],"texture":"#layer0"}}},{"from":[4.5,19,-5],"to":[6.5,20,-4],"faces":{"north":{"uv":[11.5,4.5,12,5],"texture":"#layer0"},"east":{"uv":[11.5,4.5,12,5],"texture":"#layer0"},"south":{"uv":[11.5,4.5,12,5],"texture":"#layer0"},"west":{"uv":[11.5,4.5,12,5],"texture":"#layer0"},"up":{"uv":[11.5,4.5,12,5],"texture":"#layer0"},"down":{"uv":[11.5,4.5,12,5],"texture":"#layer0"}}},{"from":[5,19,-6],"to":[6,20,-5],"faces":{"north":{"uv":[12,4.5,12.5,5],"texture":"#layer0"},"east":{"uv":[12,4.5,12.5,5],"texture":"#layer0"},"south":{"uv":[12,4.5,12.5,5],"texture":"#layer0"},"west":{"uv":[12,4.5,12.5,5],"texture":"#layer0"},"up":{"uv":[12,4.5,12.5,5],"texture":"#layer0"},"down":{"uv":[12,4.5,12.5,5],"texture":"#layer0"}}},{"from":[5,20,-5],"to":[6,21,-4],"faces":{"north":{"uv":[11.5,4,12,4.5],"texture":"#layer0"},"east":{"uv":[11.5,4,12,4.5],"texture":"#layer0"},"south":{"uv":[11.5,4,12,4.5],"texture":"#layer0"},"west":{"uv":[11.5,4,12,4.5],"texture":"#layer0"},"up":{"uv":[11.5,4,12,4.5],"texture":"#layer0"},"down":{"uv":[11.5,4,12,4.5],"texture":"#layer0"}}},{"from":[5,20,-7],"to":[6,21,-6],"faces":{"north":{"uv":[12.5,4,13,4.5],"texture":"#layer0"},"east":{"uv":[12.5,4,13,4.5],"texture":"#layer0"},"south":{"uv":[12.5,4,13,4.5],"texture":"#layer0"},"west":{"uv":[12.5,4,13,4.5],"texture":"#layer0"},"up":{"uv":[12.5,4,13,4.5],"texture":"#layer0"},"down":{"uv":[12.5,4,13,4.5],"texture":"#layer0"}}},{"from":[5,21,-7],"to":[6,22,-6],"faces":{"north":{"uv":[12.5,3.5,13,4],"texture":"#layer0"},"east":{"uv":[12.5,3.5,13,4],"texture":"#layer0"},"south":{"uv":[12.5,3.5,13,4],"texture":"#layer0"},"west":{"uv":[12.5,3.5,13,4],"texture":"#layer0"},"up":{"uv":[12.5,3.5,13,4],"texture":"#layer0"},"down":{"uv":[12.5,3.5,13,4],"texture":"#layer0"}}},{"from":[4.5,20,-6],"to":[6.5,21,-5],"faces":{"north":{"uv":[12,4,12.5,4.5],"texture":"#layer0"},"east":{"uv":[12,4,12.5,4.5],"texture":"#layer0"},"south":{"uv":[12,4,12.5,4.5],"texture":"#layer0"},"west":{"uv":[12,4,12.5,4.5],"texture":"#layer0"},"up":{"uv":[12,4,12.5,4.5],"texture":"#layer0"},"down":{"uv":[12,4,12.5,4.5],"texture":"#layer0"}}},{"from":[5,21,-6],"to":[6,22,-5],"faces":{"north":{"uv":[12,3.5,12.5,4],"texture":"#layer0"},"east":{"uv":[12,3.5,12.5,4],"texture":"#layer0"},"south":{"uv":[12,3.5,12.5,4],"texture":"#layer0"},"west":{"uv":[12,3.5,12.5,4],"texture":"#layer0"},"up":{"uv":[12,3.5,12.5,4],"texture":"#layer0"},"down":{"uv":[12,3.5,12.5,4],"texture":"#layer0"}}},{"from":[5,19,-4],"to":[6,20,-3],"faces":{"north":{"uv":[11,4.5,11.5,5],"texture":"#layer0"},"east":{"uv":[11,4.5,11.5,5],"texture":"#layer0"},"south":{"uv":[11,4.5,11.5,5],"texture":"#layer0"},"west":{"uv":[11,4.5,11.5,5],"texture":"#layer0"},"up":{"uv":[11,4.5,11.5,5],"texture":"#layer0"},"down":{"uv":[11,4.5,11.5,5],"texture":"#layer0"}}},{"from":[5,17,-3],"to":[6,18,-2],"faces":{"north":{"uv":[10.5,5.5,11,6],"texture":"#layer0"},"east":{"uv":[10.5,5.5,11,6],"texture":"#layer0"},"south":{"uv":[10.5,5.5,11,6],"texture":"#layer0"},"west":{"uv":[10.5,5.5,11,6],"texture":"#layer0"},"up":{"uv":[10.5,5.5,11,6],"texture":"#layer0"},"down":{"uv":[10.5,5.5,11,6],"texture":"#layer0"}}},{"from":[5,17,-4],"to":[6,18,-3],"faces":{"north":{"uv":[11,5.5,11.5,6],"texture":"#layer0"},"east":{"uv":[11,5.5,11.5,6],"texture":"#layer0"},"south":{"uv":[11,5.5,11.5,6],"texture":"#layer0"},"west":{"uv":[11,5.5,11.5,6],"texture":"#layer0"},"up":{"uv":[11,5.5,11.5,6],"texture":"#layer0"},"down":{"uv":[11,5.5,11.5,6],"texture":"#layer0"}}},{"from":[5,17,-6],"to":[6,18,-5],"faces":{"north":{"uv":[12,5.5,12.5,6],"texture":"#layer0"},"east":{"uv":[12,5.5,12.5,6],"texture":"#layer0"},"south":{"uv":[12,5.5,12.5,6],"texture":"#layer0"},"west":{"uv":[12,5.5,12.5,6],"texture":"#layer0"},"up":{"uv":[12,5.5,12.5,6],"texture":"#layer0"},"down":{"uv":[12,5.5,12.5,6],"texture":"#layer0"}}},{"from":[5,17,-5],"to":[6,18,-4],"faces":{"north":{"uv":[11.5,5.5,12,6],"texture":"#layer0"},"east":{"uv":[11.5,5.5,12,6],"texture":"#layer0"},"south":{"uv":[11.5,5.5,12,6],"texture":"#layer0"},"west":{"uv":[11.5,5.5,12,6],"texture":"#layer0"},"up":{"uv":[11.5,5.5,12,6],"texture":"#layer0"},"down":{"uv":[11.5,5.5,12,6],"texture":"#layer0"}}},{"from":[5,20,-2],"to":[6,21,-1],"faces":{"north":{"uv":[10,4,10.5,4.5],"texture":"#layer0"},"east":{"uv":[10,4,10.5,4.5],"texture":"#layer0"},"south":{"uv":[10,4,10.5,4.5],"texture":"#layer0"},"west":{"uv":[10,4,10.5,4.5],"texture":"#layer0"},"up":{"uv":[10,4,10.5,4.5],"texture":"#layer0"},"down":{"uv":[10,4,10.5,4.5],"texture":"#layer0"}}},{"from":[5,21,-2],"to":[6,22,-1],"faces":{"north":{"uv":[10,3.5,10.5,4],"texture":"#layer0"},"east":{"uv":[10,3.5,10.5,4],"texture":"#layer0"},"south":{"uv":[10,3.5,10.5,4],"texture":"#layer0"},"west":{"uv":[10,3.5,10.5,4],"texture":"#layer0"},"up":{"uv":[10,3.5,10.5,4],"texture":"#layer0"},"down":{"uv":[10,3.5,10.5,4],"texture":"#layer0"}}},{"from":[5,20,-3],"to":[6,21,-2],"faces":{"north":{"uv":[10.5,4,11,4.5],"texture":"#layer0"},"east":{"uv":[10.5,4,11,4.5],"texture":"#layer0"},"south":{"uv":[10.5,4,11,4.5],"texture":"#layer0"},"west":{"uv":[10.5,4,11,4.5],"texture":"#layer0"},"up":{"uv":[10.5,4,11,4.5],"texture":"#layer0"},"down":{"uv":[10.5,4,11,4.5],"texture":"#layer0"}}},{"from":[4.5,23,-2],"to":[6.5,24,-1],"faces":{"north":{"uv":[10,2.5,10.5,3],"texture":"#layer0"},"east":{"uv":[10,2.5,10.5,3],"texture":"#layer0"},"south":{"uv":[10,2.5,10.5,3],"texture":"#layer0"},"west":{"uv":[10,2.5,10.5,3],"texture":"#layer0"},"up":{"uv":[10,2.5,10.5,3],"texture":"#layer0"},"down":{"uv":[10,2.5,10.5,3],"texture":"#layer0"}}},{"from":[5,22,-2],"to":[6,23,-1],"faces":{"north":{"uv":[10,3,10.5,3.5],"texture":"#layer0"},"east":{"uv":[10,3,10.5,3.5],"texture":"#layer0"},"south":{"uv":[10,3,10.5,3.5],"texture":"#layer0"},"west":{"uv":[10,3,10.5,3.5],"texture":"#layer0"},"up":{"uv":[10,3,10.5,3.5],"texture":"#layer0"},"down":{"uv":[10,3,10.5,3.5],"texture":"#layer0"}}},{"from":[5,24,0],"to":[6,25,1],"faces":{"north":{"uv":[9,2,9.5,2.5],"texture":"#layer0"},"east":{"uv":[9,2,9.5,2.5],"texture":"#layer0"},"south":{"uv":[9,2,9.5,2.5],"texture":"#layer0"},"west":{"uv":[9,2,9.5,2.5],"texture":"#layer0"},"up":{"uv":[9,2,9.5,2.5],"texture":"#layer0"},"down":{"uv":[9,2,9.5,2.5],"texture":"#layer0"}}},{"from":[4.5,24,-1],"to":[6.5,25,0],"faces":{"north":{"uv":[9.5,2,10,2.5],"texture":"#layer0"},"east":{"uv":[9.5,2,10,2.5],"texture":"#layer0"},"south":{"uv":[9.5,2,10,2.5],"texture":"#layer0"},"west":{"uv":[9.5,2,10,2.5],"texture":"#layer0"},"up":{"uv":[9.5,2,10,2.5],"texture":"#layer0"},"down":{"uv":[9.5,2,10,2.5],"texture":"#layer0"}}},{"from":[4.5,24,-2],"to":[6.5,25,-1],"faces":{"north":{"uv":[10,2,10.5,2.5],"texture":"#layer0"},"east":{"uv":[10,2,10.5,2.5],"texture":"#layer0"},"south":{"uv":[10,2,10.5,2.5],"texture":"#layer0"},"west":{"uv":[10,2,10.5,2.5],"texture":"#layer0"},"up":{"uv":[10,2,10.5,2.5],"texture":"#layer0"},"down":{"uv":[10,2,10.5,2.5],"texture":"#layer0"}}},{"from":[4.5,24,-3],"to":[6.5,25,-2],"faces":{"north":{"uv":[10.5,2,11,2.5],"texture":"#layer0"},"east":{"uv":[10.5,2,11,2.5],"texture":"#layer0"},"south":{"uv":[10.5,2,11,2.5],"texture":"#layer0"},"west":{"uv":[10.5,2,11,2.5],"texture":"#layer0"},"up":{"uv":[10.5,2,11,2.5],"texture":"#layer0"},"down":{"uv":[10.5,2,11,2.5],"texture":"#layer0"}}},{"from":[4.5,24,-4],"to":[6.5,25,-3],"faces":{"north":{"uv":[10.5,2,11,2.5],"texture":"#layer0"},"east":{"uv":[11,2,11.5,2.5],"texture":"#layer0"},"south":{"uv":[10.5,2,11,2.5],"texture":"#layer0"},"west":{"uv":[10.5,2,11,2.5],"texture":"#layer0"},"up":{"uv":[10.5,2,11,2.5],"texture":"#layer0"},"down":{"uv":[10.5,2,11,2.5],"texture":"#layer0"}}},{"from":[5,23,-4],"to":[6,24,-3],"faces":{"north":{"uv":[11,2.5,11.5,3],"texture":"#layer0"},"east":{"uv":[11,2.5,11.5,3],"texture":"#layer0"},"south":{"uv":[11,2.5,11.5,3],"texture":"#layer0"},"west":{"uv":[11,2.5,11.5,3],"texture":"#layer0"},"up":{"uv":[11,2.5,11.5,3],"texture":"#layer0"},"down":{"uv":[11,2.5,11.5,3],"texture":"#layer0"}}},{"from":[5,23,-3],"to":[6,24,-2],"faces":{"north":{"uv":[10.5,2.5,11,3],"texture":"#layer0"},"east":{"uv":[10.5,2.5,11,3],"texture":"#layer0"},"south":{"uv":[10.5,2.5,11,3],"texture":"#layer0"},"west":{"uv":[10.5,2.5,11,3],"texture":"#layer0"},"up":{"uv":[10.5,2.5,11,3],"texture":"#layer0"},"down":{"uv":[10.5,2.5,11,3],"texture":"#layer0"}}},{"from":[5,22,-3],"to":[6,23,-2],"faces":{"north":{"uv":[10.5,3,11,3.5],"texture":"#layer0"},"east":{"uv":[10.5,3,11,3.5],"texture":"#layer0"},"south":{"uv":[10.5,3,11,3.5],"texture":"#layer0"},"west":{"uv":[10.5,3,11,3.5],"texture":"#layer0"},"up":{"uv":[10.5,3,11,3.5],"texture":"#layer0"},"down":{"uv":[10.5,3,11,3.5],"texture":"#layer0"}}},{"from":[5,24,-5],"to":[6,25,-4],"faces":{"north":{"uv":[11.5,2,12,2.5],"texture":"#layer0"},"east":{"uv":[11.5,2,12,2.5],"texture":"#layer0"},"south":{"uv":[11.5,2,12,2.5],"texture":"#layer0"},"west":{"uv":[11.5,2,12,2.5],"texture":"#layer0"},"up":{"uv":[11.5,2,12,2.5],"texture":"#layer0"},"down":{"uv":[11.5,2,12,2.5],"texture":"#layer0"}}},{"from":[5,25,0],"to":[6,26,1],"faces":{"north":{"uv":[9,1.5,9.5,2],"texture":"#layer0"},"east":{"uv":[9,1.5,9.5,2],"texture":"#layer0"},"south":{"uv":[9,1.5,9.5,2],"texture":"#layer0"},"west":{"uv":[9,1.5,9.5,2],"texture":"#layer0"},"up":{"uv":[9,1.5,9.5,2],"texture":"#layer0"},"down":{"uv":[9,1.5,9.5,2],"texture":"#layer0"}}},{"from":[5,25,-1],"to":[6,26,0],"faces":{"north":{"uv":[9.5,1.5,10,2],"texture":"#layer0"},"east":{"uv":[9.5,1.5,10,2],"texture":"#layer0"},"south":{"uv":[9.5,1.5,10,2],"texture":"#layer0"},"west":{"uv":[9.5,1.5,10,2],"texture":"#layer0"},"up":{"uv":[9.5,1.5,10,2],"texture":"#layer0"},"down":{"uv":[9.5,1.5,10,2],"texture":"#layer0"}}},{"from":[5,25,-2],"to":[6,26,-1],"faces":{"north":{"uv":[10,1.5,10.5,2],"texture":"#layer0"},"east":{"uv":[10,1.5,10.5,2],"texture":"#layer0"},"south":{"uv":[10,1.5,10.5,2],"texture":"#layer0"},"west":{"uv":[10,1.5,10.5,2],"texture":"#layer0"},"up":{"uv":[10,1.5,10.5,2],"texture":"#layer0"},"down":{"uv":[10,1.5,10.5,2],"texture":"#layer0"}}},{"from":[5,25,-3],"to":[6,26,-2],"faces":{"north":{"uv":[10.5,1.5,11,2],"texture":"#layer0"},"east":{"uv":[10.5,1.5,11,2],"texture":"#layer0"},"south":{"uv":[10.5,1.5,11,2],"texture":"#layer0"},"west":{"uv":[10.5,1.5,11,2],"texture":"#layer0"},"up":{"uv":[10.5,1.5,11,2],"texture":"#layer0"},"down":{"uv":[10.5,1.5,11,2],"texture":"#layer0"}}},{"from":[5,25,-4],"to":[6,26,-3],"faces":{"north":{"uv":[11,1.5,11.5,2],"texture":"#layer0"},"east":{"uv":[11,1.5,11.5,2],"texture":"#layer0"},"south":{"uv":[11,1.5,11.5,2],"texture":"#layer0"},"west":{"uv":[11,1.5,11.5,2],"texture":"#layer0"},"up":{"uv":[11,1.5,11.5,2],"texture":"#layer0"},"down":{"uv":[11,1.5,11.5,2],"texture":"#layer0"}}},{"from":[5,25,-5],"to":[6,26,-4],"faces":{"north":{"uv":[11.5,1.5,12,2],"texture":"#layer0"},"east":{"uv":[11.5,1.5,12,2],"texture":"#layer0"},"south":{"uv":[11.5,1.5,12,2],"texture":"#layer0"},"west":{"uv":[11.5,1.5,12,2],"texture":"#layer0"},"up":{"uv":[11.5,1.5,12,2],"texture":"#layer0"},"down":{"uv":[11.5,1.5,12,2],"texture":"#layer0"}}},{"from":[4.5,22,0],"to":[6.5,23,1],"faces":{"north":{"uv":[9,3,9.5,3.5],"texture":"#layer0"},"east":{"uv":[9,3,9.5,3.5],"texture":"#layer0"},"south":{"uv":[9,3,9.5,3.5],"texture":"#layer0"},"west":{"uv":[9,3,9.5,3.5],"texture":"#layer0"},"up":{"uv":[9,3,9.5,3.5],"texture":"#layer0"},"down":{"uv":[9,3,9.5,3.5],"texture":"#layer0"}}},{"from":[4.5,22,1],"to":[6.5,23,2],"faces":{"north":{"uv":[9,3,9.5,3.5],"texture":"#layer0"},"east":{"uv":[8.5,3,9,3.5],"texture":"#layer0"},"south":{"uv":[9,3,9.5,3.5],"texture":"#layer0"},"west":{"uv":[9,3,9.5,3.5],"texture":"#layer0"},"up":{"uv":[9,3,9.5,3.5],"texture":"#layer0"},"down":{"uv":[9,3,9.5,3.5],"texture":"#layer0"}}},{"from":[4.5,21,1],"to":[6.5,22,2],"faces":{"north":{"uv":[8.5,3.5,9,4],"texture":"#layer0"},"east":{"uv":[8.5,3.5,9,4],"texture":"#layer0"},"south":{"uv":[8.5,3.5,9,4],"texture":"#layer0"},"west":{"uv":[8.5,3.5,9,4],"texture":"#layer0"},"up":{"uv":[8.5,3.5,9,4],"texture":"#layer0"},"down":{"uv":[8.5,3.5,9,4],"texture":"#layer0"}}},{"from":[4.5,20,1],"to":[6.5,21,2],"faces":{"north":{"uv":[8.5,4,9,4.5],"texture":"#layer0"},"east":{"uv":[8.5,4,9,4.5],"texture":"#layer0"},"south":{"uv":[8.5,4,9,4.5],"texture":"#layer0"},"west":{"uv":[8.5,4,9,4.5],"texture":"#layer0"},"up":{"uv":[8.5,4,9,4.5],"texture":"#layer0"},"down":{"uv":[8.5,4,9,4.5],"texture":"#layer0"}}},{"from":[5,19,1],"to":[6,20,2],"faces":{"north":{"uv":[8.5,4.5,9,5],"texture":"#layer0"},"east":{"uv":[8.5,4.5,9,5],"texture":"#layer0"},"south":{"uv":[8.5,4.5,9,5],"texture":"#layer0"},"west":{"uv":[8.5,4.5,9,5],"texture":"#layer0"},"up":{"uv":[8.5,4.5,9,5],"texture":"#layer0"},"down":{"uv":[8.5,4.5,9,5],"texture":"#layer0"}}},{"from":[4.5,19,2],"to":[6.5,20,3],"faces":{"north":{"uv":[8,4.5,8.5,5],"texture":"#layer0"},"east":{"uv":[8,4.5,8.5,5],"texture":"#layer0"},"south":{"uv":[8,4.5,8.5,5],"texture":"#layer0"},"west":{"uv":[8,4.5,8.5,5],"texture":"#layer0"},"up":{"uv":[8,4.5,8.5,5],"texture":"#layer0"},"down":{"uv":[8,4.5,8.5,5],"texture":"#layer0"}}},{"from":[4.5,20,2],"to":[6.5,21,3],"faces":{"north":{"uv":[8,4,8.5,4.5],"texture":"#layer0"},"east":{"uv":[8,4,8.5,4.5],"texture":"#layer0"},"south":{"uv":[8,4,8.5,4.5],"texture":"#layer0"},"west":{"uv":[8,4,8.5,4.5],"texture":"#layer0"},"up":{"uv":[8,4,8.5,4.5],"texture":"#layer0"},"down":{"uv":[8,4,8.5,4.5],"texture":"#layer0"}}},{"from":[4.5,21,2],"to":[6.5,22,3],"faces":{"north":{"uv":[8,3.5,8.5,4],"texture":"#layer0"},"east":{"uv":[8,3.5,8.5,4],"texture":"#layer0"},"south":{"uv":[8,3.5,8.5,4],"texture":"#layer0"},"west":{"uv":[8,3.5,8.5,4],"texture":"#layer0"},"up":{"uv":[8,3.5,8.5,4],"texture":"#layer0"},"down":{"uv":[8,3.5,8.5,4],"texture":"#layer0"}}},{"from":[4.5,21,3],"to":[6.5,22,4],"faces":{"north":{"uv":[7.5,3.5,8,4],"texture":"#layer0"},"east":{"uv":[7.5,3.5,8,4],"texture":"#layer0"},"south":{"uv":[7.5,3.5,8,4],"texture":"#layer0"},"west":{"uv":[7.5,3.5,8,4],"texture":"#layer0"},"up":{"uv":[7.5,3.5,8,4],"texture":"#layer0"},"down":{"uv":[7.5,3.5,8,4],"texture":"#layer0"}}},{"from":[4.5,20,3],"to":[6.5,21,4],"faces":{"north":{"uv":[7.5,4,8,4.5],"texture":"#layer0"},"east":{"uv":[7.5,4,8,4.5],"texture":"#layer0"},"south":{"uv":[7.5,4,8,4.5],"texture":"#layer0"},"west":{"uv":[7.5,4,8,4.5],"texture":"#layer0"},"up":{"uv":[7.5,4,8,4.5],"texture":"#layer0"},"down":{"uv":[7.5,4,8,4.5],"texture":"#layer0"}}},{"from":[4.5,19,3],"to":[6.5,20,4],"faces":{"north":{"uv":[7.5,4.5,8,5],"texture":"#layer0"},"east":{"uv":[7.5,4.5,8,5],"texture":"#layer0"},"south":{"uv":[7.5,4.5,8,5],"texture":"#layer0"},"west":{"uv":[7.5,4.5,8,5],"texture":"#layer0"},"up":{"uv":[7.5,4.5,8,5],"texture":"#layer0"},"down":{"uv":[7.5,4.5,8,5],"texture":"#layer0"}}},{"from":[4.5,23,1],"to":[6.5,24,2],"faces":{"north":{"uv":[8.5,2.5,9,3],"texture":"#layer0"},"east":{"uv":[8.5,2.5,9,3],"texture":"#layer0"},"south":{"uv":[8.5,2.5,9,3],"texture":"#layer0"},"west":{"uv":[8.5,2.5,9,3],"texture":"#layer0"},"up":{"uv":[8.5,2.5,9,3],"texture":"#layer0"},"down":{"uv":[8.5,2.5,9,3],"texture":"#layer0"}}},{"from":[5,16,-1],"to":[6,17,0],"faces":{"north":{"uv":[9.5,6,10,6.5],"texture":"#layer0"},"east":{"uv":[9.5,6,10,6.5],"texture":"#layer0"},"south":{"uv":[9.5,6,10,6.5],"texture":"#layer0"},"west":{"uv":[9.5,6,10,6.5],"texture":"#layer0"},"up":{"uv":[9.5,6,10,6.5],"texture":"#layer0"},"down":{"uv":[9.5,6,10,6.5],"texture":"#layer0"}}},{"from":[5,16,-2],"to":[6,17,-1],"faces":{"north":{"uv":[10,6,10.5,6.5],"texture":"#layer0"},"east":{"uv":[10,6,10.5,6.5],"texture":"#layer0"},"south":{"uv":[10,6,10.5,6.5],"texture":"#layer0"},"west":{"uv":[10,6,10.5,6.5],"texture":"#layer0"},"up":{"uv":[10,6,10.5,6.5],"texture":"#layer0"},"down":{"uv":[10,6,10.5,6.5],"texture":"#layer0"}}},{"from":[5,15,-2],"to":[6,16,-1],"faces":{"north":{"uv":[10,6.5,10.5,7],"texture":"#layer0"},"east":{"uv":[10,6.5,10.5,7],"texture":"#layer0"},"south":{"uv":[10,6.5,10.5,7],"texture":"#layer0"},"west":{"uv":[10,6.5,10.5,7],"texture":"#layer0"},"up":{"uv":[10,6.5,10.5,7],"texture":"#layer0"},"down":{"uv":[10,6.5,10.5,7],"texture":"#layer0"}}},{"from":[5,15,-3],"to":[6,16,-2],"faces":{"north":{"uv":[10.5,6.5,11,7],"texture":"#layer0"},"east":{"uv":[10.5,6.5,11,7],"texture":"#layer0"},"south":{"uv":[10.5,6.5,11,7],"texture":"#layer0"},"west":{"uv":[10.5,6.5,11,7],"texture":"#layer0"},"up":{"uv":[10.5,6.5,11,7],"texture":"#layer0"},"down":{"uv":[10.5,6.5,11,7],"texture":"#layer0"}}},{"from":[5,14,-3],"to":[6,15,-2],"faces":{"north":{"uv":[10.5,7,11,7.5],"texture":"#layer0"},"east":{"uv":[10.5,7,11,7.5],"texture":"#layer0"},"south":{"uv":[10.5,7,11,7.5],"texture":"#layer0"},"west":{"uv":[10.5,7,11,7.5],"texture":"#layer0"},"up":{"uv":[10.5,7,11,7.5],"texture":"#layer0"},"down":{"uv":[10.5,7,11,7.5],"texture":"#layer0"}}},{"from":[5,13,-3],"to":[6,14,-2],"faces":{"north":{"uv":[10.5,7.5,11,8],"texture":"#layer0"},"east":{"uv":[10.5,7.5,11,8],"texture":"#layer0"},"south":{"uv":[10.5,7.5,11,8],"texture":"#layer0"},"west":{"uv":[10.5,7.5,11,8],"texture":"#layer0"},"up":{"uv":[10.5,7.5,11,8],"texture":"#layer0"},"down":{"uv":[10.5,7.5,11,8],"texture":"#layer0"}}},{"from":[5,13,-2],"to":[6,14,-1],"faces":{"north":{"uv":[10,7.5,10.5,8],"texture":"#layer0"},"east":{"uv":[10,7.5,10.5,8],"texture":"#layer0"},"south":{"uv":[10,7.5,10.5,8],"texture":"#layer0"},"west":{"uv":[10,7.5,10.5,8],"texture":"#layer0"},"up":{"uv":[10,7.5,10.5,8],"texture":"#layer0"},"down":{"uv":[10,7.5,10.5,8],"texture":"#layer0"}}},{"from":[5,12,-2],"to":[6,13,-1],"faces":{"north":{"uv":[10,8,10.5,8.5],"texture":"#layer0"},"east":{"uv":[10,8,10.5,8.5],"texture":"#layer0"},"south":{"uv":[10,8,10.5,8.5],"texture":"#layer0"},"west":{"uv":[10,8,10.5,8.5],"texture":"#layer0"},"up":{"uv":[10,8,10.5,8.5],"texture":"#layer0"},"down":{"uv":[10,8,10.5,8.5],"texture":"#layer0"}}},{"from":[5,11,-2],"to":[6,12,-1],"faces":{"north":{"uv":[10,8.5,10.5,9],"texture":"#layer0"},"east":{"uv":[10,8.5,10.5,9],"texture":"#layer0"},"south":{"uv":[10,8.5,10.5,9],"texture":"#layer0"},"west":{"uv":[10,8.5,10.5,9],"texture":"#layer0"},"up":{"uv":[10,8.5,10.5,9],"texture":"#layer0"},"down":{"uv":[10,8.5,10.5,9],"texture":"#layer0"}}},{"from":[5,11,-1],"to":[6,12,0],"faces":{"north":{"uv":[9.5,8.5,10,9],"texture":"#layer0"},"east":{"uv":[9.5,8.5,10,9],"texture":"#layer0"},"south":{"uv":[9.5,8.5,10,9],"texture":"#layer0"},"west":{"uv":[9.5,8.5,10,9],"texture":"#layer0"},"up":{"uv":[9.5,8.5,10,9],"texture":"#layer0"},"down":{"uv":[9.5,8.5,10,9],"texture":"#layer0"}}},{"from":[5,10,-1],"to":[6,11,0],"faces":{"north":{"uv":[9.5,9,10,9.5],"texture":"#layer0"},"east":{"uv":[9.5,9,10,9.5],"texture":"#layer0"},"south":{"uv":[9.5,9,10,9.5],"texture":"#layer0"},"west":{"uv":[9.5,9,10,9.5],"texture":"#layer0"},"up":{"uv":[9.5,9,10,9.5],"texture":"#layer0"},"down":{"uv":[9.5,9,10,9.5],"texture":"#layer0"}}},{"from":[5,10,-2],"to":[6,11,-1],"faces":{"north":{"uv":[10,9,10.5,9.5],"texture":"#layer0"},"east":{"uv":[10,9,10.5,9.5],"texture":"#layer0"},"south":{"uv":[10,9,10.5,9.5],"texture":"#layer0"},"west":{"uv":[10,9,10.5,9.5],"texture":"#layer0"},"up":{"uv":[10,9,10.5,9.5],"texture":"#layer0"},"down":{"uv":[10,9,10.5,9.5],"texture":"#layer0"}}},{"from":[4.5,10,-2],"to":[6.5,11,-1],"faces":{"north":{"uv":[10,9,10.5,9.5],"texture":"#layer0"},"east":{"uv":[10,9,10.5,9.5],"texture":"#layer0"},"south":{"uv":[10,9,10.5,9.5],"texture":"#layer0"},"west":{"uv":[10,9,10.5,9.5],"texture":"#layer0"},"up":{"uv":[10,9,10.5,9.5],"texture":"#layer0"},"down":{"uv":[10,9,10.5,9.5],"texture":"#layer0"}}},{"from":[4.5,10,-3],"to":[6.5,11,-2],"faces":{"north":{"uv":[10.5,9,11,9.5],"texture":"#layer0"},"east":{"uv":[10.5,9,11,9.5],"texture":"#layer0"},"south":{"uv":[10.5,9,11,9.5],"texture":"#layer0"},"west":{"uv":[10.5,9,11,9.5],"texture":"#layer0"},"up":{"uv":[10.5,9,11,9.5],"texture":"#layer0"},"down":{"uv":[10.5,9,11,9.5],"texture":"#layer0"}}},{"from":[4.5,10,-4],"to":[6.5,11,-3],"faces":{"north":{"uv":[11,9,11.5,9.5],"texture":"#layer0"},"east":{"uv":[11,9,11.5,9.5],"texture":"#layer0"},"south":{"uv":[11,9,11.5,9.5],"texture":"#layer0"},"west":{"uv":[11,9,11.5,9.5],"texture":"#layer0"},"up":{"uv":[11,9,11.5,9.5],"texture":"#layer0"},"down":{"uv":[11,9,11.5,9.5],"texture":"#layer0"}}},{"from":[5,10,-5],"to":[6,11,-4],"faces":{"north":{"uv":[11.5,9,12,9.5],"texture":"#layer0"},"east":{"uv":[11.5,9,12,9.5],"texture":"#layer0"},"south":{"uv":[11.5,9,12,9.5],"texture":"#layer0"},"west":{"uv":[11.5,9,12,9.5],"texture":"#layer0"},"up":{"uv":[11.5,9,12,9.5],"texture":"#layer0"},"down":{"uv":[11.5,9,12,9.5],"texture":"#layer0"}}},{"from":[5,10,-6],"to":[6,11,-5],"faces":{"north":{"uv":[12,9,12.5,9.5],"texture":"#layer0"},"east":{"uv":[12,9,12.5,9.5],"texture":"#layer0"},"south":{"uv":[12,9,12.5,9.5],"texture":"#layer0"},"west":{"uv":[12,9,12.5,9.5],"texture":"#layer0"},"up":{"uv":[12,9,12.5,9.5],"texture":"#layer0"},"down":{"uv":[12,9,12.5,9.5],"texture":"#layer0"}}},{"from":[5,10,-7],"to":[6,11,-6],"faces":{"north":{"uv":[12.5,9,13,9.5],"texture":"#layer0"},"east":{"uv":[12.5,9,13,9.5],"texture":"#layer0"},"south":{"uv":[12.5,9,13,9.5],"texture":"#layer0"},"west":{"uv":[12.5,9,13,9.5],"texture":"#layer0"},"up":{"uv":[12.5,9,13,9.5],"texture":"#layer0"},"down":{"uv":[12.5,9,13,9.5],"texture":"#layer0"}}},{"from":[4.5,11,-7],"to":[6.5,12,-6],"faces":{"north":{"uv":[12.5,8.5,13,9],"texture":"#layer0"},"east":{"uv":[12.5,8.5,13,9],"texture":"#layer0"},"south":{"uv":[12.5,8.5,13,9],"texture":"#layer0"},"west":{"uv":[12.5,8.5,13,9],"texture":"#layer0"},"up":{"uv":[12.5,8.5,13,9],"texture":"#layer0"},"down":{"uv":[12.5,8.5,13,9],"texture":"#layer0"}}},{"from":[5,11,-8],"to":[6,12,-7],"faces":{"north":{"uv":[13,8.5,13.5,9],"texture":"#layer0"},"east":{"uv":[13,8.5,13.5,9],"texture":"#layer0"},"south":{"uv":[13,8.5,13.5,9],"texture":"#layer0"},"west":{"uv":[13,8.5,13.5,9],"texture":"#layer0"},"up":{"uv":[13,8.5,13.5,9],"texture":"#layer0"},"down":{"uv":[13,8.5,13.5,9],"texture":"#layer0"}}},{"from":[5,12,-9],"to":[6,13,-8],"faces":{"north":{"uv":[13.5,8,14,8.5],"texture":"#layer0"},"east":{"uv":[13.5,8,14,8.5],"texture":"#layer0"},"south":{"uv":[13.5,8,14,8.5],"texture":"#layer0"},"west":{"uv":[13.5,8,14,8.5],"texture":"#layer0"},"up":{"uv":[13.5,8,14,8.5],"texture":"#layer0"},"down":{"uv":[13.5,8,14,8.5],"texture":"#layer0"}}},{"from":[5,13,-10],"to":[6,14,-9],"faces":{"north":{"uv":[14,7.5,14.5,8],"texture":"#layer0"},"east":{"uv":[14,7.5,14.5,8],"texture":"#layer0"},"south":{"uv":[14,7.5,14.5,8],"texture":"#layer0"},"west":{"uv":[14,7.5,14.5,8],"texture":"#layer0"},"up":{"uv":[14,7.5,14.5,8],"texture":"#layer0"},"down":{"uv":[14,7.5,14.5,8],"texture":"#layer0"}}},{"from":[5,14,-11],"to":[6,15,-10],"faces":{"north":{"uv":[14.5,7,15,7.5],"texture":"#layer0"},"east":{"uv":[14.5,7,15,7.5],"texture":"#layer0"},"south":{"uv":[14.5,7,15,7.5],"texture":"#layer0"},"west":{"uv":[14.5,7,15,7.5],"texture":"#layer0"},"up":{"uv":[14.5,7,15,7.5],"texture":"#layer0"},"down":{"uv":[14.5,7,15,7.5],"texture":"#layer0"}}},{"from":[5,11,-3],"to":[6,12,-2],"faces":{"north":{"uv":[10.5,8.5,11,9],"texture":"#layer0"},"east":{"uv":[10.5,8.5,11,9],"texture":"#layer0"},"south":{"uv":[10.5,8.5,11,9],"texture":"#layer0"},"west":{"uv":[10.5,8.5,11,9],"texture":"#layer0"},"up":{"uv":[10.5,8.5,11,9],"texture":"#layer0"},"down":{"uv":[10.5,8.5,11,9],"texture":"#layer0"}}},{"from":[4.5,11,-3],"to":[6.5,12,-2],"faces":{"north":{"uv":[10.5,8.5,11,9],"texture":"#layer0"},"east":{"uv":[10.5,8.5,11,9],"texture":"#layer0"},"south":{"uv":[10.5,8.5,11,9],"texture":"#layer0"},"west":{"uv":[10.5,8.5,11,9],"texture":"#layer0"},"up":{"uv":[10.5,8.5,11,9],"texture":"#layer0"},"down":{"uv":[10.5,8.5,11,9],"texture":"#layer0"}}},{"from":[4.5,11,-4],"to":[6.5,12,-3],"faces":{"north":{"uv":[11,8.5,11.5,9],"texture":"#layer0"},"east":{"uv":[11,8.5,11.5,9],"texture":"#layer0"},"south":{"uv":[11,8.5,11.5,9],"texture":"#layer0"},"west":{"uv":[11,8.5,11.5,9],"texture":"#layer0"},"up":{"uv":[11,8.5,11.5,9],"texture":"#layer0"},"down":{"uv":[11,8.5,11.5,9],"texture":"#layer0"}}},{"from":[4.5,11,-5],"to":[6.5,12,-4],"faces":{"north":{"uv":[11.5,8.5,12,9],"texture":"#layer0"},"east":{"uv":[11.5,8.5,12,9],"texture":"#layer0"},"south":{"uv":[11.5,8.5,12,9],"texture":"#layer0"},"west":{"uv":[11.5,8.5,12,9],"texture":"#layer0"},"up":{"uv":[11.5,8.5,12,9],"texture":"#layer0"},"down":{"uv":[11.5,8.5,12,9],"texture":"#layer0"}}},{"from":[4.5,11,-6],"to":[6.5,12,-5],"faces":{"north":{"uv":[12,8.5,12.5,9],"texture":"#layer0"},"east":{"uv":[12,8.5,12.5,9],"texture":"#layer0"},"south":{"uv":[12,8.5,12.5,9],"texture":"#layer0"},"west":{"uv":[12,8.5,12.5,9],"texture":"#layer0"},"up":{"uv":[12,8.5,12.5,9],"texture":"#layer0"},"down":{"uv":[12,8.5,12.5,9],"texture":"#layer0"}}},{"from":[5,9,-2],"to":[6,10,-1],"faces":{"north":{"uv":[10,9.5,10.5,10],"texture":"#layer0"},"east":{"uv":[10,9.5,10.5,10],"texture":"#layer0"},"south":{"uv":[10,9.5,10.5,10],"texture":"#layer0"},"west":{"uv":[10,9.5,10.5,10],"texture":"#layer0"},"up":{"uv":[10,9.5,10.5,10],"texture":"#layer0"},"down":{"uv":[10,9.5,10.5,10],"texture":"#layer0"}}},{"from":[5,9,-3],"to":[6,10,-2],"faces":{"north":{"uv":[10.5,9.5,11,10],"texture":"#layer0"},"east":{"uv":[10.5,9.5,11,10],"texture":"#layer0"},"south":{"uv":[10.5,9.5,11,10],"texture":"#layer0"},"west":{"uv":[10.5,9.5,11,10],"texture":"#layer0"},"up":{"uv":[10.5,9.5,11,10],"texture":"#layer0"},"down":{"uv":[10.5,9.5,11,10],"texture":"#layer0"}}},{"from":[5,9,-4],"to":[6,10,-3],"faces":{"north":{"uv":[10.5,9.5,11,10],"texture":"#layer0"},"east":{"uv":[11,9.5,11.5,10],"texture":"#layer0"},"south":{"uv":[10.5,9.5,11,10],"texture":"#layer0"},"west":{"uv":[10.5,9.5,11,10],"texture":"#layer0"},"up":{"uv":[10.5,9.5,11,10],"texture":"#layer0"},"down":{"uv":[10.5,9.5,11,10],"texture":"#layer0"}}},{"from":[4.5,12,-3],"to":[6.5,13,-2],"faces":{"north":{"uv":[10.5,8,11,8.5],"texture":"#layer0"},"east":{"uv":[10.5,8,11,8.5],"texture":"#layer0"},"south":{"uv":[10.5,8,11,8.5],"texture":"#layer0"},"west":{"uv":[10.5,8,11,8.5],"texture":"#layer0"},"up":{"uv":[10.5,8,11,8.5],"texture":"#layer0"},"down":{"uv":[10.5,8,11,8.5],"texture":"#layer0"}}},{"from":[5,12,-4],"to":[6,13,-3],"faces":{"north":{"uv":[11,8,11.5,8.5],"texture":"#layer0"},"east":{"uv":[11,8,11.5,8.5],"texture":"#layer0"},"south":{"uv":[11,8,11.5,8.5],"texture":"#layer0"},"west":{"uv":[11,8,11.5,8.5],"texture":"#layer0"},"up":{"uv":[11,8,11.5,8.5],"texture":"#layer0"},"down":{"uv":[11,8,11.5,8.5],"texture":"#layer0"}}},{"from":[4.5,12,-5],"to":[6.5,13,-4],"faces":{"north":{"uv":[11.5,8,12,8.5],"texture":"#layer0"},"east":{"uv":[11.5,8,12,8.5],"texture":"#layer0"},"south":{"uv":[11.5,8,12,8.5],"texture":"#layer0"},"west":{"uv":[11.5,8,12,8.5],"texture":"#layer0"},"up":{"uv":[11.5,8,12,8.5],"texture":"#layer0"},"down":{"uv":[11.5,8,12,8.5],"texture":"#layer0"}}},{"from":[4.5,12,-6],"to":[6.5,13,-5],"faces":{"north":{"uv":[12,8,12.5,8.5],"texture":"#layer0"},"east":{"uv":[12,8,12.5,8.5],"texture":"#layer0"},"south":{"uv":[12,8,12.5,8.5],"texture":"#layer0"},"west":{"uv":[12,8,12.5,8.5],"texture":"#layer0"},"up":{"uv":[12,8,12.5,8.5],"texture":"#layer0"},"down":{"uv":[12,8,12.5,8.5],"texture":"#layer0"}}},{"from":[4.5,12,-7],"to":[6.5,13,-6],"faces":{"north":{"uv":[12.5,8,13,8.5],"texture":"#layer0"},"east":{"uv":[12.5,8,13,8.5],"texture":"#layer0"},"south":{"uv":[12.5,8,13,8.5],"texture":"#layer0"},"west":{"uv":[12.5,8,13,8.5],"texture":"#layer0"},"up":{"uv":[12.5,8,13,8.5],"texture":"#layer0"},"down":{"uv":[12.5,8,13,8.5],"texture":"#layer0"}}},{"from":[4.5,13,-8],"to":[6.5,14,-7],"faces":{"north":{"uv":[13,7.5,13.5,8],"texture":"#layer0"},"east":{"uv":[13,7.5,13.5,8],"texture":"#layer0"},"south":{"uv":[13,7.5,13.5,8],"texture":"#layer0"},"west":{"uv":[13,7.5,13.5,8],"texture":"#layer0"},"up":{"uv":[13,7.5,13.5,8],"texture":"#layer0"},"down":{"uv":[13,7.5,13.5,8],"texture":"#layer0"}}},{"from":[4.5,14,-8],"to":[6.5,15,-7],"faces":{"north":{"uv":[13,7,13.5,7.5],"texture":"#layer0"},"east":{"uv":[13,7,13.5,7.5],"texture":"#layer0"},"south":{"uv":[13,7,13.5,7.5],"texture":"#layer0"},"west":{"uv":[13,7,13.5,7.5],"texture":"#layer0"},"up":{"uv":[13,7,13.5,7.5],"texture":"#layer0"},"down":{"uv":[13,7,13.5,7.5],"texture":"#layer0"}}},{"from":[4.5,14,-9],"to":[6.5,15,-8],"faces":{"north":{"uv":[13.5,7,14,7.5],"texture":"#layer0"},"east":{"uv":[13.5,7,14,7.5],"texture":"#layer0"},"south":{"uv":[13.5,7,14,7.5],"texture":"#layer0"},"west":{"uv":[13.5,7,14,7.5],"texture":"#layer0"},"up":{"uv":[13.5,7,14,7.5],"texture":"#layer0"},"down":{"uv":[13.5,7,14,7.5],"texture":"#layer0"}}},{"from":[4.5,14,-10],"to":[6.5,15,-9],"faces":{"north":{"uv":[14,7,14.5,7.5],"texture":"#layer0"},"east":{"uv":[14,7,14.5,7.5],"texture":"#layer0"},"south":{"uv":[14,7,14.5,7.5],"texture":"#layer0"},"west":{"uv":[14,7,14.5,7.5],"texture":"#layer0"},"up":{"uv":[14,7,14.5,7.5],"texture":"#layer0"},"down":{"uv":[14,7,14.5,7.5],"texture":"#layer0"}}},{"from":[4.5,13,-9],"to":[6.5,14,-8],"faces":{"north":{"uv":[13.5,7.5,14,8],"texture":"#layer0"},"east":{"uv":[13.5,7.5,14,8],"texture":"#layer0"},"south":{"uv":[13.5,7.5,14,8],"texture":"#layer0"},"west":{"uv":[13.5,7.5,14,8],"texture":"#layer0"},"up":{"uv":[13.5,7.5,14,8],"texture":"#layer0"},"down":{"uv":[13.5,7.5,14,8],"texture":"#layer0"}}},{"from":[4.5,12,-8],"to":[6.5,13,-7],"faces":{"north":{"uv":[13,8,13.5,8.5],"texture":"#layer0"},"east":{"uv":[13,8,13.5,8.5],"texture":"#layer0"},"south":{"uv":[13,8,13.5,8.5],"texture":"#layer0"},"west":{"uv":[13,8,13.5,8.5],"texture":"#layer0"},"up":{"uv":[13,8,13.5,8.5],"texture":"#layer0"},"down":{"uv":[13,8,13.5,8.5],"texture":"#layer0"}}},{"from":[5,15,-4],"to":[6,16,-3],"faces":{"north":{"uv":[11,6.5,11.5,7],"texture":"#layer0"},"east":{"uv":[11,6.5,11.5,7],"texture":"#layer0"},"south":{"uv":[11,6.5,11.5,7],"texture":"#layer0"},"west":{"uv":[11,6.5,11.5,7],"texture":"#layer0"},"up":{"uv":[11,6.5,11.5,7],"texture":"#layer0"},"down":{"uv":[11,6.5,11.5,7],"texture":"#layer0"}}},{"from":[5,14,-4],"to":[6,15,-3],"faces":{"north":{"uv":[11,7,11.5,7.5],"texture":"#layer0"},"east":{"uv":[11,7,11.5,7.5],"texture":"#layer0"},"south":{"uv":[11,7,11.5,7.5],"texture":"#layer0"},"west":{"uv":[11,7,11.5,7.5],"texture":"#layer0"},"up":{"uv":[11,7,11.5,7.5],"texture":"#layer0"},"down":{"uv":[11,7,11.5,7.5],"texture":"#layer0"}}},{"from":[5,13,-4],"to":[6,14,-3],"faces":{"north":{"uv":[11,7.5,11.5,8],"texture":"#layer0"},"east":{"uv":[11,7.5,11.5,8],"texture":"#layer0"},"south":{"uv":[11,7.5,11.5,8],"texture":"#layer0"},"west":{"uv":[11,7.5,11.5,8],"texture":"#layer0"},"up":{"uv":[11,7.5,11.5,8],"texture":"#layer0"},"down":{"uv":[11,7.5,11.5,8],"texture":"#layer0"}}},{"from":[5,13,-5],"to":[6,14,-4],"faces":{"north":{"uv":[11.5,7.5,12,8],"texture":"#layer0"},"east":{"uv":[11.5,7.5,12,8],"texture":"#layer0"},"south":{"uv":[11.5,7.5,12,8],"texture":"#layer0"},"west":{"uv":[11.5,7.5,12,8],"texture":"#layer0"},"up":{"uv":[11.5,7.5,12,8],"texture":"#layer0"},"down":{"uv":[11.5,7.5,12,8],"texture":"#layer0"}}},{"from":[5,14,-5],"to":[6,15,-4],"faces":{"north":{"uv":[11.5,7,12,7.5],"texture":"#layer0"},"east":{"uv":[11.5,7,12,7.5],"texture":"#layer0"},"south":{"uv":[11.5,7,12,7.5],"texture":"#layer0"},"west":{"uv":[11.5,7,12,7.5],"texture":"#layer0"},"up":{"uv":[11.5,7,12,7.5],"texture":"#layer0"},"down":{"uv":[11.5,7,12,7.5],"texture":"#layer0"}}},{"from":[5,15,-5],"to":[6,16,-4],"faces":{"north":{"uv":[11.5,6.5,12,7],"texture":"#layer0"},"east":{"uv":[11.5,6.5,12,7],"texture":"#layer0"},"south":{"uv":[11.5,6.5,12,7],"texture":"#layer0"},"west":{"uv":[11.5,6.5,12,7],"texture":"#layer0"},"up":{"uv":[11.5,6.5,12,7],"texture":"#layer0"},"down":{"uv":[11.5,6.5,12,7],"texture":"#layer0"}}},{"from":[5,15,-6],"to":[6,16,-5],"faces":{"north":{"uv":[12,6.5,12.5,7],"texture":"#layer0"},"east":{"uv":[12,6.5,12.5,7],"texture":"#layer0"},"south":{"uv":[12,6.5,12.5,7],"texture":"#layer0"},"west":{"uv":[12,6.5,12.5,7],"texture":"#layer0"},"up":{"uv":[12,6.5,12.5,7],"texture":"#layer0"},"down":{"uv":[12,6.5,12.5,7],"texture":"#layer0"}}},{"from":[5,14,-6],"to":[6,15,-5],"faces":{"north":{"uv":[12,7,12.5,7.5],"texture":"#layer0"},"east":{"uv":[12,7,12.5,7.5],"texture":"#layer0"},"south":{"uv":[12,7,12.5,7.5],"texture":"#layer0"},"west":{"uv":[12,7,12.5,7.5],"texture":"#layer0"},"up":{"uv":[12,7,12.5,7.5],"texture":"#layer0"},"down":{"uv":[12,7,12.5,7.5],"texture":"#layer0"}}},{"from":[4.5,13,-6],"to":[6.5,14,-5],"faces":{"north":{"uv":[12,7.5,12.5,8],"texture":"#layer0"},"east":{"uv":[12,7.5,12.5,8],"texture":"#layer0"},"south":{"uv":[12,7.5,12.5,8],"texture":"#layer0"},"west":{"uv":[12,7.5,12.5,8],"texture":"#layer0"},"up":{"uv":[12,7.5,12.5,8],"texture":"#layer0"},"down":{"uv":[12,7.5,12.5,8],"texture":"#layer0"}}},{"from":[4.5,14,-7],"to":[6.5,15,-6],"faces":{"north":{"uv":[12.5,7,13,7.5],"texture":"#layer0"},"east":{"uv":[12.5,7,13,7.5],"texture":"#layer0"},"south":{"uv":[12.5,7,13,7.5],"texture":"#layer0"},"west":{"uv":[12.5,7,13,7.5],"texture":"#layer0"},"up":{"uv":[12.5,7,13,7.5],"texture":"#layer0"},"down":{"uv":[12.5,7,13,7.5],"texture":"#layer0"}}},{"from":[4.5,13,-7],"to":[6.5,14,-6],"faces":{"north":{"uv":[12.5,7.5,13,8],"texture":"#layer0"},"east":{"uv":[12.5,7.5,13,8],"texture":"#layer0"},"south":{"uv":[12.5,7.5,13,8],"texture":"#layer0"},"west":{"uv":[12.5,7.5,13,8],"texture":"#layer0"},"up":{"uv":[12.5,7.5,13,8],"texture":"#layer0"},"down":{"uv":[12.5,7.5,13,8],"texture":"#layer0"}}},{"from":[4.5,15,-7],"to":[6.5,16,-6],"faces":{"north":{"uv":[12.5,6.5,13,7],"texture":"#layer0"},"east":{"uv":[12.5,6.5,13,7],"texture":"#layer0"},"south":{"uv":[12.5,6.5,13,7],"texture":"#layer0"},"west":{"uv":[12.5,6.5,13,7],"texture":"#layer0"},"up":{"uv":[12.5,6.5,13,7],"texture":"#layer0"},"down":{"uv":[12.5,6.5,13,7],"texture":"#layer0"}}},{"from":[4.5,15,-8],"to":[6.5,16,-7],"faces":{"north":{"uv":[13,6.5,13.5,7],"texture":"#layer0"},"east":{"uv":[13,6.5,13.5,7],"texture":"#layer0"},"south":{"uv":[13,6.5,13.5,7],"texture":"#layer0"},"west":{"uv":[13,6.5,13.5,7],"texture":"#layer0"},"up":{"uv":[13,6.5,13.5,7],"texture":"#layer0"},"down":{"uv":[13,6.5,13.5,7],"texture":"#layer0"}}},{"from":[4.5,15,-9],"to":[6.5,16,-8],"faces":{"north":{"uv":[13.5,6.5,14,7],"texture":"#layer0"},"east":{"uv":[13.5,6.5,14,7],"texture":"#layer0"},"south":{"uv":[13.5,6.5,14,7],"texture":"#layer0"},"west":{"uv":[13.5,6.5,14,7],"texture":"#layer0"},"up":{"uv":[13.5,6.5,14,7],"texture":"#layer0"},"down":{"uv":[13.5,6.5,14,7],"texture":"#layer0"}}},{"from":[4.5,15,-10],"to":[6.5,16,-9],"faces":{"north":{"uv":[14,6.5,14.5,7],"texture":"#layer0"},"east":{"uv":[14,6.5,14.5,7],"texture":"#layer0"},"south":{"uv":[14,6.5,14.5,7],"texture":"#layer0"},"west":{"uv":[14,6.5,14.5,7],"texture":"#layer0"},"up":{"uv":[14,6.5,14.5,7],"texture":"#layer0"},"down":{"uv":[14,6.5,14.5,7],"texture":"#layer0"}}},{"from":[5,15,-11],"to":[6,16,-10],"faces":{"north":{"uv":[14.5,6.5,15,7],"texture":"#layer0"},"east":{"uv":[14.5,6.5,15,7],"texture":"#layer0"},"south":{"uv":[14.5,6.5,15,7],"texture":"#layer0"},"west":{"uv":[14.5,6.5,15,7],"texture":"#layer0"},"up":{"uv":[14.5,6.5,15,7],"texture":"#layer0"},"down":{"uv":[14.5,6.5,15,7],"texture":"#layer0"}}},{"from":[5,15,-7],"to":[6,16,-6],"faces":{"north":{"uv":[12.5,6.5,13,7],"texture":"#layer0"},"east":{"uv":[12.5,6.5,13,7],"texture":"#layer0"},"south":{"uv":[12.5,6.5,13,7],"texture":"#layer0"},"west":{"uv":[12.5,6.5,13,7],"texture":"#layer0"},"up":{"uv":[12.5,6.5,13,7],"texture":"#layer0"},"down":{"uv":[12.5,6.5,13,7],"texture":"#layer0"}}},{"from":[5,16,-3],"to":[6,17,-2],"faces":{"north":{"uv":[10.5,6,11,6.5],"texture":"#layer0"},"east":{"uv":[10.5,6,11,6.5],"texture":"#layer0"},"south":{"uv":[10.5,6,11,6.5],"texture":"#layer0"},"west":{"uv":[10.5,6,11,6.5],"texture":"#layer0"},"up":{"uv":[10.5,6,11,6.5],"texture":"#layer0"},"down":{"uv":[10.5,6,11,6.5],"texture":"#layer0"}}},{"from":[5,16,-4],"to":[6,17,-3],"faces":{"north":{"uv":[11,6,11.5,6.5],"texture":"#layer0"},"east":{"uv":[11,6,11.5,6.5],"texture":"#layer0"},"south":{"uv":[11,6,11.5,6.5],"texture":"#layer0"},"west":{"uv":[11,6,11.5,6.5],"texture":"#layer0"},"up":{"uv":[11,6,11.5,6.5],"texture":"#layer0"},"down":{"uv":[11,6,11.5,6.5],"texture":"#layer0"}}},{"from":[5,16,-5],"to":[6,17,-4],"faces":{"north":{"uv":[11.5,6,12,6.5],"texture":"#layer0"},"east":{"uv":[11.5,6,12,6.5],"texture":"#layer0"},"south":{"uv":[11.5,6,12,6.5],"texture":"#layer0"},"west":{"uv":[11.5,6,12,6.5],"texture":"#layer0"},"up":{"uv":[11.5,6,12,6.5],"texture":"#layer0"},"down":{"uv":[11.5,6,12,6.5],"texture":"#layer0"}}},{"from":[5,16,-6],"to":[6,17,-5],"faces":{"north":{"uv":[12,6,12.5,6.5],"texture":"#layer0"},"east":{"uv":[12,6,12.5,6.5],"texture":"#layer0"},"south":{"uv":[12,6,12.5,6.5],"texture":"#layer0"},"west":{"uv":[12,6,12.5,6.5],"texture":"#layer0"},"up":{"uv":[12,6,12.5,6.5],"texture":"#layer0"},"down":{"uv":[12,6,12.5,6.5],"texture":"#layer0"}}},{"from":[4.5,16,-7],"to":[6.5,17,-6],"faces":{"north":{"uv":[12.5,6,13,6.5],"texture":"#layer0"},"east":{"uv":[12.5,6,13,6.5],"texture":"#layer0"},"south":{"uv":[12.5,6,13,6.5],"texture":"#layer0"},"west":{"uv":[12.5,6,13,6.5],"texture":"#layer0"},"up":{"uv":[12.5,6,13,6.5],"texture":"#layer0"},"down":{"uv":[12.5,6,13,6.5],"texture":"#layer0"}}},{"from":[4.5,16,-8],"to":[6.5,17,-7],"faces":{"north":{"uv":[13,6,13.5,6.5],"texture":"#layer0"},"east":{"uv":[13,6,13.5,6.5],"texture":"#layer0"},"south":{"uv":[13,6,13.5,6.5],"texture":"#layer0"},"west":{"uv":[13,6,13.5,6.5],"texture":"#layer0"},"up":{"uv":[13,6,13.5,6.5],"texture":"#layer0"},"down":{"uv":[13,6,13.5,6.5],"texture":"#layer0"}}},{"from":[5,17,-8],"to":[6,18,-7],"faces":{"north":{"uv":[13,5.5,13.5,6],"texture":"#layer0"},"east":{"uv":[13,5.5,13.5,6],"texture":"#layer0"},"south":{"uv":[13,5.5,13.5,6],"texture":"#layer0"},"west":{"uv":[13,5.5,13.5,6],"texture":"#layer0"},"up":{"uv":[13,5.5,13.5,6],"texture":"#layer0"},"down":{"uv":[13,5.5,13.5,6],"texture":"#layer0"}}},{"from":[4.5,17,-9],"to":[6.5,18,-8],"faces":{"north":{"uv":[13.5,5.5,14,6],"texture":"#layer0"},"east":{"uv":[13.5,5.5,14,6],"texture":"#layer0"},"south":{"uv":[13.5,5.5,14,6],"texture":"#layer0"},"west":{"uv":[13.5,5.5,14,6],"texture":"#layer0"},"up":{"uv":[13.5,5.5,14,6],"texture":"#layer0"},"down":{"uv":[13.5,5.5,14,6],"texture":"#layer0"}}},{"from":[4.5,17,-10],"to":[6.5,18,-9],"faces":{"north":{"uv":[14,5.5,14.5,6],"texture":"#layer0"},"east":{"uv":[14,5.5,14.5,6],"texture":"#layer0"},"south":{"uv":[14,5.5,14.5,6],"texture":"#layer0"},"west":{"uv":[14,5.5,14.5,6],"texture":"#layer0"},"up":{"uv":[14,5.5,14.5,6],"texture":"#layer0"},"down":{"uv":[14,5.5,14.5,6],"texture":"#layer0"}}},{"from":[4.5,18,-10],"to":[6.5,19,-9],"faces":{"north":{"uv":[14,5,14.5,5.5],"texture":"#layer0"},"east":{"uv":[14,5,14.5,5.5],"texture":"#layer0"},"south":{"uv":[14,5,14.5,5.5],"texture":"#layer0"},"west":{"uv":[14,5,14.5,5.5],"texture":"#layer0"},"up":{"uv":[14,5,14.5,5.5],"texture":"#layer0"},"down":{"uv":[14,5,14.5,5.5],"texture":"#layer0"}}},{"from":[5,19,-10],"to":[6,20,-9],"faces":{"north":{"uv":[14,4.5,14.5,5],"texture":"#layer0"},"east":{"uv":[14,4.5,14.5,5],"texture":"#layer0"},"south":{"uv":[14,4.5,14.5,5],"texture":"#layer0"},"west":{"uv":[14,4.5,14.5,5],"texture":"#layer0"},"up":{"uv":[14,4.5,14.5,5],"texture":"#layer0"},"down":{"uv":[14,4.5,14.5,5],"texture":"#layer0"}}},{"from":[5,19,-11],"to":[6,20,-10],"faces":{"north":{"uv":[14.5,4.5,15,5],"texture":"#layer0"},"east":{"uv":[14.5,4.5,15,5],"texture":"#layer0"},"south":{"uv":[14.5,4.5,15,5],"texture":"#layer0"},"west":{"uv":[14.5,4.5,15,5],"texture":"#layer0"},"up":{"uv":[14.5,4.5,15,5],"texture":"#layer0"},"down":{"uv":[14.5,4.5,15,5],"texture":"#layer0"}}},{"from":[5,18,-9],"to":[6,19,-8],"faces":{"north":{"uv":[13.5,5,14,5.5],"texture":"#layer0"},"east":{"uv":[13.5,5,14,5.5],"texture":"#layer0"},"south":{"uv":[13.5,5,14,5.5],"texture":"#layer0"},"west":{"uv":[13.5,5,14,5.5],"texture":"#layer0"},"up":{"uv":[13.5,5,14,5.5],"texture":"#layer0"},"down":{"uv":[13.5,5,14,5.5],"texture":"#layer0"}}},{"from":[4.5,16,-9],"to":[6.5,17,-8],"faces":{"north":{"uv":[13.5,6,14,6.5],"texture":"#layer0"},"east":{"uv":[13.5,6,14,6.5],"texture":"#layer0"},"south":{"uv":[13.5,6,14,6.5],"texture":"#layer0"},"west":{"uv":[13.5,6,14,6.5],"texture":"#layer0"},"up":{"uv":[13.5,6,14,6.5],"texture":"#layer0"},"down":{"uv":[13.5,6,14,6.5],"texture":"#layer0"}}},{"from":[4.5,16,-10],"to":[6.5,17,-9],"faces":{"north":{"uv":[14,6,14.5,6.5],"texture":"#layer0"},"east":{"uv":[14,6,14.5,6.5],"texture":"#layer0"},"south":{"uv":[14,6,14.5,6.5],"texture":"#layer0"},"west":{"uv":[14,6,14.5,6.5],"texture":"#layer0"},"up":{"uv":[14,6,14.5,6.5],"texture":"#layer0"},"down":{"uv":[14,6,14.5,6.5],"texture":"#layer0"}}},{"from":[5,16,-11],"to":[6,17,-10],"faces":{"north":{"uv":[14.5,6,15,6.5],"texture":"#layer0"},"east":{"uv":[14.5,6,15,6.5],"texture":"#layer0"},"south":{"uv":[14.5,6,15,6.5],"texture":"#layer0"},"west":{"uv":[14.5,6,15,6.5],"texture":"#layer0"},"up":{"uv":[14.5,6,15,6.5],"texture":"#layer0"},"down":{"uv":[14.5,6,15,6.5],"texture":"#layer0"}}},{"from":[5,17,-11],"to":[6,18,-10],"faces":{"north":{"uv":[14.5,5.5,15,6],"texture":"#layer0"},"east":{"uv":[14.5,5.5,15,6],"texture":"#layer0"},"south":{"uv":[14.5,5.5,15,6],"texture":"#layer0"},"west":{"uv":[14.5,5.5,15,6],"texture":"#layer0"},"up":{"uv":[14.5,5.5,15,6],"texture":"#layer0"},"down":{"uv":[14.5,5.5,15,6],"texture":"#layer0"}}},{"from":[5,18,-11],"to":[6,19,-10],"faces":{"north":{"uv":[14.5,5,15,5.5],"texture":"#layer0"},"east":{"uv":[14.5,5,15,5.5],"texture":"#layer0"},"south":{"uv":[14.5,5,15,5.5],"texture":"#layer0"},"west":{"uv":[14.5,5,15,5.5],"texture":"#layer0"},"up":{"uv":[14.5,5,15,5.5],"texture":"#layer0"},"down":{"uv":[14.5,5,15,5.5],"texture":"#layer0"}}},{"from":[5,13,0],"to":[6,14,1],"faces":{"north":{"uv":[9,7.5,9.5,8],"texture":"#layer0"},"east":{"uv":[9,7.5,9.5,8],"texture":"#layer0"},"south":{"uv":[9,7.5,9.5,8],"texture":"#layer0"},"west":{"uv":[9,7.5,9.5,8],"texture":"#layer0"},"up":{"uv":[9,7.5,9.5,8],"texture":"#layer0"},"down":{"uv":[9,7.5,9.5,8],"texture":"#layer0"}}},{"from":[4.5,12,2],"to":[6.5,13,3],"faces":{"north":{"uv":[8,8,8.5,8.5],"texture":"#layer0"},"east":{"uv":[8,8,8.5,8.5],"texture":"#layer0"},"south":{"uv":[8,8,8.5,8.5],"texture":"#layer0"},"west":{"uv":[8,8,8.5,8.5],"texture":"#layer0"},"up":{"uv":[8,8,8.5,8.5],"texture":"#layer0"},"down":{"uv":[8,8,8.5,8.5],"texture":"#layer0"}}},{"from":[5,11,2],"to":[6,12,3],"faces":{"north":{"uv":[8,8.5,8.5,9],"texture":"#layer0"},"east":{"uv":[8,8.5,8.5,9],"texture":"#layer0"},"south":{"uv":[8,8.5,8.5,9],"texture":"#layer0"},"west":{"uv":[8,8.5,8.5,9],"texture":"#layer0"},"up":{"uv":[8,8.5,8.5,9],"texture":"#layer0"},"down":{"uv":[8,8.5,8.5,9],"texture":"#layer0"}}},{"from":[5,10,3],"to":[6,11,4],"faces":{"north":{"uv":[7.5,9,8,9.5],"texture":"#layer0"},"east":{"uv":[7.5,9,8,9.5],"texture":"#layer0"},"south":{"uv":[7.5,9,8,9.5],"texture":"#layer0"},"west":{"uv":[7.5,9,8,9.5],"texture":"#layer0"},"up":{"uv":[7.5,9,8,9.5],"texture":"#layer0"},"down":{"uv":[7.5,9,8,9.5],"texture":"#layer0"}}},{"from":[5,9,4],"to":[6,10,5],"faces":{"north":{"uv":[7,9.5,7.5,10],"texture":"#layer0"},"east":{"uv":[7,9.5,7.5,10],"texture":"#layer0"},"south":{"uv":[7,9.5,7.5,10],"texture":"#layer0"},"west":{"uv":[7,9.5,7.5,10],"texture":"#layer0"},"up":{"uv":[7,9.5,7.5,10],"texture":"#layer0"},"down":{"uv":[7,9.5,7.5,10],"texture":"#layer0"}}},{"from":[5,8,5],"to":[6,9,6],"faces":{"north":{"uv":[6.5,10,7,10.5],"texture":"#layer0"},"east":{"uv":[6.5,10,7,10.5],"texture":"#layer0"},"south":{"uv":[6.5,10,7,10.5],"texture":"#layer0"},"west":{"uv":[6.5,10,7,10.5],"texture":"#layer0"},"up":{"uv":[6.5,10,7,10.5],"texture":"#layer0"},"down":{"uv":[6.5,10,7,10.5],"texture":"#layer0"}}},{"from":[5,7,6],"to":[6,8,7],"faces":{"north":{"uv":[6,10.5,6.5,11],"texture":"#layer0"},"east":{"uv":[6,10.5,6.5,11],"texture":"#layer0"},"south":{"uv":[6,10.5,6.5,11],"texture":"#layer0"},"west":{"uv":[6,10.5,6.5,11],"texture":"#layer0"},"up":{"uv":[6,10.5,6.5,11],"texture":"#layer0"},"down":{"uv":[6,10.5,6.5,11],"texture":"#layer0"}}},{"from":[5,6,7],"to":[6,7,8],"faces":{"north":{"uv":[5.5,11,6,11.5],"texture":"#layer0"},"east":{"uv":[5.5,11,6,11.5],"texture":"#layer0"},"south":{"uv":[5.5,11,6,11.5],"texture":"#layer0"},"west":{"uv":[5.5,11,6,11.5],"texture":"#layer0"},"up":{"uv":[5.5,11,6,11.5],"texture":"#layer0"},"down":{"uv":[5.5,11,6,11.5],"texture":"#layer0"}}},{"from":[4.5,6,8],"to":[6.5,7,9],"faces":{"north":{"uv":[5,11,5.5,11.5],"texture":"#layer0"},"east":{"uv":[5,11,5.5,11.5],"texture":"#layer0"},"south":{"uv":[5,11,5.5,11.5],"texture":"#layer0"},"west":{"uv":[5,11,5.5,11.5],"texture":"#layer0"},"up":{"uv":[5,11,5.5,11.5],"texture":"#layer0"},"down":{"uv":[5,11,5.5,11.5],"texture":"#layer0"}}},{"from":[5,5,8],"to":[6,6,9],"faces":{"north":{"uv":[5,11.5,5.5,12],"texture":"#layer0"},"east":{"uv":[5,11.5,5.5,12],"texture":"#layer0"},"south":{"uv":[5,11.5,5.5,12],"texture":"#layer0"},"west":{"uv":[5,11.5,5.5,12],"texture":"#layer0"},"up":{"uv":[5,11.5,5.5,12],"texture":"#layer0"},"down":{"uv":[5,11.5,5.5,12],"texture":"#layer0"}}},{"from":[5,4,9],"to":[6,5,10],"faces":{"north":{"uv":[4.5,12,5,12.5],"texture":"#layer0"},"east":{"uv":[4.5,12,5,12.5],"texture":"#layer0"},"south":{"uv":[4.5,12,5,12.5],"texture":"#layer0"},"west":{"uv":[4.5,12,5,12.5],"texture":"#layer0"},"up":{"uv":[4.5,12,5,12.5],"texture":"#layer0"},"down":{"uv":[4.5,12,5,12.5],"texture":"#layer0"}}},{"from":[5,3,12],"to":[6,4,13],"faces":{"north":{"uv":[3,12.5,3.5,13],"texture":"#layer0"},"east":{"uv":[3,12.5,3.5,13],"texture":"#layer0"},"south":{"uv":[3,12.5,3.5,13],"texture":"#layer0"},"west":{"uv":[3,12.5,3.5,13],"texture":"#layer0"},"up":{"uv":[3,12.5,3.5,13],"texture":"#layer0"},"down":{"uv":[3,12.5,3.5,13],"texture":"#layer0"}}},{"from":[5,4,11],"to":[6,5,12],"faces":{"north":{"uv":[3.5,12,4,12.5],"texture":"#layer0"},"east":{"uv":[3.5,12,4,12.5],"texture":"#layer0"},"south":{"uv":[3.5,12,4,12.5],"texture":"#layer0"},"west":{"uv":[3.5,12,4,12.5],"texture":"#layer0"},"up":{"uv":[3.5,12,4,12.5],"texture":"#layer0"},"down":{"uv":[3.5,12,4,12.5],"texture":"#layer0"}}}]}