{"display":{"thirdperson_righthand":{"rotation":[-45,0,0]},"thirdperson_lefthand":{"rotation":[-45,0,0]},"firstperson_righthand":{"rotation":[-45,0,0]},"firstperson_lefthand":{"rotation":[-45,0,0]},"ground":{"scale":[0.6,0.6,0.6]},"gui":{"rotation":[0,90,0],"translation":[-2.25,-2.25,0],"scale":[0.6,0.6,0.6]},"fixed":{"rotation":[0,-90,0],"translation":[3.25,-3.25,0],"scale":[0.6,0.6,0.6]}},"gui_light":"front","texture_size":[32,32],"textures":{"0":"item/netherite_axe/9","particle":"item/netherite_axe/9"},"elements":[{"from":[7.5,0,0],"to":[8.5,1,1],"faces":{"north":{"uv":[1,14.5,1.5,15],"texture":"#0"},"east":{"uv":[1,14.5,1.5,15],"texture":"#0"},"south":{"uv":[1,14.5,1.5,15],"texture":"#0"},"west":{"uv":[1,14.5,1.5,15],"texture":"#0"},"up":{"uv":[1,14.5,1.5,15],"texture":"#0"},"down":{"uv":[1,14.5,1.5,15],"texture":"#0"}}},{"from":[7.5,1,0],"to":[8.5,2,1],"faces":{"north":{"uv":[1,14,1.5,14.5],"texture":"#0"},"east":{"uv":[1,14,1.5,14.5],"texture":"#0"},"south":{"uv":[1,14,1.5,14.5],"texture":"#0"},"west":{"uv":[1,14,1.5,14.5],"texture":"#0"},"up":{"uv":[1,14,1.5,14.5],"texture":"#0"},"down":{"uv":[1,14,1.5,14.5],"texture":"#0"}}},{"from":[7.5,0,1],"to":[8.5,1,2],"faces":{"north":{"uv":[1.5,14.5,2,15],"texture":"#0"},"east":{"uv":[1.5,14.5,2,15],"texture":"#0"},"south":{"uv":[1.5,14.5,2,15],"texture":"#0"},"west":{"uv":[1.5,14.5,2,15],"texture":"#0"},"up":{"uv":[1.5,14.5,2,15],"texture":"#0"},"down":{"uv":[1.5,14.5,2,15],"texture":"#0"}}},{"from":[7.3,1,1],"to":[8.7,2,2],"faces":{"north":{"uv":[1.5,14,2,14.5],"texture":"#0"},"east":{"uv":[1.5,14,2,14.5],"texture":"#0"},"south":{"uv":[1.5,14,2,14.5],"texture":"#0"},"west":{"uv":[1.5,14,2,14.5],"texture":"#0"},"up":{"uv":[1.5,14,2,14.5],"texture":"#0"},"down":{"uv":[1.5,14,2,14.5],"texture":"#0"}}},{"from":[7.5,2,1],"to":[8.5,3,2],"faces":{"north":{"uv":[1.5,13.5,2,14],"texture":"#0"},"east":{"uv":[1.5,13.5,2,14],"texture":"#0"},"south":{"uv":[1.5,13.5,2,14],"texture":"#0"},"west":{"uv":[1.5,13.5,2,14],"texture":"#0"},"up":{"uv":[1.5,13.5,2,14],"texture":"#0"},"down":{"uv":[1.5,13.5,2,14],"texture":"#0"}}},{"from":[7.3,2,2],"to":[8.7,3,3],"faces":{"north":{"uv":[2,13.5,2.5,14],"texture":"#0"},"east":{"uv":[2,13.5,2.5,14],"texture":"#0"},"south":{"uv":[2,13.5,2.5,14],"texture":"#0"},"west":{"uv":[2,13.5,2.5,14],"texture":"#0"},"up":{"uv":[2,13.5,2.5,14],"texture":"#0"},"down":{"uv":[2,13.5,2.5,14],"texture":"#0"}}},{"from":[7.5,2,3],"to":[8.5,3,4],"faces":{"north":{"uv":[2.5,13.5,3,14],"texture":"#0"},"east":{"uv":[2.5,13.5,3,14],"texture":"#0"},"south":{"uv":[2.5,13.5,3,14],"texture":"#0"},"west":{"uv":[2.5,13.5,3,14],"texture":"#0"},"up":{"uv":[2.5,13.5,3,14],"texture":"#0"},"down":{"uv":[2.5,13.5,3,14],"texture":"#0"}}},{"from":[7.5,2,4],"to":[8.5,3,5],"faces":{"north":{"uv":[3,13.5,3.5,14],"texture":"#0"},"east":{"uv":[3,13.5,3.5,14],"texture":"#0"},"south":{"uv":[3,13.5,3.5,14],"texture":"#0"},"west":{"uv":[3,13.5,3.5,14],"texture":"#0"},"up":{"uv":[3,13.5,3.5,14],"texture":"#0"},"down":{"uv":[3,13.5,3.5,14],"texture":"#0"}}},{"from":[7.5,3,1],"to":[8.5,4,2],"faces":{"north":{"uv":[1.5,13,2,13.5],"texture":"#0"},"east":{"uv":[1.5,13,2,13.5],"texture":"#0"},"south":{"uv":[1.5,13,2,13.5],"texture":"#0"},"west":{"uv":[1.5,13,2,13.5],"texture":"#0"},"up":{"uv":[1.5,13,2,13.5],"texture":"#0"},"down":{"uv":[1.5,13,2,13.5],"texture":"#0"}}},{"from":[7.5,3,2],"to":[8.5,4,3],"faces":{"north":{"uv":[2,13,2.5,13.5],"texture":"#0"},"east":{"uv":[2,13,2.5,13.5],"texture":"#0"},"south":{"uv":[2,13,2.5,13.5],"texture":"#0"},"west":{"uv":[2,13,2.5,13.5],"texture":"#0"},"up":{"uv":[2,13,2.5,13.5],"texture":"#0"},"down":{"uv":[2,13,2.5,13.5],"texture":"#0"}}},{"from":[7.5,4,2],"to":[8.5,5,3],"faces":{"north":{"uv":[2,12.5,2.5,13],"texture":"#0"},"east":{"uv":[2,12.5,2.5,13],"texture":"#0"},"south":{"uv":[2,12.5,2.5,13],"texture":"#0"},"west":{"uv":[2,12.5,2.5,13],"texture":"#0"},"up":{"uv":[2,12.5,2.5,13],"texture":"#0"},"down":{"uv":[2,12.5,2.5,13],"texture":"#0"}}},{"from":[7.3,3,3],"to":[8.7,4,4],"faces":{"north":{"uv":[2.5,13,3,13.5],"texture":"#0"},"east":{"uv":[2.5,13,3,13.5],"texture":"#0"},"south":{"uv":[2.5,13,3,13.5],"texture":"#0"},"west":{"uv":[2.5,13,3,13.5],"texture":"#0"},"up":{"uv":[2.5,13,3,13.5],"texture":"#0"},"down":{"uv":[2.5,13,3,13.5],"texture":"#0"}}},{"from":[7.5,3,4],"to":[8.5,4,5],"faces":{"north":{"uv":[3,13,3.5,13.5],"texture":"#0"},"east":{"uv":[3,13,3.5,13.5],"texture":"#0"},"south":{"uv":[3,13,3.5,13.5],"texture":"#0"},"west":{"uv":[3,13,3.5,13.5],"texture":"#0"},"up":{"uv":[3,13,3.5,13.5],"texture":"#0"},"down":{"uv":[3,13,3.5,13.5],"texture":"#0"}}},{"from":[7.5,4,5],"to":[8.5,5,6],"faces":{"north":{"uv":[3.5,12.5,4,13],"texture":"#0"},"east":{"uv":[3.5,12.5,4,13],"texture":"#0"},"south":{"uv":[3.5,12.5,4,13],"texture":"#0"},"west":{"uv":[3.5,12.5,4,13],"texture":"#0"},"up":{"uv":[3.5,12.5,4,13],"texture":"#0"},"down":{"uv":[3.5,12.5,4,13],"texture":"#0"}}},{"from":[7.5,5,6],"to":[8.5,6,7],"faces":{"north":{"uv":[4,12,4.5,12.5],"texture":"#0"},"east":{"uv":[4,12,4.5,12.5],"texture":"#0"},"south":{"uv":[4,12,4.5,12.5],"texture":"#0"},"west":{"uv":[4,12,4.5,12.5],"texture":"#0"},"up":{"uv":[4,12,4.5,12.5],"texture":"#0"},"down":{"uv":[4,12,4.5,12.5],"texture":"#0"}}},{"from":[7.5,6,7],"to":[8.5,7,8],"faces":{"north":{"uv":[4.5,11.5,5,12],"texture":"#0"},"east":{"uv":[4.5,11.5,5,12],"texture":"#0"},"south":{"uv":[4.5,11.5,5,12],"texture":"#0"},"west":{"uv":[4.5,11.5,5,12],"texture":"#0"},"up":{"uv":[4.5,11.5,5,12],"texture":"#0"},"down":{"uv":[4.5,11.5,5,12],"texture":"#0"}}},{"from":[7.5,7,8],"to":[8.5,8,9],"faces":{"north":{"uv":[5,11,5.5,11.5],"texture":"#0"},"east":{"uv":[5,11,5.5,11.5],"texture":"#0"},"south":{"uv":[5,11,5.5,11.5],"texture":"#0"},"west":{"uv":[5,11,5.5,11.5],"texture":"#0"},"up":{"uv":[5,11,5.5,11.5],"texture":"#0"},"down":{"uv":[5,11,5.5,11.5],"texture":"#0"}}},{"from":[7.5,8,9],"to":[8.5,9,10],"faces":{"north":{"uv":[5.5,10.5,6,11],"texture":"#0"},"east":{"uv":[5.5,10.5,6,11],"texture":"#0"},"south":{"uv":[5.5,10.5,6,11],"texture":"#0"},"west":{"uv":[5.5,10.5,6,11],"texture":"#0"},"up":{"uv":[5.5,10.5,6,11],"texture":"#0"},"down":{"uv":[5.5,10.5,6,11],"texture":"#0"}}},{"from":[7.5,9,10],"to":[8.5,10,11],"faces":{"north":{"uv":[6,10,6.5,10.5],"texture":"#0"},"east":{"uv":[6,10,6.5,10.5],"texture":"#0"},"south":{"uv":[6,10,6.5,10.5],"texture":"#0"},"west":{"uv":[6,10,6.5,10.5],"texture":"#0"},"up":{"uv":[6,10,6.5,10.5],"texture":"#0"},"down":{"uv":[6,10,6.5,10.5],"texture":"#0"}}},{"from":[7.5,10,11],"to":[8.5,11,12],"faces":{"north":{"uv":[6.5,9.5,7,10],"texture":"#0"},"east":{"uv":[6.5,9.5,7,10],"texture":"#0"},"south":{"uv":[6.5,9.5,7,10],"texture":"#0"},"west":{"uv":[6.5,9.5,7,10],"texture":"#0"},"up":{"uv":[6.5,9.5,7,10],"texture":"#0"},"down":{"uv":[6.5,9.5,7,10],"texture":"#0"}}},{"from":[7.5,11,12],"to":[8.5,12,13],"faces":{"north":{"uv":[7,9,7.5,9.5],"texture":"#0"},"east":{"uv":[7,9,7.5,9.5],"texture":"#0"},"south":{"uv":[7,9,7.5,9.5],"texture":"#0"},"west":{"uv":[7,9,7.5,9.5],"texture":"#0"},"up":{"uv":[7,9,7.5,9.5],"texture":"#0"},"down":{"uv":[7,9,7.5,9.5],"texture":"#0"}}},{"from":[7.5,12,13],"to":[8.5,13,14],"faces":{"north":{"uv":[7.5,8.5,8,9],"texture":"#0"},"east":{"uv":[7.5,8.5,8,9],"texture":"#0"},"south":{"uv":[7.5,8.5,8,9],"texture":"#0"},"west":{"uv":[7.5,8.5,8,9],"texture":"#0"},"up":{"uv":[7.5,8.5,8,9],"texture":"#0"},"down":{"uv":[7.5,8.5,8,9],"texture":"#0"}}},{"from":[7.3,12,14],"to":[8.7,13,15],"faces":{"north":{"uv":[8,8.5,8.5,9],"texture":"#0"},"east":{"uv":[8,8.5,8.5,9],"texture":"#0"},"south":{"uv":[8,8.5,8.5,9],"texture":"#0"},"west":{"uv":[8,8.5,8.5,9],"texture":"#0"},"up":{"uv":[8,8.5,8.5,9],"texture":"#0"},"down":{"uv":[8,8.5,8.5,9],"texture":"#0"}}},{"from":[7.5,11,14],"to":[8.5,12,15],"faces":{"north":{"uv":[8,9,8.5,9.5],"texture":"#0"},"east":{"uv":[8,9,8.5,9.5],"texture":"#0"},"south":{"uv":[8,9,8.5,9.5],"texture":"#0"},"west":{"uv":[8,9,8.5,9.5],"texture":"#0"},"up":{"uv":[8,9,8.5,9.5],"texture":"#0"},"down":{"uv":[8,9,8.5,9.5],"texture":"#0"}}},{"from":[7.3,12,15],"to":[8.7,13,16],"faces":{"north":{"uv":[8.5,8.5,9,9],"texture":"#0"},"east":{"uv":[8.5,8.5,9,9],"texture":"#0"},"south":{"uv":[8.5,8.5,9,9],"texture":"#0"},"west":{"uv":[8.5,8.5,9,9],"texture":"#0"},"up":{"uv":[8.5,8.5,9,9],"texture":"#0"},"down":{"uv":[8.5,8.5,9,9],"texture":"#0"}}},{"from":[7.5,12,16],"to":[8.5,13,17],"faces":{"north":{"uv":[9,8.5,9.5,9],"texture":"#0"},"east":{"uv":[9,8.5,9.5,9],"texture":"#0"},"south":{"uv":[9,8.5,9.5,9],"texture":"#0"},"west":{"uv":[9,8.5,9.5,9],"texture":"#0"},"up":{"uv":[9,8.5,9.5,9],"texture":"#0"},"down":{"uv":[9,8.5,9.5,9],"texture":"#0"}}},{"from":[7.5,11,15],"to":[8.5,12,16],"faces":{"north":{"uv":[8.5,9,9,9.5],"texture":"#0"},"east":{"uv":[8.5,9,9,9.5],"texture":"#0"},"south":{"uv":[8.5,9,9,9.5],"texture":"#0"},"west":{"uv":[8.5,9,9,9.5],"texture":"#0"},"up":{"uv":[8.5,9,9,9.5],"texture":"#0"},"down":{"uv":[8.5,9,9,9.5],"texture":"#0"}}},{"from":[7.3,11,16],"to":[8.7,12,17],"faces":{"north":{"uv":[9,9,9.5,9.5],"texture":"#0"},"east":{"uv":[9,9,9.5,9.5],"texture":"#0"},"south":{"uv":[9,9,9.5,9.5],"texture":"#0"},"west":{"uv":[9,9,9.5,9.5],"texture":"#0"},"up":{"uv":[9,9,9.5,9.5],"texture":"#0"},"down":{"uv":[9,9,9.5,9.5],"texture":"#0"}}},{"from":[7.5,10,16],"to":[8.5,11,17],"faces":{"north":{"uv":[9,9.5,9.5,10],"texture":"#0"},"east":{"uv":[9,9.5,9.5,10],"texture":"#0"},"south":{"uv":[9,9.5,9.5,10],"texture":"#0"},"west":{"uv":[9,9.5,9.5,10],"texture":"#0"},"up":{"uv":[9,9.5,9.5,10],"texture":"#0"},"down":{"uv":[9,9.5,9.5,10],"texture":"#0"}}},{"from":[7.2,11,17],"to":[8.8,12,18],"faces":{"north":{"uv":[9.5,9,10,9.5],"texture":"#0"},"east":{"uv":[9.5,9,10,9.5],"texture":"#0"},"south":{"uv":[9.5,9,10,9.5],"texture":"#0"},"west":{"uv":[9.5,9,10,9.5],"texture":"#0"},"up":{"uv":[9.5,9,10,9.5],"texture":"#0"},"down":{"uv":[9.5,9,10,9.5],"texture":"#0"}}},{"from":[7.2,11,18],"to":[8.8,12,19],"faces":{"north":{"uv":[10,9,10.5,9.5],"texture":"#0"},"east":{"uv":[10,9,10.5,9.5],"texture":"#0"},"south":{"uv":[10,9,10.5,9.5],"texture":"#0"},"west":{"uv":[10,9,10.5,9.5],"texture":"#0"},"up":{"uv":[10,9,10.5,9.5],"texture":"#0"},"down":{"uv":[10,9,10.5,9.5],"texture":"#0"}}},{"from":[7.5,12,18],"to":[8.5,13,19],"faces":{"north":{"uv":[10,8.5,10.5,9],"texture":"#0"},"east":{"uv":[10,8.5,10.5,9],"texture":"#0"},"south":{"uv":[10,8.5,10.5,9],"texture":"#0"},"west":{"uv":[10,8.5,10.5,9],"texture":"#0"},"up":{"uv":[10,8.5,10.5,9],"texture":"#0"},"down":{"uv":[10,8.5,10.5,9],"texture":"#0"}}},{"from":[7.3,13,18],"to":[8.7,14,19],"faces":{"north":{"uv":[10,8,10.5,8.5],"texture":"#0"},"east":{"uv":[10,8,10.5,8.5],"texture":"#0"},"south":{"uv":[10,8,10.5,8.5],"texture":"#0"},"west":{"uv":[10,8,10.5,8.5],"texture":"#0"},"up":{"uv":[10,8,10.5,8.5],"texture":"#0"},"down":{"uv":[10,8,10.5,8.5],"texture":"#0"}}},{"from":[7.5,13,17],"to":[8.5,14,18],"faces":{"north":{"uv":[9.5,8,10,8.5],"texture":"#0"},"east":{"uv":[9.5,8,10,8.5],"texture":"#0"},"south":{"uv":[9.5,8,10,8.5],"texture":"#0"},"west":{"uv":[9.5,8,10,8.5],"texture":"#0"},"up":{"uv":[9.5,8,10,8.5],"texture":"#0"},"down":{"uv":[9.5,8,10,8.5],"texture":"#0"}}},{"from":[7.5,14,17],"to":[8.5,15,18],"faces":{"north":{"uv":[9.5,7.5,10,8],"texture":"#0"},"east":{"uv":[9.5,7.5,10,8],"texture":"#0"},"south":{"uv":[9.5,7.5,10,8],"texture":"#0"},"west":{"uv":[9.5,7.5,10,8],"texture":"#0"},"up":{"uv":[9.5,7.5,10,8],"texture":"#0"},"down":{"uv":[9.5,7.5,10,8],"texture":"#0"}}},{"from":[7.3,14,18],"to":[8.7,15,19],"faces":{"north":{"uv":[10,7.5,10.5,8],"texture":"#0"},"east":{"uv":[10,7.5,10.5,8],"texture":"#0"},"south":{"uv":[10,7.5,10.5,8],"texture":"#0"},"west":{"uv":[10,7.5,10.5,8],"texture":"#0"},"up":{"uv":[10,7.5,10.5,8],"texture":"#0"},"down":{"uv":[10,7.5,10.5,8],"texture":"#0"}}},{"from":[7.3,11,19],"to":[8.7,12,20],"faces":{"north":{"uv":[10.5,9,11,9.5],"texture":"#0"},"east":{"uv":[10.5,9,11,9.5],"texture":"#0"},"south":{"uv":[10.5,9,11,9.5],"texture":"#0"},"west":{"uv":[10.5,9,11,9.5],"texture":"#0"},"up":{"uv":[10.5,9,11,9.5],"texture":"#0"},"down":{"uv":[10.5,9,11,9.5],"texture":"#0"}}},{"from":[7.3,12,19],"to":[8.7,13,20],"faces":{"north":{"uv":[10.5,8.5,11,9],"texture":"#0"},"east":{"uv":[10.5,8.5,11,9],"texture":"#0"},"south":{"uv":[10.5,8.5,11,9],"texture":"#0"},"west":{"uv":[10.5,8.5,11,9],"texture":"#0"},"up":{"uv":[10.5,8.5,11,9],"texture":"#0"},"down":{"uv":[10.5,8.5,11,9],"texture":"#0"}}},{"from":[7.5,13,19],"to":[8.5,14,20],"faces":{"north":{"uv":[10.5,8,11,8.5],"texture":"#0"},"east":{"uv":[10.5,8,11,8.5],"texture":"#0"},"south":{"uv":[10.5,8,11,8.5],"texture":"#0"},"west":{"uv":[10.5,8,11,8.5],"texture":"#0"},"up":{"uv":[10.5,8,11,8.5],"texture":"#0"},"down":{"uv":[10.5,8,11,8.5],"texture":"#0"}}},{"from":[7.3,11,20],"to":[8.7,12,21],"faces":{"north":{"uv":[11,9,11.5,9.5],"texture":"#0"},"east":{"uv":[11,9,11.5,9.5],"texture":"#0"},"south":{"uv":[11,9,11.5,9.5],"texture":"#0"},"west":{"uv":[11,9,11.5,9.5],"texture":"#0"},"up":{"uv":[11,9,11.5,9.5],"texture":"#0"},"down":{"uv":[11,9,11.5,9.5],"texture":"#0"}}},{"from":[7.5,12,20],"to":[8.5,13,21],"faces":{"north":{"uv":[11,8.5,11.5,9],"texture":"#0"},"east":{"uv":[11,8.5,11.5,9],"texture":"#0"},"south":{"uv":[11,8.5,11.5,9],"texture":"#0"},"west":{"uv":[11,8.5,11.5,9],"texture":"#0"},"up":{"uv":[11,8.5,11.5,9],"texture":"#0"},"down":{"uv":[11,8.5,11.5,9],"texture":"#0"}}},{"from":[7.3,11,21],"to":[8.7,12,22],"faces":{"north":{"uv":[11.5,9,12,9.5],"texture":"#0"},"east":{"uv":[11.5,9,12,9.5],"texture":"#0"},"south":{"uv":[11.5,9,12,9.5],"texture":"#0"},"west":{"uv":[11.5,9,12,9.5],"texture":"#0"},"up":{"uv":[11.5,9,12,9.5],"texture":"#0"},"down":{"uv":[11.5,9,12,9.5],"texture":"#0"}}},{"from":[7.5,10,17],"to":[8.5,11,18],"faces":{"north":{"uv":[9.5,9.5,10,10],"texture":"#0"},"east":{"uv":[9.5,9.5,10,10],"texture":"#0"},"south":{"uv":[9.5,9.5,10,10],"texture":"#0"},"west":{"uv":[9.5,9.5,10,10],"texture":"#0"},"up":{"uv":[9.5,9.5,10,10],"texture":"#0"},"down":{"uv":[9.5,9.5,10,10],"texture":"#0"}}},{"from":[7.5,10,18],"to":[8.5,11,19],"faces":{"north":{"uv":[10,9.5,10.5,10],"texture":"#0"},"east":{"uv":[10,9.5,10.5,10],"texture":"#0"},"south":{"uv":[10,9.5,10.5,10],"texture":"#0"},"west":{"uv":[10,9.5,10.5,10],"texture":"#0"},"up":{"uv":[10,9.5,10.5,10],"texture":"#0"},"down":{"uv":[10,9.5,10.5,10],"texture":"#0"}}},{"from":[7.5,10,19],"to":[8.5,11,20],"faces":{"north":{"uv":[10.5,9.5,11,10],"texture":"#0"},"east":{"uv":[10.5,9.5,11,10],"texture":"#0"},"south":{"uv":[10.5,9.5,11,10],"texture":"#0"},"west":{"uv":[10.5,9.5,11,10],"texture":"#0"},"up":{"uv":[10.5,9.5,11,10],"texture":"#0"},"down":{"uv":[10.5,9.5,11,10],"texture":"#0"}}},{"from":[7.5,10,20],"to":[8.5,11,21],"faces":{"north":{"uv":[11,9.5,11.5,10],"texture":"#0"},"east":{"uv":[11,9.5,11.5,10],"texture":"#0"},"south":{"uv":[11,9.5,11.5,10],"texture":"#0"},"west":{"uv":[11,9.5,11.5,10],"texture":"#0"},"up":{"uv":[11,9.5,11.5,10],"texture":"#0"},"down":{"uv":[11,9.5,11.5,10],"texture":"#0"}}},{"from":[7.5,4,3],"to":[8.5,5,4],"faces":{"north":{"uv":[2.5,12.5,3,13],"texture":"#0"},"east":{"uv":[2.5,12.5,3,13],"texture":"#0"},"south":{"uv":[2.5,12.5,3,13],"texture":"#0"},"west":{"uv":[2.5,12.5,3,13],"texture":"#0"},"up":{"uv":[2.5,12.5,3,13],"texture":"#0"},"down":{"uv":[2.5,12.5,3,13],"texture":"#0"}}},{"from":[7.2,4,4],"to":[8.8,5,5],"faces":{"north":{"uv":[3,12.5,3.5,13],"texture":"#0"},"east":{"uv":[3,12.5,3.5,13],"texture":"#0"},"south":{"uv":[3,12.5,3.5,13],"texture":"#0"},"west":{"uv":[3,12.5,3.5,13],"texture":"#0"},"up":{"uv":[3,12.5,3.5,13],"texture":"#0"},"down":{"uv":[3,12.5,3.5,13],"texture":"#0"}}},{"from":[7.3,5,5],"to":[8.7,6,6],"faces":{"north":{"uv":[3.5,12,4,12.5],"texture":"#0"},"east":{"uv":[3.5,12,4,12.5],"texture":"#0"},"south":{"uv":[3.5,12,4,12.5],"texture":"#0"},"west":{"uv":[3.5,12,4,12.5],"texture":"#0"},"up":{"uv":[3.5,12,4,12.5],"texture":"#0"},"down":{"uv":[3.5,12,4,12.5],"texture":"#0"}}},{"from":[7.3,6,6],"to":[8.7,7,7],"faces":{"north":{"uv":[4,11.5,4.5,12],"texture":"#0"},"east":{"uv":[4,11.5,4.5,12],"texture":"#0"},"south":{"uv":[4,11.5,4.5,12],"texture":"#0"},"west":{"uv":[4,11.5,4.5,12],"texture":"#0"},"up":{"uv":[4,11.5,4.5,12],"texture":"#0"},"down":{"uv":[4,11.5,4.5,12],"texture":"#0"}}},{"from":[7.3,7,7],"to":[8.7,8,8],"faces":{"north":{"uv":[4.5,11,5,11.5],"texture":"#0"},"east":{"uv":[4.5,11,5,11.5],"texture":"#0"},"south":{"uv":[4.5,11,5,11.5],"texture":"#0"},"west":{"uv":[4.5,11,5,11.5],"texture":"#0"},"up":{"uv":[4.5,11,5,11.5],"texture":"#0"},"down":{"uv":[4.5,11,5,11.5],"texture":"#0"}}},{"from":[7.3,8,8],"to":[8.7,9,9],"faces":{"north":{"uv":[5,10.5,5.5,11],"texture":"#0"},"east":{"uv":[5,10.5,5.5,11],"texture":"#0"},"south":{"uv":[5,10.5,5.5,11],"texture":"#0"},"west":{"uv":[5,10.5,5.5,11],"texture":"#0"},"up":{"uv":[5,10.5,5.5,11],"texture":"#0"},"down":{"uv":[5,10.5,5.5,11],"texture":"#0"}}},{"from":[7.3,9,9],"to":[8.7,10,10],"faces":{"north":{"uv":[5.5,10,6,10.5],"texture":"#0"},"east":{"uv":[5.5,10,6,10.5],"texture":"#0"},"south":{"uv":[5.5,10,6,10.5],"texture":"#0"},"west":{"uv":[5.5,10,6,10.5],"texture":"#0"},"up":{"uv":[5.5,10,6,10.5],"texture":"#0"},"down":{"uv":[5.5,10,6,10.5],"texture":"#0"}}},{"from":[7.3,10,10],"to":[8.7,11,11],"faces":{"north":{"uv":[6,9.5,6.5,10],"texture":"#0"},"east":{"uv":[6,9.5,6.5,10],"texture":"#0"},"south":{"uv":[6,9.5,6.5,10],"texture":"#0"},"west":{"uv":[6,9.5,6.5,10],"texture":"#0"},"up":{"uv":[6,9.5,6.5,10],"texture":"#0"},"down":{"uv":[6,9.5,6.5,10],"texture":"#0"}}},{"from":[7.3,11,11],"to":[8.7,12,12],"faces":{"north":{"uv":[6.5,9,7,9.5],"texture":"#0"},"east":{"uv":[6.5,9,7,9.5],"texture":"#0"},"south":{"uv":[6.5,9,7,9.5],"texture":"#0"},"west":{"uv":[6.5,9,7,9.5],"texture":"#0"},"up":{"uv":[6.5,9,7,9.5],"texture":"#0"},"down":{"uv":[6.5,9,7,9.5],"texture":"#0"}}},{"from":[7.3,12,12],"to":[8.7,13,13],"faces":{"north":{"uv":[7,8.5,7.5,9],"texture":"#0"},"east":{"uv":[7,8.5,7.5,9],"texture":"#0"},"south":{"uv":[7,8.5,7.5,9],"texture":"#0"},"west":{"uv":[7,8.5,7.5,9],"texture":"#0"},"up":{"uv":[7,8.5,7.5,9],"texture":"#0"},"down":{"uv":[7,8.5,7.5,9],"texture":"#0"}}},{"from":[7.3,13,13],"to":[8.7,14,14],"faces":{"north":{"uv":[7.5,8,8,8.5],"texture":"#0"},"east":{"uv":[7.5,8,8,8.5],"texture":"#0"},"south":{"uv":[7.5,8,8,8.5],"texture":"#0"},"west":{"uv":[7.5,8,8,8.5],"texture":"#0"},"up":{"uv":[7.5,8,8,8.5],"texture":"#0"},"down":{"uv":[7.5,8,8,8.5],"texture":"#0"}}},{"from":[7.5,13,14],"to":[8.5,14,15],"faces":{"north":{"uv":[8,8,8.5,8.5],"texture":"#0"},"east":{"uv":[8,8,8.5,8.5],"texture":"#0"},"south":{"uv":[8,8,8.5,8.5],"texture":"#0"},"west":{"uv":[8,8,8.5,8.5],"texture":"#0"},"up":{"uv":[8,8,8.5,8.5],"texture":"#0"},"down":{"uv":[8,8,8.5,8.5],"texture":"#0"}}},{"from":[7.5,5,4],"to":[8.5,6,5],"faces":{"north":{"uv":[3,12,3.5,12.5],"texture":"#0"},"east":{"uv":[3,12,3.5,12.5],"texture":"#0"},"south":{"uv":[3,12,3.5,12.5],"texture":"#0"},"west":{"uv":[3,12,3.5,12.5],"texture":"#0"},"up":{"uv":[3,12,3.5,12.5],"texture":"#0"},"down":{"uv":[3,12,3.5,12.5],"texture":"#0"}}},{"from":[7.5,6,5],"to":[8.5,7,6],"faces":{"north":{"uv":[3.5,11.5,4,12],"texture":"#0"},"east":{"uv":[3.5,11.5,4,12],"texture":"#0"},"south":{"uv":[3.5,11.5,4,12],"texture":"#0"},"west":{"uv":[3.5,11.5,4,12],"texture":"#0"},"up":{"uv":[3.5,11.5,4,12],"texture":"#0"},"down":{"uv":[3.5,11.5,4,12],"texture":"#0"}}},{"from":[7.5,7,6],"to":[8.5,8,7],"faces":{"north":{"uv":[4,11,4.5,11.5],"texture":"#0"},"east":{"uv":[4,11,4.5,11.5],"texture":"#0"},"south":{"uv":[4,11,4.5,11.5],"texture":"#0"},"west":{"uv":[4,11,4.5,11.5],"texture":"#0"},"up":{"uv":[4,11,4.5,11.5],"texture":"#0"},"down":{"uv":[4,11,4.5,11.5],"texture":"#0"}}},{"from":[7.5,8,7],"to":[8.5,9,8],"faces":{"north":{"uv":[4.5,10.5,5,11],"texture":"#0"},"east":{"uv":[4.5,10.5,5,11],"texture":"#0"},"south":{"uv":[4.5,10.5,5,11],"texture":"#0"},"west":{"uv":[4.5,10.5,5,11],"texture":"#0"},"up":{"uv":[4.5,10.5,5,11],"texture":"#0"},"down":{"uv":[4.5,10.5,5,11],"texture":"#0"}}},{"from":[7.5,9,8],"to":[8.5,10,9],"faces":{"north":{"uv":[5,10,5.5,10.5],"texture":"#0"},"east":{"uv":[5,10,5.5,10.5],"texture":"#0"},"south":{"uv":[5,10,5.5,10.5],"texture":"#0"},"west":{"uv":[5,10,5.5,10.5],"texture":"#0"},"up":{"uv":[5,10,5.5,10.5],"texture":"#0"},"down":{"uv":[5,10,5.5,10.5],"texture":"#0"}}},{"from":[7.5,10,9],"to":[8.5,11,10],"faces":{"north":{"uv":[5.5,9.5,6,10],"texture":"#0"},"east":{"uv":[5.5,9.5,6,10],"texture":"#0"},"south":{"uv":[5.5,9.5,6,10],"texture":"#0"},"west":{"uv":[5.5,9.5,6,10],"texture":"#0"},"up":{"uv":[5.5,9.5,6,10],"texture":"#0"},"down":{"uv":[5.5,9.5,6,10],"texture":"#0"}}},{"from":[7.5,11,10],"to":[8.5,12,11],"faces":{"north":{"uv":[6,9,6.5,9.5],"texture":"#0"},"east":{"uv":[6,9,6.5,9.5],"texture":"#0"},"south":{"uv":[6,9,6.5,9.5],"texture":"#0"},"west":{"uv":[6,9,6.5,9.5],"texture":"#0"},"up":{"uv":[6,9,6.5,9.5],"texture":"#0"},"down":{"uv":[6,9,6.5,9.5],"texture":"#0"}}},{"from":[7.5,12,11],"to":[8.5,13,12],"faces":{"north":{"uv":[6.5,8.5,7,9],"texture":"#0"},"east":{"uv":[6.5,8.5,7,9],"texture":"#0"},"south":{"uv":[6.5,8.5,7,9],"texture":"#0"},"west":{"uv":[6.5,8.5,7,9],"texture":"#0"},"up":{"uv":[6.5,8.5,7,9],"texture":"#0"},"down":{"uv":[6.5,8.5,7,9],"texture":"#0"}}},{"from":[7.5,13,12],"to":[8.5,14,13],"faces":{"north":{"uv":[7,8,7.5,8.5],"texture":"#0"},"east":{"uv":[7,8,7.5,8.5],"texture":"#0"},"south":{"uv":[7,8,7.5,8.5],"texture":"#0"},"west":{"uv":[7,8,7.5,8.5],"texture":"#0"},"up":{"uv":[7,8,7.5,8.5],"texture":"#0"},"down":{"uv":[7,8,7.5,8.5],"texture":"#0"}}},{"from":[7.5,14,13],"to":[8.5,15,14],"faces":{"north":{"uv":[7.5,7.5,8,8],"texture":"#0"},"east":{"uv":[7.5,7.5,8,8],"texture":"#0"},"south":{"uv":[7.5,7.5,8,8],"texture":"#0"},"west":{"uv":[7.5,7.5,8,8],"texture":"#0"},"up":{"uv":[7.5,7.5,8,8],"texture":"#0"},"down":{"uv":[7.5,7.5,8,8],"texture":"#0"}}},{"from":[7.3,15,13],"to":[8.7,16,14],"faces":{"north":{"uv":[7.5,7,8,7.5],"texture":"#0"},"east":{"uv":[7.5,7,8,7.5],"texture":"#0"},"south":{"uv":[7.5,7,8,7.5],"texture":"#0"},"west":{"uv":[7.5,7,8,7.5],"texture":"#0"},"up":{"uv":[7.5,7,8,7.5],"texture":"#0"},"down":{"uv":[7.5,7,8,7.5],"texture":"#0"}}},{"from":[7.2,16,13],"to":[8.8,17,14],"faces":{"north":{"uv":[7.5,6.5,8,7],"texture":"#0"},"east":{"uv":[7.5,6.5,8,7],"texture":"#0"},"south":{"uv":[7.5,6.5,8,7],"texture":"#0"},"west":{"uv":[7.5,6.5,8,7],"texture":"#0"},"up":{"uv":[7.5,6.5,8,7],"texture":"#0"},"down":{"uv":[7.5,6.5,8,7],"texture":"#0"}}},{"from":[7.3,14,14],"to":[8.7,15,15],"faces":{"north":{"uv":[8,7.5,8.5,8],"texture":"#0"},"east":{"uv":[8,7.5,8.5,8],"texture":"#0"},"south":{"uv":[8,7.5,8.5,8],"texture":"#0"},"west":{"uv":[8,7.5,8.5,8],"texture":"#0"},"up":{"uv":[8,7.5,8.5,8],"texture":"#0"},"down":{"uv":[8,7.5,8.5,8],"texture":"#0"}}},{"from":[7.5,15,14],"to":[8.5,16,15],"faces":{"north":{"uv":[8,7,8.5,7.5],"texture":"#0"},"east":{"uv":[8,7,8.5,7.5],"texture":"#0"},"south":{"uv":[8,7,8.5,7.5],"texture":"#0"},"west":{"uv":[8,7,8.5,7.5],"texture":"#0"},"up":{"uv":[8,7,8.5,7.5],"texture":"#0"},"down":{"uv":[8,7,8.5,7.5],"texture":"#0"}}},{"from":[7.3,16,14],"to":[8.7,17,15],"faces":{"north":{"uv":[8,6.5,8.5,7],"texture":"#0"},"east":{"uv":[8,6.5,8.5,7],"texture":"#0"},"south":{"uv":[8,6.5,8.5,7],"texture":"#0"},"west":{"uv":[8,6.5,8.5,7],"texture":"#0"},"up":{"uv":[8,6.5,8.5,7],"texture":"#0"},"down":{"uv":[8,6.5,8.5,7],"texture":"#0"}}},{"from":[7.5,14,15],"to":[8.5,15,16],"faces":{"north":{"uv":[8.5,7.5,9,8],"texture":"#0"},"east":{"uv":[8.5,7.5,9,8],"texture":"#0"},"south":{"uv":[8.5,7.5,9,8],"texture":"#0"},"west":{"uv":[8.5,7.5,9,8],"texture":"#0"},"up":{"uv":[8.5,7.5,9,8],"texture":"#0"},"down":{"uv":[8.5,7.5,9,8],"texture":"#0"}}},{"from":[7.3,15,15],"to":[8.7,16,16],"faces":{"north":{"uv":[8.5,7,9,7.5],"texture":"#0"},"east":{"uv":[8.5,7,9,7.5],"texture":"#0"},"south":{"uv":[8.5,7,9,7.5],"texture":"#0"},"west":{"uv":[8.5,7,9,7.5],"texture":"#0"},"up":{"uv":[8.5,7,9,7.5],"texture":"#0"},"down":{"uv":[8.5,7,9,7.5],"texture":"#0"}}},{"from":[7.5,15,16],"to":[8.5,16,17],"faces":{"north":{"uv":[9,7,9.5,7.5],"texture":"#0"},"east":{"uv":[9,7,9.5,7.5],"texture":"#0"},"south":{"uv":[9,7,9.5,7.5],"texture":"#0"},"west":{"uv":[9,7,9.5,7.5],"texture":"#0"},"up":{"uv":[9,7,9.5,7.5],"texture":"#0"},"down":{"uv":[9,7,9.5,7.5],"texture":"#0"}}},{"from":[7.3,15,17],"to":[8.7,16,18],"faces":{"north":{"uv":[9.5,7,10,7.5],"texture":"#0"},"east":{"uv":[9.5,7,10,7.5],"texture":"#0"},"south":{"uv":[9.5,7,10,7.5],"texture":"#0"},"west":{"uv":[9.5,7,10,7.5],"texture":"#0"},"up":{"uv":[9.5,7,10,7.5],"texture":"#0"},"down":{"uv":[9.5,7,10,7.5],"texture":"#0"}}},{"from":[7.5,15,18],"to":[8.5,16,19],"faces":{"north":{"uv":[10,7,10.5,7.5],"texture":"#0"},"east":{"uv":[10,7,10.5,7.5],"texture":"#0"},"south":{"uv":[10,7,10.5,7.5],"texture":"#0"},"west":{"uv":[10,7,10.5,7.5],"texture":"#0"},"up":{"uv":[10,7,10.5,7.5],"texture":"#0"},"down":{"uv":[10,7,10.5,7.5],"texture":"#0"}}},{"from":[7.5,16,15],"to":[8.5,17,16],"faces":{"north":{"uv":[8.5,6.5,9,7],"texture":"#0"},"east":{"uv":[8.5,6.5,9,7],"texture":"#0"},"south":{"uv":[8.5,6.5,9,7],"texture":"#0"},"west":{"uv":[8.5,6.5,9,7],"texture":"#0"},"up":{"uv":[8.5,6.5,9,7],"texture":"#0"},"down":{"uv":[8.5,6.5,9,7],"texture":"#0"}}},{"from":[7.3,16,16],"to":[8.7,17,17],"faces":{"north":{"uv":[9,6.5,9.5,7],"texture":"#0"},"east":{"uv":[9,6.5,9.5,7],"texture":"#0"},"south":{"uv":[9,6.5,9.5,7],"texture":"#0"},"west":{"uv":[9,6.5,9.5,7],"texture":"#0"},"up":{"uv":[9,6.5,9.5,7],"texture":"#0"},"down":{"uv":[9,6.5,9.5,7],"texture":"#0"}}},{"from":[7.5,16,17],"to":[8.5,17,18],"faces":{"north":{"uv":[9.5,6.5,10,7],"texture":"#0"},"east":{"uv":[9.5,6.5,10,7],"texture":"#0"},"south":{"uv":[9.5,6.5,10,7],"texture":"#0"},"west":{"uv":[9.5,6.5,10,7],"texture":"#0"},"up":{"uv":[9.5,6.5,10,7],"texture":"#0"},"down":{"uv":[9.5,6.5,10,7],"texture":"#0"}}},{"from":[7.3,17,15],"to":[8.7,18,16],"faces":{"north":{"uv":[8.5,6,9,6.5],"texture":"#0"},"east":{"uv":[8.5,6,9,6.5],"texture":"#0"},"south":{"uv":[8.5,6,9,6.5],"texture":"#0"},"west":{"uv":[8.5,6,9,6.5],"texture":"#0"},"up":{"uv":[8.5,6,9,6.5],"texture":"#0"},"down":{"uv":[8.5,6,9,6.5],"texture":"#0"}}},{"from":[7.5,18,15],"to":[8.5,19,16],"faces":{"north":{"uv":[8.5,5.5,9,6],"texture":"#0"},"east":{"uv":[8.5,5.5,9,6],"texture":"#0"},"south":{"uv":[8.5,5.5,9,6],"texture":"#0"},"west":{"uv":[8.5,5.5,9,6],"texture":"#0"},"up":{"uv":[8.5,5.5,9,6],"texture":"#0"},"down":{"uv":[8.5,5.5,9,6],"texture":"#0"}}},{"from":[7.5,18,14],"to":[8.5,19,15],"faces":{"north":{"uv":[8,5.5,8.5,6],"texture":"#0"},"east":{"uv":[8,5.5,8.5,6],"texture":"#0"},"south":{"uv":[8,5.5,8.5,6],"texture":"#0"},"west":{"uv":[8,5.5,8.5,6],"texture":"#0"},"up":{"uv":[8,5.5,8.5,6],"texture":"#0"},"down":{"uv":[8,5.5,8.5,6],"texture":"#0"}}},{"from":[7.5,17,14],"to":[8.5,18,15],"faces":{"north":{"uv":[8,6,8.5,6.5],"texture":"#0"},"east":{"uv":[8,6,8.5,6.5],"texture":"#0"},"south":{"uv":[8,6,8.5,6.5],"texture":"#0"},"west":{"uv":[8,6,8.5,6.5],"texture":"#0"},"up":{"uv":[8,6,8.5,6.5],"texture":"#0"},"down":{"uv":[8,6,8.5,6.5],"texture":"#0"}}},{"from":[7.5,19,15],"to":[8.5,20,16],"faces":{"north":{"uv":[8.5,5,9,5.5],"texture":"#0"},"east":{"uv":[8.5,5,9,5.5],"texture":"#0"},"south":{"uv":[8.5,5,9,5.5],"texture":"#0"},"west":{"uv":[8.5,5,9,5.5],"texture":"#0"},"up":{"uv":[8.5,5,9,5.5],"texture":"#0"},"down":{"uv":[8.5,5,9,5.5],"texture":"#0"}}},{"from":[7.2,19,14],"to":[8.8,20,15],"faces":{"north":{"uv":[8,5,8.5,5.5],"texture":"#0"},"east":{"uv":[8,5,8.5,5.5],"texture":"#0"},"south":{"uv":[8,5,8.5,5.5],"texture":"#0"},"west":{"uv":[8,5,8.5,5.5],"texture":"#0"},"up":{"uv":[8,5,8.5,5.5],"texture":"#0"},"down":{"uv":[8,5,8.5,5.5],"texture":"#0"}}},{"from":[7.5,20,15],"to":[8.5,21,16],"faces":{"north":{"uv":[8.5,4.5,9,5],"texture":"#0"},"east":{"uv":[8.5,4.5,9,5],"texture":"#0"},"south":{"uv":[8.5,4.5,9,5],"texture":"#0"},"west":{"uv":[8.5,4.5,9,5],"texture":"#0"},"up":{"uv":[8.5,4.5,9,5],"texture":"#0"},"down":{"uv":[8.5,4.5,9,5],"texture":"#0"}}},{"from":[7.5,20,14],"to":[8.5,21,15],"faces":{"north":{"uv":[8,4.5,8.5,5],"texture":"#0"},"east":{"uv":[8,4.5,8.5,5],"texture":"#0"},"south":{"uv":[8,4.5,8.5,5],"texture":"#0"},"west":{"uv":[8,4.5,8.5,5],"texture":"#0"},"up":{"uv":[8,4.5,8.5,5],"texture":"#0"},"down":{"uv":[8,4.5,8.5,5],"texture":"#0"}}},{"from":[7.2,20,13],"to":[8.8,21,14],"faces":{"north":{"uv":[7.5,4.5,8,5],"texture":"#0"},"east":{"uv":[7.5,4.5,8,5],"texture":"#0"},"south":{"uv":[7.5,4.5,8,5],"texture":"#0"},"west":{"uv":[7.5,4.5,8,5],"texture":"#0"},"up":{"uv":[7.5,4.5,8,5],"texture":"#0"},"down":{"uv":[7.5,4.5,8,5],"texture":"#0"}}},{"from":[7.2,20,12],"to":[8.8,21,13],"faces":{"north":{"uv":[7,4.5,7.5,5],"texture":"#0"},"east":{"uv":[7,4.5,7.5,5],"texture":"#0"},"south":{"uv":[7,4.5,7.5,5],"texture":"#0"},"west":{"uv":[7,4.5,7.5,5],"texture":"#0"},"up":{"uv":[7,4.5,7.5,5],"texture":"#0"},"down":{"uv":[7,4.5,7.5,5],"texture":"#0"}}},{"from":[7.3,20,11],"to":[8.7,21,12],"faces":{"north":{"uv":[6.5,4.5,7,5],"texture":"#0"},"east":{"uv":[6.5,4.5,7,5],"texture":"#0"},"south":{"uv":[6.5,4.5,7,5],"texture":"#0"},"west":{"uv":[6.5,4.5,7,5],"texture":"#0"},"up":{"uv":[6.5,4.5,7,5],"texture":"#0"},"down":{"uv":[6.5,4.5,7,5],"texture":"#0"}}},{"from":[7.2,19,11],"to":[8.8,20,12],"faces":{"north":{"uv":[6.5,5,7,5.5],"texture":"#0"},"east":{"uv":[6.5,5,7,5.5],"texture":"#0"},"south":{"uv":[6.5,5,7,5.5],"texture":"#0"},"west":{"uv":[6.5,5,7,5.5],"texture":"#0"},"up":{"uv":[6.5,5,7,5.5],"texture":"#0"},"down":{"uv":[6.5,5,7,5.5],"texture":"#0"}}},{"from":[7.3,19,10],"to":[8.7,20,11],"faces":{"north":{"uv":[6,5,6.5,5.5],"texture":"#0"},"east":{"uv":[6,5,6.5,5.5],"texture":"#0"},"south":{"uv":[6,5,6.5,5.5],"texture":"#0"},"west":{"uv":[6,5,6.5,5.5],"texture":"#0"},"up":{"uv":[6,5,6.5,5.5],"texture":"#0"},"down":{"uv":[6,5,6.5,5.5],"texture":"#0"}}},{"from":[7.2,18,10],"to":[8.8,19,11],"faces":{"north":{"uv":[6,5.5,6.5,6],"texture":"#0"},"east":{"uv":[6,5.5,6.5,6],"texture":"#0"},"south":{"uv":[6,5.5,6.5,6],"texture":"#0"},"west":{"uv":[6,5.5,6.5,6],"texture":"#0"},"up":{"uv":[6,5.5,6.5,6],"texture":"#0"},"down":{"uv":[6,5.5,6.5,6],"texture":"#0"}}},{"from":[7.3,18,9],"to":[8.7,19,10],"faces":{"north":{"uv":[5.5,5.5,6,6],"texture":"#0"},"east":{"uv":[5.5,5.5,6,6],"texture":"#0"},"south":{"uv":[5.5,5.5,6,6],"texture":"#0"},"west":{"uv":[5.5,5.5,6,6],"texture":"#0"},"up":{"uv":[5.5,5.5,6,6],"texture":"#0"},"down":{"uv":[5.5,5.5,6,6],"texture":"#0"}}},{"from":[7.2,18,8],"to":[8.8,19,9],"faces":{"north":{"uv":[5,5.5,5.5,6],"texture":"#0"},"east":{"uv":[5,5.5,5.5,6],"texture":"#0"},"south":{"uv":[5,5.5,5.5,6],"texture":"#0"},"west":{"uv":[5,5.5,5.5,6],"texture":"#0"},"up":{"uv":[5,5.5,5.5,6],"texture":"#0"},"down":{"uv":[5,5.5,5.5,6],"texture":"#0"}}},{"from":[7.2,19,8],"to":[8.8,20,9],"faces":{"north":{"uv":[5,5,5.5,5.5],"texture":"#0"},"east":{"uv":[5,5,5.5,5.5],"texture":"#0"},"south":{"uv":[5,5,5.5,5.5],"texture":"#0"},"west":{"uv":[5,5,5.5,5.5],"texture":"#0"},"up":{"uv":[5,5,5.5,5.5],"texture":"#0"},"down":{"uv":[5,5,5.5,5.5],"texture":"#0"}}},{"from":[7.2,20,8],"to":[8.8,21,9],"faces":{"north":{"uv":[5,4.5,5.5,5],"texture":"#0"},"east":{"uv":[5,4.5,5.5,5],"texture":"#0"},"south":{"uv":[5,4.5,5.5,5],"texture":"#0"},"west":{"uv":[5,4.5,5.5,5],"texture":"#0"},"up":{"uv":[5,4.5,5.5,5],"texture":"#0"},"down":{"uv":[5,4.5,5.5,5],"texture":"#0"}}},{"from":[7.3,21,8],"to":[8.7,22,9],"faces":{"north":{"uv":[5,4,5.5,4.5],"texture":"#0"},"east":{"uv":[5,4,5.5,4.5],"texture":"#0"},"south":{"uv":[5,4,5.5,4.5],"texture":"#0"},"west":{"uv":[5,4,5.5,4.5],"texture":"#0"},"up":{"uv":[5,4,5.5,4.5],"texture":"#0"},"down":{"uv":[5,4,5.5,4.5],"texture":"#0"}}},{"from":[7.2,22,8],"to":[8.8,23,9],"faces":{"north":{"uv":[5,3.5,5.5,4],"texture":"#0"},"east":{"uv":[5,3.5,5.5,4],"texture":"#0"},"south":{"uv":[5,3.5,5.5,4],"texture":"#0"},"west":{"uv":[5,3.5,5.5,4],"texture":"#0"},"up":{"uv":[5,3.5,5.5,4],"texture":"#0"},"down":{"uv":[5,3.5,5.5,4],"texture":"#0"}}},{"from":[7.5,23,8],"to":[8.5,24,9],"faces":{"north":{"uv":[5,3,5.5,3.5],"texture":"#0"},"east":{"uv":[5,3,5.5,3.5],"texture":"#0"},"south":{"uv":[5,3,5.5,3.5],"texture":"#0"},"west":{"uv":[5,3,5.5,3.5],"texture":"#0"},"up":{"uv":[5,3,5.5,3.5],"texture":"#0"},"down":{"uv":[5,3,5.5,3.5],"texture":"#0"}}},{"from":[7.2,18,7],"to":[8.8,19,8],"faces":{"north":{"uv":[4.5,5.5,5,6],"texture":"#0"},"east":{"uv":[4.5,5.5,5,6],"texture":"#0"},"south":{"uv":[4.5,5.5,5,6],"texture":"#0"},"west":{"uv":[4.5,5.5,5,6],"texture":"#0"},"up":{"uv":[4.5,5.5,5,6],"texture":"#0"},"down":{"uv":[4.5,5.5,5,6],"texture":"#0"}}},{"from":[7.2,18,6],"to":[8.8,19,7],"faces":{"north":{"uv":[4,5.5,4.5,6],"texture":"#0"},"east":{"uv":[4,5.5,4.5,6],"texture":"#0"},"south":{"uv":[4,5.5,4.5,6],"texture":"#0"},"west":{"uv":[4,5.5,4.5,6],"texture":"#0"},"up":{"uv":[4,5.5,4.5,6],"texture":"#0"},"down":{"uv":[4,5.5,4.5,6],"texture":"#0"}}},{"from":[7.2,18,5],"to":[8.8,19,6],"faces":{"north":{"uv":[3.5,5.5,4,6],"texture":"#0"},"east":{"uv":[3.5,5.5,4,6],"texture":"#0"},"south":{"uv":[3.5,5.5,4,6],"texture":"#0"},"west":{"uv":[3.5,5.5,4,6],"texture":"#0"},"up":{"uv":[3.5,5.5,4,6],"texture":"#0"},"down":{"uv":[3.5,5.5,4,6],"texture":"#0"}}},{"from":[7.2,19,7],"to":[8.8,20,8],"faces":{"north":{"uv":[4.5,5,5,5.5],"texture":"#0"},"east":{"uv":[4.5,5,5,5.5],"texture":"#0"},"south":{"uv":[4.5,5,5,5.5],"texture":"#0"},"west":{"uv":[4.5,5,5,5.5],"texture":"#0"},"up":{"uv":[4.5,5,5,5.5],"texture":"#0"},"down":{"uv":[4.5,5,5,5.5],"texture":"#0"}}},{"from":[7.2,19,6],"to":[8.8,20,7],"faces":{"north":{"uv":[4,5,4.5,5.5],"texture":"#0"},"east":{"uv":[4,5,4.5,5.5],"texture":"#0"},"south":{"uv":[4,5,4.5,5.5],"texture":"#0"},"west":{"uv":[4,5,4.5,5.5],"texture":"#0"},"up":{"uv":[4,5,4.5,5.5],"texture":"#0"},"down":{"uv":[4,5,4.5,5.5],"texture":"#0"}}},{"from":[7.5,19,5],"to":[8.5,20,6],"faces":{"north":{"uv":[3.5,5,4,5.5],"texture":"#0"},"east":{"uv":[3.5,5,4,5.5],"texture":"#0"},"south":{"uv":[3.5,5,4,5.5],"texture":"#0"},"west":{"uv":[3.5,5,4,5.5],"texture":"#0"},"up":{"uv":[3.5,5,4,5.5],"texture":"#0"},"down":{"uv":[3.5,5,4,5.5],"texture":"#0"}}},{"from":[7.3,20,7],"to":[8.7,21,8],"faces":{"north":{"uv":[4.5,4.5,5,5],"texture":"#0"},"east":{"uv":[4.5,4.5,5,5],"texture":"#0"},"south":{"uv":[4.5,4.5,5,5],"texture":"#0"},"west":{"uv":[4.5,4.5,5,5],"texture":"#0"},"up":{"uv":[4.5,4.5,5,5],"texture":"#0"},"down":{"uv":[4.5,4.5,5,5],"texture":"#0"}}},{"from":[7.2,20,6],"to":[8.8,21,7],"faces":{"north":{"uv":[4,4.5,4.5,5],"texture":"#0"},"east":{"uv":[4,4.5,4.5,5],"texture":"#0"},"south":{"uv":[4,4.5,4.5,5],"texture":"#0"},"west":{"uv":[4,4.5,4.5,5],"texture":"#0"},"up":{"uv":[4,4.5,4.5,5],"texture":"#0"},"down":{"uv":[4,4.5,4.5,5],"texture":"#0"}}},{"from":[7.5,20,5],"to":[8.5,21,6],"faces":{"north":{"uv":[3.5,4.5,4,5],"texture":"#0"},"east":{"uv":[3.5,4.5,4,5],"texture":"#0"},"south":{"uv":[3.5,4.5,4,5],"texture":"#0"},"west":{"uv":[3.5,4.5,4,5],"texture":"#0"},"up":{"uv":[3.5,4.5,4,5],"texture":"#0"},"down":{"uv":[3.5,4.5,4,5],"texture":"#0"}}},{"from":[7.2,21,7],"to":[8.8,22,8],"faces":{"north":{"uv":[4.5,4,5,4.5],"texture":"#0"},"east":{"uv":[4.5,4,5,4.5],"texture":"#0"},"south":{"uv":[4.5,4,5,4.5],"texture":"#0"},"west":{"uv":[4.5,4,5,4.5],"texture":"#0"},"up":{"uv":[4.5,4,5,4.5],"texture":"#0"},"down":{"uv":[4.5,4,5,4.5],"texture":"#0"}}},{"from":[7.5,21,6],"to":[8.5,22,7],"faces":{"north":{"uv":[4,4,4.5,4.5],"texture":"#0"},"east":{"uv":[4,4,4.5,4.5],"texture":"#0"},"south":{"uv":[4,4,4.5,4.5],"texture":"#0"},"west":{"uv":[4,4,4.5,4.5],"texture":"#0"},"up":{"uv":[4,4,4.5,4.5],"texture":"#0"},"down":{"uv":[4,4,4.5,4.5],"texture":"#0"}}},{"from":[7.5,22,7],"to":[8.5,23,8],"faces":{"north":{"uv":[4.5,3.5,5,4],"texture":"#0"},"east":{"uv":[4.5,3.5,5,4],"texture":"#0"},"south":{"uv":[4.5,3.5,5,4],"texture":"#0"},"west":{"uv":[4.5,3.5,5,4],"texture":"#0"},"up":{"uv":[4.5,3.5,5,4],"texture":"#0"},"down":{"uv":[4.5,3.5,5,4],"texture":"#0"}}},{"from":[7.3,17,10],"to":[8.7,18,11],"faces":{"north":{"uv":[6,6,6.5,6.5],"texture":"#0"},"east":{"uv":[6,6,6.5,6.5],"texture":"#0"},"south":{"uv":[6,6,6.5,6.5],"texture":"#0"},"west":{"uv":[6,6,6.5,6.5],"texture":"#0"},"up":{"uv":[6,6,6.5,6.5],"texture":"#0"},"down":{"uv":[6,6,6.5,6.5],"texture":"#0"}}},{"from":[7.2,17,9],"to":[8.8,18,10],"faces":{"north":{"uv":[5.5,6,6,6.5],"texture":"#0"},"east":{"uv":[5.5,6,6,6.5],"texture":"#0"},"south":{"uv":[5.5,6,6,6.5],"texture":"#0"},"west":{"uv":[5.5,6,6,6.5],"texture":"#0"},"up":{"uv":[5.5,6,6,6.5],"texture":"#0"},"down":{"uv":[5.5,6,6,6.5],"texture":"#0"}}},{"from":[7.3,17,8],"to":[8.7,18,9],"faces":{"north":{"uv":[5,6,5.5,6.5],"texture":"#0"},"east":{"uv":[5,6,5.5,6.5],"texture":"#0"},"south":{"uv":[5,6,5.5,6.5],"texture":"#0"},"west":{"uv":[5,6,5.5,6.5],"texture":"#0"},"up":{"uv":[5,6,5.5,6.5],"texture":"#0"},"down":{"uv":[5,6,5.5,6.5],"texture":"#0"}}},{"from":[7.5,17,7],"to":[8.5,18,8],"faces":{"north":{"uv":[4.5,6,5,6.5],"texture":"#0"},"east":{"uv":[4.5,6,5,6.5],"texture":"#0"},"south":{"uv":[4.5,6,5,6.5],"texture":"#0"},"west":{"uv":[4.5,6,5,6.5],"texture":"#0"},"up":{"uv":[4.5,6,5,6.5],"texture":"#0"},"down":{"uv":[4.5,6,5,6.5],"texture":"#0"}}},{"from":[7.3,17,6],"to":[8.7,18,7],"faces":{"north":{"uv":[4,6,4.5,6.5],"texture":"#0"},"east":{"uv":[4,6,4.5,6.5],"texture":"#0"},"south":{"uv":[4,6,4.5,6.5],"texture":"#0"},"west":{"uv":[4,6,4.5,6.5],"texture":"#0"},"up":{"uv":[4,6,4.5,6.5],"texture":"#0"},"down":{"uv":[4,6,4.5,6.5],"texture":"#0"}}},{"from":[7.5,16,6],"to":[8.5,17,7],"faces":{"north":{"uv":[4,6.5,4.5,7],"texture":"#0"},"east":{"uv":[4,6.5,4.5,7],"texture":"#0"},"south":{"uv":[4,6.5,4.5,7],"texture":"#0"},"west":{"uv":[4,6.5,4.5,7],"texture":"#0"},"up":{"uv":[4,6.5,4.5,7],"texture":"#0"},"down":{"uv":[4,6.5,4.5,7],"texture":"#0"}}},{"from":[7.3,16,5],"to":[8.7,17,6],"faces":{"north":{"uv":[3.5,6.5,4,7],"texture":"#0"},"east":{"uv":[3.5,6.5,4,7],"texture":"#0"},"south":{"uv":[3.5,6.5,4,7],"texture":"#0"},"west":{"uv":[3.5,6.5,4,7],"texture":"#0"},"up":{"uv":[3.5,6.5,4,7],"texture":"#0"},"down":{"uv":[3.5,6.5,4,7],"texture":"#0"}}},{"from":[7.5,15,5],"to":[8.5,16,6],"faces":{"north":{"uv":[3.5,7,4,7.5],"texture":"#0"},"east":{"uv":[3.5,7,4,7.5],"texture":"#0"},"south":{"uv":[3.5,7,4,7.5],"texture":"#0"},"west":{"uv":[3.5,7,4,7.5],"texture":"#0"},"up":{"uv":[3.5,7,4,7.5],"texture":"#0"},"down":{"uv":[3.5,7,4,7.5],"texture":"#0"}}},{"from":[7.5,14,4],"to":[8.5,15,5],"faces":{"north":{"uv":[3,7.5,3.5,8],"texture":"#0"},"east":{"uv":[3,7.5,3.5,8],"texture":"#0"},"south":{"uv":[3,7.5,3.5,8],"texture":"#0"},"west":{"uv":[3,7.5,3.5,8],"texture":"#0"},"up":{"uv":[3,7.5,3.5,8],"texture":"#0"},"down":{"uv":[3,7.5,3.5,8],"texture":"#0"}}},{"from":[7.3,15,4],"to":[8.7,16,5],"faces":{"north":{"uv":[3,7,3.5,7.5],"texture":"#0"},"east":{"uv":[3,7,3.5,7.5],"texture":"#0"},"south":{"uv":[3,7,3.5,7.5],"texture":"#0"},"west":{"uv":[3,7,3.5,7.5],"texture":"#0"},"up":{"uv":[3,7,3.5,7.5],"texture":"#0"},"down":{"uv":[3,7,3.5,7.5],"texture":"#0"}}},{"from":[7.2,16,4],"to":[8.8,17,5],"faces":{"north":{"uv":[3,6.5,3.5,7],"texture":"#0"},"east":{"uv":[3,6.5,3.5,7],"texture":"#0"},"south":{"uv":[3,6.5,3.5,7],"texture":"#0"},"west":{"uv":[3,6.5,3.5,7],"texture":"#0"},"up":{"uv":[3,6.5,3.5,7],"texture":"#0"},"down":{"uv":[3,6.5,3.5,7],"texture":"#0"}}},{"from":[7.2,17,4],"to":[8.8,18,5],"faces":{"north":{"uv":[3,6,3.5,6.5],"texture":"#0"},"east":{"uv":[3,6,3.5,6.5],"texture":"#0"},"south":{"uv":[3,6,3.5,6.5],"texture":"#0"},"west":{"uv":[3,6,3.5,6.5],"texture":"#0"},"up":{"uv":[3,6,3.5,6.5],"texture":"#0"},"down":{"uv":[3,6,3.5,6.5],"texture":"#0"}}},{"from":[7.5,18,4],"to":[8.5,19,5],"faces":{"north":{"uv":[3,5.5,3.5,6],"texture":"#0"},"east":{"uv":[3,5.5,3.5,6],"texture":"#0"},"south":{"uv":[3,5.5,3.5,6],"texture":"#0"},"west":{"uv":[3,5.5,3.5,6],"texture":"#0"},"up":{"uv":[3,5.5,3.5,6],"texture":"#0"},"down":{"uv":[3,5.5,3.5,6],"texture":"#0"}}},{"from":[7.5,13,3],"to":[8.5,14,4],"faces":{"north":{"uv":[2.5,8,3,8.5],"texture":"#0"},"east":{"uv":[2.5,8,3,8.5],"texture":"#0"},"south":{"uv":[2.5,8,3,8.5],"texture":"#0"},"west":{"uv":[2.5,8,3,8.5],"texture":"#0"},"up":{"uv":[2.5,8,3,8.5],"texture":"#0"},"down":{"uv":[2.5,8,3,8.5],"texture":"#0"}}},{"from":[7.3,14,3],"to":[8.7,15,4],"faces":{"north":{"uv":[2.5,7.5,3,8],"texture":"#0"},"east":{"uv":[2.5,7.5,3,8],"texture":"#0"},"south":{"uv":[2.5,7.5,3,8],"texture":"#0"},"west":{"uv":[2.5,7.5,3,8],"texture":"#0"},"up":{"uv":[2.5,7.5,3,8],"texture":"#0"},"down":{"uv":[2.5,7.5,3,8],"texture":"#0"}}},{"from":[7.2,15,3],"to":[8.8,16,4],"faces":{"north":{"uv":[2.5,7,3,7.5],"texture":"#0"},"east":{"uv":[2.5,7,3,7.5],"texture":"#0"},"south":{"uv":[2.5,7,3,7.5],"texture":"#0"},"west":{"uv":[2.5,7,3,7.5],"texture":"#0"},"up":{"uv":[2.5,7,3,7.5],"texture":"#0"},"down":{"uv":[2.5,7,3,7.5],"texture":"#0"}}},{"from":[7.5,16,3],"to":[8.5,17,4],"faces":{"north":{"uv":[2.5,6.5,3,7],"texture":"#0"},"east":{"uv":[2.5,6.5,3,7],"texture":"#0"},"south":{"uv":[2.5,6.5,3,7],"texture":"#0"},"west":{"uv":[2.5,6.5,3,7],"texture":"#0"},"up":{"uv":[2.5,6.5,3,7],"texture":"#0"},"down":{"uv":[2.5,6.5,3,7],"texture":"#0"}}},{"from":[7.5,17,3],"to":[8.5,18,4],"faces":{"north":{"uv":[2.5,6,3,6.5],"texture":"#0"},"east":{"uv":[2.5,6,3,6.5],"texture":"#0"},"south":{"uv":[2.5,6,3,6.5],"texture":"#0"},"west":{"uv":[2.5,6,3,6.5],"texture":"#0"},"up":{"uv":[2.5,6,3,6.5],"texture":"#0"},"down":{"uv":[2.5,6,3,6.5],"texture":"#0"}}},{"from":[7.5,12,2],"to":[8.5,13,3],"faces":{"north":{"uv":[2,8.5,2.5,9],"texture":"#0"},"east":{"uv":[2,8.5,2.5,9],"texture":"#0"},"south":{"uv":[2,8.5,2.5,9],"texture":"#0"},"west":{"uv":[2,8.5,2.5,9],"texture":"#0"},"up":{"uv":[2,8.5,2.5,9],"texture":"#0"},"down":{"uv":[2,8.5,2.5,9],"texture":"#0"}}},{"from":[7.5,13,2],"to":[8.5,14,3],"faces":{"north":{"uv":[2,8,2.5,8.5],"texture":"#0"},"east":{"uv":[2,8,2.5,8.5],"texture":"#0"},"south":{"uv":[2,8,2.5,8.5],"texture":"#0"},"west":{"uv":[2,8,2.5,8.5],"texture":"#0"},"up":{"uv":[2,8,2.5,8.5],"texture":"#0"},"down":{"uv":[2,8,2.5,8.5],"texture":"#0"}}},{"from":[7.5,14,2],"to":[8.5,15,3],"faces":{"north":{"uv":[2,7.5,2.5,8],"texture":"#0"},"east":{"uv":[2,7.5,2.5,8],"texture":"#0"},"south":{"uv":[2,7.5,2.5,8],"texture":"#0"},"west":{"uv":[2,7.5,2.5,8],"texture":"#0"},"up":{"uv":[2,7.5,2.5,8],"texture":"#0"},"down":{"uv":[2,7.5,2.5,8],"texture":"#0"}}},{"from":[7.5,15,2],"to":[8.5,16,3],"faces":{"north":{"uv":[2,7,2.5,7.5],"texture":"#0"},"east":{"uv":[2,7,2.5,7.5],"texture":"#0"},"south":{"uv":[2,7,2.5,7.5],"texture":"#0"},"west":{"uv":[2,7,2.5,7.5],"texture":"#0"},"up":{"uv":[2,7,2.5,7.5],"texture":"#0"},"down":{"uv":[2,7,2.5,7.5],"texture":"#0"}}},{"from":[7.2,17,5],"to":[8.8,18,6],"faces":{"north":{"uv":[3.5,6,4,6.5],"texture":"#0"},"east":{"uv":[3.5,6,4,6.5],"texture":"#0"},"south":{"uv":[3.5,6,4,6.5],"texture":"#0"},"west":{"uv":[3.5,6,4,6.5],"texture":"#0"},"up":{"uv":[3.5,6,4,6.5],"texture":"#0"},"down":{"uv":[3.5,6,4,6.5],"texture":"#0"}}},{"from":[7.2,17,11],"to":[8.8,18,12],"faces":{"north":{"uv":[6.5,6,7,6.5],"texture":"#0"},"east":{"uv":[6.5,6,7,6.5],"texture":"#0"},"south":{"uv":[6.5,6,7,6.5],"texture":"#0"},"west":{"uv":[6.5,6,7,6.5],"texture":"#0"},"up":{"uv":[6.5,6,7,6.5],"texture":"#0"},"down":{"uv":[6.5,6,7,6.5],"texture":"#0"}}},{"from":[7.2,17,12],"to":[8.8,18,13],"faces":{"north":{"uv":[7,6,7.5,6.5],"texture":"#0"},"east":{"uv":[7,6,7.5,6.5],"texture":"#0"},"south":{"uv":[7,6,7.5,6.5],"texture":"#0"},"west":{"uv":[7,6,7.5,6.5],"texture":"#0"},"up":{"uv":[7,6,7.5,6.5],"texture":"#0"},"down":{"uv":[7,6,7.5,6.5],"texture":"#0"}}},{"from":[7.2,16,10],"to":[8.8,17,11],"faces":{"north":{"uv":[6,6.5,6.5,7],"texture":"#0"},"east":{"uv":[6,6.5,6.5,7],"texture":"#0"},"south":{"uv":[6,6.5,6.5,7],"texture":"#0"},"west":{"uv":[6,6.5,6.5,7],"texture":"#0"},"up":{"uv":[6,6.5,6.5,7],"texture":"#0"},"down":{"uv":[6,6.5,6.5,7],"texture":"#0"}}},{"from":[7.5,16,9],"to":[8.5,17,10],"faces":{"north":{"uv":[5.5,6.5,6,7],"texture":"#0"},"east":{"uv":[5.5,6.5,6,7],"texture":"#0"},"south":{"uv":[5.5,6.5,6,7],"texture":"#0"},"west":{"uv":[5.5,6.5,6,7],"texture":"#0"},"up":{"uv":[5.5,6.5,6,7],"texture":"#0"},"down":{"uv":[5.5,6.5,6,7],"texture":"#0"}}},{"from":[7.5,16,8],"to":[8.5,17,9],"faces":{"north":{"uv":[5,6.5,5.5,7],"texture":"#0"},"east":{"uv":[5,6.5,5.5,7],"texture":"#0"},"south":{"uv":[5,6.5,5.5,7],"texture":"#0"},"west":{"uv":[5,6.5,5.5,7],"texture":"#0"},"up":{"uv":[5,6.5,5.5,7],"texture":"#0"},"down":{"uv":[5,6.5,5.5,7],"texture":"#0"}}},{"from":[7.5,15,10],"to":[8.5,16,11],"faces":{"north":{"uv":[6,7,6.5,7.5],"texture":"#0"},"east":{"uv":[6,7,6.5,7.5],"texture":"#0"},"south":{"uv":[6,7,6.5,7.5],"texture":"#0"},"west":{"uv":[6,7,6.5,7.5],"texture":"#0"},"up":{"uv":[6,7,6.5,7.5],"texture":"#0"},"down":{"uv":[6,7,6.5,7.5],"texture":"#0"}}},{"from":[7.3,16,11],"to":[8.7,17,12],"faces":{"north":{"uv":[6.5,6.5,7,7],"texture":"#0"},"east":{"uv":[6.5,6.5,7,7],"texture":"#0"},"south":{"uv":[6.5,6.5,7,7],"texture":"#0"},"west":{"uv":[6.5,6.5,7,7],"texture":"#0"},"up":{"uv":[6.5,6.5,7,7],"texture":"#0"},"down":{"uv":[6.5,6.5,7,7],"texture":"#0"}}},{"from":[7.2,15,11],"to":[8.8,16,12],"faces":{"north":{"uv":[6.5,7,7,7.5],"texture":"#0"},"east":{"uv":[6.5,7,7,7.5],"texture":"#0"},"south":{"uv":[6.5,7,7,7.5],"texture":"#0"},"west":{"uv":[6.5,7,7,7.5],"texture":"#0"},"up":{"uv":[6.5,7,7,7.5],"texture":"#0"},"down":{"uv":[6.5,7,7,7.5],"texture":"#0"}}},{"from":[7.5,14,11],"to":[8.5,15,12],"faces":{"north":{"uv":[6.5,7.5,7,8],"texture":"#0"},"east":{"uv":[6.5,7.5,7,8],"texture":"#0"},"south":{"uv":[6.5,7.5,7,8],"texture":"#0"},"west":{"uv":[6.5,7.5,7,8],"texture":"#0"},"up":{"uv":[6.5,7.5,7,8],"texture":"#0"},"down":{"uv":[6.5,7.5,7,8],"texture":"#0"}}},{"from":[7.2,16,12],"to":[8.8,17,13],"faces":{"north":{"uv":[7,6.5,7.5,7],"texture":"#0"},"east":{"uv":[7,6.5,7.5,7],"texture":"#0"},"south":{"uv":[7,6.5,7.5,7],"texture":"#0"},"west":{"uv":[7,6.5,7.5,7],"texture":"#0"},"up":{"uv":[7,6.5,7.5,7],"texture":"#0"},"down":{"uv":[7,6.5,7.5,7],"texture":"#0"}}},{"from":[7.3,15,12],"to":[8.7,16,13],"faces":{"north":{"uv":[7,7,7.5,7.5],"texture":"#0"},"east":{"uv":[7,7,7.5,7.5],"texture":"#0"},"south":{"uv":[7,7,7.5,7.5],"texture":"#0"},"west":{"uv":[7,7,7.5,7.5],"texture":"#0"},"up":{"uv":[7,7,7.5,7.5],"texture":"#0"},"down":{"uv":[7,7,7.5,7.5],"texture":"#0"}}},{"from":[7.2,19,9],"to":[8.8,20,10],"faces":{"north":{"uv":[5.5,5,6,5.5],"texture":"#0"},"east":{"uv":[5.5,5,6,5.5],"texture":"#0"},"south":{"uv":[5.5,5,6,5.5],"texture":"#0"},"west":{"uv":[5.5,5,6,5.5],"texture":"#0"},"up":{"uv":[5.5,5,6,5.5],"texture":"#0"},"down":{"uv":[5.5,5,6,5.5],"texture":"#0"}}},{"from":[7.2,20,10],"to":[8.8,21,11],"faces":{"north":{"uv":[6,4.5,6.5,5],"texture":"#0"},"east":{"uv":[6,4.5,6.5,5],"texture":"#0"},"south":{"uv":[6,4.5,6.5,5],"texture":"#0"},"west":{"uv":[6,4.5,6.5,5],"texture":"#0"},"up":{"uv":[6,4.5,6.5,5],"texture":"#0"},"down":{"uv":[6,4.5,6.5,5],"texture":"#0"}}},{"from":[7.3,20,9],"to":[8.7,21,10],"faces":{"north":{"uv":[5.5,4.5,6,5],"texture":"#0"},"east":{"uv":[5.5,4.5,6,5],"texture":"#0"},"south":{"uv":[5.5,4.5,6,5],"texture":"#0"},"west":{"uv":[5.5,4.5,6,5],"texture":"#0"},"up":{"uv":[5.5,4.5,6,5],"texture":"#0"},"down":{"uv":[5.5,4.5,6,5],"texture":"#0"}}},{"from":[7.5,21,14],"to":[8.5,22,15],"faces":{"north":{"uv":[8,4,8.5,4.5],"texture":"#0"},"east":{"uv":[8,4,8.5,4.5],"texture":"#0"},"south":{"uv":[8,4,8.5,4.5],"texture":"#0"},"west":{"uv":[8,4,8.5,4.5],"texture":"#0"},"up":{"uv":[8,4,8.5,4.5],"texture":"#0"},"down":{"uv":[8,4,8.5,4.5],"texture":"#0"}}},{"from":[7.2,21,13],"to":[8.8,22,14],"faces":{"north":{"uv":[7.5,4,8,4.5],"texture":"#0"},"east":{"uv":[7.5,4,8,4.5],"texture":"#0"},"south":{"uv":[7.5,4,8,4.5],"texture":"#0"},"west":{"uv":[7.5,4,8,4.5],"texture":"#0"},"up":{"uv":[7.5,4,8,4.5],"texture":"#0"},"down":{"uv":[7.5,4,8,4.5],"texture":"#0"}}},{"from":[7.3,21,12],"to":[8.7,22,13],"faces":{"north":{"uv":[7,4,7.5,4.5],"texture":"#0"},"east":{"uv":[7,4,7.5,4.5],"texture":"#0"},"south":{"uv":[7,4,7.5,4.5],"texture":"#0"},"west":{"uv":[7,4,7.5,4.5],"texture":"#0"},"up":{"uv":[7,4,7.5,4.5],"texture":"#0"},"down":{"uv":[7,4,7.5,4.5],"texture":"#0"}}},{"from":[7.2,21,11],"to":[8.8,22,12],"faces":{"north":{"uv":[6.5,4,7,4.5],"texture":"#0"},"east":{"uv":[6.5,4,7,4.5],"texture":"#0"},"south":{"uv":[6.5,4,7,4.5],"texture":"#0"},"west":{"uv":[6.5,4,7,4.5],"texture":"#0"},"up":{"uv":[6.5,4,7,4.5],"texture":"#0"},"down":{"uv":[6.5,4,7,4.5],"texture":"#0"}}},{"from":[7.3,21,10],"to":[8.7,22,11],"faces":{"north":{"uv":[6,4,6.5,4.5],"texture":"#0"},"east":{"uv":[6,4,6.5,4.5],"texture":"#0"},"south":{"uv":[6,4,6.5,4.5],"texture":"#0"},"west":{"uv":[6,4,6.5,4.5],"texture":"#0"},"up":{"uv":[6,4,6.5,4.5],"texture":"#0"},"down":{"uv":[6,4,6.5,4.5],"texture":"#0"}}},{"from":[7.2,21,9],"to":[8.8,22,10],"faces":{"north":{"uv":[5.5,4,6,4.5],"texture":"#0"},"east":{"uv":[5.5,4,6,4.5],"texture":"#0"},"south":{"uv":[5.5,4,6,4.5],"texture":"#0"},"west":{"uv":[5.5,4,6,4.5],"texture":"#0"},"up":{"uv":[5.5,4,6,4.5],"texture":"#0"},"down":{"uv":[5.5,4,6,4.5],"texture":"#0"}}},{"from":[7.2,22,14],"to":[8.8,23,15],"faces":{"north":{"uv":[8,3.5,8.5,4],"texture":"#0"},"east":{"uv":[8,3.5,8.5,4],"texture":"#0"},"south":{"uv":[8,3.5,8.5,4],"texture":"#0"},"west":{"uv":[8,3.5,8.5,4],"texture":"#0"},"up":{"uv":[8,3.5,8.5,4],"texture":"#0"},"down":{"uv":[8,3.5,8.5,4],"texture":"#0"}}},{"from":[7.3,22,13],"to":[8.7,23,14],"faces":{"north":{"uv":[7.5,3.5,8,4],"texture":"#0"},"east":{"uv":[7.5,3.5,8,4],"texture":"#0"},"south":{"uv":[7.5,3.5,8,4],"texture":"#0"},"west":{"uv":[7.5,3.5,8,4],"texture":"#0"},"up":{"uv":[7.5,3.5,8,4],"texture":"#0"},"down":{"uv":[7.5,3.5,8,4],"texture":"#0"}}},{"from":[7.2,22,12],"to":[8.8,23,13],"faces":{"north":{"uv":[7,3.5,7.5,4],"texture":"#0"},"east":{"uv":[7,3.5,7.5,4],"texture":"#0"},"south":{"uv":[7,3.5,7.5,4],"texture":"#0"},"west":{"uv":[7,3.5,7.5,4],"texture":"#0"},"up":{"uv":[7,3.5,7.5,4],"texture":"#0"},"down":{"uv":[7,3.5,7.5,4],"texture":"#0"}}},{"from":[7.5,22,11],"to":[8.5,23,12],"faces":{"north":{"uv":[6.5,3.5,7,4],"texture":"#0"},"east":{"uv":[6.5,3.5,7,4],"texture":"#0"},"south":{"uv":[6.5,3.5,7,4],"texture":"#0"},"west":{"uv":[6.5,3.5,7,4],"texture":"#0"},"up":{"uv":[6.5,3.5,7,4],"texture":"#0"},"down":{"uv":[6.5,3.5,7,4],"texture":"#0"}}},{"from":[7.2,22,10],"to":[8.8,23,11],"faces":{"north":{"uv":[6,3.5,6.5,4],"texture":"#0"},"east":{"uv":[6,3.5,6.5,4],"texture":"#0"},"south":{"uv":[6,3.5,6.5,4],"texture":"#0"},"west":{"uv":[6,3.5,6.5,4],"texture":"#0"},"up":{"uv":[6,3.5,6.5,4],"texture":"#0"},"down":{"uv":[6,3.5,6.5,4],"texture":"#0"}}},{"from":[7.2,22,9],"to":[8.8,23,10],"faces":{"north":{"uv":[5.5,3.5,6,4],"texture":"#0"},"east":{"uv":[5.5,3.5,6,4],"texture":"#0"},"south":{"uv":[5.5,3.5,6,4],"texture":"#0"},"west":{"uv":[5.5,3.5,6,4],"texture":"#0"},"up":{"uv":[5.5,3.5,6,4],"texture":"#0"},"down":{"uv":[5.5,3.5,6,4],"texture":"#0"}}},{"from":[7.3,23,14],"to":[8.7,24,15],"faces":{"north":{"uv":[8,3,8.5,3.5],"texture":"#0"},"east":{"uv":[8,3,8.5,3.5],"texture":"#0"},"south":{"uv":[8,3,8.5,3.5],"texture":"#0"},"west":{"uv":[8,3,8.5,3.5],"texture":"#0"},"up":{"uv":[8,3,8.5,3.5],"texture":"#0"},"down":{"uv":[8,3,8.5,3.5],"texture":"#0"}}},{"from":[7.2,23,13],"to":[8.8,24,14],"faces":{"north":{"uv":[7.5,3,8,3.5],"texture":"#0"},"east":{"uv":[7.5,3,8,3.5],"texture":"#0"},"south":{"uv":[7.5,3,8,3.5],"texture":"#0"},"west":{"uv":[7.5,3,8,3.5],"texture":"#0"},"up":{"uv":[7.5,3,8,3.5],"texture":"#0"},"down":{"uv":[7.5,3,8,3.5],"texture":"#0"}}},{"from":[7.3,23,12],"to":[8.7,24,13],"faces":{"north":{"uv":[7,3,7.5,3.5],"texture":"#0"},"east":{"uv":[7,3,7.5,3.5],"texture":"#0"},"south":{"uv":[7,3,7.5,3.5],"texture":"#0"},"west":{"uv":[7,3,7.5,3.5],"texture":"#0"},"up":{"uv":[7,3,7.5,3.5],"texture":"#0"},"down":{"uv":[7,3,7.5,3.5],"texture":"#0"}}},{"from":[7.2,23,11],"to":[8.8,24,12],"faces":{"north":{"uv":[6.5,3,7,3.5],"texture":"#0"},"east":{"uv":[6.5,3,7,3.5],"texture":"#0"},"south":{"uv":[6.5,3,7,3.5],"texture":"#0"},"west":{"uv":[6.5,3,7,3.5],"texture":"#0"},"up":{"uv":[6.5,3,7,3.5],"texture":"#0"},"down":{"uv":[6.5,3,7,3.5],"texture":"#0"}}},{"from":[7.2,23,10],"to":[8.8,24,11],"faces":{"north":{"uv":[6,3,6.5,3.5],"texture":"#0"},"east":{"uv":[6,3,6.5,3.5],"texture":"#0"},"south":{"uv":[6,3,6.5,3.5],"texture":"#0"},"west":{"uv":[6,3,6.5,3.5],"texture":"#0"},"up":{"uv":[6,3,6.5,3.5],"texture":"#0"},"down":{"uv":[6,3,6.5,3.5],"texture":"#0"}}},{"from":[7.5,23,9],"to":[8.5,24,10],"faces":{"north":{"uv":[5.5,3,6,3.5],"texture":"#0"},"east":{"uv":[5.5,3,6,3.5],"texture":"#0"},"south":{"uv":[5.5,3,6,3.5],"texture":"#0"},"west":{"uv":[5.5,3,6,3.5],"texture":"#0"},"up":{"uv":[5.5,3,6,3.5],"texture":"#0"},"down":{"uv":[5.5,3,6,3.5],"texture":"#0"}}},{"from":[7.2,24,14],"to":[8.8,25,15],"faces":{"north":{"uv":[8,2.5,8.5,3],"texture":"#0"},"east":{"uv":[8,2.5,8.5,3],"texture":"#0"},"south":{"uv":[8,2.5,8.5,3],"texture":"#0"},"west":{"uv":[8,2.5,8.5,3],"texture":"#0"},"up":{"uv":[8,2.5,8.5,3],"texture":"#0"},"down":{"uv":[8,2.5,8.5,3],"texture":"#0"}}},{"from":[7.3,24,13],"to":[8.7,25,14],"faces":{"north":{"uv":[7.5,2.5,8,3],"texture":"#0"},"east":{"uv":[7.5,2.5,8,3],"texture":"#0"},"south":{"uv":[7.5,2.5,8,3],"texture":"#0"},"west":{"uv":[7.5,2.5,8,3],"texture":"#0"},"up":{"uv":[7.5,2.5,8,3],"texture":"#0"},"down":{"uv":[7.5,2.5,8,3],"texture":"#0"}}},{"from":[7.2,24,12],"to":[8.8,25,13],"faces":{"north":{"uv":[7,2.5,7.5,3],"texture":"#0"},"east":{"uv":[7,2.5,7.5,3],"texture":"#0"},"south":{"uv":[7,2.5,7.5,3],"texture":"#0"},"west":{"uv":[7,2.5,7.5,3],"texture":"#0"},"up":{"uv":[7,2.5,7.5,3],"texture":"#0"},"down":{"uv":[7,2.5,7.5,3],"texture":"#0"}}},{"from":[7.5,24,11],"to":[8.5,25,12],"faces":{"north":{"uv":[6.5,2.5,7,3],"texture":"#0"},"east":{"uv":[6.5,2.5,7,3],"texture":"#0"},"south":{"uv":[6.5,2.5,7,3],"texture":"#0"},"west":{"uv":[6.5,2.5,7,3],"texture":"#0"},"up":{"uv":[6.5,2.5,7,3],"texture":"#0"},"down":{"uv":[6.5,2.5,7,3],"texture":"#0"}}},{"from":[7.5,24,10],"to":[8.5,25,11],"faces":{"north":{"uv":[6,2.5,6.5,3],"texture":"#0"},"east":{"uv":[6,2.5,6.5,3],"texture":"#0"},"south":{"uv":[6,2.5,6.5,3],"texture":"#0"},"west":{"uv":[6,2.5,6.5,3],"texture":"#0"},"up":{"uv":[6,2.5,6.5,3],"texture":"#0"},"down":{"uv":[6,2.5,6.5,3],"texture":"#0"}}},{"from":[7.5,25,14],"to":[8.5,26,15],"faces":{"north":{"uv":[8,2,8.5,2.5],"texture":"#0"},"east":{"uv":[8,2,8.5,2.5],"texture":"#0"},"south":{"uv":[8,2,8.5,2.5],"texture":"#0"},"west":{"uv":[8,2,8.5,2.5],"texture":"#0"},"up":{"uv":[8,2,8.5,2.5],"texture":"#0"},"down":{"uv":[8,2,8.5,2.5],"texture":"#0"}}},{"from":[7.5,25,13],"to":[8.5,26,14],"faces":{"north":{"uv":[7.5,2,8,2.5],"texture":"#0"},"east":{"uv":[7.5,2,8,2.5],"texture":"#0"},"south":{"uv":[7.5,2,8,2.5],"texture":"#0"},"west":{"uv":[7.5,2,8,2.5],"texture":"#0"},"up":{"uv":[7.5,2,8,2.5],"texture":"#0"},"down":{"uv":[7.5,2,8,2.5],"texture":"#0"}}},{"from":[7.5,25,12],"to":[8.5,26,13],"faces":{"north":{"uv":[7,2,7.5,2.5],"texture":"#0"},"east":{"uv":[7,2,7.5,2.5],"texture":"#0"},"south":{"uv":[7,2,7.5,2.5],"texture":"#0"},"west":{"uv":[7,2,7.5,2.5],"texture":"#0"},"up":{"uv":[7,2,7.5,2.5],"texture":"#0"},"down":{"uv":[7,2,7.5,2.5],"texture":"#0"}}},{"from":[7.5,22,15],"to":[8.5,23,16],"faces":{"north":{"uv":[8.5,3.5,9,4],"texture":"#0"},"east":{"uv":[8.5,3.5,9,4],"texture":"#0"},"south":{"uv":[8.5,3.5,9,4],"texture":"#0"},"west":{"uv":[8.5,3.5,9,4],"texture":"#0"},"up":{"uv":[8.5,3.5,9,4],"texture":"#0"},"down":{"uv":[8.5,3.5,9,4],"texture":"#0"}}},{"from":[7.2,23,15],"to":[8.8,24,16],"faces":{"north":{"uv":[8.5,3,9,3.5],"texture":"#0"},"east":{"uv":[8.5,3,9,3.5],"texture":"#0"},"south":{"uv":[8.5,3,9,3.5],"texture":"#0"},"west":{"uv":[8.5,3,9,3.5],"texture":"#0"},"up":{"uv":[8.5,3,9,3.5],"texture":"#0"},"down":{"uv":[8.5,3,9,3.5],"texture":"#0"}}},{"from":[7.2,24,15],"to":[8.8,25,16],"faces":{"north":{"uv":[8.5,2.5,9,3],"texture":"#0"},"east":{"uv":[8.5,2.5,9,3],"texture":"#0"},"south":{"uv":[8.5,2.5,9,3],"texture":"#0"},"west":{"uv":[8.5,2.5,9,3],"texture":"#0"},"up":{"uv":[8.5,2.5,9,3],"texture":"#0"},"down":{"uv":[8.5,2.5,9,3],"texture":"#0"}}},{"from":[7.5,25,15],"to":[8.5,26,16],"faces":{"north":{"uv":[8.5,2,9,2.5],"texture":"#0"},"east":{"uv":[8.5,2,9,2.5],"texture":"#0"},"south":{"uv":[8.5,2,9,2.5],"texture":"#0"},"west":{"uv":[8.5,2,9,2.5],"texture":"#0"},"up":{"uv":[8.5,2,9,2.5],"texture":"#0"},"down":{"uv":[8.5,2,9,2.5],"texture":"#0"}}},{"from":[7.5,22,16],"to":[8.5,23,17],"faces":{"north":{"uv":[9,3.5,9.5,4],"texture":"#0"},"east":{"uv":[9,3.5,9.5,4],"texture":"#0"},"south":{"uv":[9,3.5,9.5,4],"texture":"#0"},"west":{"uv":[9,3.5,9.5,4],"texture":"#0"},"up":{"uv":[9,3.5,9.5,4],"texture":"#0"},"down":{"uv":[9,3.5,9.5,4],"texture":"#0"}}},{"from":[7.3,23,16],"to":[8.7,24,17],"faces":{"north":{"uv":[9,3,9.5,3.5],"texture":"#0"},"east":{"uv":[9,3,9.5,3.5],"texture":"#0"},"south":{"uv":[9,3,9.5,3.5],"texture":"#0"},"west":{"uv":[9,3,9.5,3.5],"texture":"#0"},"up":{"uv":[9,3,9.5,3.5],"texture":"#0"},"down":{"uv":[9,3,9.5,3.5],"texture":"#0"}}},{"from":[7.2,24,16],"to":[8.8,25,17],"faces":{"north":{"uv":[9,2.5,9.5,3],"texture":"#0"},"east":{"uv":[9,2.5,9.5,3],"texture":"#0"},"south":{"uv":[9,2.5,9.5,3],"texture":"#0"},"west":{"uv":[9,2.5,9.5,3],"texture":"#0"},"up":{"uv":[9,2.5,9.5,3],"texture":"#0"},"down":{"uv":[9,2.5,9.5,3],"texture":"#0"}}},{"from":[7.5,25,16],"to":[8.5,26,17],"faces":{"north":{"uv":[9,2,9.5,2.5],"texture":"#0"},"east":{"uv":[9,2,9.5,2.5],"texture":"#0"},"south":{"uv":[9,2,9.5,2.5],"texture":"#0"},"west":{"uv":[9,2,9.5,2.5],"texture":"#0"},"up":{"uv":[9,2,9.5,2.5],"texture":"#0"},"down":{"uv":[9,2,9.5,2.5],"texture":"#0"}}},{"from":[7.5,22,17],"to":[8.5,23,18],"faces":{"north":{"uv":[9.5,3.5,10,4],"texture":"#0"},"east":{"uv":[9.5,3.5,10,4],"texture":"#0"},"south":{"uv":[9.5,3.5,10,4],"texture":"#0"},"west":{"uv":[9.5,3.5,10,4],"texture":"#0"},"up":{"uv":[9.5,3.5,10,4],"texture":"#0"},"down":{"uv":[9.5,3.5,10,4],"texture":"#0"}}},{"from":[7.2,23,17],"to":[8.8,24,18],"faces":{"north":{"uv":[9.5,3,10,3.5],"texture":"#0"},"east":{"uv":[9.5,3,10,3.5],"texture":"#0"},"south":{"uv":[9.5,3,10,3.5],"texture":"#0"},"west":{"uv":[9.5,3,10,3.5],"texture":"#0"},"up":{"uv":[9.5,3,10,3.5],"texture":"#0"},"down":{"uv":[9.5,3,10,3.5],"texture":"#0"}}},{"from":[7.3,24,17],"to":[8.7,25,18],"faces":{"north":{"uv":[9.5,2.5,10,3],"texture":"#0"},"east":{"uv":[9.5,2.5,10,3],"texture":"#0"},"south":{"uv":[9.5,2.5,10,3],"texture":"#0"},"west":{"uv":[9.5,2.5,10,3],"texture":"#0"},"up":{"uv":[9.5,2.5,10,3],"texture":"#0"},"down":{"uv":[9.5,2.5,10,3],"texture":"#0"}}},{"from":[7.5,25,17],"to":[8.5,26,18],"faces":{"north":{"uv":[9.5,2,10,2.5],"texture":"#0"},"east":{"uv":[9.5,2,10,2.5],"texture":"#0"},"south":{"uv":[9.5,2,10,2.5],"texture":"#0"},"west":{"uv":[9.5,2,10,2.5],"texture":"#0"},"up":{"uv":[9.5,2,10,2.5],"texture":"#0"},"down":{"uv":[9.5,2,10,2.5],"texture":"#0"}}},{"from":[7.5,22,18],"to":[8.5,23,19],"faces":{"north":{"uv":[10,3.5,10.5,4],"texture":"#0"},"east":{"uv":[10,3.5,10.5,4],"texture":"#0"},"south":{"uv":[10,3.5,10.5,4],"texture":"#0"},"west":{"uv":[10,3.5,10.5,4],"texture":"#0"},"up":{"uv":[10,3.5,10.5,4],"texture":"#0"},"down":{"uv":[10,3.5,10.5,4],"texture":"#0"}}},{"from":[7.3,23,18],"to":[8.7,24,19],"faces":{"north":{"uv":[10,3,10.5,3.5],"texture":"#0"},"east":{"uv":[10,3,10.5,3.5],"texture":"#0"},"south":{"uv":[10,3,10.5,3.5],"texture":"#0"},"west":{"uv":[10,3,10.5,3.5],"texture":"#0"},"up":{"uv":[10,3,10.5,3.5],"texture":"#0"},"down":{"uv":[10,3,10.5,3.5],"texture":"#0"}}},{"from":[7.2,24,18],"to":[8.8,25,19],"faces":{"north":{"uv":[10,2.5,10.5,3],"texture":"#0"},"east":{"uv":[10,2.5,10.5,3],"texture":"#0"},"south":{"uv":[10,2.5,10.5,3],"texture":"#0"},"west":{"uv":[10,2.5,10.5,3],"texture":"#0"},"up":{"uv":[10,2.5,10.5,3],"texture":"#0"},"down":{"uv":[10,2.5,10.5,3],"texture":"#0"}}},{"from":[7.5,25,18],"to":[8.5,26,19],"faces":{"north":{"uv":[10,2,10.5,2.5],"texture":"#0"},"east":{"uv":[10,2,10.5,2.5],"texture":"#0"},"south":{"uv":[10,2,10.5,2.5],"texture":"#0"},"west":{"uv":[10,2,10.5,2.5],"texture":"#0"},"up":{"uv":[10,2,10.5,2.5],"texture":"#0"},"down":{"uv":[10,2,10.5,2.5],"texture":"#0"}}},{"from":[7.5,22,19],"to":[8.5,23,20],"faces":{"north":{"uv":[10.5,3.5,11,4],"texture":"#0"},"east":{"uv":[10.5,3.5,11,4],"texture":"#0"},"south":{"uv":[10.5,3.5,11,4],"texture":"#0"},"west":{"uv":[10.5,3.5,11,4],"texture":"#0"},"up":{"uv":[10.5,3.5,11,4],"texture":"#0"},"down":{"uv":[10.5,3.5,11,4],"texture":"#0"}}},{"from":[7.2,23,19],"to":[8.8,24,20],"faces":{"north":{"uv":[10.5,3,11,3.5],"texture":"#0"},"east":{"uv":[10.5,3,11,3.5],"texture":"#0"},"south":{"uv":[10.5,3,11,3.5],"texture":"#0"},"west":{"uv":[10.5,3,11,3.5],"texture":"#0"},"up":{"uv":[10.5,3,11,3.5],"texture":"#0"},"down":{"uv":[10.5,3,11,3.5],"texture":"#0"}}},{"from":[7.5,24,19],"to":[8.5,25,20],"faces":{"north":{"uv":[10.5,2.5,11,3],"texture":"#0"},"east":{"uv":[10.5,2.5,11,3],"texture":"#0"},"south":{"uv":[10.5,2.5,11,3],"texture":"#0"},"west":{"uv":[10.5,2.5,11,3],"texture":"#0"},"up":{"uv":[10.5,2.5,11,3],"texture":"#0"},"down":{"uv":[10.5,2.5,11,3],"texture":"#0"}}},{"from":[7.2,22,20],"to":[8.8,23,21],"faces":{"north":{"uv":[11,3.5,11.5,4],"texture":"#0"},"east":{"uv":[11,3.5,11.5,4],"texture":"#0"},"south":{"uv":[11,3.5,11.5,4],"texture":"#0"},"west":{"uv":[11,3.5,11.5,4],"texture":"#0"},"up":{"uv":[11,3.5,11.5,4],"texture":"#0"},"down":{"uv":[11,3.5,11.5,4],"texture":"#0"}}},{"from":[7.3,23,20],"to":[8.7,24,21],"faces":{"north":{"uv":[11,3,11.5,3.5],"texture":"#0"},"east":{"uv":[11,3,11.5,3.5],"texture":"#0"},"south":{"uv":[11,3,11.5,3.5],"texture":"#0"},"west":{"uv":[11,3,11.5,3.5],"texture":"#0"},"up":{"uv":[11,3,11.5,3.5],"texture":"#0"},"down":{"uv":[11,3,11.5,3.5],"texture":"#0"}}},{"from":[7.5,24,20],"to":[8.5,25,21],"faces":{"north":{"uv":[11,2.5,11.5,3],"texture":"#0"},"east":{"uv":[11,2.5,11.5,3],"texture":"#0"},"south":{"uv":[11,2.5,11.5,3],"texture":"#0"},"west":{"uv":[11,2.5,11.5,3],"texture":"#0"},"up":{"uv":[11,2.5,11.5,3],"texture":"#0"},"down":{"uv":[11,2.5,11.5,3],"texture":"#0"}}},{"from":[7.5,21,20],"to":[8.5,22,21],"faces":{"north":{"uv":[11,4,11.5,4.5],"texture":"#0"},"east":{"uv":[11,4,11.5,4.5],"texture":"#0"},"south":{"uv":[11,4,11.5,4.5],"texture":"#0"},"west":{"uv":[11,4,11.5,4.5],"texture":"#0"},"up":{"uv":[11,4,11.5,4.5],"texture":"#0"},"down":{"uv":[11,4,11.5,4.5],"texture":"#0"}}},{"from":[7.3,22,21],"to":[8.7,23,22],"faces":{"north":{"uv":[11.5,3.5,12,4],"texture":"#0"},"east":{"uv":[11.5,3.5,12,4],"texture":"#0"},"south":{"uv":[11.5,3.5,12,4],"texture":"#0"},"west":{"uv":[11.5,3.5,12,4],"texture":"#0"},"up":{"uv":[11.5,3.5,12,4],"texture":"#0"},"down":{"uv":[11.5,3.5,12,4],"texture":"#0"}}},{"from":[7.5,23,21],"to":[8.5,24,22],"faces":{"north":{"uv":[11.5,3,12,3.5],"texture":"#0"},"east":{"uv":[11.5,3,12,3.5],"texture":"#0"},"south":{"uv":[11.5,3,12,3.5],"texture":"#0"},"west":{"uv":[11.5,3,12,3.5],"texture":"#0"},"up":{"uv":[11.5,3,12,3.5],"texture":"#0"},"down":{"uv":[11.5,3,12,3.5],"texture":"#0"}}},{"from":[7.5,21,21],"to":[8.5,22,22],"faces":{"north":{"uv":[11.5,4,12,4.5],"texture":"#0"},"east":{"uv":[11.5,4,12,4.5],"texture":"#0"},"south":{"uv":[11.5,4,12,4.5],"texture":"#0"},"west":{"uv":[11.5,4,12,4.5],"texture":"#0"},"up":{"uv":[11.5,4,12,4.5],"texture":"#0"},"down":{"uv":[11.5,4,12,4.5],"texture":"#0"}}},{"from":[7.5,22,22],"to":[8.5,23,23],"faces":{"north":{"uv":[12,3.5,12.5,4],"texture":"#0"},"east":{"uv":[12,3.5,12.5,4],"texture":"#0"},"south":{"uv":[12,3.5,12.5,4],"texture":"#0"},"west":{"uv":[12,3.5,12.5,4],"texture":"#0"},"up":{"uv":[12,3.5,12.5,4],"texture":"#0"},"down":{"uv":[12,3.5,12.5,4],"texture":"#0"}}},{"from":[7.5,21,22],"to":[8.5,22,23],"faces":{"north":{"uv":[12,4,12.5,4.5],"texture":"#0"},"east":{"uv":[12,4,12.5,4.5],"texture":"#0"},"south":{"uv":[12,4,12.5,4.5],"texture":"#0"},"west":{"uv":[12,4,12.5,4.5],"texture":"#0"},"up":{"uv":[12,4,12.5,4.5],"texture":"#0"},"down":{"uv":[12,4,12.5,4.5],"texture":"#0"}}},{"from":[7.5,21,23],"to":[8.5,22,24],"faces":{"north":{"uv":[12.5,4,13,4.5],"texture":"#0"},"east":{"uv":[12.5,4,13,4.5],"texture":"#0"},"south":{"uv":[12.5,4,13,4.5],"texture":"#0"},"west":{"uv":[12.5,4,13,4.5],"texture":"#0"},"up":{"uv":[12.5,4,13,4.5],"texture":"#0"},"down":{"uv":[12.5,4,13,4.5],"texture":"#0"}}},{"from":[7.5,19,16],"to":[8.5,20,17],"faces":{"north":{"uv":[9,5,9.5,5.5],"texture":"#0"},"east":{"uv":[9,5,9.5,5.5],"texture":"#0"},"south":{"uv":[9,5,9.5,5.5],"texture":"#0"},"west":{"uv":[9,5,9.5,5.5],"texture":"#0"},"up":{"uv":[9,5,9.5,5.5],"texture":"#0"},"down":{"uv":[9,5,9.5,5.5],"texture":"#0"}}},{"from":[7.5,17,16],"to":[8.5,18,17],"faces":{"north":{"uv":[9,6,9.5,6.5],"texture":"#0"},"east":{"uv":[9,6,9.5,6.5],"texture":"#0"},"south":{"uv":[9,6,9.5,6.5],"texture":"#0"},"west":{"uv":[9,6,9.5,6.5],"texture":"#0"},"up":{"uv":[9,6,9.5,6.5],"texture":"#0"},"down":{"uv":[9,6,9.5,6.5],"texture":"#0"}}},{"from":[7.3,17,17],"to":[8.7,18,18],"faces":{"north":{"uv":[9.5,6,10,6.5],"texture":"#0"},"east":{"uv":[9.5,6,10,6.5],"texture":"#0"},"south":{"uv":[9.5,6,10,6.5],"texture":"#0"},"west":{"uv":[9.5,6,10,6.5],"texture":"#0"},"up":{"uv":[9.5,6,10,6.5],"texture":"#0"},"down":{"uv":[9.5,6,10,6.5],"texture":"#0"}}},{"from":[7.5,18,17],"to":[8.5,19,18],"faces":{"north":{"uv":[9.5,5.5,10,6],"texture":"#0"},"east":{"uv":[9.5,5.5,10,6],"texture":"#0"},"south":{"uv":[9.5,5.5,10,6],"texture":"#0"},"west":{"uv":[9.5,5.5,10,6],"texture":"#0"},"up":{"uv":[9.5,5.5,10,6],"texture":"#0"},"down":{"uv":[9.5,5.5,10,6],"texture":"#0"}}},{"from":[7.5,17,18],"to":[8.5,18,19],"faces":{"north":{"uv":[10,6,10.5,6.5],"texture":"#0"},"east":{"uv":[10,6,10.5,6.5],"texture":"#0"},"south":{"uv":[10,6,10.5,6.5],"texture":"#0"},"west":{"uv":[10,6,10.5,6.5],"texture":"#0"},"up":{"uv":[10,6,10.5,6.5],"texture":"#0"},"down":{"uv":[10,6,10.5,6.5],"texture":"#0"}}},{"from":[7.3,18,18],"to":[8.7,19,19],"faces":{"north":{"uv":[10,5.5,10.5,6],"texture":"#0"},"east":{"uv":[10,5.5,10.5,6],"texture":"#0"},"south":{"uv":[10,5.5,10.5,6],"texture":"#0"},"west":{"uv":[10,5.5,10.5,6],"texture":"#0"},"up":{"uv":[10,5.5,10.5,6],"texture":"#0"},"down":{"uv":[10,5.5,10.5,6],"texture":"#0"}}},{"from":[7.5,1,2],"to":[8.5,2,3],"faces":{"north":{"uv":[2,14,2.5,14.5],"texture":"#0"},"east":{"uv":[2,14,2.5,14.5],"texture":"#0"},"south":{"uv":[2,14,2.5,14.5],"texture":"#0"},"west":{"uv":[2,14,2.5,14.5],"texture":"#0"},"up":{"uv":[2,14,2.5,14.5],"texture":"#0"},"down":{"uv":[2,14,2.5,14.5],"texture":"#0"}}},{"from":[7.5,1,3],"to":[8.5,2,4],"faces":{"north":{"uv":[2.5,14,3,14.5],"texture":"#0"},"east":{"uv":[2.5,14,3,14.5],"texture":"#0"},"south":{"uv":[2.5,14,3,14.5],"texture":"#0"},"west":{"uv":[2.5,14,3,14.5],"texture":"#0"},"up":{"uv":[2.5,14,3,14.5],"texture":"#0"},"down":{"uv":[2.5,14,3,14.5],"texture":"#0"}}}]}