{"display":{"thirdperson_righthand":{"rotation":[-60,-15.5,-14.25],"translation":[0,4,0],"scale":[0.6,0.6,0.6]},"thirdperson_lefthand":{"rotation":[-60,-15.5,-14.25],"translation":[0,4,0],"scale":[0.6,0.6,0.6]},"firstperson_righthand":{"rotation":[-37,-0.5,0],"translation":[0,3.75,1.75],"scale":[0.6,0.6,0.6]},"firstperson_lefthand":{"rotation":[32.5,154,0],"translation":[0,3.75,1.75],"scale":[0.6,0.6,0.6]},"ground":{"scale":[0.6,0.6,0.6]},"gui":{"rotation":[0,90,0]},"fixed":{"rotation":[0,-90,0]}},"gui_light":"front","textures":{"0":"item/apple/1","1":"item/stick","particle":"item/apple/1"},"elements":[{"from":[7.5,0,0],"to":[8.5,1,2],"faces":{"north":{"uv":[2,14,3,15],"texture":"#1"},"east":{"uv":[2,14,3,15],"texture":"#1"},"south":{"uv":[2,14,3,15],"texture":"#1"},"west":{"uv":[2,14,3,15],"texture":"#1"},"up":{"uv":[2,14,3,15],"texture":"#1"},"down":{"uv":[2,14,3,15],"texture":"#1"}}},{"from":[7.5,1,0],"to":[8.5,2,1],"rotation":{"angle":0,"axis":"y","origin":[8,9,8]},"faces":{"north":{"uv":[2,13,3,14],"texture":"#1"},"east":{"uv":[2,13,3,14],"texture":"#1"},"south":{"uv":[2,13,3,14],"texture":"#1"},"west":{"uv":[2,13,3,14],"texture":"#1"},"up":{"uv":[2,13,3,14],"texture":"#1"},"down":{"uv":[2,13,3,14],"texture":"#1"}}},{"from":[7.5,3,2],"to":[8.5,4,3],"rotation":{"angle":0,"axis":"y","origin":[8,11,10]},"faces":{"north":{"uv":[2,13,3,14],"texture":"#1"},"east":{"uv":[2,13,3,14],"texture":"#1"},"south":{"uv":[2,13,3,14],"texture":"#1"},"west":{"uv":[2,13,3,14],"texture":"#1"},"up":{"uv":[2,13,3,14],"texture":"#1"},"down":{"uv":[2,13,3,14],"texture":"#1"}}},{"from":[7.5,4,3],"to":[8.5,5,4],"rotation":{"angle":0,"axis":"y","origin":[8,12,11]},"faces":{"north":{"uv":[2,13,3,14],"texture":"#1"},"east":{"uv":[2,13,3,14],"texture":"#1"},"south":{"uv":[2,13,3,14],"texture":"#1"},"west":{"uv":[2,13,3,14],"texture":"#1"},"up":{"uv":[2,13,3,14],"texture":"#1"},"down":{"uv":[2,13,3,14],"texture":"#1"}}},{"from":[7.5,5,4],"to":[8.5,6,5],"rotation":{"angle":0,"axis":"y","origin":[8,13,12]},"faces":{"north":{"uv":[2,13,3,14],"texture":"#1"},"east":{"uv":[2,13,3,14],"texture":"#1"},"south":{"uv":[2,13,3,14],"texture":"#1"},"west":{"uv":[2,13,3,14],"texture":"#1"},"up":{"uv":[2,13,3,14],"texture":"#1"},"down":{"uv":[2,13,3,14],"texture":"#1"}}},{"from":[7.5,6,5],"to":[8.5,7,6],"rotation":{"angle":0,"axis":"y","origin":[8,14,13]},"faces":{"north":{"uv":[2,13,3,14],"texture":"#1"},"east":{"uv":[2,13,3,14],"texture":"#1"},"south":{"uv":[2,13,3,14],"texture":"#1"},"west":{"uv":[2,13,3,14],"texture":"#1"},"up":{"uv":[2,13,3,14],"texture":"#1"},"down":{"uv":[2,13,3,14],"texture":"#1"}}},{"from":[7.5,7,6],"to":[8.5,8,7],"rotation":{"angle":0,"axis":"y","origin":[8,15,14]},"faces":{"north":{"uv":[2,13,3,14],"texture":"#1"},"east":{"uv":[2,13,3,14],"texture":"#1"},"south":{"uv":[2,13,3,14],"texture":"#1"},"west":{"uv":[2,13,3,14],"texture":"#1"},"up":{"uv":[2,13,3,14],"texture":"#1"},"down":{"uv":[2,13,3,14],"texture":"#1"}}},{"from":[7.5,8,7],"to":[8.5,9,8],"rotation":{"angle":0,"axis":"y","origin":[8,16,15]},"faces":{"north":{"uv":[2,13,3,14],"texture":"#1"},"east":{"uv":[2,13,3,14],"texture":"#1"},"south":{"uv":[2,13,3,14],"texture":"#1"},"west":{"uv":[2,13,3,14],"texture":"#1"},"up":{"uv":[2,13,3,14],"texture":"#1"},"down":{"uv":[2,13,3,14],"texture":"#1"}}},{"from":[7.5,9,8],"to":[8.5,10,9],"rotation":{"angle":0,"axis":"y","origin":[8,17,16]},"faces":{"north":{"uv":[2,13,3,14],"texture":"#1"},"east":{"uv":[2,13,3,14],"texture":"#1"},"south":{"uv":[2,13,3,14],"texture":"#1"},"west":{"uv":[2,13,3,14],"texture":"#1"},"up":{"uv":[2,13,3,14],"texture":"#1"},"down":{"uv":[2,13,3,14],"texture":"#1"}}},{"from":[7.5,10,9],"to":[8.5,11,10],"rotation":{"angle":0,"axis":"y","origin":[8,18,17]},"faces":{"north":{"uv":[2,13,3,14],"texture":"#1"},"east":{"uv":[2,13,3,14],"texture":"#1"},"south":{"uv":[2,13,3,14],"texture":"#1"},"west":{"uv":[2,13,3,14],"texture":"#1"},"up":{"uv":[2,13,3,14],"texture":"#1"},"down":{"uv":[2,13,3,14],"texture":"#1"}}},{"from":[7.5,11,10],"to":[8.5,12,11],"rotation":{"angle":0,"axis":"y","origin":[8,19,18]},"faces":{"north":{"uv":[2,13,3,14],"texture":"#1"},"east":{"uv":[2,13,3,14],"texture":"#1"},"south":{"uv":[2,13,3,14],"texture":"#1"},"west":{"uv":[2,13,3,14],"texture":"#1"},"up":{"uv":[2,13,3,14],"texture":"#1"},"down":{"uv":[2,13,3,14],"texture":"#1"}}},{"from":[7.5,12,11],"to":[8.5,13,12],"rotation":{"angle":0,"axis":"y","origin":[8,20,19]},"faces":{"north":{"uv":[2,13,3,14],"texture":"#1"},"east":{"uv":[2,13,3,14],"texture":"#1"},"south":{"uv":[2,13,3,14],"texture":"#1"},"west":{"uv":[2,13,3,14],"texture":"#1"},"up":{"uv":[2,13,3,14],"texture":"#1"},"down":{"uv":[2,13,3,14],"texture":"#1"}}},{"from":[7.5,2,1],"to":[8.5,3,2],"rotation":{"angle":0,"axis":"y","origin":[8,10,9]},"faces":{"north":{"uv":[3,12,4,13],"texture":"#1"},"east":{"uv":[3,12,4,13],"texture":"#1"},"south":{"uv":[3,12,4,13],"texture":"#1"},"west":{"uv":[3,12,4,13],"texture":"#1"},"up":{"uv":[3,12,4,13],"texture":"#1"},"down":{"uv":[3,12,4,13],"texture":"#1"}}},{"from":[7.3,1,1],"to":[8.7,2,2],"rotation":{"angle":0,"axis":"y","origin":[8,9,9]},"faces":{"north":{"uv":[3,13,4,14],"texture":"#1"},"east":{"uv":[3,13,4,14],"texture":"#1"},"south":{"uv":[3,13,4,14],"texture":"#1"},"west":{"uv":[3,13,4,14],"texture":"#1"},"up":{"uv":[3,13,4,14],"texture":"#1"},"down":{"uv":[3,13,4,14],"texture":"#1"}}},{"from":[7.3,2,2],"to":[8.7,3,3],"rotation":{"angle":0,"axis":"y","origin":[8,10,10]},"faces":{"north":{"uv":[3,13,4,14],"texture":"#1"},"east":{"uv":[3,13,4,14],"texture":"#1"},"south":{"uv":[3,13,4,14],"texture":"#1"},"west":{"uv":[3,13,4,14],"texture":"#1"},"up":{"uv":[3,13,4,14],"texture":"#1"},"down":{"uv":[3,13,4,14],"texture":"#1"}}},{"from":[7.3,3,3],"to":[8.7,4,4],"rotation":{"angle":0,"axis":"y","origin":[8,11,11]},"faces":{"north":{"uv":[5,11,6,12],"texture":"#1"},"east":{"uv":[5,11,6,12],"texture":"#1"},"south":{"uv":[5,11,6,12],"texture":"#1"},"west":{"uv":[5,11,6,12],"texture":"#1"},"up":{"uv":[5,11,6,12],"texture":"#1"},"down":{"uv":[5,11,6,12],"texture":"#1"}}},{"from":[7.3,5,5],"to":[8.7,6,6],"rotation":{"angle":0,"axis":"y","origin":[8,13,13]},"faces":{"north":{"uv":[5,11,6,12],"texture":"#1"},"east":{"uv":[5,11,6,12],"texture":"#1"},"south":{"uv":[5,11,6,12],"texture":"#1"},"west":{"uv":[5,11,6,12],"texture":"#1"},"up":{"uv":[5,11,6,12],"texture":"#1"},"down":{"uv":[5,11,6,12],"texture":"#1"}}},{"from":[7.3,7,7],"to":[8.7,8,8],"rotation":{"angle":0,"axis":"y","origin":[8,15,15]},"faces":{"north":{"uv":[5,11,6,12],"texture":"#1"},"east":{"uv":[5,11,6,12],"texture":"#1"},"south":{"uv":[5,11,6,12],"texture":"#1"},"west":{"uv":[5,11,6,12],"texture":"#1"},"up":{"uv":[5,11,6,12],"texture":"#1"},"down":{"uv":[5,11,6,12],"texture":"#1"}}},{"from":[7.3,9,9],"to":[8.7,10,10],"rotation":{"angle":0,"axis":"y","origin":[8,17,17]},"faces":{"north":{"uv":[5,11,6,12],"texture":"#1"},"east":{"uv":[5,11,6,12],"texture":"#1"},"south":{"uv":[5,11,6,12],"texture":"#1"},"west":{"uv":[5,11,6,12],"texture":"#1"},"up":{"uv":[5,11,6,12],"texture":"#1"},"down":{"uv":[5,11,6,12],"texture":"#1"}}},{"from":[7.3,4,4],"to":[8.7,5,5],"rotation":{"angle":0,"axis":"y","origin":[8,12,12]},"faces":{"north":{"uv":[6,10,7,11],"texture":"#1"},"east":{"uv":[6,10,7,11],"texture":"#1"},"south":{"uv":[6,10,7,11],"texture":"#1"},"west":{"uv":[6,10,7,11],"texture":"#1"},"up":{"uv":[6,10,7,11],"texture":"#1"},"down":{"uv":[6,10,7,11],"texture":"#1"}}},{"from":[7.3,6,6],"to":[8.7,7,7],"rotation":{"angle":0,"axis":"y","origin":[8,14,14]},"faces":{"north":{"uv":[6,10,7,11],"texture":"#1"},"east":{"uv":[6,10,7,11],"texture":"#1"},"south":{"uv":[6,10,7,11],"texture":"#1"},"west":{"uv":[6,10,7,11],"texture":"#1"},"up":{"uv":[6,10,7,11],"texture":"#1"},"down":{"uv":[6,10,7,11],"texture":"#1"}}},{"from":[7.3,8,8],"to":[8.7,9,9],"rotation":{"angle":0,"axis":"y","origin":[8,16,16]},"faces":{"north":{"uv":[6,10,7,11],"texture":"#1"},"east":{"uv":[6,10,7,11],"texture":"#1"},"south":{"uv":[6,10,7,11],"texture":"#1"},"west":{"uv":[6,10,7,11],"texture":"#1"},"up":{"uv":[6,10,7,11],"texture":"#1"},"down":{"uv":[6,10,7,11],"texture":"#1"}}},{"from":[7.3,10,10],"to":[8.7,11,11],"rotation":{"angle":0,"axis":"y","origin":[8,18,18]},"faces":{"north":{"uv":[6,10,7,11],"texture":"#1"},"east":{"uv":[6,10,7,11],"texture":"#1"},"south":{"uv":[6,10,7,11],"texture":"#1"},"west":{"uv":[6,10,7,11],"texture":"#1"},"up":{"uv":[6,10,7,11],"texture":"#1"},"down":{"uv":[6,10,7,11],"texture":"#1"}}},{"from":[7.3,11,11],"to":[8.7,12,12],"rotation":{"angle":0,"axis":"y","origin":[8,19,19]},"faces":{"north":{"uv":[6,10,7,11],"texture":"#1"},"east":{"uv":[6,10,7,11],"texture":"#1"},"south":{"uv":[6,10,7,11],"texture":"#1"},"west":{"uv":[6,10,7,11],"texture":"#1"},"up":{"uv":[6,10,7,11],"texture":"#1"},"down":{"uv":[6,10,7,11],"texture":"#1"}}},{"from":[7.5,1,2],"to":[8.5,2,3],"rotation":{"angle":0,"axis":"y","origin":[8,9,10]},"faces":{"north":{"uv":[4,13,5,14],"texture":"#1"},"east":{"uv":[4,13,5,14],"texture":"#1"},"south":{"uv":[4,13,5,14],"texture":"#1"},"west":{"uv":[4,13,5,14],"texture":"#1"},"up":{"uv":[4,13,5,14],"texture":"#1"},"down":{"uv":[4,13,5,14],"texture":"#1"}}},{"from":[7.5,2,3],"to":[8.5,3,4],"rotation":{"angle":0,"axis":"y","origin":[8,10,11]},"faces":{"north":{"uv":[4,13,5,14],"texture":"#1"},"east":{"uv":[4,13,5,14],"texture":"#1"},"south":{"uv":[4,13,5,14],"texture":"#1"},"west":{"uv":[4,13,5,14],"texture":"#1"},"up":{"uv":[4,13,5,14],"texture":"#1"},"down":{"uv":[4,13,5,14],"texture":"#1"}}},{"from":[7.5,3,4],"to":[8.5,4,5],"rotation":{"angle":0,"axis":"y","origin":[8,11,12]},"faces":{"north":{"uv":[4,13,5,14],"texture":"#1"},"east":{"uv":[4,13,5,14],"texture":"#1"},"south":{"uv":[4,13,5,14],"texture":"#1"},"west":{"uv":[4,13,5,14],"texture":"#1"},"up":{"uv":[4,13,5,14],"texture":"#1"},"down":{"uv":[4,13,5,14],"texture":"#1"}}},{"from":[7.5,4,5],"to":[8.5,5,6],"rotation":{"angle":0,"axis":"y","origin":[8,12,13]},"faces":{"north":{"uv":[4,13,5,14],"texture":"#1"},"east":{"uv":[4,13,5,14],"texture":"#1"},"south":{"uv":[4,13,5,14],"texture":"#1"},"west":{"uv":[4,13,5,14],"texture":"#1"},"up":{"uv":[4,13,5,14],"texture":"#1"},"down":{"uv":[4,13,5,14],"texture":"#1"}}},{"from":[7.5,5,6],"to":[8.5,6,7],"rotation":{"angle":0,"axis":"y","origin":[8,13,14]},"faces":{"north":{"uv":[4,13,5,14],"texture":"#1"},"east":{"uv":[4,13,5,14],"texture":"#1"},"south":{"uv":[4,13,5,14],"texture":"#1"},"west":{"uv":[4,13,5,14],"texture":"#1"},"up":{"uv":[4,13,5,14],"texture":"#1"},"down":{"uv":[4,13,5,14],"texture":"#1"}}},{"from":[7.5,6,7],"to":[8.5,7,8],"rotation":{"angle":0,"axis":"y","origin":[8,14,15]},"faces":{"north":{"uv":[4,13,5,14],"texture":"#1"},"east":{"uv":[4,13,5,14],"texture":"#1"},"south":{"uv":[4,13,5,14],"texture":"#1"},"west":{"uv":[4,13,5,14],"texture":"#1"},"up":{"uv":[4,13,5,14],"texture":"#1"},"down":{"uv":[4,13,5,14],"texture":"#1"}}},{"from":[7.5,7,8],"to":[8.5,8,9],"rotation":{"angle":0,"axis":"y","origin":[8,15,16]},"faces":{"north":{"uv":[4,13,5,14],"texture":"#1"},"east":{"uv":[4,13,5,14],"texture":"#1"},"south":{"uv":[4,13,5,14],"texture":"#1"},"west":{"uv":[4,13,5,14],"texture":"#1"},"up":{"uv":[4,13,5,14],"texture":"#1"},"down":{"uv":[4,13,5,14],"texture":"#1"}}},{"from":[7.5,8,9],"to":[8.5,9,10],"rotation":{"angle":0,"axis":"y","origin":[8,16,17]},"faces":{"north":{"uv":[4,13,5,14],"texture":"#1"},"east":{"uv":[4,13,5,14],"texture":"#1"},"south":{"uv":[4,13,5,14],"texture":"#1"},"west":{"uv":[4,13,5,14],"texture":"#1"},"up":{"uv":[4,13,5,14],"texture":"#1"},"down":{"uv":[4,13,5,14],"texture":"#1"}}},{"from":[7.5,9,10],"to":[8.5,10,11],"rotation":{"angle":0,"axis":"y","origin":[8,17,18]},"faces":{"north":{"uv":[4,13,5,14],"texture":"#1"},"east":{"uv":[4,13,5,14],"texture":"#1"},"south":{"uv":[4,13,5,14],"texture":"#1"},"west":{"uv":[4,13,5,14],"texture":"#1"},"up":{"uv":[4,13,5,14],"texture":"#1"},"down":{"uv":[4,13,5,14],"texture":"#1"}}},{"from":[7.5,10,11],"to":[8.5,11,12],"rotation":{"angle":0,"axis":"y","origin":[8,18,19]},"faces":{"north":{"uv":[4,13,5,14],"texture":"#1"},"east":{"uv":[4,13,5,14],"texture":"#1"},"south":{"uv":[4,13,5,14],"texture":"#1"},"west":{"uv":[4,13,5,14],"texture":"#1"},"up":{"uv":[4,13,5,14],"texture":"#1"},"down":{"uv":[4,13,5,14],"texture":"#1"}}},{"from":[7.5,11,12],"to":[8.5,13,13],"rotation":{"angle":0,"axis":"y","origin":[8,19,20]},"faces":{"north":{"uv":[4,13,5,14],"texture":"#1"},"east":{"uv":[4,13,5,14],"texture":"#1"},"south":{"uv":[4,13,5,14],"texture":"#1"},"west":{"uv":[4,13,5,14],"texture":"#1"},"up":{"uv":[4,13,5,14],"texture":"#1"},"down":{"uv":[4,13,5,14],"texture":"#1"}}},{"from":[6,16,8],"to":[22,16,24],"rotation":{"angle":45,"axis":"z","origin":[14,8,16]},"faces":{"north":{"uv":[0,0,0,16],"rotation":90,"texture":"#missing"},"east":{"uv":[0,0,0,16],"rotation":270,"texture":"#missing"},"south":{"uv":[0,0,0,16],"rotation":90,"texture":"#missing"},"west":{"uv":[0,0,0,16],"rotation":90,"texture":"#missing"},"up":{"uv":[0,0,16,16],"rotation":180,"texture":"#0"},"down":{"uv":[16,0,0,16],"texture":"#0"}}}]}