{"display":{"thirdperson_righthand":{"rotation":[-45,0,0],"translation":[0,2.5,0]},"thirdperson_lefthand":{"rotation":[-45,0,0],"translation":[0,2.5,0]},"firstperson_righthand":{"rotation":[-45,0,0],"translation":[0,2.5,0]},"firstperson_lefthand":{"rotation":[-45,0,0],"translation":[0,2.5,0]},"ground":{"scale":[0.6,0.6,0.6]},"gui":{"rotation":[0,90,0]},"fixed":{"rotation":[0,-90,0],"translation":[1.25,-1.25,0],"scale":[0.6,0.6,0.6]}},"gui_light":"front","texture_size":[32,32],"textures":{"0":"item/netherite_hoe/2","particle":"item/netherite_hoe/2"},"elements":[{"from":[7.5,0,0],"to":[8.5,1,1],"faces":{"north":{"uv":[0,15.5,0.5,16],"texture":"#0"},"east":{"uv":[0,15.5,0.5,16],"texture":"#0"},"south":{"uv":[0,15.5,0.5,16],"texture":"#0"},"west":{"uv":[0,15.5,0.5,16],"texture":"#0"},"up":{"uv":[0,15.5,0.5,16],"texture":"#0"},"down":{"uv":[0,15.5,0.5,16],"texture":"#0"}}},{"from":[7.5,1,0],"to":[8.5,2,1],"faces":{"north":{"uv":[0,15,0.5,15.5],"texture":"#0"},"east":{"uv":[0,15,0.5,15.5],"texture":"#0"},"south":{"uv":[0,15,0.5,15.5],"texture":"#0"},"west":{"uv":[0,15,0.5,15.5],"texture":"#0"},"up":{"uv":[0,15,0.5,15.5],"texture":"#0"},"down":{"uv":[0,15,0.5,15.5],"texture":"#0"}}},{"from":[7.2,1,1],"to":[8.8,2,2],"faces":{"north":{"uv":[0.5,15,1,15.5],"texture":"#0"},"east":{"uv":[0.5,15,1,15.5],"texture":"#0"},"south":{"uv":[0.5,15,1,15.5],"texture":"#0"},"west":{"uv":[0.5,15,1,15.5],"texture":"#0"},"up":{"uv":[0.5,15,1,15.5],"texture":"#0"},"down":{"uv":[0.5,15,1,15.5],"texture":"#0"}}},{"from":[7.5,2,1],"to":[8.5,3,2],"faces":{"north":{"uv":[0.5,14.5,1,15],"texture":"#0"},"east":{"uv":[0.5,14.5,1,15],"texture":"#0"},"south":{"uv":[0.5,14.5,1,15],"texture":"#0"},"west":{"uv":[0.5,14.5,1,15],"texture":"#0"},"up":{"uv":[0.5,14.5,1,15],"texture":"#0"},"down":{"uv":[0.5,14.5,1,15],"texture":"#0"}}},{"from":[7.5,0,1],"to":[8.5,1,2],"faces":{"north":{"uv":[0.5,15.5,1,16],"texture":"#0"},"east":{"uv":[0.5,15.5,1,16],"texture":"#0"},"south":{"uv":[0.5,15.5,1,16],"texture":"#0"},"west":{"uv":[0.5,15.5,1,16],"texture":"#0"},"up":{"uv":[0.5,15.5,1,16],"texture":"#0"},"down":{"uv":[0.5,15.5,1,16],"texture":"#0"}}},{"from":[7.2,2,2],"to":[8.8,3,3],"faces":{"north":{"uv":[1,14.5,1.5,15],"texture":"#0"},"east":{"uv":[1,14.5,1.5,15],"texture":"#0"},"south":{"uv":[1,14.5,1.5,15],"texture":"#0"},"west":{"uv":[1,14.5,1.5,15],"texture":"#0"},"up":{"uv":[1,14.5,1.5,15],"texture":"#0"},"down":{"uv":[1,14.5,1.5,15],"texture":"#0"}}},{"from":[7.5,3,2],"to":[8.5,4,3],"faces":{"north":{"uv":[1,14,1.5,14.5],"texture":"#0"},"east":{"uv":[1,14,1.5,14.5],"texture":"#0"},"south":{"uv":[1,14,1.5,14.5],"texture":"#0"},"west":{"uv":[1,14,1.5,14.5],"texture":"#0"},"up":{"uv":[1,14,1.5,14.5],"texture":"#0"},"down":{"uv":[1,14,1.5,14.5],"texture":"#0"}}},{"from":[7.5,1,2],"to":[8.5,2,3],"faces":{"north":{"uv":[1,15,1.5,15.5],"texture":"#0"},"east":{"uv":[1,15,1.5,15.5],"texture":"#0"},"south":{"uv":[1,15,1.5,15.5],"texture":"#0"},"west":{"uv":[1,15,1.5,15.5],"texture":"#0"},"up":{"uv":[1,15,1.5,15.5],"texture":"#0"},"down":{"uv":[1,15,1.5,15.5],"texture":"#0"}}},{"from":[7.5,4,3],"to":[8.5,5,4],"faces":{"north":{"uv":[1.5,13.5,2,14],"texture":"#0"},"east":{"uv":[1.5,13.5,2,14],"texture":"#0"},"south":{"uv":[1.5,13.5,2,14],"texture":"#0"},"west":{"uv":[1.5,13.5,2,14],"texture":"#0"},"up":{"uv":[1.5,13.5,2,14],"texture":"#0"},"down":{"uv":[1.5,13.5,2,14],"texture":"#0"}}},{"from":[7.3,3,3],"to":[8.7,4,4],"faces":{"north":{"uv":[1.5,14,2,14.5],"texture":"#0"},"east":{"uv":[1.5,14,2,14.5],"texture":"#0"},"south":{"uv":[1.5,14,2,14.5],"texture":"#0"},"west":{"uv":[1.5,14,2,14.5],"texture":"#0"},"up":{"uv":[1.5,14,2,14.5],"texture":"#0"},"down":{"uv":[1.5,14,2,14.5],"texture":"#0"}}},{"from":[7.5,2,3],"to":[8.5,3,4],"faces":{"north":{"uv":[1.5,14.5,2,15],"texture":"#0"},"east":{"uv":[1.5,14.5,2,15],"texture":"#0"},"south":{"uv":[1.5,14.5,2,15],"texture":"#0"},"west":{"uv":[1.5,14.5,2,15],"texture":"#0"},"up":{"uv":[1.5,14.5,2,15],"texture":"#0"},"down":{"uv":[1.5,14.5,2,15],"texture":"#0"}}},{"from":[7.5,5,4],"to":[8.5,6,5],"faces":{"north":{"uv":[2,13,2.5,13.5],"texture":"#0"},"east":{"uv":[2,13,2.5,13.5],"texture":"#0"},"south":{"uv":[2,13,2.5,13.5],"texture":"#0"},"west":{"uv":[2,13,2.5,13.5],"texture":"#0"},"up":{"uv":[2,13,2.5,13.5],"texture":"#0"},"down":{"uv":[2,13,2.5,13.5],"texture":"#0"}}},{"from":[7.3,4,4],"to":[8.7,5,5],"faces":{"north":{"uv":[2,13.5,2.5,14],"texture":"#0"},"east":{"uv":[2,13.5,2.5,14],"texture":"#0"},"south":{"uv":[2,13.5,2.5,14],"texture":"#0"},"west":{"uv":[2,13.5,2.5,14],"texture":"#0"},"up":{"uv":[2,13.5,2.5,14],"texture":"#0"},"down":{"uv":[2,13.5,2.5,14],"texture":"#0"}}},{"from":[7.5,3,4],"to":[8.5,4,5],"faces":{"north":{"uv":[2,14,2.5,14.5],"texture":"#0"},"east":{"uv":[2,14,2.5,14.5],"texture":"#0"},"south":{"uv":[2,14,2.5,14.5],"texture":"#0"},"west":{"uv":[2,14,2.5,14.5],"texture":"#0"},"up":{"uv":[2,14,2.5,14.5],"texture":"#0"},"down":{"uv":[2,14,2.5,14.5],"texture":"#0"}}},{"from":[7.5,6,5],"to":[8.5,7,6],"faces":{"north":{"uv":[2.5,12.5,3,13],"texture":"#0"},"east":{"uv":[2.5,12.5,3,13],"texture":"#0"},"south":{"uv":[2.5,12.5,3,13],"texture":"#0"},"west":{"uv":[2.5,12.5,3,13],"texture":"#0"},"up":{"uv":[2.5,12.5,3,13],"texture":"#0"},"down":{"uv":[2.5,12.5,3,13],"texture":"#0"}}},{"from":[7.3,5,5],"to":[8.7,6,6],"faces":{"north":{"uv":[2.5,13,3,13.5],"texture":"#0"},"east":{"uv":[2.5,13,3,13.5],"texture":"#0"},"south":{"uv":[2.5,13,3,13.5],"texture":"#0"},"west":{"uv":[2.5,13,3,13.5],"texture":"#0"},"up":{"uv":[2.5,13,3,13.5],"texture":"#0"},"down":{"uv":[2.5,13,3,13.5],"texture":"#0"}}},{"from":[7.5,4,5],"to":[8.5,5,6],"faces":{"north":{"uv":[2.5,13.5,3,14],"texture":"#0"},"east":{"uv":[2.5,13.5,3,14],"texture":"#0"},"south":{"uv":[2.5,13.5,3,14],"texture":"#0"},"west":{"uv":[2.5,13.5,3,14],"texture":"#0"},"up":{"uv":[2.5,13.5,3,14],"texture":"#0"},"down":{"uv":[2.5,13.5,3,14],"texture":"#0"}}},{"from":[7.5,7,6],"to":[8.5,8,7],"faces":{"north":{"uv":[3,12,3.5,12.5],"texture":"#0"},"east":{"uv":[3,12,3.5,12.5],"texture":"#0"},"south":{"uv":[3,12,3.5,12.5],"texture":"#0"},"west":{"uv":[3,12,3.5,12.5],"texture":"#0"},"up":{"uv":[3,12,3.5,12.5],"texture":"#0"},"down":{"uv":[3,12,3.5,12.5],"texture":"#0"}}},{"from":[7.3,6,6],"to":[8.7,7,7],"faces":{"north":{"uv":[3,12.5,3.5,13],"texture":"#0"},"east":{"uv":[3,12.5,3.5,13],"texture":"#0"},"south":{"uv":[3,12.5,3.5,13],"texture":"#0"},"west":{"uv":[3,12.5,3.5,13],"texture":"#0"},"up":{"uv":[3,12.5,3.5,13],"texture":"#0"},"down":{"uv":[3,12.5,3.5,13],"texture":"#0"}}},{"from":[7.5,5,6],"to":[8.5,6,7],"faces":{"north":{"uv":[3,13,3.5,13.5],"texture":"#0"},"east":{"uv":[3,13,3.5,13.5],"texture":"#0"},"south":{"uv":[3,13,3.5,13.5],"texture":"#0"},"west":{"uv":[3,13,3.5,13.5],"texture":"#0"},"up":{"uv":[3,13,3.5,13.5],"texture":"#0"},"down":{"uv":[3,13,3.5,13.5],"texture":"#0"}}},{"from":[7.5,8,7],"to":[8.5,9,8],"faces":{"north":{"uv":[3.5,11.5,4,12],"texture":"#0"},"east":{"uv":[3.5,11.5,4,12],"texture":"#0"},"south":{"uv":[3.5,11.5,4,12],"texture":"#0"},"west":{"uv":[3.5,11.5,4,12],"texture":"#0"},"up":{"uv":[3.5,11.5,4,12],"texture":"#0"},"down":{"uv":[3.5,11.5,4,12],"texture":"#0"}}},{"from":[7.3,7,7],"to":[8.7,8,8],"faces":{"north":{"uv":[3.5,12,4,12.5],"texture":"#0"},"east":{"uv":[3.5,12,4,12.5],"texture":"#0"},"south":{"uv":[3.5,12,4,12.5],"texture":"#0"},"west":{"uv":[3.5,12,4,12.5],"texture":"#0"},"up":{"uv":[3.5,12,4,12.5],"texture":"#0"},"down":{"uv":[3.5,12,4,12.5],"texture":"#0"}}},{"from":[7.5,6,7],"to":[8.5,7,8],"faces":{"north":{"uv":[3.5,12.5,4,13],"texture":"#0"},"east":{"uv":[3.5,12.5,4,13],"texture":"#0"},"south":{"uv":[3.5,12.5,4,13],"texture":"#0"},"west":{"uv":[3.5,12.5,4,13],"texture":"#0"},"up":{"uv":[3.5,12.5,4,13],"texture":"#0"},"down":{"uv":[3.5,12.5,4,13],"texture":"#0"}}},{"from":[7.5,9,8],"to":[8.5,10,9],"faces":{"north":{"uv":[4,11,4.5,11.5],"texture":"#0"},"east":{"uv":[4,11,4.5,11.5],"texture":"#0"},"south":{"uv":[4,11,4.5,11.5],"texture":"#0"},"west":{"uv":[4,11,4.5,11.5],"texture":"#0"},"up":{"uv":[4,11,4.5,11.5],"texture":"#0"},"down":{"uv":[4,11,4.5,11.5],"texture":"#0"}}},{"from":[7.3,8,8],"to":[8.7,9,9],"faces":{"north":{"uv":[4,11.5,4.5,12],"texture":"#0"},"east":{"uv":[4,11.5,4.5,12],"texture":"#0"},"south":{"uv":[4,11.5,4.5,12],"texture":"#0"},"west":{"uv":[4,11.5,4.5,12],"texture":"#0"},"up":{"uv":[4,11.5,4.5,12],"texture":"#0"},"down":{"uv":[4,11.5,4.5,12],"texture":"#0"}}},{"from":[7.5,7,8],"to":[8.5,8,9],"faces":{"north":{"uv":[4,12,4.5,12.5],"texture":"#0"},"east":{"uv":[4,12,4.5,12.5],"texture":"#0"},"south":{"uv":[4,12,4.5,12.5],"texture":"#0"},"west":{"uv":[4,12,4.5,12.5],"texture":"#0"},"up":{"uv":[4,12,4.5,12.5],"texture":"#0"},"down":{"uv":[4,12,4.5,12.5],"texture":"#0"}}},{"from":[7.5,10,9],"to":[8.5,11,10],"faces":{"north":{"uv":[4.5,10.5,5,11],"texture":"#0"},"east":{"uv":[4.5,10.5,5,11],"texture":"#0"},"south":{"uv":[4.5,10.5,5,11],"texture":"#0"},"west":{"uv":[4.5,10.5,5,11],"texture":"#0"},"up":{"uv":[4.5,10.5,5,11],"texture":"#0"},"down":{"uv":[4.5,10.5,5,11],"texture":"#0"}}},{"from":[7.3,9,9],"to":[8.7,10,10],"faces":{"north":{"uv":[4.5,11,5,11.5],"texture":"#0"},"east":{"uv":[4.5,11,5,11.5],"texture":"#0"},"south":{"uv":[4.5,11,5,11.5],"texture":"#0"},"west":{"uv":[4.5,11,5,11.5],"texture":"#0"},"up":{"uv":[4.5,11,5,11.5],"texture":"#0"},"down":{"uv":[4.5,11,5,11.5],"texture":"#0"}}},{"from":[7.5,8,9],"to":[8.5,9,10],"faces":{"north":{"uv":[4.5,11.5,5,12],"texture":"#0"},"east":{"uv":[4.5,11.5,5,12],"texture":"#0"},"south":{"uv":[4.5,11.5,5,12],"texture":"#0"},"west":{"uv":[4.5,11.5,5,12],"texture":"#0"},"up":{"uv":[4.5,11.5,5,12],"texture":"#0"},"down":{"uv":[4.5,11.5,5,12],"texture":"#0"}}},{"from":[7.5,11,10],"to":[8.5,12,11],"faces":{"north":{"uv":[5,10,5.5,10.5],"texture":"#0"},"east":{"uv":[5,10,5.5,10.5],"texture":"#0"},"south":{"uv":[5,10,5.5,10.5],"texture":"#0"},"west":{"uv":[5,10,5.5,10.5],"texture":"#0"},"up":{"uv":[5,10,5.5,10.5],"texture":"#0"},"down":{"uv":[5,10,5.5,10.5],"texture":"#0"}}},{"from":[7.5,12,10],"to":[8.5,13,11],"faces":{"north":{"uv":[5,9.5,5.5,10],"texture":"#0"},"east":{"uv":[5,9.5,5.5,10],"texture":"#0"},"south":{"uv":[5,9.5,5.5,10],"texture":"#0"},"west":{"uv":[5,9.5,5.5,10],"texture":"#0"},"up":{"uv":[5,9.5,5.5,10],"texture":"#0"},"down":{"uv":[5,9.5,5.5,10],"texture":"#0"}}},{"from":[7.3,10,10],"to":[8.7,11,11],"faces":{"north":{"uv":[5,10.5,5.5,11],"texture":"#0"},"east":{"uv":[5,10.5,5.5,11],"texture":"#0"},"south":{"uv":[5,10.5,5.5,11],"texture":"#0"},"west":{"uv":[5,10.5,5.5,11],"texture":"#0"},"up":{"uv":[5,10.5,5.5,11],"texture":"#0"},"down":{"uv":[5,10.5,5.5,11],"texture":"#0"}}},{"from":[7.5,9,10],"to":[8.5,10,11],"faces":{"north":{"uv":[5,11,5.5,11.5],"texture":"#0"},"east":{"uv":[5,11,5.5,11.5],"texture":"#0"},"south":{"uv":[5,11,5.5,11.5],"texture":"#0"},"west":{"uv":[5,11,5.5,11.5],"texture":"#0"},"up":{"uv":[5,11,5.5,11.5],"texture":"#0"},"down":{"uv":[5,11,5.5,11.5],"texture":"#0"}}},{"from":[7.3,11,11],"to":[8.7,12,12],"faces":{"north":{"uv":[5.5,10,6,10.5],"texture":"#0"},"east":{"uv":[5.5,10,6,10.5],"texture":"#0"},"south":{"uv":[5.5,10,6,10.5],"texture":"#0"},"west":{"uv":[5.5,10,6,10.5],"texture":"#0"},"up":{"uv":[5.5,10,6,10.5],"texture":"#0"},"down":{"uv":[5.5,10,6,10.5],"texture":"#0"}}},{"from":[7.5,10,11],"to":[8.5,11,12],"faces":{"north":{"uv":[5.5,10.5,6,11],"texture":"#0"},"east":{"uv":[5.5,10.5,6,11],"texture":"#0"},"south":{"uv":[5.5,10.5,6,11],"texture":"#0"},"west":{"uv":[5.5,10.5,6,11],"texture":"#0"},"up":{"uv":[5.5,10.5,6,11],"texture":"#0"},"down":{"uv":[5.5,10.5,6,11],"texture":"#0"}}},{"from":[7.2,10,12],"to":[8.8,11,13],"faces":{"north":{"uv":[6,10.5,6.5,11],"texture":"#0"},"east":{"uv":[6,10.5,6.5,11],"texture":"#0"},"south":{"uv":[6,10.5,6.5,11],"texture":"#0"},"west":{"uv":[6,10.5,6.5,11],"texture":"#0"},"up":{"uv":[6,10.5,6.5,11],"texture":"#0"},"down":{"uv":[6,10.5,6.5,11],"texture":"#0"}}},{"from":[7.2,10,13],"to":[8.8,11,14],"faces":{"north":{"uv":[6.5,10.5,7,11],"texture":"#0"},"east":{"uv":[6.5,10.5,7,11],"texture":"#0"},"south":{"uv":[6.5,10.5,7,11],"texture":"#0"},"west":{"uv":[6.5,10.5,7,11],"texture":"#0"},"up":{"uv":[6.5,10.5,7,11],"texture":"#0"},"down":{"uv":[6.5,10.5,7,11],"texture":"#0"}}},{"from":[7.5,10,14],"to":[8.5,11,15],"faces":{"north":{"uv":[7,10.5,7.5,11],"texture":"#0"},"east":{"uv":[7,10.5,7.5,11],"texture":"#0"},"south":{"uv":[7,10.5,7.5,11],"texture":"#0"},"west":{"uv":[7,10.5,7.5,11],"texture":"#0"},"up":{"uv":[7,10.5,7.5,11],"texture":"#0"},"down":{"uv":[7,10.5,7.5,11],"texture":"#0"}}},{"from":[7.5,11,14],"to":[8.5,12,15],"faces":{"north":{"uv":[7,10,7.5,10.5],"texture":"#0"},"east":{"uv":[7,10,7.5,10.5],"texture":"#0"},"south":{"uv":[7,10,7.5,10.5],"texture":"#0"},"west":{"uv":[7,10,7.5,10.5],"texture":"#0"},"up":{"uv":[7,10,7.5,10.5],"texture":"#0"},"down":{"uv":[7,10,7.5,10.5],"texture":"#0"}}},{"from":[7.3,11,13],"to":[8.7,12,14],"faces":{"north":{"uv":[6.5,10,7,10.5],"texture":"#0"},"east":{"uv":[6.5,10,7,10.5],"texture":"#0"},"south":{"uv":[6.5,10,7,10.5],"texture":"#0"},"west":{"uv":[6.5,10,7,10.5],"texture":"#0"},"up":{"uv":[6.5,10,7,10.5],"texture":"#0"},"down":{"uv":[6.5,10,7,10.5],"texture":"#0"}}},{"from":[7.5,12,13],"to":[8.5,13,14],"faces":{"north":{"uv":[6.5,9.5,7,10],"texture":"#0"},"east":{"uv":[6.5,9.5,7,10],"texture":"#0"},"south":{"uv":[6.5,9.5,7,10],"texture":"#0"},"west":{"uv":[6.5,9.5,7,10],"texture":"#0"},"up":{"uv":[6.5,9.5,7,10],"texture":"#0"},"down":{"uv":[6.5,9.5,7,10],"texture":"#0"}}},{"from":[7.2,12,12],"to":[8.8,13,13],"faces":{"north":{"uv":[6,9.5,6.5,10],"texture":"#0"},"east":{"uv":[6,9.5,6.5,10],"texture":"#0"},"south":{"uv":[6,9.5,6.5,10],"texture":"#0"},"west":{"uv":[6,9.5,6.5,10],"texture":"#0"},"up":{"uv":[6,9.5,6.5,10],"texture":"#0"},"down":{"uv":[6,9.5,6.5,10],"texture":"#0"}}},{"from":[7.5,13,12],"to":[8.5,14,13],"faces":{"north":{"uv":[6,9,6.5,9.5],"texture":"#0"},"east":{"uv":[6,9,6.5,9.5],"texture":"#0"},"south":{"uv":[6,9,6.5,9.5],"texture":"#0"},"west":{"uv":[6,9,6.5,9.5],"texture":"#0"},"up":{"uv":[6,9,6.5,9.5],"texture":"#0"},"down":{"uv":[6,9,6.5,9.5],"texture":"#0"}}},{"from":[7.2,13,11],"to":[8.8,14,12],"faces":{"north":{"uv":[5.5,9,6,9.5],"texture":"#0"},"east":{"uv":[5.5,9,6,9.5],"texture":"#0"},"south":{"uv":[5.5,9,6,9.5],"texture":"#0"},"west":{"uv":[5.5,9,6,9.5],"texture":"#0"},"up":{"uv":[5.5,9,6,9.5],"texture":"#0"},"down":{"uv":[5.5,9,6,9.5],"texture":"#0"}}},{"from":[7.2,13,10],"to":[8.8,14,11],"faces":{"north":{"uv":[5,9,5.5,9.5],"texture":"#0"},"east":{"uv":[5,9,5.5,9.5],"texture":"#0"},"south":{"uv":[5,9,5.5,9.5],"texture":"#0"},"west":{"uv":[5,9,5.5,9.5],"texture":"#0"},"up":{"uv":[5,9,5.5,9.5],"texture":"#0"},"down":{"uv":[5,9,5.5,9.5],"texture":"#0"}}},{"from":[7.2,14,10],"to":[8.8,15,11],"faces":{"north":{"uv":[5,8.5,5.5,9],"texture":"#0"},"east":{"uv":[5,8.5,5.5,9],"texture":"#0"},"south":{"uv":[5,8.5,5.5,9],"texture":"#0"},"west":{"uv":[5,8.5,5.5,9],"texture":"#0"},"up":{"uv":[5,8.5,5.5,9],"texture":"#0"},"down":{"uv":[5,8.5,5.5,9],"texture":"#0"}}},{"from":[7.3,14,11],"to":[8.7,15,12],"faces":{"north":{"uv":[5.5,8.5,6,9],"texture":"#0"},"east":{"uv":[5.5,8.5,6,9],"texture":"#0"},"south":{"uv":[5.5,8.5,6,9],"texture":"#0"},"west":{"uv":[5.5,8.5,6,9],"texture":"#0"},"up":{"uv":[5.5,8.5,6,9],"texture":"#0"},"down":{"uv":[5.5,8.5,6,9],"texture":"#0"}}},{"from":[7.5,14,12],"to":[8.5,15,13],"faces":{"north":{"uv":[6,8.5,6.5,9],"texture":"#0"},"east":{"uv":[6,8.5,6.5,9],"texture":"#0"},"south":{"uv":[6,8.5,6.5,9],"texture":"#0"},"west":{"uv":[6,8.5,6.5,9],"texture":"#0"},"up":{"uv":[6,8.5,6.5,9],"texture":"#0"},"down":{"uv":[6,8.5,6.5,9],"texture":"#0"}}},{"from":[7.2,15,9],"to":[8.8,16,10],"faces":{"north":{"uv":[4.5,8,5,8.5],"texture":"#0"},"east":{"uv":[4.5,8,5,8.5],"texture":"#0"},"south":{"uv":[4.5,8,5,8.5],"texture":"#0"},"west":{"uv":[4.5,8,5,8.5],"texture":"#0"},"up":{"uv":[4.5,8,5,8.5],"texture":"#0"},"down":{"uv":[4.5,8,5,8.5],"texture":"#0"}}},{"from":[7.2,15,10],"to":[8.8,16,11],"faces":{"north":{"uv":[5,8,5.5,8.5],"texture":"#0"},"east":{"uv":[5,8,5.5,8.5],"texture":"#0"},"south":{"uv":[5,8,5.5,8.5],"texture":"#0"},"west":{"uv":[5,8,5.5,8.5],"texture":"#0"},"up":{"uv":[5,8,5.5,8.5],"texture":"#0"},"down":{"uv":[5,8,5.5,8.5],"texture":"#0"}}},{"from":[7.5,15,11],"to":[8.5,16,12],"faces":{"north":{"uv":[5.5,8,6,8.5],"texture":"#0"},"east":{"uv":[5.5,8,6,8.5],"texture":"#0"},"south":{"uv":[5.5,8,6,8.5],"texture":"#0"},"west":{"uv":[5.5,8,6,8.5],"texture":"#0"},"up":{"uv":[5.5,8,6,8.5],"texture":"#0"},"down":{"uv":[5.5,8,6,8.5],"texture":"#0"}}},{"from":[7.2,16,8],"to":[8.8,17,9],"faces":{"north":{"uv":[4,7.5,4.5,8],"texture":"#0"},"east":{"uv":[4,7.5,4.5,8],"texture":"#0"},"south":{"uv":[4,7.5,4.5,8],"texture":"#0"},"west":{"uv":[4,7.5,4.5,8],"texture":"#0"},"up":{"uv":[4,7.5,4.5,8],"texture":"#0"},"down":{"uv":[4,7.5,4.5,8],"texture":"#0"}}},{"from":[7.5,16,9],"to":[8.5,17,10],"faces":{"north":{"uv":[4.5,7.5,5,8],"texture":"#0"},"east":{"uv":[4.5,7.5,5,8],"texture":"#0"},"south":{"uv":[4.5,7.5,5,8],"texture":"#0"},"west":{"uv":[4.5,7.5,5,8],"texture":"#0"},"up":{"uv":[4.5,7.5,5,8],"texture":"#0"},"down":{"uv":[4.5,7.5,5,8],"texture":"#0"}}},{"from":[7.5,16,10],"to":[8.5,17,11],"faces":{"north":{"uv":[5,7.5,5.5,8],"texture":"#0"},"east":{"uv":[5,7.5,5.5,8],"texture":"#0"},"south":{"uv":[5,7.5,5.5,8],"texture":"#0"},"west":{"uv":[5,7.5,5.5,8],"texture":"#0"},"up":{"uv":[5,7.5,5.5,8],"texture":"#0"},"down":{"uv":[5,7.5,5.5,8],"texture":"#0"}}},{"from":[7.5,17,6],"to":[8.5,18,7],"faces":{"north":{"uv":[3,7,3.5,7.5],"texture":"#0"},"east":{"uv":[3,7,3.5,7.5],"texture":"#0"},"south":{"uv":[3,7,3.5,7.5],"texture":"#0"},"west":{"uv":[3,7,3.5,7.5],"texture":"#0"},"up":{"uv":[3,7,3.5,7.5],"texture":"#0"},"down":{"uv":[3,7,3.5,7.5],"texture":"#0"}}},{"from":[7.5,17,7],"to":[8.5,18,8],"faces":{"north":{"uv":[3.5,7,4,7.5],"texture":"#0"},"east":{"uv":[3.5,7,4,7.5],"texture":"#0"},"south":{"uv":[3.5,7,4,7.5],"texture":"#0"},"west":{"uv":[3.5,7,4,7.5],"texture":"#0"},"up":{"uv":[3.5,7,4,7.5],"texture":"#0"},"down":{"uv":[3.5,7,4,7.5],"texture":"#0"}}},{"from":[7.2,16,7],"to":[8.8,17,8],"faces":{"north":{"uv":[3.5,7.5,4,8],"texture":"#0"},"east":{"uv":[3.5,7.5,4,8],"texture":"#0"},"south":{"uv":[3.5,7.5,4,8],"texture":"#0"},"west":{"uv":[3.5,7.5,4,8],"texture":"#0"},"up":{"uv":[3.5,7.5,4,8],"texture":"#0"},"down":{"uv":[3.5,7.5,4,8],"texture":"#0"}}},{"from":[7.2,15,8],"to":[8.8,16,9],"faces":{"north":{"uv":[4,8,4.5,8.5],"texture":"#0"},"east":{"uv":[4,8,4.5,8.5],"texture":"#0"},"south":{"uv":[4,8,4.5,8.5],"texture":"#0"},"west":{"uv":[4,8,4.5,8.5],"texture":"#0"},"up":{"uv":[4,8,4.5,8.5],"texture":"#0"},"down":{"uv":[4,8,4.5,8.5],"texture":"#0"}}},{"from":[7.2,14,9],"to":[8.8,15,10],"faces":{"north":{"uv":[4.5,8.5,5,9],"texture":"#0"},"east":{"uv":[4.5,8.5,5,9],"texture":"#0"},"south":{"uv":[4.5,8.5,5,9],"texture":"#0"},"west":{"uv":[4.5,8.5,5,9],"texture":"#0"},"up":{"uv":[4.5,8.5,5,9],"texture":"#0"},"down":{"uv":[4.5,8.5,5,9],"texture":"#0"}}},{"from":[7.5,15,7],"to":[8.5,16,8],"faces":{"north":{"uv":[3.5,8,4,8.5],"texture":"#0"},"east":{"uv":[3.5,8,4,8.5],"texture":"#0"},"south":{"uv":[3.5,8,4,8.5],"texture":"#0"},"west":{"uv":[3.5,8,4,8.5],"texture":"#0"},"up":{"uv":[3.5,8,4,8.5],"texture":"#0"},"down":{"uv":[3.5,8,4,8.5],"texture":"#0"}}},{"from":[7.2,16,6],"to":[8.8,17,7],"faces":{"north":{"uv":[3,7.5,3.5,8],"texture":"#0"},"east":{"uv":[3,7.5,3.5,8],"texture":"#0"},"south":{"uv":[3,7.5,3.5,8],"texture":"#0"},"west":{"uv":[3,7.5,3.5,8],"texture":"#0"},"up":{"uv":[3,7.5,3.5,8],"texture":"#0"},"down":{"uv":[3,7.5,3.5,8],"texture":"#0"}}},{"from":[7.2,16,5],"to":[8.8,17,6],"faces":{"north":{"uv":[2.5,7.5,3,8],"texture":"#0"},"east":{"uv":[2.5,7.5,3,8],"texture":"#0"},"south":{"uv":[2.5,7.5,3,8],"texture":"#0"},"west":{"uv":[2.5,7.5,3,8],"texture":"#0"},"up":{"uv":[2.5,7.5,3,8],"texture":"#0"},"down":{"uv":[2.5,7.5,3,8],"texture":"#0"}}},{"from":[7.5,14,8],"to":[8.5,15,9],"faces":{"north":{"uv":[4,8.5,4.5,9],"texture":"#0"},"east":{"uv":[4,8.5,4.5,9],"texture":"#0"},"south":{"uv":[4,8.5,4.5,9],"texture":"#0"},"west":{"uv":[4,8.5,4.5,9],"texture":"#0"},"up":{"uv":[4,8.5,4.5,9],"texture":"#0"},"down":{"uv":[4,8.5,4.5,9],"texture":"#0"}}},{"from":[7.5,13,9],"to":[8.5,14,10],"faces":{"north":{"uv":[4.5,9,5,9.5],"texture":"#0"},"east":{"uv":[4.5,9,5,9.5],"texture":"#0"},"south":{"uv":[4.5,9,5,9.5],"texture":"#0"},"west":{"uv":[4.5,9,5,9.5],"texture":"#0"},"up":{"uv":[4.5,9,5,9.5],"texture":"#0"},"down":{"uv":[4.5,9,5,9.5],"texture":"#0"}}},{"from":[7.5,17,8],"to":[8.5,18,9],"faces":{"north":{"uv":[4,7,4.5,7.5],"texture":"#0"},"east":{"uv":[4,7,4.5,7.5],"texture":"#0"},"south":{"uv":[4,7,4.5,7.5],"texture":"#0"},"west":{"uv":[4,7,4.5,7.5],"texture":"#0"},"up":{"uv":[4,7,4.5,7.5],"texture":"#0"},"down":{"uv":[4,7,4.5,7.5],"texture":"#0"}}},{"from":[7.2,9,13],"to":[8.8,10,14],"faces":{"north":{"uv":[6.5,11,7,11.5],"texture":"#0"},"east":{"uv":[6.5,11,7,11.5],"texture":"#0"},"south":{"uv":[6.5,11,7,11.5],"texture":"#0"},"west":{"uv":[6.5,11,7,11.5],"texture":"#0"},"up":{"uv":[6.5,11,7,11.5],"texture":"#0"},"down":{"uv":[6.5,11,7,11.5],"texture":"#0"}}},{"from":[7.3,9,14],"to":[8.7,10,15],"faces":{"north":{"uv":[7,11,7.5,11.5],"texture":"#0"},"east":{"uv":[7,11,7.5,11.5],"texture":"#0"},"south":{"uv":[7,11,7.5,11.5],"texture":"#0"},"west":{"uv":[7,11,7.5,11.5],"texture":"#0"},"up":{"uv":[7,11,7.5,11.5],"texture":"#0"},"down":{"uv":[7,11,7.5,11.5],"texture":"#0"}}},{"from":[7.5,9,15],"to":[8.5,10,16],"faces":{"north":{"uv":[7.5,11,8,11.5],"texture":"#0"},"east":{"uv":[7.5,11,8,11.5],"texture":"#0"},"south":{"uv":[7.5,11,8,11.5],"texture":"#0"},"west":{"uv":[7.5,11,8,11.5],"texture":"#0"},"up":{"uv":[7.5,11,8,11.5],"texture":"#0"},"down":{"uv":[7.5,11,8,11.5],"texture":"#0"}}},{"from":[7.2,8,14],"to":[8.8,9,15],"faces":{"north":{"uv":[7,11.5,7.5,12],"texture":"#0"},"east":{"uv":[7,11.5,7.5,12],"texture":"#0"},"south":{"uv":[7,11.5,7.5,12],"texture":"#0"},"west":{"uv":[7,11.5,7.5,12],"texture":"#0"},"up":{"uv":[7,11.5,7.5,12],"texture":"#0"},"down":{"uv":[7,11.5,7.5,12],"texture":"#0"}}},{"from":[7.5,8,15],"to":[8.5,9,16],"faces":{"north":{"uv":[7.5,11.5,8,12],"texture":"#0"},"east":{"uv":[7.5,11.5,8,12],"texture":"#0"},"south":{"uv":[7.5,11.5,8,12],"texture":"#0"},"west":{"uv":[7.5,11.5,8,12],"texture":"#0"},"up":{"uv":[7.5,11.5,8,12],"texture":"#0"},"down":{"uv":[7.5,11.5,8,12],"texture":"#0"}}},{"from":[7.5,7,15],"to":[8.5,8,16],"faces":{"north":{"uv":[7.5,12,8,12.5],"texture":"#0"},"east":{"uv":[7.5,12,8,12.5],"texture":"#0"},"south":{"uv":[7.5,12,8,12.5],"texture":"#0"},"west":{"uv":[7.5,12,8,12.5],"texture":"#0"},"up":{"uv":[7.5,12,8,12.5],"texture":"#0"},"down":{"uv":[7.5,12,8,12.5],"texture":"#0"}}}]}