{"display":{"thirdperson_righthand":{"rotation":[45,-180,0],"translation":[0,5.5,0.5]},"thirdperson_lefthand":{"rotation":[45,-180,0],"translation":[0,5.5,0.5]},"firstperson_righthand":{"rotation":[45,-180,0],"translation":[0,5.5,0.5]},"firstperson_lefthand":{"rotation":[45,-180,0],"translation":[0,5.5,0.5]},"ground":{"scale":[0.6,0.6,0.6]},"gui":{"rotation":[0,90,0]},"fixed":{"rotation":[0,-90,0]}},"gui_light":"front","textures":{"0":"item/iron_sword/11","particle":"item/iron_sword/11"},"elements":[{"from":[7.2,0,0],"to":[8.8,1,1],"faces":{"north":{"uv":[0,15,1,16],"texture":"#0"},"east":{"uv":[0,15,1,16],"texture":"#0"},"south":{"uv":[0,15,1,16],"texture":"#0"},"west":{"uv":[0,15,1,16],"texture":"#0"},"up":{"uv":[0,15,1,16],"texture":"#0"},"down":{"uv":[0,15,1,16],"texture":"#0"}}},{"from":[7.3,0,1],"to":[8.7,1,2],"rotation":{"angle":0,"axis":"y","origin":[8,8,9]},"faces":{"north":{"uv":[1,15,2,16],"texture":"#0"},"east":{"uv":[1,15,2,16],"texture":"#0"},"south":{"uv":[1,15,2,16],"texture":"#0"},"west":{"uv":[1,15,2,16],"texture":"#0"},"up":{"uv":[1,15,2,16],"texture":"#0"},"down":{"uv":[1,15,2,16],"texture":"#0"}}},{"from":[7.3,1,0],"to":[8.7,2,1],"rotation":{"angle":0,"axis":"y","origin":[8,9,8]},"faces":{"north":{"uv":[0,14,1,15],"texture":"#0"},"east":{"uv":[0,14,1,15],"texture":"#0"},"south":{"uv":[0,14,1,15],"texture":"#0"},"west":{"uv":[0,14,1,15],"texture":"#0"},"up":{"uv":[0,14,1,15],"texture":"#0"},"down":{"uv":[0,14,1,15],"texture":"#0"}}},{"from":[7.2,1,1],"to":[8.8,2,2],"rotation":{"angle":0,"axis":"y","origin":[8,9,9]},"faces":{"north":{"uv":[1,14,2,15],"texture":"#0"},"east":{"uv":[1,14,2,15],"texture":"#0"},"south":{"uv":[1,14,2,15],"texture":"#0"},"west":{"uv":[1,14,2,15],"texture":"#0"},"up":{"uv":[1,14,2,15],"texture":"#0"},"down":{"uv":[1,14,2,15],"texture":"#0"}}},{"from":[7.3,1,2],"to":[8.7,2,3],"rotation":{"angle":0,"axis":"y","origin":[8,9,10]},"faces":{"north":{"uv":[2,14,3,15],"texture":"#0"},"east":{"uv":[2,14,3,15],"texture":"#0"},"south":{"uv":[2,14,3,15],"texture":"#0"},"west":{"uv":[2,14,3,15],"texture":"#0"},"up":{"uv":[2,14,3,15],"texture":"#0"},"down":{"uv":[2,14,3,15],"texture":"#0"}}},{"from":[7.5,1,3],"to":[8.5,2,4],"rotation":{"angle":0,"axis":"y","origin":[8,9,11]},"faces":{"north":{"uv":[3,14,4,15],"texture":"#0"},"east":{"uv":[3,14,4,15],"texture":"#0"},"south":{"uv":[3,14,4,15],"texture":"#0"},"west":{"uv":[3,14,4,15],"texture":"#0"},"up":{"uv":[3,14,4,15],"texture":"#0"},"down":{"uv":[3,14,4,15],"texture":"#0"}}},{"from":[7.5,2,1],"to":[8.5,3,2],"rotation":{"angle":0,"axis":"y","origin":[8,10,9]},"faces":{"north":{"uv":[1,13,2,14],"texture":"#0"},"east":{"uv":[1,13,2,14],"texture":"#0"},"south":{"uv":[1,13,2,14],"texture":"#0"},"west":{"uv":[1,13,2,14],"texture":"#0"},"up":{"uv":[1,13,2,14],"texture":"#0"},"down":{"uv":[1,13,2,14],"texture":"#0"}}},{"from":[7.5,2,2],"to":[8.5,3,3],"rotation":{"angle":0,"axis":"y","origin":[8,10,10]},"faces":{"north":{"uv":[2,13,3,14],"texture":"#0"},"east":{"uv":[2,13,3,14],"texture":"#0"},"south":{"uv":[2,13,3,14],"texture":"#0"},"west":{"uv":[2,13,3,14],"texture":"#0"},"up":{"uv":[2,13,3,14],"texture":"#0"},"down":{"uv":[2,13,3,14],"texture":"#0"}}},{"from":[7.3,2,3],"to":[8.7,3,4],"rotation":{"angle":0,"axis":"y","origin":[8,10,11]},"faces":{"north":{"uv":[3,13,4,14],"texture":"#0"},"east":{"uv":[3,13,4,14],"texture":"#0"},"south":{"uv":[3,13,4,14],"texture":"#0"},"west":{"uv":[3,13,4,14],"texture":"#0"},"up":{"uv":[3,13,4,14],"texture":"#0"},"down":{"uv":[3,13,4,14],"texture":"#0"}}},{"from":[7.5,2,4],"to":[8.5,3,5],"rotation":{"angle":0,"axis":"y","origin":[8,10,12]},"faces":{"north":{"uv":[4,13,5,14],"texture":"#0"},"east":{"uv":[4,13,5,14],"texture":"#0"},"south":{"uv":[4,13,5,14],"texture":"#0"},"west":{"uv":[4,13,5,14],"texture":"#0"},"up":{"uv":[4,13,5,14],"texture":"#0"},"down":{"uv":[4,13,5,14],"texture":"#0"}}},{"from":[7.5,3,3],"to":[8.5,4,4],"rotation":{"angle":0,"axis":"y","origin":[8,11,11]},"faces":{"north":{"uv":[3,12,4,13],"texture":"#0"},"east":{"uv":[3,12,4,13],"texture":"#0"},"south":{"uv":[3,12,4,13],"texture":"#0"},"west":{"uv":[3,12,4,13],"texture":"#0"},"up":{"uv":[3,12,4,13],"texture":"#0"},"down":{"uv":[3,12,4,13],"texture":"#0"}}},{"from":[7.3,3,4],"to":[8.7,4,5],"rotation":{"angle":0,"axis":"y","origin":[8,11,12]},"faces":{"north":{"uv":[4,12,5,13],"texture":"#0"},"east":{"uv":[4,12,5,13],"texture":"#0"},"south":{"uv":[4,12,5,13],"texture":"#0"},"west":{"uv":[4,12,5,13],"texture":"#0"},"up":{"uv":[4,12,5,13],"texture":"#0"},"down":{"uv":[4,12,5,13],"texture":"#0"}}},{"from":[7.5,4,4],"to":[8.5,5,5],"rotation":{"angle":0,"axis":"y","origin":[8,12,12]},"faces":{"north":{"uv":[4,11,5,12],"texture":"#0"},"east":{"uv":[4,11,5,12],"texture":"#0"},"south":{"uv":[4,11,5,12],"texture":"#0"},"west":{"uv":[4,11,5,12],"texture":"#0"},"up":{"uv":[4,11,5,12],"texture":"#0"},"down":{"uv":[4,11,5,12],"texture":"#0"}}},{"from":[7.2,4,5],"to":[8.8,5,6],"rotation":{"angle":0,"axis":"y","origin":[8,12,13]},"faces":{"north":{"uv":[5,11,6,12],"texture":"#0"},"east":{"uv":[5,11,6,12],"texture":"#0"},"south":{"uv":[5,11,6,12],"texture":"#0"},"west":{"uv":[5,11,6,12],"texture":"#0"},"up":{"uv":[5,11,6,12],"texture":"#0"},"down":{"uv":[5,11,6,12],"texture":"#0"}}},{"from":[7.2,4,6],"to":[8.8,5,7],"rotation":{"angle":0,"axis":"y","origin":[8,12,14]},"faces":{"north":{"uv":[6,11,7,12],"texture":"#0"},"east":{"uv":[6,11,7,12],"texture":"#0"},"south":{"uv":[6,11,7,12],"texture":"#0"},"west":{"uv":[6,11,7,12],"texture":"#0"},"up":{"uv":[6,11,7,12],"texture":"#0"},"down":{"uv":[6,11,7,12],"texture":"#0"}}},{"from":[7.5,4,7],"to":[8.5,5,8],"rotation":{"angle":0,"axis":"y","origin":[8,12,15]},"faces":{"north":{"uv":[7,11,8,12],"texture":"#0"},"east":{"uv":[7,11,8,12],"texture":"#0"},"south":{"uv":[7,11,8,12],"texture":"#0"},"west":{"uv":[7,11,8,12],"texture":"#0"},"up":{"uv":[7,11,8,12],"texture":"#0"},"down":{"uv":[7,11,8,12],"texture":"#0"}}},{"from":[7.5,5,4],"to":[8.5,6,5],"rotation":{"angle":0,"axis":"y","origin":[8,13,12]},"faces":{"north":{"uv":[4,10,5,11],"texture":"#0"},"east":{"uv":[4,10,5,11],"texture":"#0"},"south":{"uv":[4,10,5,11],"texture":"#0"},"west":{"uv":[4,10,5,11],"texture":"#0"},"up":{"uv":[4,10,5,11],"texture":"#0"},"down":{"uv":[4,10,5,11],"texture":"#0"}}},{"from":[7.3,5,5],"to":[8.7,6,6],"rotation":{"angle":0,"axis":"y","origin":[8,13,13]},"faces":{"north":{"uv":[5,10,6,11],"texture":"#0"},"east":{"uv":[5,10,6,11],"texture":"#0"},"south":{"uv":[5,10,6,11],"texture":"#0"},"west":{"uv":[5,10,6,11],"texture":"#0"},"up":{"uv":[5,10,6,11],"texture":"#0"},"down":{"uv":[5,10,6,11],"texture":"#0"}}},{"from":[7.2,5,6],"to":[8.8,6,7],"rotation":{"angle":0,"axis":"y","origin":[8,13,14]},"faces":{"north":{"uv":[6,10,7,11],"texture":"#0"},"east":{"uv":[6,10,7,11],"texture":"#0"},"south":{"uv":[6,10,7,11],"texture":"#0"},"west":{"uv":[6,10,7,11],"texture":"#0"},"up":{"uv":[6,10,7,11],"texture":"#0"},"down":{"uv":[6,10,7,11],"texture":"#0"}}},{"from":[7.2,5,7],"to":[8.8,6,8],"rotation":{"angle":0,"axis":"y","origin":[8,13,15]},"faces":{"north":{"uv":[7,10,8,11],"texture":"#0"},"east":{"uv":[7,10,8,11],"texture":"#0"},"south":{"uv":[7,10,8,11],"texture":"#0"},"west":{"uv":[7,10,8,11],"texture":"#0"},"up":{"uv":[7,10,8,11],"texture":"#0"},"down":{"uv":[7,10,8,11],"texture":"#0"}}},{"from":[7.5,5,8],"to":[8.5,6,9],"rotation":{"angle":0,"axis":"y","origin":[8,13,16]},"faces":{"north":{"uv":[8,10,9,11],"texture":"#0"},"east":{"uv":[8,10,9,11],"texture":"#0"},"south":{"uv":[8,10,9,11],"texture":"#0"},"west":{"uv":[8,10,9,11],"texture":"#0"},"up":{"uv":[8,10,9,11],"texture":"#0"},"down":{"uv":[8,10,9,11],"texture":"#0"}}},{"from":[7.5,5,9],"to":[8.5,6,10],"rotation":{"angle":0,"axis":"y","origin":[8,13,17]},"faces":{"north":{"uv":[9,10,10,11],"texture":"#0"},"east":{"uv":[9,10,10,11],"texture":"#0"},"south":{"uv":[9,10,10,11],"texture":"#0"},"west":{"uv":[9,10,10,11],"texture":"#0"},"up":{"uv":[9,10,10,11],"texture":"#0"},"down":{"uv":[9,10,10,11],"texture":"#0"}}},{"from":[7.2,6,9],"to":[8.8,7,10],"rotation":{"angle":0,"axis":"y","origin":[8,14,17]},"faces":{"north":{"uv":[9,9,10,10],"texture":"#0"},"east":{"uv":[9,9,10,10],"texture":"#0"},"south":{"uv":[9,9,10,10],"texture":"#0"},"west":{"uv":[9,9,10,10],"texture":"#0"},"up":{"uv":[9,9,10,10],"texture":"#0"},"down":{"uv":[9,9,10,10],"texture":"#0"}}},{"from":[7.5,6,10],"to":[8.5,7,11],"rotation":{"angle":0,"axis":"y","origin":[8,14,18]},"faces":{"north":{"uv":[10,9,11,10],"texture":"#0"},"east":{"uv":[10,9,11,10],"texture":"#0"},"south":{"uv":[10,9,11,10],"texture":"#0"},"west":{"uv":[10,9,11,10],"texture":"#0"},"up":{"uv":[10,9,11,10],"texture":"#0"},"down":{"uv":[10,9,11,10],"texture":"#0"}}},{"from":[7.2,7,10],"to":[8.8,8,11],"rotation":{"angle":0,"axis":"y","origin":[8,15,18]},"faces":{"north":{"uv":[10,8,11,9],"texture":"#0"},"east":{"uv":[10,8,11,9],"texture":"#0"},"south":{"uv":[10,8,11,9],"texture":"#0"},"west":{"uv":[10,8,11,9],"texture":"#0"},"up":{"uv":[10,8,11,9],"texture":"#0"},"down":{"uv":[10,8,11,9],"texture":"#0"}}},{"from":[7.5,7,11],"to":[8.5,8,12],"rotation":{"angle":0,"axis":"y","origin":[8,15,19]},"faces":{"north":{"uv":[11,8,12,9],"texture":"#0"},"east":{"uv":[11,8,12,9],"texture":"#0"},"south":{"uv":[11,8,12,9],"texture":"#0"},"west":{"uv":[11,8,12,9],"texture":"#0"},"up":{"uv":[11,8,12,9],"texture":"#0"},"down":{"uv":[11,8,12,9],"texture":"#0"}}},{"from":[7.2,8,11],"to":[8.8,9,12],"rotation":{"angle":0,"axis":"y","origin":[8,16,19]},"faces":{"north":{"uv":[11,7,12,8],"texture":"#0"},"east":{"uv":[11,7,12,8],"texture":"#0"},"south":{"uv":[11,7,12,8],"texture":"#0"},"west":{"uv":[11,7,12,8],"texture":"#0"},"up":{"uv":[11,7,12,8],"texture":"#0"},"down":{"uv":[11,7,12,8],"texture":"#0"}}},{"from":[7.5,8,12],"to":[8.5,9,13],"rotation":{"angle":0,"axis":"y","origin":[8,16,20]},"faces":{"north":{"uv":[12,7,13,8],"texture":"#0"},"east":{"uv":[12,7,13,8],"texture":"#0"},"south":{"uv":[12,7,13,8],"texture":"#0"},"west":{"uv":[12,7,13,8],"texture":"#0"},"up":{"uv":[12,7,13,8],"texture":"#0"},"down":{"uv":[12,7,13,8],"texture":"#0"}}},{"from":[7.2,8,13],"to":[8.8,9,14],"rotation":{"angle":0,"axis":"y","origin":[8,16,21]},"faces":{"north":{"uv":[13,7,14,8],"texture":"#0"},"east":{"uv":[13,7,14,8],"texture":"#0"},"south":{"uv":[13,7,14,8],"texture":"#0"},"west":{"uv":[13,7,14,8],"texture":"#0"},"up":{"uv":[13,7,14,8],"texture":"#0"},"down":{"uv":[13,7,14,8],"texture":"#0"}}},{"from":[7.2,7,13],"to":[8.8,8,14],"rotation":{"angle":0,"axis":"y","origin":[8,15,21]},"faces":{"north":{"uv":[13,8,14,9],"texture":"#0"},"east":{"uv":[13,8,14,9],"texture":"#0"},"south":{"uv":[13,8,14,9],"texture":"#0"},"west":{"uv":[13,8,14,9],"texture":"#0"},"up":{"uv":[13,8,14,9],"texture":"#0"},"down":{"uv":[13,8,14,9],"texture":"#0"}}},{"from":[7.5,6,13],"to":[8.5,7,14],"rotation":{"angle":0,"axis":"y","origin":[8,14,21]},"faces":{"north":{"uv":[13,9,14,10],"texture":"#0"},"east":{"uv":[13,9,14,10],"texture":"#0"},"south":{"uv":[13,9,14,10],"texture":"#0"},"west":{"uv":[13,9,14,10],"texture":"#0"},"up":{"uv":[13,9,14,10],"texture":"#0"},"down":{"uv":[13,9,14,10],"texture":"#0"}}},{"from":[7.3,5,13],"to":[8.7,6,14],"rotation":{"angle":0,"axis":"y","origin":[8,13,21]},"faces":{"north":{"uv":[13,10,14,11],"texture":"#0"},"east":{"uv":[13,10,14,11],"texture":"#0"},"south":{"uv":[13,10,14,11],"texture":"#0"},"west":{"uv":[13,10,14,11],"texture":"#0"},"up":{"uv":[13,10,14,11],"texture":"#0"},"down":{"uv":[13,10,14,11],"texture":"#0"}}},{"from":[7.2,5,14],"to":[8.8,6,15],"rotation":{"angle":0,"axis":"y","origin":[8,13,22]},"faces":{"north":{"uv":[14,10,15,11],"texture":"#0"},"east":{"uv":[14,10,15,11],"texture":"#0"},"south":{"uv":[14,10,15,11],"texture":"#0"},"west":{"uv":[14,10,15,11],"texture":"#0"},"up":{"uv":[14,10,15,11],"texture":"#0"},"down":{"uv":[14,10,15,11],"texture":"#0"}}},{"from":[7.5,5,15],"to":[8.5,6,16],"rotation":{"angle":0,"axis":"y","origin":[8,13,23]},"faces":{"north":{"uv":[15,10,16,11],"texture":"#0"},"east":{"uv":[15,10,16,11],"texture":"#0"},"south":{"uv":[15,10,16,11],"texture":"#0"},"west":{"uv":[15,10,16,11],"texture":"#0"},"up":{"uv":[15,10,16,11],"texture":"#0"},"down":{"uv":[15,10,16,11],"texture":"#0"}}},{"from":[7.5,6,15],"to":[8.5,7,16],"rotation":{"angle":0,"axis":"y","origin":[8,14,23]},"faces":{"north":{"uv":[15,9,16,10],"texture":"#0"},"east":{"uv":[15,9,16,10],"texture":"#0"},"south":{"uv":[15,9,16,10],"texture":"#0"},"west":{"uv":[15,9,16,10],"texture":"#0"},"up":{"uv":[15,9,16,10],"texture":"#0"},"down":{"uv":[15,9,16,10],"texture":"#0"}}},{"from":[7.5,7,15],"to":[8.5,8,16],"rotation":{"angle":0,"axis":"y","origin":[8,15,23]},"faces":{"north":{"uv":[15,8,16,9],"texture":"#0"},"east":{"uv":[15,8,16,9],"texture":"#0"},"south":{"uv":[15,8,16,9],"texture":"#0"},"west":{"uv":[15,8,16,9],"texture":"#0"},"up":{"uv":[15,8,16,9],"texture":"#0"},"down":{"uv":[15,8,16,9],"texture":"#0"}}},{"from":[7.5,8,15],"to":[8.5,9,16],"rotation":{"angle":0,"axis":"y","origin":[8,16,23]},"faces":{"north":{"uv":[15,7,16,8],"texture":"#0"},"east":{"uv":[15,7,16,8],"texture":"#0"},"south":{"uv":[15,7,16,8],"texture":"#0"},"west":{"uv":[15,7,16,8],"texture":"#0"},"up":{"uv":[15,7,16,8],"texture":"#0"},"down":{"uv":[15,7,16,8],"texture":"#0"}}},{"from":[7.5,9,15],"to":[8.5,10,16],"rotation":{"angle":0,"axis":"y","origin":[8,17,23]},"faces":{"north":{"uv":[15,6,16,7],"texture":"#0"},"east":{"uv":[15,6,16,7],"texture":"#0"},"south":{"uv":[15,6,16,7],"texture":"#0"},"west":{"uv":[15,6,16,7],"texture":"#0"},"up":{"uv":[15,6,16,7],"texture":"#0"},"down":{"uv":[15,6,16,7],"texture":"#0"}}},{"from":[7.5,10,15],"to":[8.5,11,16],"rotation":{"angle":0,"axis":"y","origin":[8,18,23]},"faces":{"north":{"uv":[15,5,16,6],"texture":"#0"},"east":{"uv":[15,5,16,6],"texture":"#0"},"south":{"uv":[15,5,16,6],"texture":"#0"},"west":{"uv":[15,5,16,6],"texture":"#0"},"up":{"uv":[15,5,16,6],"texture":"#0"},"down":{"uv":[15,5,16,6],"texture":"#0"}}},{"from":[7.5,11,14],"to":[8.5,12,15],"rotation":{"angle":0,"axis":"y","origin":[8,19,22]},"faces":{"north":{"uv":[14,4,15,5],"texture":"#0"},"east":{"uv":[14,4,15,5],"texture":"#0"},"south":{"uv":[14,4,15,5],"texture":"#0"},"west":{"uv":[14,4,15,5],"texture":"#0"},"up":{"uv":[14,4,15,5],"texture":"#0"},"down":{"uv":[14,4,15,5],"texture":"#0"}}},{"from":[7.5,12,13],"to":[8.5,13,14],"rotation":{"angle":0,"axis":"y","origin":[8,20,21]},"faces":{"north":{"uv":[13,3,14,4],"texture":"#0"},"east":{"uv":[13,3,14,4],"texture":"#0"},"south":{"uv":[13,3,14,4],"texture":"#0"},"west":{"uv":[13,3,14,4],"texture":"#0"},"up":{"uv":[13,3,14,4],"texture":"#0"},"down":{"uv":[13,3,14,4],"texture":"#0"}}},{"from":[7.2,11,13],"to":[8.8,12,14],"rotation":{"angle":0,"axis":"y","origin":[8,19,21]},"faces":{"north":{"uv":[13,4,14,5],"texture":"#0"},"east":{"uv":[13,4,14,5],"texture":"#0"},"south":{"uv":[13,4,14,5],"texture":"#0"},"west":{"uv":[13,4,14,5],"texture":"#0"},"up":{"uv":[13,4,14,5],"texture":"#0"},"down":{"uv":[13,4,14,5],"texture":"#0"}}},{"from":[7.5,11,12],"to":[8.5,12,13],"rotation":{"angle":0,"axis":"y","origin":[8,19,20]},"faces":{"north":{"uv":[12,4,13,5],"texture":"#0"},"east":{"uv":[12,4,13,5],"texture":"#0"},"south":{"uv":[12,4,13,5],"texture":"#0"},"west":{"uv":[12,4,13,5],"texture":"#0"},"up":{"uv":[12,4,13,5],"texture":"#0"},"down":{"uv":[12,4,13,5],"texture":"#0"}}},{"from":[7.5,11,11],"to":[8.5,12,12],"rotation":{"angle":0,"axis":"y","origin":[8,19,19]},"faces":{"north":{"uv":[11,4,12,5],"texture":"#0"},"east":{"uv":[11,4,12,5],"texture":"#0"},"south":{"uv":[11,4,12,5],"texture":"#0"},"west":{"uv":[11,4,12,5],"texture":"#0"},"up":{"uv":[11,4,12,5],"texture":"#0"},"down":{"uv":[11,4,12,5],"texture":"#0"}}},{"from":[7.2,10,11],"to":[8.8,11,12],"rotation":{"angle":0,"axis":"y","origin":[8,18,19]},"faces":{"north":{"uv":[11,5,12,6],"texture":"#0"},"east":{"uv":[11,5,12,6],"texture":"#0"},"south":{"uv":[11,5,12,6],"texture":"#0"},"west":{"uv":[11,5,12,6],"texture":"#0"},"up":{"uv":[11,5,12,6],"texture":"#0"},"down":{"uv":[11,5,12,6],"texture":"#0"}}},{"from":[7.5,10,10],"to":[8.5,11,11],"rotation":{"angle":0,"axis":"y","origin":[8,18,18]},"faces":{"north":{"uv":[10,5,11,6],"texture":"#0"},"east":{"uv":[10,5,11,6],"texture":"#0"},"south":{"uv":[10,5,11,6],"texture":"#0"},"west":{"uv":[10,5,11,6],"texture":"#0"},"up":{"uv":[10,5,11,6],"texture":"#0"},"down":{"uv":[10,5,11,6],"texture":"#0"}}},{"from":[7.2,9,10],"to":[8.8,10,11],"rotation":{"angle":0,"axis":"y","origin":[8,17,18]},"faces":{"north":{"uv":[10,6,11,7],"texture":"#0"},"east":{"uv":[10,6,11,7],"texture":"#0"},"south":{"uv":[10,6,11,7],"texture":"#0"},"west":{"uv":[10,6,11,7],"texture":"#0"},"up":{"uv":[10,6,11,7],"texture":"#0"},"down":{"uv":[10,6,11,7],"texture":"#0"}}},{"from":[7.2,9,11],"to":[8.8,10,12],"rotation":{"angle":0,"axis":"y","origin":[8,17,19]},"faces":{"north":{"uv":[11,6,12,7],"texture":"#0"},"east":{"uv":[11,6,12,7],"texture":"#0"},"south":{"uv":[11,6,12,7],"texture":"#0"},"west":{"uv":[11,6,12,7],"texture":"#0"},"up":{"uv":[11,6,12,7],"texture":"#0"},"down":{"uv":[11,6,12,7],"texture":"#0"}}},{"from":[7.2,9,12],"to":[8.8,10,13],"rotation":{"angle":0,"axis":"y","origin":[8,17,20]},"faces":{"north":{"uv":[12,6,13,7],"texture":"#0"},"east":{"uv":[12,6,13,7],"texture":"#0"},"south":{"uv":[12,6,13,7],"texture":"#0"},"west":{"uv":[12,6,13,7],"texture":"#0"},"up":{"uv":[12,6,13,7],"texture":"#0"},"down":{"uv":[12,6,13,7],"texture":"#0"}}},{"from":[7.2,9,13],"to":[8.8,10,14],"rotation":{"angle":0,"axis":"y","origin":[8,17,21]},"faces":{"north":{"uv":[13,6,14,7],"texture":"#0"},"east":{"uv":[13,6,14,7],"texture":"#0"},"south":{"uv":[13,6,14,7],"texture":"#0"},"west":{"uv":[13,6,14,7],"texture":"#0"},"up":{"uv":[13,6,14,7],"texture":"#0"},"down":{"uv":[13,6,14,7],"texture":"#0"}}},{"from":[7.2,9,14],"to":[8.8,10,15],"rotation":{"angle":0,"axis":"y","origin":[8,17,22]},"faces":{"north":{"uv":[14,6,15,7],"texture":"#0"},"east":{"uv":[14,6,15,7],"texture":"#0"},"south":{"uv":[14,6,15,7],"texture":"#0"},"west":{"uv":[14,6,15,7],"texture":"#0"},"up":{"uv":[14,6,15,7],"texture":"#0"},"down":{"uv":[14,6,15,7],"texture":"#0"}}},{"from":[7.2,10,14],"to":[8.8,11,15],"rotation":{"angle":0,"axis":"y","origin":[8,18,22]},"faces":{"north":{"uv":[14,5,15,6],"texture":"#0"},"east":{"uv":[14,5,15,6],"texture":"#0"},"south":{"uv":[14,5,15,6],"texture":"#0"},"west":{"uv":[14,5,15,6],"texture":"#0"},"up":{"uv":[14,5,15,6],"texture":"#0"},"down":{"uv":[14,5,15,6],"texture":"#0"}}},{"from":[7.2,10,13],"to":[8.8,11,14],"rotation":{"angle":0,"axis":"y","origin":[8,18,21]},"faces":{"north":{"uv":[13,5,14,6],"texture":"#0"},"east":{"uv":[13,5,14,6],"texture":"#0"},"south":{"uv":[13,5,14,6],"texture":"#0"},"west":{"uv":[13,5,14,6],"texture":"#0"},"up":{"uv":[13,5,14,6],"texture":"#0"},"down":{"uv":[13,5,14,6],"texture":"#0"}}},{"from":[7.2,10,12],"to":[8.8,11,13],"rotation":{"angle":0,"axis":"y","origin":[8,18,20]},"faces":{"north":{"uv":[12,5,13,6],"texture":"#0"},"east":{"uv":[12,5,13,6],"texture":"#0"},"south":{"uv":[12,5,13,6],"texture":"#0"},"west":{"uv":[12,5,13,6],"texture":"#0"},"up":{"uv":[12,5,13,6],"texture":"#0"},"down":{"uv":[12,5,13,6],"texture":"#0"}}},{"from":[7.2,8,14],"to":[8.8,9,15],"rotation":{"angle":0,"axis":"y","origin":[8,16,22]},"faces":{"north":{"uv":[14,7,15,8],"texture":"#0"},"east":{"uv":[14,7,15,8],"texture":"#0"},"south":{"uv":[14,7,15,8],"texture":"#0"},"west":{"uv":[14,7,15,8],"texture":"#0"},"up":{"uv":[14,7,15,8],"texture":"#0"},"down":{"uv":[14,7,15,8],"texture":"#0"}}},{"from":[7.2,7,14],"to":[8.8,8,15],"rotation":{"angle":0,"axis":"y","origin":[8,15,22]},"faces":{"north":{"uv":[14,8,15,9],"texture":"#0"},"east":{"uv":[14,8,15,9],"texture":"#0"},"south":{"uv":[14,8,15,9],"texture":"#0"},"west":{"uv":[14,8,15,9],"texture":"#0"},"up":{"uv":[14,8,15,9],"texture":"#0"},"down":{"uv":[14,8,15,9],"texture":"#0"}}},{"from":[7.2,6,14],"to":[8.8,7,15],"rotation":{"angle":0,"axis":"y","origin":[8,14,22]},"faces":{"north":{"uv":[14,9,15,10],"texture":"#0"},"east":{"uv":[14,9,15,10],"texture":"#0"},"south":{"uv":[14,9,15,10],"texture":"#0"},"west":{"uv":[14,9,15,10],"texture":"#0"},"up":{"uv":[14,9,15,10],"texture":"#0"},"down":{"uv":[14,9,15,10],"texture":"#0"}}},{"from":[7.5,9,9],"to":[8.5,10,10],"rotation":{"angle":0,"axis":"y","origin":[8,17,17]},"faces":{"north":{"uv":[9,6,10,7],"texture":"#0"},"east":{"uv":[9,6,10,7],"texture":"#0"},"south":{"uv":[9,6,10,7],"texture":"#0"},"west":{"uv":[9,6,10,7],"texture":"#0"},"up":{"uv":[9,6,10,7],"texture":"#0"},"down":{"uv":[9,6,10,7],"texture":"#0"}}},{"from":[7.2,8,9],"to":[8.8,9,10],"rotation":{"angle":0,"axis":"y","origin":[8,16,17]},"faces":{"north":{"uv":[9,7,10,8],"texture":"#0"},"east":{"uv":[9,7,10,8],"texture":"#0"},"south":{"uv":[9,7,10,8],"texture":"#0"},"west":{"uv":[9,7,10,8],"texture":"#0"},"up":{"uv":[9,7,10,8],"texture":"#0"},"down":{"uv":[9,7,10,8],"texture":"#0"}}},{"from":[7.2,8,10],"to":[8.8,9,11],"rotation":{"angle":0,"axis":"y","origin":[8,16,18]},"faces":{"north":{"uv":[10,7,11,8],"texture":"#0"},"east":{"uv":[10,7,11,8],"texture":"#0"},"south":{"uv":[10,7,11,8],"texture":"#0"},"west":{"uv":[10,7,11,8],"texture":"#0"},"up":{"uv":[10,7,11,8],"texture":"#0"},"down":{"uv":[10,7,11,8],"texture":"#0"}}},{"from":[7.5,8,8],"to":[8.5,9,9],"rotation":{"angle":0,"axis":"y","origin":[8,16,16]},"faces":{"north":{"uv":[8,7,9,8],"texture":"#0"},"east":{"uv":[8,7,9,8],"texture":"#0"},"south":{"uv":[8,7,9,8],"texture":"#0"},"west":{"uv":[8,7,9,8],"texture":"#0"},"up":{"uv":[8,7,9,8],"texture":"#0"},"down":{"uv":[8,7,9,8],"texture":"#0"}}},{"from":[7.2,7,8],"to":[8.8,8,9],"rotation":{"angle":0,"axis":"y","origin":[8,15,16]},"faces":{"north":{"uv":[8,8,9,9],"texture":"#0"},"east":{"uv":[8,8,9,9],"texture":"#0"},"south":{"uv":[8,8,9,9],"texture":"#0"},"west":{"uv":[8,8,9,9],"texture":"#0"},"up":{"uv":[8,8,9,9],"texture":"#0"},"down":{"uv":[8,8,9,9],"texture":"#0"}}},{"from":[7.2,7,9],"to":[8.8,8,10],"rotation":{"angle":0,"axis":"y","origin":[8,15,17]},"faces":{"north":{"uv":[9,8,10,9],"texture":"#0"},"east":{"uv":[9,8,10,9],"texture":"#0"},"south":{"uv":[9,8,10,9],"texture":"#0"},"west":{"uv":[9,8,10,9],"texture":"#0"},"up":{"uv":[9,8,10,9],"texture":"#0"},"down":{"uv":[9,8,10,9],"texture":"#0"}}},{"from":[7.5,7,7],"to":[8.5,8,8],"rotation":{"angle":0,"axis":"y","origin":[8,15,15]},"faces":{"north":{"uv":[7,8,8,9],"texture":"#0"},"east":{"uv":[7,8,8,9],"texture":"#0"},"south":{"uv":[7,8,8,9],"texture":"#0"},"west":{"uv":[7,8,8,9],"texture":"#0"},"up":{"uv":[7,8,8,9],"texture":"#0"},"down":{"uv":[7,8,8,9],"texture":"#0"}}},{"from":[7.2,6,7],"to":[8.8,7,8],"rotation":{"angle":0,"axis":"y","origin":[8,14,15]},"faces":{"north":{"uv":[7,9,8,10],"texture":"#0"},"east":{"uv":[7,9,8,10],"texture":"#0"},"south":{"uv":[7,9,8,10],"texture":"#0"},"west":{"uv":[7,9,8,10],"texture":"#0"},"up":{"uv":[7,9,8,10],"texture":"#0"},"down":{"uv":[7,9,8,10],"texture":"#0"}}},{"from":[7.2,6,8],"to":[8.8,7,9],"rotation":{"angle":0,"axis":"y","origin":[8,14,16]},"faces":{"north":{"uv":[8,9,9,10],"texture":"#0"},"east":{"uv":[8,9,9,10],"texture":"#0"},"south":{"uv":[8,9,9,10],"texture":"#0"},"west":{"uv":[8,9,9,10],"texture":"#0"},"up":{"uv":[8,9,9,10],"texture":"#0"},"down":{"uv":[8,9,9,10],"texture":"#0"}}},{"from":[7.5,6,6],"to":[8.5,7,7],"rotation":{"angle":0,"axis":"y","origin":[8,14,14]},"faces":{"north":{"uv":[6,9,7,10],"texture":"#0"},"east":{"uv":[6,9,7,10],"texture":"#0"},"south":{"uv":[6,9,7,10],"texture":"#0"},"west":{"uv":[6,9,7,10],"texture":"#0"},"up":{"uv":[6,9,7,10],"texture":"#0"},"down":{"uv":[6,9,7,10],"texture":"#0"}}},{"from":[7.2,4,13],"to":[8.8,5,14],"rotation":{"angle":0,"axis":"y","origin":[8,12,21]},"faces":{"north":{"uv":[13,11,14,12],"texture":"#0"},"east":{"uv":[13,11,14,12],"texture":"#0"},"south":{"uv":[13,11,14,12],"texture":"#0"},"west":{"uv":[13,11,14,12],"texture":"#0"},"up":{"uv":[13,11,14,12],"texture":"#0"},"down":{"uv":[13,11,14,12],"texture":"#0"}}},{"from":[7.5,4,14],"to":[8.5,5,15],"rotation":{"angle":0,"axis":"y","origin":[8,12,22]},"faces":{"north":{"uv":[14,11,15,12],"texture":"#0"},"east":{"uv":[14,11,15,12],"texture":"#0"},"south":{"uv":[14,11,15,12],"texture":"#0"},"west":{"uv":[14,11,15,12],"texture":"#0"},"up":{"uv":[14,11,15,12],"texture":"#0"},"down":{"uv":[14,11,15,12],"texture":"#0"}}},{"from":[7.3,3,13],"to":[8.7,4,14],"rotation":{"angle":0,"axis":"y","origin":[8,11,21]},"faces":{"north":{"uv":[13,12,14,13],"texture":"#0"},"east":{"uv":[13,12,14,13],"texture":"#0"},"south":{"uv":[13,12,14,13],"texture":"#0"},"west":{"uv":[13,12,14,13],"texture":"#0"},"up":{"uv":[13,12,14,13],"texture":"#0"},"down":{"uv":[13,12,14,13],"texture":"#0"}}},{"from":[7.5,3,14],"to":[8.5,4,15],"rotation":{"angle":0,"axis":"y","origin":[8,11,22]},"faces":{"north":{"uv":[14,12,15,13],"texture":"#0"},"east":{"uv":[14,12,15,13],"texture":"#0"},"south":{"uv":[14,12,15,13],"texture":"#0"},"west":{"uv":[14,12,15,13],"texture":"#0"},"up":{"uv":[14,12,15,13],"texture":"#0"},"down":{"uv":[14,12,15,13],"texture":"#0"}}},{"from":[7.2,3,12],"to":[8.8,4,13],"rotation":{"angle":0,"axis":"y","origin":[8,11,20]},"faces":{"north":{"uv":[12,12,13,13],"texture":"#0"},"east":{"uv":[12,12,13,13],"texture":"#0"},"south":{"uv":[12,12,13,13],"texture":"#0"},"west":{"uv":[12,12,13,13],"texture":"#0"},"up":{"uv":[12,12,13,13],"texture":"#0"},"down":{"uv":[12,12,13,13],"texture":"#0"}}},{"from":[7.5,4,12],"to":[8.5,5,13],"rotation":{"angle":0,"axis":"y","origin":[8,12,20]},"faces":{"north":{"uv":[12,11,13,12],"texture":"#0"},"east":{"uv":[12,11,13,12],"texture":"#0"},"south":{"uv":[12,11,13,12],"texture":"#0"},"west":{"uv":[12,11,13,12],"texture":"#0"},"up":{"uv":[12,11,13,12],"texture":"#0"},"down":{"uv":[12,11,13,12],"texture":"#0"}}},{"from":[7.5,2,13],"to":[8.5,3,14],"rotation":{"angle":0,"axis":"y","origin":[8,10,21]},"faces":{"north":{"uv":[13,13,14,14],"texture":"#0"},"east":{"uv":[13,13,14,14],"texture":"#0"},"south":{"uv":[13,13,14,14],"texture":"#0"},"west":{"uv":[13,13,14,14],"texture":"#0"},"up":{"uv":[13,13,14,14],"texture":"#0"},"down":{"uv":[13,13,14,14],"texture":"#0"}}},{"from":[7.2,2,11],"to":[8.8,3,12],"rotation":{"angle":0,"axis":"y","origin":[8,10,19]},"faces":{"north":{"uv":[11,13,12,14],"texture":"#0"},"east":{"uv":[11,13,12,14],"texture":"#0"},"south":{"uv":[11,13,12,14],"texture":"#0"},"west":{"uv":[11,13,12,14],"texture":"#0"},"up":{"uv":[11,13,12,14],"texture":"#0"},"down":{"uv":[11,13,12,14],"texture":"#0"}}},{"from":[7.5,3,11],"to":[8.5,4,12],"rotation":{"angle":0,"axis":"y","origin":[8,11,19]},"faces":{"north":{"uv":[11,12,12,13],"texture":"#0"},"east":{"uv":[11,12,12,13],"texture":"#0"},"south":{"uv":[11,12,12,13],"texture":"#0"},"west":{"uv":[11,12,12,13],"texture":"#0"},"up":{"uv":[11,12,12,13],"texture":"#0"},"down":{"uv":[11,12,12,13],"texture":"#0"}}},{"from":[7.5,1,11],"to":[8.5,2,12],"rotation":{"angle":0,"axis":"y","origin":[8,9,19]},"faces":{"north":{"uv":[11,14,12,15],"texture":"#0"},"east":{"uv":[11,14,12,15],"texture":"#0"},"south":{"uv":[11,14,12,15],"texture":"#0"},"west":{"uv":[11,14,12,15],"texture":"#0"},"up":{"uv":[11,14,12,15],"texture":"#0"},"down":{"uv":[11,14,12,15],"texture":"#0"}}},{"from":[7.5,1,10],"to":[8.5,2,11],"rotation":{"angle":0,"axis":"y","origin":[8,9,18]},"faces":{"north":{"uv":[10,14,11,15],"texture":"#0"},"east":{"uv":[10,14,11,15],"texture":"#0"},"south":{"uv":[10,14,11,15],"texture":"#0"},"west":{"uv":[10,14,11,15],"texture":"#0"},"up":{"uv":[10,14,11,15],"texture":"#0"},"down":{"uv":[10,14,11,15],"texture":"#0"}}},{"from":[7.5,2,12],"to":[8.5,3,13],"rotation":{"angle":0,"axis":"y","origin":[8,10,20]},"faces":{"north":{"uv":[12,13,13,14],"texture":"#0"},"east":{"uv":[12,13,13,14],"texture":"#0"},"south":{"uv":[12,13,13,14],"texture":"#0"},"west":{"uv":[12,13,13,14],"texture":"#0"},"up":{"uv":[12,13,13,14],"texture":"#0"},"down":{"uv":[12,13,13,14],"texture":"#0"}}},{"from":[7.5,5,3],"to":[8.5,6,4],"rotation":{"angle":0,"axis":"y","origin":[8,13,11]},"faces":{"north":{"uv":[3,10,4,11],"texture":"#0"},"east":{"uv":[3,10,4,11],"texture":"#0"},"south":{"uv":[3,10,4,11],"texture":"#0"},"west":{"uv":[3,10,4,11],"texture":"#0"},"up":{"uv":[3,10,4,11],"texture":"#0"},"down":{"uv":[3,10,4,11],"texture":"#0"}}},{"from":[7.5,6,3],"to":[8.5,7,4],"rotation":{"angle":0,"axis":"y","origin":[8,14,11]},"faces":{"north":{"uv":[3,9,4,10],"texture":"#0"},"east":{"uv":[3,9,4,10],"texture":"#0"},"south":{"uv":[3,9,4,10],"texture":"#0"},"west":{"uv":[3,9,4,10],"texture":"#0"},"up":{"uv":[3,9,4,10],"texture":"#0"},"down":{"uv":[3,9,4,10],"texture":"#0"}}},{"from":[7.3,6,4],"to":[8.7,7,5],"rotation":{"angle":0,"axis":"y","origin":[8,14,12]},"faces":{"north":{"uv":[4,9,5,10],"texture":"#0"},"east":{"uv":[4,9,5,10],"texture":"#0"},"south":{"uv":[4,9,5,10],"texture":"#0"},"west":{"uv":[4,9,5,10],"texture":"#0"},"up":{"uv":[4,9,5,10],"texture":"#0"},"down":{"uv":[4,9,5,10],"texture":"#0"}}},{"from":[7.5,7,3],"to":[8.5,8,4],"rotation":{"angle":0,"axis":"y","origin":[8,15,11]},"faces":{"north":{"uv":[3,8,4,9],"texture":"#0"},"east":{"uv":[3,8,4,9],"texture":"#0"},"south":{"uv":[3,8,4,9],"texture":"#0"},"west":{"uv":[3,8,4,9],"texture":"#0"},"up":{"uv":[3,8,4,9],"texture":"#0"},"down":{"uv":[3,8,4,9],"texture":"#0"}}},{"from":[7.5,8,3],"to":[8.5,9,4],"rotation":{"angle":0,"axis":"y","origin":[8,16,11]},"faces":{"north":{"uv":[3,7,4,8],"texture":"#0"},"east":{"uv":[3,7,4,8],"texture":"#0"},"south":{"uv":[3,7,4,8],"texture":"#0"},"west":{"uv":[3,7,4,8],"texture":"#0"},"up":{"uv":[3,7,4,8],"texture":"#0"},"down":{"uv":[3,7,4,8],"texture":"#0"}}},{"from":[7.5,3,6],"to":[8.5,4,7],"rotation":{"angle":0,"axis":"y","origin":[8,11,14]},"faces":{"north":{"uv":[6,12,7,13],"texture":"#0"},"east":{"uv":[6,12,7,13],"texture":"#0"},"south":{"uv":[6,12,7,13],"texture":"#0"},"west":{"uv":[6,12,7,13],"texture":"#0"},"up":{"uv":[6,12,7,13],"texture":"#0"},"down":{"uv":[6,12,7,13],"texture":"#0"}}},{"from":[7.5,3,5],"to":[8.5,4,6],"rotation":{"angle":0,"axis":"y","origin":[8,11,13]},"faces":{"north":{"uv":[5,12,6,13],"texture":"#0"},"east":{"uv":[5,12,6,13],"texture":"#0"},"south":{"uv":[5,12,6,13],"texture":"#0"},"west":{"uv":[5,12,6,13],"texture":"#0"},"up":{"uv":[5,12,6,13],"texture":"#0"},"down":{"uv":[5,12,6,13],"texture":"#0"}}}]}