{"display":{"thirdperson_righthand":{"rotation":[126.5,0,0],"translation":[0,3.5,0.25]},"thirdperson_lefthand":{"rotation":[126.5,0,0],"translation":[0,3.5,0.25]},"firstperson_righthand":{"rotation":[81.25,-10.5,0],"translation":[2.75,5.5,-0.5]},"firstperson_lefthand":{"rotation":[81.25,-10.5,0],"translation":[2.75,5.5,-0.5]},"ground":{"translation":[0,3.75,0],"scale":[0.6,0.6,0.6]},"gui":{"rotation":[0,90,0],"translation":[-3.25,-2.5,0],"scale":[0.6,0.6,0.6]},"fixed":{"rotation":[0,-91,0],"translation":[3.25,-3,0],"scale":[0.6,0.6,0.6]}},"gui_light":"front","texture_size":[32,32],"textures":{"0":"item/iron_sword/4","particle":"item/iron_sword/4"},"elements":[{"from":[7.5,0,0],"to":[8.5,1,4],"faces":{"north":{"uv":[1,14.5,1.5,15],"texture":"#0"},"east":{"uv":[1,14.5,3,15],"texture":"#0"},"south":{"uv":[1,14.5,1.5,15],"texture":"#0"},"west":{"uv":[1,14.5,3,15],"texture":"#0"},"up":{"uv":[1,14.5,3,15],"rotation":90,"texture":"#0"},"down":{"uv":[1,14.5,3,15],"rotation":90,"texture":"#0"}}},{"from":[7.5,1,1],"to":[8.5,2,2],"rotation":{"angle":0,"axis":"y","origin":[8,9,9]},"faces":{"north":{"uv":[1.5,14,2,14.5],"rotation":90,"texture":"#0"},"east":{"uv":[1.5,14,2,14.5],"rotation":90,"texture":"#0"},"south":{"uv":[1.5,14,2,14.5],"rotation":90,"texture":"#0"},"west":{"uv":[1.5,14,2,14.5],"rotation":90,"texture":"#0"},"up":{"uv":[1.5,14,2,14.5],"rotation":90,"texture":"#0"},"down":{"uv":[1.5,14,2,14.5],"rotation":90,"texture":"#0"}}},{"from":[7.5,1,4],"to":[8.5,2,5],"rotation":{"angle":0,"axis":"y","origin":[8,9,12]},"faces":{"north":{"uv":[1.5,14,2,14.5],"rotation":90,"texture":"#0"},"east":{"uv":[1.5,14,2,14.5],"rotation":90,"texture":"#0"},"south":{"uv":[1.5,14,2,14.5],"rotation":90,"texture":"#0"},"west":{"uv":[1.5,14,2,14.5],"rotation":90,"texture":"#0"},"up":{"uv":[1.5,14,2,14.5],"rotation":90,"texture":"#0"},"down":{"uv":[1.5,14,2,14.5],"rotation":90,"texture":"#0"}}},{"from":[7.5,2,5],"to":[8.5,3,6],"rotation":{"angle":0,"axis":"y","origin":[8,10,13]},"faces":{"north":{"uv":[1.5,14,2,14.5],"rotation":90,"texture":"#0"},"east":{"uv":[1.5,14,2,14.5],"rotation":90,"texture":"#0"},"south":{"uv":[1.5,14,2,14.5],"rotation":90,"texture":"#0"},"west":{"uv":[1.5,14,2,14.5],"rotation":90,"texture":"#0"},"up":{"uv":[1.5,14,2,14.5],"rotation":90,"texture":"#0"},"down":{"uv":[1.5,14,2,14.5],"rotation":90,"texture":"#0"}}},{"from":[7.5,4,7],"to":[8.5,5,8],"rotation":{"angle":0,"axis":"y","origin":[8,12,15]},"faces":{"north":{"uv":[1.5,14,2,14.5],"rotation":90,"texture":"#0"},"east":{"uv":[1.5,14,2,14.5],"rotation":90,"texture":"#0"},"south":{"uv":[1.5,14,2,14.5],"rotation":90,"texture":"#0"},"west":{"uv":[1.5,14,2,14.5],"rotation":90,"texture":"#0"},"up":{"uv":[1.5,14,2,14.5],"rotation":90,"texture":"#0"},"down":{"uv":[1.5,14,2,14.5],"rotation":90,"texture":"#0"}}},{"from":[7.5,5,8],"to":[8.5,6,9],"rotation":{"angle":0,"axis":"y","origin":[8,13,16]},"faces":{"north":{"uv":[1.5,14,2,14.5],"rotation":90,"texture":"#0"},"east":{"uv":[1.5,14,2,14.5],"rotation":90,"texture":"#0"},"south":{"uv":[1.5,14,2,14.5],"rotation":90,"texture":"#0"},"west":{"uv":[1.5,14,2,14.5],"rotation":90,"texture":"#0"},"up":{"uv":[1.5,14,2,14.5],"rotation":90,"texture":"#0"},"down":{"uv":[1.5,14,2,14.5],"rotation":90,"texture":"#0"}}},{"from":[7.5,6,9],"to":[8.5,7,10],"rotation":{"angle":0,"axis":"y","origin":[8,14,17]},"faces":{"north":{"uv":[1.5,14,2,14.5],"rotation":90,"texture":"#0"},"east":{"uv":[1.5,14,2,14.5],"rotation":90,"texture":"#0"},"south":{"uv":[1.5,14,2,14.5],"rotation":90,"texture":"#0"},"west":{"uv":[1.5,14,2,14.5],"rotation":90,"texture":"#0"},"up":{"uv":[1.5,14,2,14.5],"rotation":90,"texture":"#0"},"down":{"uv":[1.5,14,2,14.5],"rotation":90,"texture":"#0"}}},{"from":[7.5,7,7],"to":[8.5,8,8],"rotation":{"angle":0,"axis":"y","origin":[8,15,15]},"faces":{"north":{"uv":[1.5,14,2,14.5],"rotation":90,"texture":"#0"},"east":{"uv":[1.5,14,2,14.5],"rotation":90,"texture":"#0"},"south":{"uv":[1.5,14,2,14.5],"rotation":90,"texture":"#0"},"west":{"uv":[1.5,14,2,14.5],"rotation":90,"texture":"#0"},"up":{"uv":[1.5,14,2,14.5],"rotation":90,"texture":"#0"},"down":{"uv":[1.5,14,2,14.5],"rotation":90,"texture":"#0"}}},{"from":[7.5,8,8],"to":[8.5,9,9],"rotation":{"angle":0,"axis":"y","origin":[8,16,16]},"faces":{"north":{"uv":[5,10.5,5.5,11],"rotation":90,"texture":"#0"},"east":{"uv":[5,10.5,5.5,11],"rotation":90,"texture":"#0"},"south":{"uv":[5,10.5,5.5,11],"rotation":90,"texture":"#0"},"west":{"uv":[5,10.5,5.5,11],"rotation":90,"texture":"#0"},"up":{"uv":[5,10.5,5.5,11],"rotation":90,"texture":"#0"},"down":{"uv":[5,10.5,5.5,11],"rotation":90,"texture":"#0"}}},{"from":[7.5,8,9],"to":[8.5,9,10],"rotation":{"angle":0,"axis":"y","origin":[8,16,17]},"faces":{"north":{"uv":[5.5,10.5,6,11],"rotation":90,"texture":"#0"},"east":{"uv":[5.5,10.5,6,11],"rotation":90,"texture":"#0"},"south":{"uv":[5.5,10.5,6,11],"rotation":90,"texture":"#0"},"west":{"uv":[5.5,10.5,6,11],"rotation":90,"texture":"#0"},"up":{"uv":[5.5,10.5,6,11],"rotation":90,"texture":"#0"},"down":{"uv":[5.5,10.5,6,11],"rotation":90,"texture":"#0"}}},{"from":[7.5,9,9],"to":[8.5,10,10],"rotation":{"angle":0,"axis":"y","origin":[8,17,17]},"faces":{"north":{"uv":[5,10.5,5.5,11],"rotation":90,"texture":"#0"},"east":{"uv":[5,10.5,5.5,11],"rotation":90,"texture":"#0"},"south":{"uv":[5,10.5,5.5,11],"rotation":90,"texture":"#0"},"west":{"uv":[5,10.5,5.5,11],"rotation":90,"texture":"#0"},"up":{"uv":[5,10.5,5.5,11],"rotation":90,"texture":"#0"},"down":{"uv":[5,10.5,5.5,11],"rotation":90,"texture":"#0"}}},{"from":[7.5,9,10],"to":[8.5,10,11],"rotation":{"angle":0,"axis":"y","origin":[8,17,18]},"faces":{"north":{"uv":[6,10,6.5,10.5],"rotation":90,"texture":"#0"},"east":{"uv":[6,10,6.5,10.5],"rotation":90,"texture":"#0"},"south":{"uv":[6,10,6.5,10.5],"rotation":90,"texture":"#0"},"west":{"uv":[6,10,6.5,10.5],"rotation":90,"texture":"#0"},"up":{"uv":[6,10,6.5,10.5],"rotation":90,"texture":"#0"},"down":{"uv":[6,10,6.5,10.5],"rotation":90,"texture":"#0"}}},{"from":[7.5,10,11],"to":[8.5,11,12],"rotation":{"angle":0,"axis":"y","origin":[8,18,19]},"faces":{"north":{"uv":[6.5,9.5,7,10],"rotation":90,"texture":"#0"},"east":{"uv":[6.5,9.5,7,10],"rotation":90,"texture":"#0"},"south":{"uv":[6.5,9.5,7,10],"rotation":90,"texture":"#0"},"west":{"uv":[6.5,9.5,7,10],"rotation":90,"texture":"#0"},"up":{"uv":[6.5,9.5,7,10],"rotation":90,"texture":"#0"},"down":{"uv":[6.5,9.5,7,10],"rotation":90,"texture":"#0"}}},{"from":[7.5,9,12],"to":[8.5,10,13],"rotation":{"angle":0,"axis":"y","origin":[8,17,20]},"faces":{"north":{"uv":[6.5,9.5,7,10],"rotation":90,"texture":"#0"},"east":{"uv":[6.5,9.5,7,10],"rotation":90,"texture":"#0"},"south":{"uv":[6.5,9.5,7,10],"rotation":90,"texture":"#0"},"west":{"uv":[6.5,9.5,7,10],"rotation":90,"texture":"#0"},"up":{"uv":[6.5,9.5,7,10],"rotation":90,"texture":"#0"},"down":{"uv":[6.5,9.5,7,10],"rotation":90,"texture":"#0"}}},{"from":[7.5,12,13],"to":[8.5,13,14],"rotation":{"angle":0,"axis":"y","origin":[8,20,21]},"faces":{"north":{"uv":[6.5,9.5,7,10],"rotation":90,"texture":"#0"},"east":{"uv":[6.5,9.5,7,10],"rotation":90,"texture":"#0"},"south":{"uv":[6.5,9.5,7,10],"rotation":90,"texture":"#0"},"west":{"uv":[6.5,9.5,7,10],"rotation":90,"texture":"#0"},"up":{"uv":[6.5,9.5,7,10],"rotation":90,"texture":"#0"},"down":{"uv":[6.5,9.5,7,10],"rotation":90,"texture":"#0"}}},{"from":[7.5,11,14],"to":[8.5,12,15],"rotation":{"angle":0,"axis":"y","origin":[8,19,22]},"faces":{"north":{"uv":[6.5,9.5,7,10],"rotation":90,"texture":"#0"},"east":{"uv":[6.5,9.5,7,10],"rotation":90,"texture":"#0"},"south":{"uv":[6.5,9.5,7,10],"rotation":90,"texture":"#0"},"west":{"uv":[6.5,9.5,7,10],"rotation":90,"texture":"#0"},"up":{"uv":[6.5,9.5,7,10],"rotation":90,"texture":"#0"},"down":{"uv":[6.5,9.5,7,10],"rotation":90,"texture":"#0"}}},{"from":[7.5,13,12],"to":[8.5,14,13],"rotation":{"angle":0,"axis":"y","origin":[8,21,20]},"faces":{"north":{"uv":[7,8,7.5,8.5],"rotation":90,"texture":"#0"},"east":{"uv":[7,8,7.5,8.5],"rotation":90,"texture":"#0"},"south":{"uv":[7,8,7.5,8.5],"rotation":90,"texture":"#0"},"west":{"uv":[7,8,7.5,8.5],"rotation":90,"texture":"#0"},"up":{"uv":[7,8,7.5,8.5],"rotation":90,"texture":"#0"},"down":{"uv":[7,8,7.5,8.5],"rotation":90,"texture":"#0"}}},{"from":[7.5,14,12],"to":[8.5,15,13],"rotation":{"angle":0,"axis":"y","origin":[8,22,20]},"faces":{"north":{"uv":[7,7.5,7.5,8],"rotation":90,"texture":"#0"},"east":{"uv":[7,7.5,7.5,8],"rotation":90,"texture":"#0"},"south":{"uv":[7,7.5,7.5,8],"rotation":90,"texture":"#0"},"west":{"uv":[7,7.5,7.5,8],"rotation":90,"texture":"#0"},"up":{"uv":[7,7.5,7.5,8],"rotation":90,"texture":"#0"},"down":{"uv":[7,7.5,7.5,8],"rotation":90,"texture":"#0"}}},{"from":[7.5,14,13],"to":[8.5,15,14],"rotation":{"angle":0,"axis":"y","origin":[8,22,21]},"faces":{"north":{"uv":[7.5,7.5,8,8],"rotation":90,"texture":"#0"},"east":{"uv":[7.5,7.5,8,8],"rotation":90,"texture":"#0"},"south":{"uv":[7.5,7.5,8,8],"rotation":90,"texture":"#0"},"west":{"uv":[7.5,7.5,8,8],"rotation":90,"texture":"#0"},"up":{"uv":[7.5,7.5,8,8],"rotation":90,"texture":"#0"},"down":{"uv":[7.5,7.5,8,8],"rotation":90,"texture":"#0"}}},{"from":[7.5,15,13],"to":[8.5,16,14],"rotation":{"angle":0,"axis":"y","origin":[8,23,21]},"faces":{"north":{"uv":[7.5,7,8,7.5],"rotation":90,"texture":"#0"},"east":{"uv":[7.5,7,8,7.5],"rotation":90,"texture":"#0"},"south":{"uv":[7.5,7,8,7.5],"rotation":90,"texture":"#0"},"west":{"uv":[7.5,7,8,7.5],"rotation":90,"texture":"#0"},"up":{"uv":[7.5,7,8,7.5],"rotation":90,"texture":"#0"},"down":{"uv":[7.5,7,8,7.5],"rotation":90,"texture":"#0"}}},{"from":[7.5,14,14],"to":[8.5,15,15],"rotation":{"angle":0,"axis":"y","origin":[8,22,22]},"faces":{"north":{"uv":[8,7.5,8.5,8],"rotation":90,"texture":"#0"},"east":{"uv":[8,7.5,8.5,8],"rotation":90,"texture":"#0"},"south":{"uv":[8,7.5,8.5,8],"rotation":90,"texture":"#0"},"west":{"uv":[8,7.5,8.5,8],"rotation":90,"texture":"#0"},"up":{"uv":[8,7.5,8.5,8],"rotation":90,"texture":"#0"},"down":{"uv":[8,7.5,8.5,8],"rotation":90,"texture":"#0"}}},{"from":[7.5,15,15],"to":[8.5,16,16],"rotation":{"angle":0,"axis":"y","origin":[8,23,23]},"faces":{"north":{"uv":[8.5,7,9,7.5],"rotation":90,"texture":"#0"},"east":{"uv":[8.5,7,9,7.5],"rotation":90,"texture":"#0"},"south":{"uv":[8.5,7,9,7.5],"rotation":90,"texture":"#0"},"west":{"uv":[8.5,7,9,7.5],"rotation":90,"texture":"#0"},"up":{"uv":[8.5,7,9,7.5],"rotation":90,"texture":"#0"},"down":{"uv":[8.5,7,9,7.5],"rotation":90,"texture":"#0"}}},{"from":[7.5,16,16],"to":[8.5,17,17],"rotation":{"angle":0,"axis":"y","origin":[8,24,24]},"faces":{"north":{"uv":[8.5,7,9,7.5],"rotation":90,"texture":"#0"},"east":{"uv":[8.5,7,9,7.5],"rotation":90,"texture":"#0"},"south":{"uv":[8.5,7,9,7.5],"rotation":90,"texture":"#0"},"west":{"uv":[8.5,7,9,7.5],"rotation":90,"texture":"#0"},"up":{"uv":[8.5,7,9,7.5],"rotation":90,"texture":"#0"},"down":{"uv":[8.5,7,9,7.5],"rotation":90,"texture":"#0"}}},{"from":[7.5,17,17],"to":[8.5,18,18],"rotation":{"angle":0,"axis":"y","origin":[8,25,25]},"faces":{"north":{"uv":[8.5,7,9,7.5],"rotation":90,"texture":"#0"},"east":{"uv":[8.5,7,9,7.5],"rotation":90,"texture":"#0"},"south":{"uv":[8.5,7,9,7.5],"rotation":90,"texture":"#0"},"west":{"uv":[8.5,7,9,7.5],"rotation":90,"texture":"#0"},"up":{"uv":[8.5,7,9,7.5],"rotation":90,"texture":"#0"},"down":{"uv":[8.5,7,9,7.5],"rotation":90,"texture":"#0"}}},{"from":[7.5,18,18],"to":[8.5,19,19],"rotation":{"angle":0,"axis":"y","origin":[8,26,26]},"faces":{"north":{"uv":[8.5,7,9,7.5],"rotation":90,"texture":"#0"},"east":{"uv":[8.5,7,9,7.5],"rotation":90,"texture":"#0"},"south":{"uv":[8.5,7,9,7.5],"rotation":90,"texture":"#0"},"west":{"uv":[8.5,7,9,7.5],"rotation":90,"texture":"#0"},"up":{"uv":[8.5,7,9,7.5],"rotation":90,"texture":"#0"},"down":{"uv":[8.5,7,9,7.5],"rotation":90,"texture":"#0"}}},{"from":[7.5,19,19],"to":[8.5,20,20],"rotation":{"angle":0,"axis":"y","origin":[8,27,27]},"faces":{"north":{"uv":[8.5,7,9,7.5],"rotation":90,"texture":"#0"},"east":{"uv":[8.5,7,9,7.5],"rotation":90,"texture":"#0"},"south":{"uv":[8.5,7,9,7.5],"rotation":90,"texture":"#0"},"west":{"uv":[8.5,7,9,7.5],"rotation":90,"texture":"#0"},"up":{"uv":[8.5,7,9,7.5],"rotation":90,"texture":"#0"},"down":{"uv":[8.5,7,9,7.5],"rotation":90,"texture":"#0"}}},{"from":[7.5,20,20],"to":[8.5,21,21],"rotation":{"angle":0,"axis":"y","origin":[8,28,28]},"faces":{"north":{"uv":[8.5,7,9,7.5],"rotation":90,"texture":"#0"},"east":{"uv":[8.5,7,9,7.5],"rotation":90,"texture":"#0"},"south":{"uv":[8.5,7,9,7.5],"rotation":90,"texture":"#0"},"west":{"uv":[8.5,7,9,7.5],"rotation":90,"texture":"#0"},"up":{"uv":[8.5,7,9,7.5],"rotation":90,"texture":"#0"},"down":{"uv":[8.5,7,9,7.5],"rotation":90,"texture":"#0"}}},{"from":[7.5,21,21],"to":[8.5,22,22],"rotation":{"angle":0,"axis":"y","origin":[8,29,29]},"faces":{"north":{"uv":[8.5,7,9,7.5],"rotation":90,"texture":"#0"},"east":{"uv":[8.5,7,9,7.5],"rotation":90,"texture":"#0"},"south":{"uv":[8.5,7,9,7.5],"rotation":90,"texture":"#0"},"west":{"uv":[8.5,7,9,7.5],"rotation":90,"texture":"#0"},"up":{"uv":[8.5,7,9,7.5],"rotation":90,"texture":"#0"},"down":{"uv":[8.5,7,9,7.5],"rotation":90,"texture":"#0"}}},{"from":[7.5,22,22],"to":[8.5,23,23],"rotation":{"angle":0,"axis":"y","origin":[8,30,30]},"faces":{"north":{"uv":[8.5,7,9,7.5],"rotation":90,"texture":"#0"},"east":{"uv":[8.5,7,9,7.5],"rotation":90,"texture":"#0"},"south":{"uv":[8.5,7,9,7.5],"rotation":90,"texture":"#0"},"west":{"uv":[8.5,7,9,7.5],"rotation":90,"texture":"#0"},"up":{"uv":[8.5,7,9,7.5],"rotation":90,"texture":"#0"},"down":{"uv":[8.5,7,9,7.5],"rotation":90,"texture":"#0"}}},{"from":[7.5,23,23],"to":[8.5,24,24],"rotation":{"angle":0,"axis":"y","origin":[8,31,31]},"faces":{"north":{"uv":[8.5,7,9,7.5],"rotation":90,"texture":"#0"},"east":{"uv":[8.5,7,9,7.5],"rotation":90,"texture":"#0"},"south":{"uv":[8.5,7,9,7.5],"rotation":90,"texture":"#0"},"west":{"uv":[8.5,7,9,7.5],"rotation":90,"texture":"#0"},"up":{"uv":[8.5,7,9,7.5],"rotation":90,"texture":"#0"},"down":{"uv":[8.5,7,9,7.5],"rotation":90,"texture":"#0"}}},{"from":[7.5,23,25],"to":[8.5,24,27],"rotation":{"angle":0,"axis":"y","origin":[8,31,33]},"faces":{"north":{"uv":[8.5,7,9,7.5],"rotation":90,"texture":"#0"},"east":{"uv":[8.5,7,9,7.5],"rotation":90,"texture":"#0"},"south":{"uv":[8.5,7,9,7.5],"rotation":90,"texture":"#0"},"west":{"uv":[8.5,7,9,7.5],"rotation":90,"texture":"#0"},"up":{"uv":[8.5,7,9,7.5],"rotation":90,"texture":"#0"},"down":{"uv":[8.5,7,9,7.5],"rotation":90,"texture":"#0"}}},{"from":[7.5,13,13],"to":[8.5,14,14],"rotation":{"angle":0,"axis":"y","origin":[8,21,21]},"faces":{"north":{"uv":[7.5,8,8,8.5],"rotation":90,"texture":"#0"},"east":{"uv":[7.5,8,8,8.5],"rotation":90,"texture":"#0"},"south":{"uv":[7.5,8,8,8.5],"rotation":90,"texture":"#0"},"west":{"uv":[7.5,8,8,8.5],"rotation":90,"texture":"#0"},"up":{"uv":[7.5,8,8,8.5],"rotation":90,"texture":"#0"},"down":{"uv":[7.5,8,8,8.5],"rotation":90,"texture":"#0"}}},{"from":[7.5,13,14],"to":[8.5,14,15],"rotation":{"angle":0,"axis":"y","origin":[8,21,22]},"faces":{"north":{"uv":[8,8,8.5,8.5],"rotation":90,"texture":"#0"},"east":{"uv":[8,8,8.5,8.5],"rotation":90,"texture":"#0"},"south":{"uv":[8,8,8.5,8.5],"rotation":90,"texture":"#0"},"west":{"uv":[8,8,8.5,8.5],"rotation":90,"texture":"#0"},"up":{"uv":[8,8,8.5,8.5],"rotation":90,"texture":"#0"},"down":{"uv":[8,8,8.5,8.5],"rotation":90,"texture":"#0"}}},{"from":[7.5,12,15],"to":[8.5,13,16],"rotation":{"angle":0,"axis":"y","origin":[8,20,23]},"faces":{"north":{"uv":[8,8,8.5,8.5],"rotation":90,"texture":"#0"},"east":{"uv":[8,8,8.5,8.5],"rotation":90,"texture":"#0"},"south":{"uv":[8,8,8.5,8.5],"rotation":90,"texture":"#0"},"west":{"uv":[8,8,8.5,8.5],"rotation":90,"texture":"#0"},"up":{"uv":[8,8,8.5,8.5],"rotation":90,"texture":"#0"},"down":{"uv":[8,8,8.5,8.5],"rotation":90,"texture":"#0"}}},{"from":[7.5,13,15],"to":[8.5,14,16],"rotation":{"angle":0,"axis":"y","origin":[8,21,23]},"faces":{"north":{"uv":[8.5,8,9,8.5],"rotation":90,"texture":"#0"},"east":{"uv":[8.5,8,9,8.5],"rotation":90,"texture":"#0"},"south":{"uv":[8.5,8,9,8.5],"rotation":90,"texture":"#0"},"west":{"uv":[8.5,8,9,8.5],"rotation":90,"texture":"#0"},"up":{"uv":[8.5,8,9,8.5],"rotation":90,"texture":"#0"},"down":{"uv":[8.5,8,9,8.5],"rotation":90,"texture":"#0"}}},{"from":[7.5,13,16],"to":[8.5,14,17],"rotation":{"angle":0,"axis":"y","origin":[8,21,24]},"faces":{"north":{"uv":[9,8,9.5,8.5],"rotation":90,"texture":"#0"},"east":{"uv":[9,8,9.5,8.5],"rotation":90,"texture":"#0"},"south":{"uv":[9,8,9.5,8.5],"rotation":90,"texture":"#0"},"west":{"uv":[9,8,9.5,8.5],"rotation":90,"texture":"#0"},"up":{"uv":[9,8,9.5,8.5],"rotation":90,"texture":"#0"},"down":{"uv":[9,8,9.5,8.5],"rotation":90,"texture":"#0"}}},{"from":[7.5,14,17],"to":[8.5,15,18],"rotation":{"angle":0,"axis":"y","origin":[8,22,25]},"faces":{"north":{"uv":[9.5,7.5,10,8],"rotation":90,"texture":"#0"},"east":{"uv":[9.5,7.5,10,8],"rotation":90,"texture":"#0"},"south":{"uv":[9.5,7.5,10,8],"rotation":90,"texture":"#0"},"west":{"uv":[9.5,7.5,10,8],"rotation":90,"texture":"#0"},"up":{"uv":[9.5,7.5,10,8],"rotation":90,"texture":"#0"},"down":{"uv":[9.5,7.5,10,8],"rotation":90,"texture":"#0"}}},{"from":[7.5,15,18],"to":[8.5,16,19],"rotation":{"angle":0,"axis":"y","origin":[8,23,26]},"faces":{"north":{"uv":[9.5,7.5,10,8],"rotation":90,"texture":"#0"},"east":{"uv":[9.5,7.5,10,8],"rotation":90,"texture":"#0"},"south":{"uv":[9.5,7.5,10,8],"rotation":90,"texture":"#0"},"west":{"uv":[9.5,7.5,10,8],"rotation":90,"texture":"#0"},"up":{"uv":[9.5,7.5,10,8],"rotation":90,"texture":"#0"},"down":{"uv":[9.5,7.5,10,8],"rotation":90,"texture":"#0"}}},{"from":[7.5,16,19],"to":[8.5,17,20],"rotation":{"angle":0,"axis":"y","origin":[8,24,27]},"faces":{"north":{"uv":[9.5,7.5,10,8],"rotation":90,"texture":"#0"},"east":{"uv":[9.5,7.5,10,8],"rotation":90,"texture":"#0"},"south":{"uv":[9.5,7.5,10,8],"rotation":90,"texture":"#0"},"west":{"uv":[9.5,7.5,10,8],"rotation":90,"texture":"#0"},"up":{"uv":[9.5,7.5,10,8],"rotation":90,"texture":"#0"},"down":{"uv":[9.5,7.5,10,8],"rotation":90,"texture":"#0"}}},{"from":[7.5,17,20],"to":[8.5,18,21],"rotation":{"angle":0,"axis":"y","origin":[8,25,28]},"faces":{"north":{"uv":[9.5,7.5,10,8],"rotation":90,"texture":"#0"},"east":{"uv":[9.5,7.5,10,8],"rotation":90,"texture":"#0"},"south":{"uv":[9.5,7.5,10,8],"rotation":90,"texture":"#0"},"west":{"uv":[9.5,7.5,10,8],"rotation":90,"texture":"#0"},"up":{"uv":[9.5,7.5,10,8],"rotation":90,"texture":"#0"},"down":{"uv":[9.5,7.5,10,8],"rotation":90,"texture":"#0"}}},{"from":[7.5,18,21],"to":[8.5,19,22],"rotation":{"angle":0,"axis":"y","origin":[8,26,29]},"faces":{"north":{"uv":[9.5,7.5,10,8],"rotation":90,"texture":"#0"},"east":{"uv":[9.5,7.5,10,8],"rotation":90,"texture":"#0"},"south":{"uv":[9.5,7.5,10,8],"rotation":90,"texture":"#0"},"west":{"uv":[9.5,7.5,10,8],"rotation":90,"texture":"#0"},"up":{"uv":[9.5,7.5,10,8],"rotation":90,"texture":"#0"},"down":{"uv":[9.5,7.5,10,8],"rotation":90,"texture":"#0"}}},{"from":[7.5,19,22],"to":[8.5,20,23],"rotation":{"angle":0,"axis":"y","origin":[8,27,30]},"faces":{"north":{"uv":[9.5,7.5,10,8],"rotation":90,"texture":"#0"},"east":{"uv":[9.5,7.5,10,8],"rotation":90,"texture":"#0"},"south":{"uv":[9.5,7.5,10,8],"rotation":90,"texture":"#0"},"west":{"uv":[9.5,7.5,10,8],"rotation":90,"texture":"#0"},"up":{"uv":[9.5,7.5,10,8],"rotation":90,"texture":"#0"},"down":{"uv":[9.5,7.5,10,8],"rotation":90,"texture":"#0"}}},{"from":[7.5,20,23],"to":[8.5,21,24],"rotation":{"angle":0,"axis":"y","origin":[8,28,31]},"faces":{"north":{"uv":[9.5,7.5,10,8],"rotation":90,"texture":"#0"},"east":{"uv":[9.5,7.5,10,8],"rotation":90,"texture":"#0"},"south":{"uv":[9.5,7.5,10,8],"rotation":90,"texture":"#0"},"west":{"uv":[9.5,7.5,10,8],"rotation":90,"texture":"#0"},"up":{"uv":[9.5,7.5,10,8],"rotation":90,"texture":"#0"},"down":{"uv":[9.5,7.5,10,8],"rotation":90,"texture":"#0"}}},{"from":[7.5,21,24],"to":[8.5,22,25],"rotation":{"angle":0,"axis":"y","origin":[8,29,32]},"faces":{"north":{"uv":[13,4,13.5,4.5],"rotation":90,"texture":"#0"},"east":{"uv":[13,4,13.5,4.5],"rotation":90,"texture":"#0"},"south":{"uv":[13,4,13.5,4.5],"rotation":90,"texture":"#0"},"west":{"uv":[13,4,13.5,4.5],"rotation":90,"texture":"#0"},"up":{"uv":[13,4,13.5,4.5],"rotation":90,"texture":"#0"},"down":{"uv":[13,4,13.5,4.5],"rotation":90,"texture":"#0"}}},{"from":[7.5,22,25],"to":[8.5,23,26],"rotation":{"angle":0,"axis":"y","origin":[8,30,33]},"faces":{"north":{"uv":[13.5,3.5,14,4],"rotation":90,"texture":"#0"},"east":{"uv":[13.5,3.5,14,4],"rotation":90,"texture":"#0"},"south":{"uv":[13.5,3.5,14,4],"rotation":90,"texture":"#0"},"west":{"uv":[13.5,3.5,14,4],"rotation":90,"texture":"#0"},"up":{"uv":[13.5,3.5,14,4],"rotation":90,"texture":"#0"},"down":{"uv":[13.5,3.5,14,4],"rotation":90,"texture":"#0"}}},{"from":[7.5,23,24],"to":[8.5,24,25],"rotation":{"angle":0,"axis":"y","origin":[8,31,32]},"faces":{"north":{"uv":[13,3,13.5,3.5],"rotation":90,"texture":"#0"},"east":{"uv":[13,3,13.5,3.5],"rotation":90,"texture":"#0"},"south":{"uv":[13,3,13.5,3.5],"rotation":90,"texture":"#0"},"west":{"uv":[13,3,13.5,3.5],"rotation":90,"texture":"#0"},"up":{"uv":[13,3,13.5,3.5],"rotation":90,"texture":"#0"},"down":{"uv":[13,3,13.5,3.5],"rotation":90,"texture":"#0"}}},{"from":[7.5,8,11],"to":[8.5,9,12],"rotation":{"angle":0,"axis":"y","origin":[8,16,19]},"faces":{"north":{"uv":[6,10,6.5,10.5],"rotation":90,"texture":"#0"},"east":{"uv":[6,10,6.5,10.5],"rotation":90,"texture":"#0"},"south":{"uv":[6,10,6.5,10.5],"rotation":90,"texture":"#0"},"west":{"uv":[6,10,6.5,10.5],"rotation":90,"texture":"#0"},"up":{"uv":[6,10,6.5,10.5],"rotation":90,"texture":"#0"},"down":{"uv":[6,10,6.5,10.5],"rotation":90,"texture":"#0"}}},{"from":[7.5,11,12],"to":[8.5,12,13],"rotation":{"angle":0,"axis":"y","origin":[8,19,20]},"faces":{"north":{"uv":[6,10,6.5,10.5],"rotation":90,"texture":"#0"},"east":{"uv":[6,10,6.5,10.5],"rotation":90,"texture":"#0"},"south":{"uv":[6,10,6.5,10.5],"rotation":90,"texture":"#0"},"west":{"uv":[6,10,6.5,10.5],"rotation":90,"texture":"#0"},"up":{"uv":[6,10,6.5,10.5],"rotation":90,"texture":"#0"},"down":{"uv":[6,10,6.5,10.5],"rotation":90,"texture":"#0"}}},{"from":[7.5,10,13],"to":[8.5,11,14],"rotation":{"angle":0,"axis":"y","origin":[8,18,21]},"faces":{"north":{"uv":[6,10,6.5,10.5],"rotation":90,"texture":"#0"},"east":{"uv":[6,10,6.5,10.5],"rotation":90,"texture":"#0"},"south":{"uv":[6,10,6.5,10.5],"rotation":90,"texture":"#0"},"west":{"uv":[6,10,6.5,10.5],"rotation":90,"texture":"#0"},"up":{"uv":[6,10,6.5,10.5],"rotation":90,"texture":"#0"},"down":{"uv":[6,10,6.5,10.5],"rotation":90,"texture":"#0"}}},{"from":[7.5,6,10],"to":[8.5,7,11],"rotation":{"angle":0,"axis":"y","origin":[8,14,18]},"faces":{"north":{"uv":[6,11.5,6.5,12],"rotation":90,"texture":"#0"},"east":{"uv":[6,11.5,6.5,12],"rotation":90,"texture":"#0"},"south":{"uv":[6,11.5,6.5,12],"rotation":90,"texture":"#0"},"west":{"uv":[6,11.5,6.5,12],"rotation":90,"texture":"#0"},"up":{"uv":[6,11.5,6.5,12],"rotation":90,"texture":"#0"},"down":{"uv":[6,11.5,6.5,12],"rotation":90,"texture":"#0"}}},{"from":[7.5,7,10],"to":[8.5,8,11],"rotation":{"angle":0,"axis":"y","origin":[8,15,18]},"faces":{"north":{"uv":[6,11,6.5,11.5],"rotation":90,"texture":"#0"},"east":{"uv":[6,11,6.5,11.5],"rotation":90,"texture":"#0"},"south":{"uv":[6,11,6.5,11.5],"rotation":90,"texture":"#0"},"west":{"uv":[6,11,6.5,11.5],"rotation":90,"texture":"#0"},"up":{"uv":[6,11,6.5,11.5],"rotation":90,"texture":"#0"},"down":{"uv":[6,11,6.5,11.5],"rotation":90,"texture":"#0"}}},{"from":[7.5,6,11],"to":[8.5,7,12],"rotation":{"angle":0,"axis":"y","origin":[8,14,19]},"faces":{"north":{"uv":[6.5,11.5,7,12],"rotation":90,"texture":"#0"},"east":{"uv":[6.5,11.5,7,12],"rotation":90,"texture":"#0"},"south":{"uv":[6.5,11.5,7,12],"rotation":90,"texture":"#0"},"west":{"uv":[6.5,11.5,7,12],"rotation":90,"texture":"#0"},"up":{"uv":[6.5,11.5,7,12],"rotation":90,"texture":"#0"},"down":{"uv":[6.5,11.5,7,12],"rotation":90,"texture":"#0"}}},{"from":[7.3,8,10],"to":[8.7,9,11],"rotation":{"angle":0,"axis":"y","origin":[8,16,18]},"faces":{"north":{"uv":[6,10.5,6.5,11],"rotation":90,"texture":"#0"},"east":{"uv":[6,10.5,6.5,11],"rotation":90,"texture":"#0"},"south":{"uv":[6,10.5,6.5,11],"rotation":90,"texture":"#0"},"west":{"uv":[6,10.5,6.5,11],"rotation":90,"texture":"#0"},"up":{"uv":[6,10.5,6.5,11],"rotation":90,"texture":"#0"},"down":{"uv":[6,10.5,6.5,11],"rotation":90,"texture":"#0"}}},{"from":[7.3,14,15],"to":[8.7,15,16],"rotation":{"angle":0,"axis":"y","origin":[8,22,23]},"faces":{"north":{"uv":[8.5,7.5,9,8],"rotation":90,"texture":"#0"},"east":{"uv":[8.5,7.5,9,8],"rotation":90,"texture":"#0"},"south":{"uv":[8.5,7.5,9,8],"rotation":90,"texture":"#0"},"west":{"uv":[8.5,7.5,9,8],"rotation":90,"texture":"#0"},"up":{"uv":[8.5,7.5,9,8],"rotation":90,"texture":"#0"},"down":{"uv":[8.5,7.5,9,8],"rotation":90,"texture":"#0"}}},{"from":[7.3,14,16],"to":[8.7,15,17],"rotation":{"angle":0,"axis":"y","origin":[8,22,24]},"faces":{"north":{"uv":[9,7.5,9.5,8],"rotation":90,"texture":"#0"},"east":{"uv":[9,7.5,9.5,8],"rotation":90,"texture":"#0"},"south":{"uv":[9,7.5,9.5,8],"rotation":90,"texture":"#0"},"west":{"uv":[9,7.5,9.5,8],"rotation":90,"texture":"#0"},"up":{"uv":[9,7.5,9.5,8],"rotation":90,"texture":"#0"},"down":{"uv":[9,7.5,9.5,8],"rotation":90,"texture":"#0"}}},{"from":[7.3,15,16],"to":[8.7,16,17],"rotation":{"angle":0,"axis":"y","origin":[8,23,24]},"faces":{"north":{"uv":[9,7,9.5,7.5],"rotation":90,"texture":"#0"},"east":{"uv":[9,7,9.5,7.5],"rotation":90,"texture":"#0"},"south":{"uv":[9,7,9.5,7.5],"rotation":90,"texture":"#0"},"west":{"uv":[9,7,9.5,7.5],"rotation":90,"texture":"#0"},"up":{"uv":[9,7,9.5,7.5],"rotation":90,"texture":"#0"},"down":{"uv":[9,7,9.5,7.5],"rotation":90,"texture":"#0"}}},{"from":[7.3,16,17],"to":[8.7,17,18],"rotation":{"angle":0,"axis":"y","origin":[8,24,25]},"faces":{"north":{"uv":[9,7,9.5,7.5],"rotation":90,"texture":"#0"},"east":{"uv":[9,7,9.5,7.5],"rotation":90,"texture":"#0"},"south":{"uv":[9,7,9.5,7.5],"rotation":90,"texture":"#0"},"west":{"uv":[9,7,9.5,7.5],"rotation":90,"texture":"#0"},"up":{"uv":[9,7,9.5,7.5],"rotation":90,"texture":"#0"},"down":{"uv":[9,7,9.5,7.5],"rotation":90,"texture":"#0"}}},{"from":[7.3,17,18],"to":[8.7,18,19],"rotation":{"angle":0,"axis":"y","origin":[8,25,26]},"faces":{"north":{"uv":[9,7,9.5,7.5],"rotation":90,"texture":"#0"},"east":{"uv":[9,7,9.5,7.5],"rotation":90,"texture":"#0"},"south":{"uv":[9,7,9.5,7.5],"rotation":90,"texture":"#0"},"west":{"uv":[9,7,9.5,7.5],"rotation":90,"texture":"#0"},"up":{"uv":[9,7,9.5,7.5],"rotation":90,"texture":"#0"},"down":{"uv":[9,7,9.5,7.5],"rotation":90,"texture":"#0"}}},{"from":[7.3,18,19],"to":[8.7,19,20],"rotation":{"angle":0,"axis":"y","origin":[8,26,27]},"faces":{"north":{"uv":[9,7,9.5,7.5],"rotation":90,"texture":"#0"},"east":{"uv":[9,7,9.5,7.5],"rotation":90,"texture":"#0"},"south":{"uv":[9,7,9.5,7.5],"rotation":90,"texture":"#0"},"west":{"uv":[9,7,9.5,7.5],"rotation":90,"texture":"#0"},"up":{"uv":[9,7,9.5,7.5],"rotation":90,"texture":"#0"},"down":{"uv":[9,7,9.5,7.5],"rotation":90,"texture":"#0"}}},{"from":[7.3,19,20],"to":[8.7,20,21],"rotation":{"angle":0,"axis":"y","origin":[8,27,28]},"faces":{"north":{"uv":[9,7,9.5,7.5],"rotation":90,"texture":"#0"},"east":{"uv":[9,7,9.5,7.5],"rotation":90,"texture":"#0"},"south":{"uv":[9,7,9.5,7.5],"rotation":90,"texture":"#0"},"west":{"uv":[9,7,9.5,7.5],"rotation":90,"texture":"#0"},"up":{"uv":[9,7,9.5,7.5],"rotation":90,"texture":"#0"},"down":{"uv":[9,7,9.5,7.5],"rotation":90,"texture":"#0"}}},{"from":[7.3,20,21],"to":[8.7,21,22],"rotation":{"angle":0,"axis":"y","origin":[8,28,29]},"faces":{"north":{"uv":[11.5,4.5,12,5],"rotation":90,"texture":"#0"},"east":{"uv":[11.5,4.5,12,5],"rotation":90,"texture":"#0"},"south":{"uv":[11.5,4.5,12,5],"rotation":90,"texture":"#0"},"west":{"uv":[11.5,4.5,12,5],"rotation":90,"texture":"#0"},"up":{"uv":[11.5,4.5,12,5],"rotation":90,"texture":"#0"},"down":{"uv":[11.5,4.5,12,5],"rotation":90,"texture":"#0"}}},{"from":[7.3,21,22],"to":[8.7,22,23],"rotation":{"angle":0,"axis":"y","origin":[8,29,30]},"faces":{"north":{"uv":[11.5,4.5,12,5],"rotation":90,"texture":"#0"},"east":{"uv":[11.5,4.5,12,5],"rotation":90,"texture":"#0"},"south":{"uv":[11.5,4.5,12,5],"rotation":90,"texture":"#0"},"west":{"uv":[11.5,4.5,12,5],"rotation":90,"texture":"#0"},"up":{"uv":[11.5,4.5,12,5],"rotation":90,"texture":"#0"},"down":{"uv":[11.5,4.5,12,5],"rotation":90,"texture":"#0"}}},{"from":[7.3,22,23],"to":[8.7,23,24],"rotation":{"angle":0,"axis":"y","origin":[8,30,31]},"faces":{"north":{"uv":[11.5,4.5,12,5],"rotation":90,"texture":"#0"},"east":{"uv":[11.5,4.5,12,5],"rotation":90,"texture":"#0"},"south":{"uv":[11.5,4.5,12,5],"rotation":90,"texture":"#0"},"west":{"uv":[11.5,4.5,12,5],"rotation":90,"texture":"#0"},"up":{"uv":[11.5,4.5,12,5],"rotation":90,"texture":"#0"},"down":{"uv":[11.5,4.5,12,5],"rotation":90,"texture":"#0"}}},{"from":[7.3,22,24],"to":[8.7,23,25],"rotation":{"angle":0,"axis":"y","origin":[8,30,32]},"faces":{"north":{"uv":[13,3.5,13.5,4],"rotation":90,"texture":"#0"},"east":{"uv":[13,3.5,13.5,4],"rotation":90,"texture":"#0"},"south":{"uv":[13,3.5,13.5,4],"rotation":90,"texture":"#0"},"west":{"uv":[13,3.5,13.5,4],"rotation":90,"texture":"#0"},"up":{"uv":[13,3.5,13.5,4],"rotation":90,"texture":"#0"},"down":{"uv":[13,3.5,13.5,4],"rotation":90,"texture":"#0"}}},{"from":[7.3,21,23],"to":[8.7,22,24],"rotation":{"angle":0,"axis":"y","origin":[8,29,31]},"faces":{"north":{"uv":[12.5,4,13,4.5],"rotation":90,"texture":"#0"},"east":{"uv":[12.5,4,13,4.5],"rotation":90,"texture":"#0"},"south":{"uv":[12.5,4,13,4.5],"rotation":90,"texture":"#0"},"west":{"uv":[12.5,4,13,4.5],"rotation":90,"texture":"#0"},"up":{"uv":[12.5,4,13,4.5],"rotation":90,"texture":"#0"},"down":{"uv":[12.5,4,13,4.5],"rotation":90,"texture":"#0"}}},{"from":[7.3,20,22],"to":[8.7,21,23],"rotation":{"angle":0,"axis":"y","origin":[8,28,30]},"faces":{"north":{"uv":[12,4.5,12.5,5],"rotation":90,"texture":"#0"},"east":{"uv":[12,4.5,12.5,5],"rotation":90,"texture":"#0"},"south":{"uv":[12,4.5,12.5,5],"rotation":90,"texture":"#0"},"west":{"uv":[12,4.5,12.5,5],"rotation":90,"texture":"#0"},"up":{"uv":[12,4.5,12.5,5],"rotation":90,"texture":"#0"},"down":{"uv":[12,4.5,12.5,5],"rotation":90,"texture":"#0"}}},{"from":[7.3,19,21],"to":[8.7,20,22],"rotation":{"angle":0,"axis":"y","origin":[8,27,29]},"faces":{"north":{"uv":[11.5,5,12,5.5],"rotation":90,"texture":"#0"},"east":{"uv":[11.5,5,12,5.5],"rotation":90,"texture":"#0"},"south":{"uv":[11.5,5,12,5.5],"rotation":90,"texture":"#0"},"west":{"uv":[11.5,5,12,5.5],"rotation":90,"texture":"#0"},"up":{"uv":[11.5,5,12,5.5],"rotation":90,"texture":"#0"},"down":{"uv":[11.5,5,12,5.5],"rotation":90,"texture":"#0"}}},{"from":[7.3,18,20],"to":[8.7,19,21],"rotation":{"angle":0,"axis":"y","origin":[8,26,28]},"faces":{"north":{"uv":[11.5,5,12,5.5],"rotation":90,"texture":"#0"},"east":{"uv":[11.5,5,12,5.5],"rotation":90,"texture":"#0"},"south":{"uv":[11.5,5,12,5.5],"rotation":90,"texture":"#0"},"west":{"uv":[11.5,5,12,5.5],"rotation":90,"texture":"#0"},"up":{"uv":[11.5,5,12,5.5],"rotation":90,"texture":"#0"},"down":{"uv":[11.5,5,12,5.5],"rotation":90,"texture":"#0"}}},{"from":[7.3,17,19],"to":[8.7,18,20],"rotation":{"angle":0,"axis":"y","origin":[8,25,27]},"faces":{"north":{"uv":[11.5,5,12,5.5],"rotation":90,"texture":"#0"},"east":{"uv":[11.5,5,12,5.5],"rotation":90,"texture":"#0"},"south":{"uv":[11.5,5,12,5.5],"rotation":90,"texture":"#0"},"west":{"uv":[11.5,5,12,5.5],"rotation":90,"texture":"#0"},"up":{"uv":[11.5,5,12,5.5],"rotation":90,"texture":"#0"},"down":{"uv":[11.5,5,12,5.5],"rotation":90,"texture":"#0"}}},{"from":[7.3,16,18],"to":[8.7,17,19],"rotation":{"angle":0,"axis":"y","origin":[8,24,26]},"faces":{"north":{"uv":[11.5,5,12,5.5],"rotation":90,"texture":"#0"},"east":{"uv":[11.5,5,12,5.5],"rotation":90,"texture":"#0"},"south":{"uv":[11.5,5,12,5.5],"rotation":90,"texture":"#0"},"west":{"uv":[11.5,5,12,5.5],"rotation":90,"texture":"#0"},"up":{"uv":[11.5,5,12,5.5],"rotation":90,"texture":"#0"},"down":{"uv":[11.5,5,12,5.5],"rotation":90,"texture":"#0"}}},{"from":[7.3,15,17],"to":[8.7,16,18],"rotation":{"angle":0,"axis":"y","origin":[8,23,25]},"faces":{"north":{"uv":[9.5,7,10,7.5],"rotation":90,"texture":"#0"},"east":{"uv":[9.5,7,10,7.5],"rotation":90,"texture":"#0"},"south":{"uv":[9.5,7,10,7.5],"rotation":90,"texture":"#0"},"west":{"uv":[9.5,7,10,7.5],"rotation":90,"texture":"#0"},"up":{"uv":[9.5,7,10,7.5],"rotation":90,"texture":"#0"},"down":{"uv":[9.5,7,10,7.5],"rotation":90,"texture":"#0"}}},{"from":[7.3,7,9],"to":[8.7,8,10],"rotation":{"angle":0,"axis":"y","origin":[8,15,17]},"faces":{"north":{"uv":[5.5,11,6,11.5],"rotation":90,"texture":"#0"},"east":{"uv":[5.5,11,6,11.5],"rotation":90,"texture":"#0"},"south":{"uv":[5.5,11,6,11.5],"rotation":90,"texture":"#0"},"west":{"uv":[5.5,11,6,11.5],"rotation":90,"texture":"#0"},"up":{"uv":[5.5,11,6,11.5],"rotation":90,"texture":"#0"},"down":{"uv":[5.5,11,6,11.5],"rotation":90,"texture":"#0"}}},{"from":[7.3,7,8],"to":[8.7,8,9],"rotation":{"angle":0,"axis":"y","origin":[8,15,16]},"faces":{"north":{"uv":[5,11,5.5,11.5],"rotation":90,"texture":"#0"},"east":{"uv":[5,11,5.5,11.5],"rotation":90,"texture":"#0"},"south":{"uv":[5,11,5.5,11.5],"rotation":90,"texture":"#0"},"west":{"uv":[5,11,5.5,11.5],"rotation":90,"texture":"#0"},"up":{"uv":[5,11,5.5,11.5],"rotation":90,"texture":"#0"},"down":{"uv":[5,11,5.5,11.5],"rotation":90,"texture":"#0"}}},{"from":[7.3,6,7],"to":[8.7,7,8],"rotation":{"angle":0,"axis":"y","origin":[8,14,15]},"faces":{"north":{"uv":[4.5,11.5,5,12],"rotation":90,"texture":"#0"},"east":{"uv":[4.5,11.5,5,12],"rotation":90,"texture":"#0"},"south":{"uv":[4.5,11.5,5,12],"rotation":90,"texture":"#0"},"west":{"uv":[4.5,11.5,5,12],"rotation":90,"texture":"#0"},"up":{"uv":[4.5,11.5,5,12],"rotation":90,"texture":"#0"},"down":{"uv":[4.5,11.5,5,12],"rotation":90,"texture":"#0"}}},{"from":[7.3,6,8],"to":[8.7,7,9],"rotation":{"angle":0,"axis":"y","origin":[8,14,16]},"faces":{"north":{"uv":[5.5,11,6,11.5],"rotation":90,"texture":"#0"},"east":{"uv":[5.5,11,6,11.5],"rotation":90,"texture":"#0"},"south":{"uv":[5.5,11,6,11.5],"rotation":90,"texture":"#0"},"west":{"uv":[5.5,11,6,11.5],"rotation":90,"texture":"#0"},"up":{"uv":[5.5,11,6,11.5],"rotation":90,"texture":"#0"},"down":{"uv":[5.5,11,6,11.5],"rotation":90,"texture":"#0"}}},{"from":[7.3,5,7],"to":[8.7,6,8],"rotation":{"angle":0,"axis":"y","origin":[8,13,15]},"faces":{"north":{"uv":[5.5,11,6,11.5],"rotation":90,"texture":"#0"},"east":{"uv":[5.5,11,6,11.5],"rotation":90,"texture":"#0"},"south":{"uv":[5.5,11,6,11.5],"rotation":90,"texture":"#0"},"west":{"uv":[5.5,11,6,11.5],"rotation":90,"texture":"#0"},"up":{"uv":[5.5,11,6,11.5],"rotation":90,"texture":"#0"},"down":{"uv":[5.5,11,6,11.5],"rotation":90,"texture":"#0"}}},{"from":[7.3,4,6],"to":[8.7,5,7],"rotation":{"angle":0,"axis":"y","origin":[8,12,14]},"faces":{"north":{"uv":[5.5,11,6,11.5],"rotation":90,"texture":"#0"},"east":{"uv":[5.5,11,6,11.5],"rotation":90,"texture":"#0"},"south":{"uv":[5.5,11,6,11.5],"rotation":90,"texture":"#0"},"west":{"uv":[5.5,11,6,11.5],"rotation":90,"texture":"#0"},"up":{"uv":[5.5,11,6,11.5],"rotation":90,"texture":"#0"},"down":{"uv":[5.5,11,6,11.5],"rotation":90,"texture":"#0"}}},{"from":[7.3,3,5],"to":[8.7,4,6],"rotation":{"angle":0,"axis":"y","origin":[8,11,13]},"faces":{"north":{"uv":[5.5,11,6,11.5],"rotation":90,"texture":"#0"},"east":{"uv":[5.5,11,6,11.5],"rotation":90,"texture":"#0"},"south":{"uv":[5.5,11,6,11.5],"rotation":90,"texture":"#0"},"west":{"uv":[5.5,11,6,11.5],"rotation":90,"texture":"#0"},"up":{"uv":[5.5,11,6,11.5],"rotation":90,"texture":"#0"},"down":{"uv":[5.5,11,6,11.5],"rotation":90,"texture":"#0"}}},{"from":[7.3,2,4],"to":[8.7,3,5],"rotation":{"angle":0,"axis":"y","origin":[8,10,12]},"faces":{"north":{"uv":[5.5,11,6,11.5],"rotation":90,"texture":"#0"},"east":{"uv":[5.5,11,6,11.5],"rotation":90,"texture":"#0"},"south":{"uv":[5.5,11,6,11.5],"rotation":90,"texture":"#0"},"west":{"uv":[5.5,11,6,11.5],"rotation":90,"texture":"#0"},"up":{"uv":[5.5,11,6,11.5],"rotation":90,"texture":"#0"},"down":{"uv":[5.5,11,6,11.5],"rotation":90,"texture":"#0"}}},{"from":[7.3,1,3],"to":[8.7,2,4],"rotation":{"angle":0,"axis":"y","origin":[8,9,11]},"faces":{"north":{"uv":[5.5,11,6,11.5],"rotation":90,"texture":"#0"},"east":{"uv":[5.5,11,6,11.5],"rotation":90,"texture":"#0"},"south":{"uv":[5.5,11,6,11.5],"rotation":90,"texture":"#0"},"west":{"uv":[5.5,11,6,11.5],"rotation":90,"texture":"#0"},"up":{"uv":[5.5,11,6,11.5],"rotation":90,"texture":"#0"},"down":{"uv":[5.5,11,6,11.5],"rotation":90,"texture":"#0"}}},{"from":[7.3,1,2],"to":[8.7,2,3],"rotation":{"angle":0,"axis":"y","origin":[8,9,10]},"faces":{"north":{"uv":[2,14,2.5,14.5],"rotation":90,"texture":"#0"},"east":{"uv":[2,14,2.5,14.5],"rotation":90,"texture":"#0"},"south":{"uv":[2,14,2.5,14.5],"rotation":90,"texture":"#0"},"west":{"uv":[2,14,2.5,14.5],"rotation":90,"texture":"#0"},"up":{"uv":[2,14,2.5,14.5],"rotation":90,"texture":"#0"},"down":{"uv":[2,14,2.5,14.5],"rotation":90,"texture":"#0"}}},{"from":[7.3,2,3],"to":[8.7,3,4],"rotation":{"angle":0,"axis":"y","origin":[8,10,11]},"faces":{"north":{"uv":[2.5,13.5,3,14],"rotation":90,"texture":"#0"},"east":{"uv":[2.5,13.5,3,14],"rotation":90,"texture":"#0"},"south":{"uv":[2.5,13.5,3,14],"rotation":90,"texture":"#0"},"west":{"uv":[2.5,13.5,3,14],"rotation":90,"texture":"#0"},"up":{"uv":[2.5,13.5,3,14],"rotation":90,"texture":"#0"},"down":{"uv":[2.5,13.5,3,14],"rotation":90,"texture":"#0"}}},{"from":[7.3,3,4],"to":[8.7,4,5],"rotation":{"angle":0,"axis":"y","origin":[8,11,12]},"faces":{"north":{"uv":[2.5,13.5,3,14],"rotation":90,"texture":"#0"},"east":{"uv":[2.5,13.5,3,14],"rotation":90,"texture":"#0"},"south":{"uv":[2.5,13.5,3,14],"rotation":90,"texture":"#0"},"west":{"uv":[2.5,13.5,3,14],"rotation":90,"texture":"#0"},"up":{"uv":[2.5,13.5,3,14],"rotation":90,"texture":"#0"},"down":{"uv":[2.5,13.5,3,14],"rotation":90,"texture":"#0"}}},{"from":[7.3,4,5],"to":[8.7,5,6],"rotation":{"angle":0,"axis":"y","origin":[8,12,13]},"faces":{"north":{"uv":[2.5,13.5,3,14],"rotation":90,"texture":"#0"},"east":{"uv":[2.5,13.5,3,14],"rotation":90,"texture":"#0"},"south":{"uv":[2.5,13.5,3,14],"rotation":90,"texture":"#0"},"west":{"uv":[2.5,13.5,3,14],"rotation":90,"texture":"#0"},"up":{"uv":[2.5,13.5,3,14],"rotation":90,"texture":"#0"},"down":{"uv":[2.5,13.5,3,14],"rotation":90,"texture":"#0"}}},{"from":[7.3,5,6],"to":[8.7,6,7],"rotation":{"angle":0,"axis":"y","origin":[8,13,14]},"faces":{"north":{"uv":[2.5,13.5,3,14],"rotation":90,"texture":"#0"},"east":{"uv":[2.5,13.5,3,14],"rotation":90,"texture":"#0"},"south":{"uv":[2.5,13.5,3,14],"rotation":90,"texture":"#0"},"west":{"uv":[2.5,13.5,3,14],"rotation":90,"texture":"#0"},"up":{"uv":[2.5,13.5,3,14],"rotation":90,"texture":"#0"},"down":{"uv":[2.5,13.5,3,14],"rotation":90,"texture":"#0"}}},{"from":[7.3,9,11],"to":[8.7,10,12],"rotation":{"angle":0,"axis":"y","origin":[8,17,19]},"faces":{"north":{"uv":[6.5,10,7,10.5],"rotation":90,"texture":"#0"},"east":{"uv":[6.5,10,7,10.5],"rotation":90,"texture":"#0"},"south":{"uv":[6.5,10,7,10.5],"rotation":90,"texture":"#0"},"west":{"uv":[6.5,10,7,10.5],"rotation":90,"texture":"#0"},"up":{"uv":[6.5,10,7,10.5],"rotation":90,"texture":"#0"},"down":{"uv":[6.5,10,7,10.5],"rotation":90,"texture":"#0"}}},{"from":[7.3,10,12],"to":[8.7,11,13],"rotation":{"angle":0,"axis":"y","origin":[8,18,20]},"faces":{"north":{"uv":[6.5,10,7,10.5],"rotation":90,"texture":"#0"},"east":{"uv":[6.5,10,7,10.5],"rotation":90,"texture":"#0"},"south":{"uv":[6.5,10,7,10.5],"rotation":90,"texture":"#0"},"west":{"uv":[6.5,10,7,10.5],"rotation":90,"texture":"#0"},"up":{"uv":[6.5,10,7,10.5],"rotation":90,"texture":"#0"},"down":{"uv":[6.5,10,7,10.5],"rotation":90,"texture":"#0"}}},{"from":[7.3,11,13],"to":[8.7,12,14],"rotation":{"angle":0,"axis":"y","origin":[8,19,21]},"faces":{"north":{"uv":[6.5,10,7,10.5],"rotation":90,"texture":"#0"},"east":{"uv":[6.5,10,7,10.5],"rotation":90,"texture":"#0"},"south":{"uv":[6.5,10,7,10.5],"rotation":90,"texture":"#0"},"west":{"uv":[6.5,10,7,10.5],"rotation":90,"texture":"#0"},"up":{"uv":[6.5,10,7,10.5],"rotation":90,"texture":"#0"},"down":{"uv":[6.5,10,7,10.5],"rotation":90,"texture":"#0"}}},{"from":[7.3,12,14],"to":[8.7,13,15],"rotation":{"angle":0,"axis":"y","origin":[8,20,22]},"faces":{"north":{"uv":[6.5,10,7,10.5],"rotation":90,"texture":"#0"},"east":{"uv":[6.5,10,7,10.5],"rotation":90,"texture":"#0"},"south":{"uv":[6.5,10,7,10.5],"rotation":90,"texture":"#0"},"west":{"uv":[6.5,10,7,10.5],"rotation":90,"texture":"#0"},"up":{"uv":[6.5,10,7,10.5],"rotation":90,"texture":"#0"},"down":{"uv":[6.5,10,7,10.5],"rotation":90,"texture":"#0"}}},{"from":[7.3,7,11],"to":[8.7,8,12],"rotation":{"angle":0,"axis":"y","origin":[8,15,19]},"faces":{"north":{"uv":[6.5,11,7,11.5],"rotation":90,"texture":"#0"},"east":{"uv":[6.5,11,7,11.5],"rotation":90,"texture":"#0"},"south":{"uv":[6.5,11,7,11.5],"rotation":90,"texture":"#0"},"west":{"uv":[6.5,11,7,11.5],"rotation":90,"texture":"#0"},"up":{"uv":[6.5,11,7,11.5],"rotation":90,"texture":"#0"},"down":{"uv":[6.5,11,7,11.5],"rotation":90,"texture":"#0"}}},{"from":[7.3,7,12],"to":[8.7,8,13],"rotation":{"angle":0,"axis":"y","origin":[8,15,20]},"faces":{"north":{"uv":[7,11,7.5,11.5],"rotation":90,"texture":"#0"},"east":{"uv":[7,11,7.5,11.5],"rotation":90,"texture":"#0"},"south":{"uv":[7,11,7.5,11.5],"rotation":90,"texture":"#0"},"west":{"uv":[7,11,7.5,11.5],"rotation":90,"texture":"#0"},"up":{"uv":[7,11,7.5,11.5],"rotation":90,"texture":"#0"},"down":{"uv":[7,11,7.5,11.5],"rotation":90,"texture":"#0"}}},{"from":[7.5,4,4],"to":[8.5,5,5],"rotation":{"angle":0,"axis":"y","origin":[8,12,12]},"faces":{"north":{"uv":[1.5,14,2,14.5],"rotation":90,"texture":"#0"},"east":{"uv":[1.5,14,2,14.5],"rotation":90,"texture":"#0"},"south":{"uv":[1.5,14,2,14.5],"rotation":90,"texture":"#0"},"west":{"uv":[1.5,14,2,14.5],"rotation":90,"texture":"#0"},"up":{"uv":[1.5,14,2,14.5],"rotation":90,"texture":"#0"},"down":{"uv":[1.5,14,2,14.5],"rotation":90,"texture":"#0"}}},{"from":[7.5,3,6],"to":[8.5,4,7],"rotation":{"angle":0,"axis":"y","origin":[8,11,14]},"faces":{"north":{"uv":[4,13,4.5,13.5],"rotation":90,"texture":"#0"},"east":{"uv":[4,13,4.5,13.5],"rotation":90,"texture":"#0"},"south":{"uv":[4,13,4.5,13.5],"rotation":90,"texture":"#0"},"west":{"uv":[4,13,4.5,13.5],"rotation":90,"texture":"#0"},"up":{"uv":[4,13,4.5,13.5],"rotation":90,"texture":"#0"},"down":{"uv":[4,13,4.5,13.5],"rotation":90,"texture":"#0"}}},{"from":[7.5,2,2],"to":[8.5,3,3],"rotation":{"angle":0,"axis":"y","origin":[8,10,10]},"faces":{"north":{"uv":[4,13,4.5,13.5],"rotation":90,"texture":"#0"},"east":{"uv":[4,13,4.5,13.5],"rotation":90,"texture":"#0"},"south":{"uv":[4,13,4.5,13.5],"rotation":90,"texture":"#0"},"west":{"uv":[4,13,4.5,13.5],"rotation":90,"texture":"#0"},"up":{"uv":[4,13,4.5,13.5],"rotation":90,"texture":"#0"},"down":{"uv":[4,13,4.5,13.5],"rotation":90,"texture":"#0"}}},{"from":[7.5,3,3],"to":[8.5,4,4],"rotation":{"angle":0,"axis":"y","origin":[8,11,11]},"faces":{"north":{"uv":[4,13,4.5,13.5],"rotation":90,"texture":"#0"},"east":{"uv":[4,13,4.5,13.5],"rotation":90,"texture":"#0"},"south":{"uv":[4,13,4.5,13.5],"rotation":90,"texture":"#0"},"west":{"uv":[4,13,4.5,13.5],"rotation":90,"texture":"#0"},"up":{"uv":[4,13,4.5,13.5],"rotation":90,"texture":"#0"},"down":{"uv":[4,13,4.5,13.5],"rotation":90,"texture":"#0"}}},{"from":[7.5,5,5],"to":[8.5,6,6],"rotation":{"angle":0,"axis":"y","origin":[8,13,13]},"faces":{"north":{"uv":[4,13,4.5,13.5],"rotation":90,"texture":"#0"},"east":{"uv":[4,13,4.5,13.5],"rotation":90,"texture":"#0"},"south":{"uv":[4,13,4.5,13.5],"rotation":90,"texture":"#0"},"west":{"uv":[4,13,4.5,13.5],"rotation":90,"texture":"#0"},"up":{"uv":[4,13,4.5,13.5],"rotation":90,"texture":"#0"},"down":{"uv":[4,13,4.5,13.5],"rotation":90,"texture":"#0"}}},{"from":[7.5,6,6],"to":[8.5,7,7],"rotation":{"angle":0,"axis":"y","origin":[8,14,14]},"faces":{"north":{"uv":[4,13,4.5,13.5],"rotation":90,"texture":"#0"},"east":{"uv":[4,13,4.5,13.5],"rotation":90,"texture":"#0"},"south":{"uv":[4,13,4.5,13.5],"rotation":90,"texture":"#0"},"west":{"uv":[4,13,4.5,13.5],"rotation":90,"texture":"#0"},"up":{"uv":[4,13,4.5,13.5],"rotation":90,"texture":"#0"},"down":{"uv":[4,13,4.5,13.5],"rotation":90,"texture":"#0"}}}]}