{"display":{"thirdperson_righthand":{"rotation":[-124,2.5,-91.25],"translation":[7,3,1]},"thirdperson_lefthand":{"rotation":[-136.75,2.5,82],"translation":[-7.25,3,-0.75]},"firstperson_righthand":{"rotation":[-150.5,2.5,-91.25],"translation":[7,1.75,1],"scale":[0.8,0.8,0.8]},"firstperson_lefthand":{"rotation":[36,-176,-91.25],"translation":[-4.25,1.75,1],"scale":[0.8,0.8,0.8]},"ground":{"rotation":[0,0,93.25],"translation":[0,0,0.25],"scale":[0.45,0.45,0.45]},"gui":{"rotation":[-91,0,0],"translation":[-2.75,-2.75,0],"scale":[0.65,0.65,0.65]},"fixed":{"rotation":[-94.75,0,179],"translation":[1.5,-1,4],"scale":[0.65,0.65,0.65]}},"gui_light":"front","textures":{"0":"item/iron_sword/7","particle":"item/iron_sword/7"},"elements":[{"from":[0,0,0],"to":[3,1,3],"rotation":{"angle":0,"axis":"y","origin":[8,8,1]},"faces":{"north":{"uv":[0,15.5,1.5,16],"texture":"#0"},"east":{"uv":[0,15.5,1.5,16],"texture":"#0"},"south":{"uv":[0,15.5,1.5,16],"texture":"#0"},"west":{"uv":[0,15.5,1.5,16],"texture":"#0"},"up":{"uv":[0,15.5,1.5,16],"texture":"#0"},"down":{"uv":[0,15.5,1.5,16],"texture":"#0"}}},{"from":[1,-0.2,1],"to":[2,1.2,2],"rotation":{"angle":0,"axis":"y","origin":[9,8,9]},"faces":{"north":{"uv":[0.5,15,1,15.5],"texture":"#0"},"east":{"uv":[0.5,15,1,15.5],"texture":"#0"},"south":{"uv":[0.5,15,1,15.5],"texture":"#0"},"west":{"uv":[0.5,15,1,15.5],"texture":"#0"},"up":{"uv":[0.5,15,1,15.5],"texture":"#0"},"down":{"uv":[0.5,15,1,15.5],"texture":"#0"}}},{"from":[3,-0.2,3],"to":[4,1.2,4],"rotation":{"angle":0,"axis":"y","origin":[11,8,11]},"faces":{"north":{"uv":[1.5,14,2,14.5],"texture":"#0"},"east":{"uv":[1.5,14,2,14.5],"texture":"#0"},"south":{"uv":[1.5,14,2,14.5],"texture":"#0"},"west":{"uv":[1.5,14,2,14.5],"texture":"#0"},"up":{"uv":[1.5,14,2,14.5],"texture":"#0"},"down":{"uv":[1.5,14,2,14.5],"texture":"#0"}}},{"from":[4,-0.2,4],"to":[5,1.2,5],"rotation":{"angle":0,"axis":"y","origin":[12,8,12]},"faces":{"north":{"uv":[1.5,14,2,14.5],"texture":"#0"},"east":{"uv":[1.5,14,2,14.5],"texture":"#0"},"south":{"uv":[1.5,14,2,14.5],"texture":"#0"},"west":{"uv":[1.5,14,2,14.5],"texture":"#0"},"up":{"uv":[1.5,14,2,14.5],"texture":"#0"},"down":{"uv":[1.5,14,2,14.5],"texture":"#0"}}},{"from":[5,-0.2,5],"to":[6,1.2,6],"rotation":{"angle":0,"axis":"y","origin":[13,8,13]},"faces":{"north":{"uv":[1.5,14,2,14.5],"texture":"#0"},"east":{"uv":[1.5,14,2,14.5],"texture":"#0"},"south":{"uv":[1.5,14,2,14.5],"texture":"#0"},"west":{"uv":[1.5,14,2,14.5],"texture":"#0"},"up":{"uv":[1.5,14,2,14.5],"texture":"#0"},"down":{"uv":[1.5,14,2,14.5],"texture":"#0"}}},{"from":[6,-0.2,6],"to":[7,1.2,7],"rotation":{"angle":0,"axis":"y","origin":[14,8,14]},"faces":{"north":{"uv":[3,12.5,3.5,13],"texture":"#0"},"east":{"uv":[3,12.5,3.5,13],"texture":"#0"},"south":{"uv":[3,12.5,3.5,13],"texture":"#0"},"west":{"uv":[3,12.5,3.5,13],"texture":"#0"},"up":{"uv":[3,12.5,3.5,13],"texture":"#0"},"down":{"uv":[3,12.5,3.5,13],"texture":"#0"}}},{"from":[5,-0.2,7],"to":[6,1.2,8],"rotation":{"angle":0,"axis":"y","origin":[13,8,15]},"faces":{"north":{"uv":[3.5,13,4,13.5],"texture":"#0"},"east":{"uv":[3.5,13,4,13.5],"texture":"#0"},"south":{"uv":[3.5,13,4,13.5],"texture":"#0"},"west":{"uv":[3.5,13,4,13.5],"texture":"#0"},"up":{"uv":[3.5,13,4,13.5],"texture":"#0"},"down":{"uv":[3.5,13,4,13.5],"texture":"#0"}}},{"from":[5,-0.2,8],"to":[6,1.2,9],"rotation":{"angle":0,"axis":"y","origin":[13,8,16]},"faces":{"north":{"uv":[4,13,4.5,13.5],"texture":"#0"},"east":{"uv":[4,13,4.5,13.5],"texture":"#0"},"south":{"uv":[4,13,4.5,13.5],"texture":"#0"},"west":{"uv":[4,13,4.5,13.5],"texture":"#0"},"up":{"uv":[4,13,4.5,13.5],"texture":"#0"},"down":{"uv":[4,13,4.5,13.5],"texture":"#0"}}},{"from":[4,-0.2,9],"to":[5,1.2,10],"rotation":{"angle":0,"axis":"y","origin":[12,8,17]},"faces":{"north":{"uv":[4.5,13.5,5,14],"texture":"#0"},"east":{"uv":[4.5,13.5,5,14],"texture":"#0"},"south":{"uv":[4.5,13.5,5,14],"texture":"#0"},"west":{"uv":[4.5,13.5,5,14],"texture":"#0"},"up":{"uv":[4.5,13.5,5,14],"texture":"#0"},"down":{"uv":[4.5,13.5,5,14],"texture":"#0"}}},{"from":[7,-0.2,7],"to":[8,1.2,8],"rotation":{"angle":0,"axis":"y","origin":[15,8,15]},"faces":{"north":{"uv":[3.5,12,4,12.5],"texture":"#0"},"east":{"uv":[3.5,12,4,12.5],"texture":"#0"},"south":{"uv":[3.5,12,4,12.5],"texture":"#0"},"west":{"uv":[3.5,12,4,12.5],"texture":"#0"},"up":{"uv":[3.5,12,4,12.5],"texture":"#0"},"down":{"uv":[3.5,12,4,12.5],"texture":"#0"}}},{"from":[8,-0.4,8],"to":[10,1.4,10],"rotation":{"angle":0,"axis":"y","origin":[16,8,16]},"faces":{"north":{"uv":[4,11.5,5,12],"rotation":90,"texture":"#0"},"east":{"uv":[4,11,4.5,11.5],"texture":"#0"},"south":{"uv":[4,11,5,12],"texture":"#0"},"west":{"uv":[4,11.5,5,12],"rotation":90,"texture":"#0"},"up":{"uv":[4,11,5,12],"rotation":90,"texture":"#0"},"down":{"uv":[4,11,5,12],"texture":"#0"}}},{"from":[10,-0.4,9],"to":[11,1.4,10],"rotation":{"angle":0,"axis":"y","origin":[17,8,17]},"faces":{"north":{"uv":[4.5,10.5,5,11],"rotation":90,"texture":"#0"},"east":{"uv":[4.5,10.5,5,11],"rotation":90,"texture":"#0"},"south":{"uv":[4.5,10.5,5,11],"rotation":90,"texture":"#0"},"west":{"uv":[4.5,10.5,5,11],"rotation":90,"texture":"#0"},"up":{"uv":[4.5,10.5,5,11],"rotation":90,"texture":"#0"},"down":{"uv":[4.5,10.5,5,11],"rotation":90,"texture":"#0"}}},{"from":[9,-0.4,10],"to":[12,1.4,11],"rotation":{"angle":0,"axis":"y","origin":[16,8,18]},"faces":{"north":{"uv":[5,10,5.5,11.5],"rotation":90,"texture":"#0"},"east":{"uv":[5,10,5.5,10.5],"rotation":90,"texture":"#0"},"south":{"uv":[5,10,5.5,11.5],"rotation":90,"texture":"#0"},"west":{"uv":[5,11,5.5,11.5],"rotation":90,"texture":"#0"},"up":{"uv":[5,10,5.5,11.5],"rotation":90,"texture":"#0"},"down":{"uv":[5,10,5.5,11.5],"rotation":90,"texture":"#0"}}},{"from":[10,-0.4,11],"to":[13,1.4,12],"rotation":{"angle":0,"axis":"y","origin":[17,8,19]},"faces":{"north":{"uv":[5.5,9.5,6,11],"rotation":90,"texture":"#0"},"east":{"uv":[5.5,9.5,6,10],"rotation":90,"texture":"#0"},"south":{"uv":[5.5,9.5,6,11],"rotation":90,"texture":"#0"},"west":{"uv":[5.5,10.5,6.5,11],"rotation":90,"texture":"#0"},"up":{"uv":[5.5,9.5,6,11],"rotation":90,"texture":"#0"},"down":{"uv":[5.5,9.5,6,11],"rotation":90,"texture":"#0"}}},{"from":[11,-0.4,12],"to":[14,1.4,13],"rotation":{"angle":0,"axis":"y","origin":[18,8,20]},"faces":{"north":{"uv":[6,9,6.5,9.5],"rotation":90,"texture":"#0"},"east":{"uv":[6,9,6.5,9.5],"rotation":90,"texture":"#0"},"south":{"uv":[6,9,6.5,10.5],"rotation":90,"texture":"#0"},"west":{"uv":[6,10,6.5,10.5],"rotation":180,"texture":"#0"},"up":{"uv":[6,9,6.5,10.5],"rotation":90,"texture":"#0"},"down":{"uv":[6,9,6.5,10.5],"rotation":90,"texture":"#0"}}},{"from":[12,-0.4,13],"to":[15,1.4,14],"rotation":{"angle":0,"axis":"y","origin":[19,8,21]},"faces":{"north":{"uv":[6.5,8.5,7,9],"rotation":90,"texture":"#0"},"east":{"uv":[6.5,8.5,7,9],"rotation":90,"texture":"#0"},"south":{"uv":[6.5,8.5,7,10],"rotation":90,"texture":"#0"},"west":{"uv":[6,10,6.5,10.5],"rotation":180,"texture":"#0"},"up":{"uv":[6.5,8.5,7,10],"rotation":90,"texture":"#0"},"down":{"uv":[6.5,8.5,7,10],"rotation":90,"texture":"#0"}}},{"from":[13,-0.4,14],"to":[16,1.4,15],"rotation":{"angle":0,"axis":"y","origin":[20,8,22]},"faces":{"north":{"uv":[7,8,7.5,8.5],"rotation":90,"texture":"#0"},"east":{"uv":[7,8,7.5,8.5],"rotation":90,"texture":"#0"},"south":{"uv":[7,8,7.5,9.5],"rotation":90,"texture":"#0"},"west":{"uv":[6,10,6.5,10.5],"rotation":180,"texture":"#0"},"up":{"uv":[7,8,7.5,9.5],"rotation":90,"texture":"#0"},"down":{"uv":[7,8,7.5,9.5],"rotation":90,"texture":"#0"}}},{"from":[14,-0.4,15],"to":[17,1.4,16],"rotation":{"angle":0,"axis":"y","origin":[21,8,23]},"faces":{"north":{"uv":[7.5,7.5,8,8],"rotation":90,"texture":"#0"},"east":{"uv":[7.5,7.5,8,8],"rotation":90,"texture":"#0"},"south":{"uv":[7,8,7.5,9.5],"rotation":90,"texture":"#0"},"west":{"uv":[6,10,6.5,10.5],"rotation":180,"texture":"#0"},"up":{"uv":[7.5,7.5,8,9],"rotation":90,"texture":"#0"},"down":{"uv":[7.5,7.5,8,9],"rotation":90,"texture":"#0"}}},{"from":[15,-0.4,16],"to":[18,1.4,17],"rotation":{"angle":0,"axis":"y","origin":[22,8,24]},"faces":{"north":{"uv":[7.5,7.5,8,8],"rotation":90,"texture":"#0"},"east":{"uv":[7.5,7.5,8,8],"rotation":90,"texture":"#0"},"south":{"uv":[7,8,7.5,9.5],"rotation":90,"texture":"#0"},"west":{"uv":[6,10,6.5,10.5],"rotation":180,"texture":"#0"},"up":{"uv":[7.5,7.5,8,9],"rotation":90,"texture":"#0"},"down":{"uv":[8,7,8.5,8.5],"rotation":90,"texture":"#0"}}},{"from":[16,-0.4,17],"to":[19,1.4,18],"rotation":{"angle":0,"axis":"y","origin":[23,8,25]},"faces":{"north":{"uv":[7,8,7.5,8.5],"rotation":90,"texture":"#0"},"east":{"uv":[7.5,7.5,8,8],"rotation":90,"texture":"#0"},"south":{"uv":[7,8,7.5,9.5],"rotation":90,"texture":"#0"},"west":{"uv":[6,10,6.5,10.5],"rotation":180,"texture":"#0"},"up":{"uv":[7.5,7.5,8,9],"rotation":90,"texture":"#0"},"down":{"uv":[8,7,8.5,8.5],"rotation":90,"texture":"#0"}}},{"from":[17,-0.4,18],"to":[20,1.4,19],"rotation":{"angle":0,"axis":"y","origin":[24,8,26]},"faces":{"north":{"uv":[8.5,6.5,9,7],"rotation":90,"texture":"#0"},"east":{"uv":[7.5,7.5,8,8],"rotation":90,"texture":"#0"},"south":{"uv":[8,7,8.5,8.5],"rotation":90,"texture":"#0"},"west":{"uv":[6,10,6.5,10.5],"rotation":180,"texture":"#0"},"up":{"uv":[8,7,8.5,8.5],"rotation":90,"texture":"#0"},"down":{"uv":[8,7,8.5,8.5],"rotation":90,"texture":"#0"}}},{"from":[18,-0.4,19],"to":[21,1.4,20],"rotation":{"angle":0,"axis":"y","origin":[25,8,27]},"faces":{"north":{"uv":[9.5,5.5,10,6],"rotation":90,"texture":"#0"},"east":{"uv":[7.5,7.5,8,8],"rotation":90,"texture":"#0"},"south":{"uv":[9.5,5.5,10,7],"rotation":90,"texture":"#0"},"west":{"uv":[6,10,6.5,10.5],"rotation":180,"texture":"#0"},"up":{"uv":[8,7,8.5,8.5],"rotation":90,"texture":"#0"},"down":{"uv":[8,7,8.5,8.5],"rotation":90,"texture":"#0"}}},{"from":[19,-0.4,20],"to":[22,1.4,21],"rotation":{"angle":0,"axis":"y","origin":[26,8,28]},"faces":{"north":{"uv":[10,5,10.5,6.5],"rotation":270,"texture":"#0"},"east":{"uv":[10,5,10.5,5.5],"rotation":90,"texture":"#0"},"south":{"uv":[10,5,10.5,6.5],"rotation":90,"texture":"#0"},"west":{"uv":[10,6,10.5,6.5],"rotation":90,"texture":"#0"},"up":{"uv":[10,5,10.5,6.5],"rotation":90,"texture":"#0"},"down":{"uv":[10,5,10.5,6.5],"rotation":90,"texture":"#0"}}},{"from":[20,-0.4,21],"to":[22,1.4,22],"rotation":{"angle":0,"axis":"y","origin":[27,8,29]},"faces":{"north":{"uv":[10.5,5,11,6],"rotation":90,"texture":"#0"},"east":{"uv":[10.5,5,11,5.5],"rotation":90,"texture":"#0"},"south":{"uv":[10.5,5,11,6],"rotation":90,"texture":"#0"},"west":{"uv":[10.5,5.5,11,6],"rotation":90,"texture":"#0"},"up":{"uv":[10.5,5,11,6],"rotation":90,"texture":"#0"},"down":{"uv":[10.5,5,11,6],"rotation":90,"texture":"#0"}}},{"from":[6,-0.2,7],"to":[7,1.2,8],"rotation":{"angle":0,"axis":"y","origin":[14,8,15]},"faces":{"north":{"uv":[3.5,12.5,4,13],"texture":"#0"},"east":{"uv":[3.5,12.5,4,13],"texture":"#0"},"south":{"uv":[3.5,12.5,4,13],"texture":"#0"},"west":{"uv":[3.5,12.5,4,13],"texture":"#0"},"up":{"uv":[3.5,12.5,4,13],"texture":"#0"},"down":{"uv":[3.5,12.5,4,13],"texture":"#0"}}},{"from":[7,-0.2,6],"to":[8,1.2,7],"rotation":{"angle":0,"axis":"y","origin":[15,8,14]},"faces":{"north":{"uv":[3.5,12.5,4,13],"texture":"#0"},"east":{"uv":[3.5,12.5,4,13],"texture":"#0"},"south":{"uv":[3.5,12.5,4,13],"texture":"#0"},"west":{"uv":[3.5,12.5,4,13],"texture":"#0"},"up":{"uv":[3.5,12.5,4,13],"texture":"#0"},"down":{"uv":[3.5,12.5,4,13],"texture":"#0"}}},{"from":[8,-0.2,5],"to":[9,1.2,6],"rotation":{"angle":0,"axis":"y","origin":[16,8,13]},"faces":{"north":{"uv":[2.5,11.5,3,12],"texture":"#0"},"east":{"uv":[2.5,11.5,3,12],"texture":"#0"},"south":{"uv":[2.5,11.5,3,12],"texture":"#0"},"west":{"uv":[2.5,11.5,3,12],"texture":"#0"},"up":{"uv":[2.5,11.5,3,12],"texture":"#0"},"down":{"uv":[2.5,11.5,3,12],"texture":"#0"}}},{"from":[9,-0.2,5],"to":[10,1.2,6],"rotation":{"angle":0,"axis":"y","origin":[17,8,13]},"faces":{"north":{"uv":[2.5,11,3,11.5],"texture":"#0"},"east":{"uv":[2.5,11,3,11.5],"texture":"#0"},"south":{"uv":[2.5,11,3,11.5],"texture":"#0"},"west":{"uv":[2.5,11,3,11.5],"texture":"#0"},"up":{"uv":[2.5,11,3,11.5],"texture":"#0"},"down":{"uv":[2.5,11,3,11.5],"texture":"#0"}}},{"from":[2,0,3],"to":[3,1,4],"rotation":{"angle":0,"axis":"y","origin":[10,8,11]},"faces":{"north":{"uv":[1.5,14.5,2,15],"texture":"#0"},"east":{"uv":[1.5,14.5,2,15],"texture":"#0"},"south":{"uv":[1.5,14.5,2,15],"texture":"#0"},"west":{"uv":[1.5,14.5,2,15],"texture":"#0"},"up":{"uv":[1.5,14.5,2,15],"texture":"#0"},"down":{"uv":[1.5,14.5,2,15],"texture":"#0"}}},{"from":[3,0,4],"to":[4,1,5],"rotation":{"angle":0,"axis":"y","origin":[11,8,12]},"faces":{"north":{"uv":[1.5,14.5,2,15],"texture":"#0"},"east":{"uv":[1.5,14.5,2,15],"texture":"#0"},"south":{"uv":[1.5,14.5,2,15],"texture":"#0"},"west":{"uv":[1.5,14.5,2,15],"texture":"#0"},"up":{"uv":[1.5,14.5,2,15],"texture":"#0"},"down":{"uv":[1.5,14.5,2,15],"texture":"#0"}}},{"from":[4,0,5],"to":[5,1,6],"rotation":{"angle":0,"axis":"y","origin":[12,8,13]},"faces":{"north":{"uv":[1.5,14.5,2,15],"texture":"#0"},"east":{"uv":[1.5,14.5,2,15],"texture":"#0"},"south":{"uv":[1.5,14.5,2,15],"texture":"#0"},"west":{"uv":[1.5,14.5,2,15],"texture":"#0"},"up":{"uv":[1.5,14.5,2,15],"texture":"#0"},"down":{"uv":[1.5,14.5,2,15],"texture":"#0"}}},{"from":[3,0,2],"to":[4,1,3],"rotation":{"angle":0,"axis":"y","origin":[11,8,10]},"faces":{"north":{"uv":[1,14,1.5,14.5],"texture":"#0"},"east":{"uv":[1,14,1.5,14.5],"texture":"#0"},"south":{"uv":[1,14,1.5,14.5],"texture":"#0"},"west":{"uv":[1,14,1.5,14.5],"texture":"#0"},"up":{"uv":[1,14,1.5,14.5],"texture":"#0"},"down":{"uv":[1,14,1.5,14.5],"texture":"#0"}}},{"from":[4,0,3],"to":[5,1,4],"rotation":{"angle":0,"axis":"y","origin":[12,8,11]},"faces":{"north":{"uv":[1,14,1.5,14.5],"texture":"#0"},"east":{"uv":[1,14,1.5,14.5],"texture":"#0"},"south":{"uv":[1,14,1.5,14.5],"texture":"#0"},"west":{"uv":[1,14,1.5,14.5],"texture":"#0"},"up":{"uv":[1,14,1.5,14.5],"texture":"#0"},"down":{"uv":[1,14,1.5,14.5],"texture":"#0"}}},{"from":[5,0,4],"to":[6,1,5],"rotation":{"angle":0,"axis":"y","origin":[13,8,12]},"faces":{"north":{"uv":[1,14,1.5,14.5],"texture":"#0"},"east":{"uv":[1,14,1.5,14.5],"texture":"#0"},"south":{"uv":[1,14,1.5,14.5],"texture":"#0"},"west":{"uv":[1,14,1.5,14.5],"texture":"#0"},"up":{"uv":[1,14,1.5,14.5],"texture":"#0"},"down":{"uv":[1,14,1.5,14.5],"texture":"#0"}}},{"from":[6,0,5],"to":[8,1,6],"rotation":{"angle":0,"axis":"y","origin":[14,8,13]},"faces":{"north":{"uv":[2.5,12,3,13],"texture":"#0"},"east":{"uv":[2.5,12,3,13],"texture":"#0"},"south":{"uv":[2.5,12,3,13],"texture":"#0"},"west":{"uv":[2.5,12,3,13],"texture":"#0"},"up":{"uv":[2.5,12,3,13],"texture":"#0"},"down":{"uv":[2.5,12,3,13],"texture":"#0"}}},{"from":[5,0,6],"to":[6,1,7],"rotation":{"angle":0,"axis":"y","origin":[13,8,14]},"faces":{"north":{"uv":[3,13,3.5,13.5],"texture":"#0"},"east":{"uv":[3,13,3.5,13.5],"texture":"#0"},"south":{"uv":[3,13,3.5,13.5],"texture":"#0"},"west":{"uv":[3,13,3.5,13.5],"texture":"#0"},"up":{"uv":[3,13,3.5,13.5],"texture":"#0"},"down":{"uv":[3,13,3.5,13.5],"texture":"#0"}}},{"from":[4,0,7],"to":[5,1,9],"rotation":{"angle":0,"axis":"y","origin":[12,8,15]},"faces":{"north":{"uv":[3.5,13.5,4.5,14],"texture":"#0"},"east":{"uv":[3.5,13.5,4.5,14],"texture":"#0"},"south":{"uv":[3.5,13.5,4.5,14],"texture":"#0"},"west":{"uv":[3.5,13.5,4.5,14],"texture":"#0"},"up":{"uv":[3.5,13.5,4.5,14],"texture":"#0"},"down":{"uv":[3.5,13.5,4.5,14],"texture":"#0"}}},{"from":[3,0,9],"to":[4,1,11],"rotation":{"angle":0,"axis":"y","origin":[11,8,17]},"faces":{"north":{"uv":[4.5,14,5.5,14.5],"texture":"#0"},"east":{"uv":[4.5,14,5.5,14.5],"texture":"#0"},"south":{"uv":[4.5,14,5.5,14.5],"texture":"#0"},"west":{"uv":[4.5,14,5.5,14.5],"texture":"#0"},"up":{"uv":[4.5,14,5.5,14.5],"texture":"#0"},"down":{"uv":[4.5,14,5.5,14.5],"texture":"#0"}}},{"from":[4,0,10],"to":[5,1,11],"rotation":{"angle":0,"axis":"y","origin":[12,8,17]},"faces":{"north":{"uv":[5,13.5,5.5,14],"texture":"#0"},"east":{"uv":[5,13.5,5.5,14],"texture":"#0"},"south":{"uv":[5,13.5,5.5,14],"texture":"#0"},"west":{"uv":[5,13.5,5.5,14],"texture":"#0"},"up":{"uv":[5,13.5,5.5,14],"texture":"#0"},"down":{"uv":[5,13.5,5.5,14],"texture":"#0"}}},{"from":[6,0,8],"to":[7,1,9],"rotation":{"angle":0,"axis":"y","origin":[14,8,15]},"faces":{"north":{"uv":[5,13.5,5.5,14],"texture":"#0"},"east":{"uv":[5,13.5,5.5,14],"texture":"#0"},"south":{"uv":[5,13.5,5.5,14],"texture":"#0"},"west":{"uv":[5,13.5,5.5,14],"texture":"#0"},"up":{"uv":[5,13.5,5.5,14],"texture":"#0"},"down":{"uv":[5,13.5,5.5,14],"texture":"#0"}}},{"from":[8,0,6],"to":[10,1,7],"rotation":{"angle":0,"axis":"y","origin":[16,8,13]},"faces":{"north":{"uv":[5,13.5,5.5,14],"texture":"#0"},"east":{"uv":[5,13.5,5.5,14],"texture":"#0"},"south":{"uv":[5,13.5,5.5,14],"texture":"#0"},"west":{"uv":[5,13.5,5.5,14],"texture":"#0"},"up":{"uv":[5,13.5,5.5,14],"texture":"#0"},"down":{"uv":[5,13.5,5.5,14],"texture":"#0"}}},{"from":[8,0,7],"to":[10,1,8],"rotation":{"angle":0,"axis":"y","origin":[16,8,14]},"faces":{"north":{"uv":[3.5,11,4,12],"texture":"#0"},"east":{"uv":[3.5,11,4,12],"texture":"#0"},"south":{"uv":[3.5,11,4,12],"texture":"#0"},"west":{"uv":[3.5,11,4,12],"texture":"#0"},"up":{"uv":[3.5,11,4,12],"texture":"#0"},"down":{"uv":[3.5,11,4,12],"texture":"#0"}}},{"from":[7,0,8],"to":[8,1,10],"rotation":{"angle":0,"axis":"y","origin":[15,8,15]},"faces":{"north":{"uv":[3.5,11,4,12],"texture":"#0"},"east":{"uv":[3.5,11,4,12],"texture":"#0"},"south":{"uv":[3.5,11,4,12],"texture":"#0"},"west":{"uv":[3.5,11,4,12],"texture":"#0"},"up":{"uv":[3.5,11,4,12],"texture":"#0"},"down":{"uv":[3.5,11,4,12],"texture":"#0"}}},{"from":[8,0,10],"to":[9,1,11],"rotation":{"angle":0,"axis":"y","origin":[16,8,16]},"faces":{"north":{"uv":[3.5,11,4,12],"texture":"#0"},"east":{"uv":[3.5,11,4,12],"texture":"#0"},"south":{"uv":[3.5,11,4,12],"texture":"#0"},"west":{"uv":[3.5,11,4,12],"texture":"#0"},"up":{"uv":[3.5,11,4,12],"texture":"#0"},"down":{"uv":[3.5,11,4,12],"texture":"#0"}}},{"from":[9,0,11],"to":[10,1,12],"rotation":{"angle":0,"axis":"y","origin":[17,8,17]},"faces":{"north":{"uv":[3.5,11,4,12],"texture":"#0"},"east":{"uv":[3.5,11,4,12],"texture":"#0"},"south":{"uv":[3.5,11,4,12],"texture":"#0"},"west":{"uv":[3.5,11,4,12],"texture":"#0"},"up":{"uv":[3.5,11,4,12],"texture":"#0"},"down":{"uv":[3.5,11,4,12],"texture":"#0"}}},{"from":[10,0,12],"to":[11,1,13],"rotation":{"angle":0,"axis":"y","origin":[18,8,18]},"faces":{"north":{"uv":[3.5,11,4,12],"texture":"#0"},"east":{"uv":[3.5,11,4,12],"texture":"#0"},"south":{"uv":[3.5,11,4,12],"texture":"#0"},"west":{"uv":[3.5,11,4,12],"texture":"#0"},"up":{"uv":[3.5,11,4,12],"texture":"#0"},"down":{"uv":[3.5,11,4,12],"texture":"#0"}}},{"from":[11,0,13],"to":[12,1,14],"rotation":{"angle":0,"axis":"y","origin":[19,8,19]},"faces":{"north":{"uv":[3.5,11,4,12],"texture":"#0"},"east":{"uv":[3.5,11,4,12],"texture":"#0"},"south":{"uv":[3.5,11,4,12],"texture":"#0"},"west":{"uv":[3.5,11,4,12],"texture":"#0"},"up":{"uv":[3.5,11,4,12],"texture":"#0"},"down":{"uv":[3.5,11,4,12],"texture":"#0"}}},{"from":[12,0,14],"to":[13,1,15],"rotation":{"angle":0,"axis":"y","origin":[20,8,20]},"faces":{"north":{"uv":[3.5,11,4,12],"texture":"#0"},"east":{"uv":[3.5,11,4,12],"texture":"#0"},"south":{"uv":[3.5,11,4,12],"texture":"#0"},"west":{"uv":[3.5,11,4,12],"texture":"#0"},"up":{"uv":[3.5,11,4,12],"texture":"#0"},"down":{"uv":[3.5,11,4,12],"texture":"#0"}}},{"from":[13,0,15],"to":[14,1,16],"rotation":{"angle":0,"axis":"y","origin":[21,8,21]},"faces":{"north":{"uv":[3.5,11,4,12],"texture":"#0"},"east":{"uv":[3.5,11,4,12],"texture":"#0"},"south":{"uv":[3.5,11,4,12],"texture":"#0"},"west":{"uv":[3.5,11,4,12],"texture":"#0"},"up":{"uv":[3.5,11,4,12],"texture":"#0"},"down":{"uv":[3.5,11,4,12],"texture":"#0"}}},{"from":[14,0,16],"to":[15,1,17],"rotation":{"angle":0,"axis":"y","origin":[22,8,22]},"faces":{"north":{"uv":[3.5,11,4,12],"texture":"#0"},"east":{"uv":[3.5,11,4,12],"texture":"#0"},"south":{"uv":[3.5,11,4,12],"texture":"#0"},"west":{"uv":[3.5,11,4,12],"texture":"#0"},"up":{"uv":[3.5,11,4,12],"texture":"#0"},"down":{"uv":[3.5,11,4,12],"texture":"#0"}}},{"from":[15,0,17],"to":[16,1,18],"rotation":{"angle":0,"axis":"y","origin":[23,8,23]},"faces":{"north":{"uv":[3.5,11,4,12],"texture":"#0"},"east":{"uv":[3.5,11,4,12],"texture":"#0"},"south":{"uv":[3.5,11,4,12],"texture":"#0"},"west":{"uv":[3.5,11,4,12],"texture":"#0"},"up":{"uv":[3.5,11,4,12],"texture":"#0"},"down":{"uv":[3.5,11,4,12],"texture":"#0"}}},{"from":[16,0,18],"to":[17,1,19],"rotation":{"angle":0,"axis":"y","origin":[24,8,24]},"faces":{"north":{"uv":[3.5,11,4,12],"texture":"#0"},"east":{"uv":[3.5,11,4,12],"texture":"#0"},"south":{"uv":[3.5,11,4,12],"texture":"#0"},"west":{"uv":[3.5,11,4,12],"texture":"#0"},"up":{"uv":[3.5,11,4,12],"texture":"#0"},"down":{"uv":[3.5,11,4,12],"texture":"#0"}}},{"from":[17,0,19],"to":[18,1,20],"rotation":{"angle":0,"axis":"y","origin":[25,8,25]},"faces":{"north":{"uv":[3.5,11,4,12],"texture":"#0"},"east":{"uv":[3.5,11,4,12],"texture":"#0"},"south":{"uv":[3.5,11,4,12],"texture":"#0"},"west":{"uv":[3.5,11,4,12],"texture":"#0"},"up":{"uv":[3.5,11,4,12],"texture":"#0"},"down":{"uv":[3.5,11,4,12],"texture":"#0"}}},{"from":[21,0,19],"to":[22,1,20],"rotation":{"angle":0,"axis":"y","origin":[29,8,25]},"faces":{"north":{"uv":[9.5,5,10,5.5],"texture":"#0"},"east":{"uv":[9.5,5,10,5.5],"texture":"#0"},"south":{"uv":[9.5,5,10,5.5],"texture":"#0"},"west":{"uv":[9.5,5,10,5.5],"texture":"#0"},"up":{"uv":[9.5,5,10,5.5],"texture":"#0"},"down":{"uv":[9.5,5,10,5.5],"texture":"#0"}}},{"from":[20,0,18],"to":[21,1,19],"rotation":{"angle":0,"axis":"y","origin":[28,8,24]},"faces":{"north":{"uv":[9.5,5,10,5.5],"texture":"#0"},"east":{"uv":[9.5,5,10,5.5],"texture":"#0"},"south":{"uv":[9.5,5,10,5.5],"texture":"#0"},"west":{"uv":[9.5,5,10,5.5],"texture":"#0"},"up":{"uv":[9.5,5,10,5.5],"texture":"#0"},"down":{"uv":[9.5,5,10,5.5],"texture":"#0"}}},{"from":[19,0,17],"to":[20,1,18],"rotation":{"angle":0,"axis":"y","origin":[27,8,23]},"faces":{"north":{"uv":[9.5,5,10,5.5],"texture":"#0"},"east":{"uv":[9.5,5,10,5.5],"texture":"#0"},"south":{"uv":[9.5,5,10,5.5],"texture":"#0"},"west":{"uv":[9.5,5,10,5.5],"texture":"#0"},"up":{"uv":[9.5,5,10,5.5],"texture":"#0"},"down":{"uv":[9.5,5,10,5.5],"texture":"#0"}}},{"from":[18,0,16],"to":[19,1,17],"rotation":{"angle":0,"axis":"y","origin":[26,8,22]},"faces":{"north":{"uv":[9.5,5,10,5.5],"texture":"#0"},"east":{"uv":[9.5,5,10,5.5],"texture":"#0"},"south":{"uv":[9.5,5,10,5.5],"texture":"#0"},"west":{"uv":[9.5,5,10,5.5],"texture":"#0"},"up":{"uv":[9.5,5,10,5.5],"texture":"#0"},"down":{"uv":[9.5,5,10,5.5],"texture":"#0"}}},{"from":[17,0,15],"to":[18,1,16],"rotation":{"angle":0,"axis":"y","origin":[25,8,21]},"faces":{"north":{"uv":[9.5,5,10,5.5],"texture":"#0"},"east":{"uv":[9.5,5,10,5.5],"texture":"#0"},"south":{"uv":[9.5,5,10,5.5],"texture":"#0"},"west":{"uv":[9.5,5,10,5.5],"texture":"#0"},"up":{"uv":[9.5,5,10,5.5],"texture":"#0"},"down":{"uv":[9.5,5,10,5.5],"texture":"#0"}}},{"from":[16,0,14],"to":[17,1,15],"rotation":{"angle":0,"axis":"y","origin":[24,8,20]},"faces":{"north":{"uv":[9.5,5,10,5.5],"texture":"#0"},"east":{"uv":[9.5,5,10,5.5],"texture":"#0"},"south":{"uv":[9.5,5,10,5.5],"texture":"#0"},"west":{"uv":[9.5,5,10,5.5],"texture":"#0"},"up":{"uv":[9.5,5,10,5.5],"texture":"#0"},"down":{"uv":[9.5,5,10,5.5],"texture":"#0"}}},{"from":[15,0,13],"to":[16,1,14],"rotation":{"angle":0,"axis":"y","origin":[23,8,19]},"faces":{"north":{"uv":[9.5,5,10,5.5],"texture":"#0"},"east":{"uv":[9.5,5,10,5.5],"texture":"#0"},"south":{"uv":[9.5,5,10,5.5],"texture":"#0"},"west":{"uv":[9.5,5,10,5.5],"texture":"#0"},"up":{"uv":[9.5,5,10,5.5],"texture":"#0"},"down":{"uv":[9.5,5,10,5.5],"texture":"#0"}}},{"from":[14,0,12],"to":[15,1,13],"rotation":{"angle":0,"axis":"y","origin":[22,8,18]},"faces":{"north":{"uv":[9.5,5,10,5.5],"texture":"#0"},"east":{"uv":[9.5,5,10,5.5],"texture":"#0"},"south":{"uv":[9.5,5,10,5.5],"texture":"#0"},"west":{"uv":[9.5,5,10,5.5],"texture":"#0"},"up":{"uv":[9.5,5,10,5.5],"texture":"#0"},"down":{"uv":[9.5,5,10,5.5],"texture":"#0"}}},{"from":[13,0,11],"to":[14,1,12],"rotation":{"angle":0,"axis":"y","origin":[21,8,17]},"faces":{"north":{"uv":[9.5,5,10,5.5],"texture":"#0"},"east":{"uv":[9.5,5,10,5.5],"texture":"#0"},"south":{"uv":[9.5,5,10,5.5],"texture":"#0"},"west":{"uv":[9.5,5,10,5.5],"texture":"#0"},"up":{"uv":[9.5,5,10,5.5],"texture":"#0"},"down":{"uv":[9.5,5,10,5.5],"texture":"#0"}}},{"from":[12,0,10],"to":[13,1,11],"rotation":{"angle":0,"axis":"y","origin":[20,8,16]},"faces":{"north":{"uv":[9.5,5,10,5.5],"texture":"#0"},"east":{"uv":[9.5,5,10,5.5],"texture":"#0"},"south":{"uv":[9.5,5,10,5.5],"texture":"#0"},"west":{"uv":[9.5,5,10,5.5],"texture":"#0"},"up":{"uv":[9.5,5,10,5.5],"texture":"#0"},"down":{"uv":[9.5,5,10,5.5],"texture":"#0"}}},{"from":[11,0,9],"to":[12,1,10],"rotation":{"angle":0,"axis":"y","origin":[19,8,15]},"faces":{"north":{"uv":[9.5,5,10,5.5],"texture":"#0"},"east":{"uv":[9.5,5,10,5.5],"texture":"#0"},"south":{"uv":[9.5,5,10,5.5],"texture":"#0"},"west":{"uv":[9.5,5,10,5.5],"texture":"#0"},"up":{"uv":[9.5,5,10,5.5],"texture":"#0"},"down":{"uv":[9.5,5,10,5.5],"texture":"#0"}}},{"from":[10,0,8],"to":[11,1,9],"rotation":{"angle":0,"axis":"y","origin":[18,8,14]},"faces":{"north":{"uv":[9.5,5,10,5.5],"texture":"#0"},"east":{"uv":[9.5,5,10,5.5],"texture":"#0"},"south":{"uv":[9.5,5,10,5.5],"texture":"#0"},"west":{"uv":[9.5,5,10,5.5],"texture":"#0"},"up":{"uv":[9.5,5,10,5.5],"texture":"#0"},"down":{"uv":[9.5,5,10,5.5],"texture":"#0"}}},{"from":[18,0,20],"to":[19,1,21],"rotation":{"angle":0,"axis":"y","origin":[26,8,26]},"faces":{"north":{"uv":[3.5,11,4,12],"texture":"#0"},"east":{"uv":[3.5,11,4,12],"texture":"#0"},"south":{"uv":[3.5,11,4,12],"texture":"#0"},"west":{"uv":[3.5,11,4,12],"texture":"#0"},"up":{"uv":[3.5,11,4,12],"texture":"#0"},"down":{"uv":[3.5,11,4,12],"texture":"#0"}}},{"from":[19,0,21],"to":[20,1,22],"rotation":{"angle":0,"axis":"y","origin":[27,8,27]},"faces":{"north":{"uv":[3.5,11,4,12],"texture":"#0"},"east":{"uv":[3.5,11,4,12],"texture":"#0"},"south":{"uv":[3.5,11,4,12],"texture":"#0"},"west":{"uv":[3.5,11,4,12],"texture":"#0"},"up":{"uv":[3.5,11,4,12],"texture":"#0"},"down":{"uv":[3.5,11,4,12],"texture":"#0"}}},{"from":[20,0,22],"to":[22,1,23],"rotation":{"angle":0,"axis":"y","origin":[28,8,28]},"faces":{"north":{"uv":[3.5,11,4,12],"texture":"#0"},"east":{"uv":[3.5,11,4,12],"texture":"#0"},"south":{"uv":[3.5,11,4,12],"texture":"#0"},"west":{"uv":[3.5,11,4,12],"texture":"#0"},"up":{"uv":[3.5,11,4,12],"texture":"#0"},"down":{"uv":[3.5,11,4,12],"texture":"#0"}}},{"from":[22,0,20],"to":[23,1,23],"rotation":{"angle":0,"axis":"y","origin":[29,8,28]},"faces":{"north":{"uv":[10,4.5,11.5,5],"texture":"#0"},"east":{"uv":[10,4.5,11.5,5],"texture":"#0"},"south":{"uv":[10,4.5,11.5,5],"texture":"#0"},"west":{"uv":[10,4.5,11.5,5],"texture":"#0"},"up":{"uv":[10,4.5,11.5,5],"texture":"#0"},"down":{"uv":[10,4.5,11.5,5],"texture":"#0"}}},{"from":[10,0,5],"to":[11,1,6],"rotation":{"angle":0,"axis":"y","origin":[17,8,12]},"faces":{"north":{"uv":[5,13.5,5.5,14],"texture":"#0"},"east":{"uv":[5,13.5,5.5,14],"texture":"#0"},"south":{"uv":[5,13.5,5.5,14],"texture":"#0"},"west":{"uv":[5,13.5,5.5,14],"texture":"#0"},"up":{"uv":[5,13.5,5.5,14],"texture":"#0"},"down":{"uv":[5,13.5,5.5,14],"texture":"#0"}}},{"from":[5,0,9],"to":[7,1,10],"rotation":{"angle":0,"axis":"y","origin":[13,8,16]},"faces":{"north":{"uv":[5,13.5,5.5,14],"texture":"#0"},"east":{"uv":[5,13.5,5.5,14],"texture":"#0"},"south":{"uv":[5,13.5,5.5,14],"texture":"#0"},"west":{"uv":[5,13.5,5.5,14],"texture":"#0"},"up":{"uv":[5,13.5,5.5,14],"texture":"#0"},"down":{"uv":[5,13.5,5.5,14],"texture":"#0"}}},{"from":[7,0,4],"to":[11,1,5],"rotation":{"angle":0,"axis":"y","origin":[15,8,12]},"faces":{"north":{"uv":[2,10.5,2.5,12.5],"texture":"#0"},"east":{"uv":[2,10.5,2.5,12.5],"texture":"#0"},"south":{"uv":[2,10.5,2.5,12.5],"texture":"#0"},"west":{"uv":[2,10.5,2.5,12.5],"texture":"#0"},"up":{"uv":[2,10.5,2.5,12.5],"texture":"#0"},"down":{"uv":[2,10.5,2.5,12.5],"texture":"#0"}}}]}