{"display":{"thirdperson_righthand":{"rotation":[-45,0,0],"translation":[0,4.5,0]},"thirdperson_lefthand":{"rotation":[-45,0,0],"translation":[0,4.5,0]},"firstperson_righthand":{"rotation":[-45,0,0],"translation":[0,4.5,0]},"firstperson_lefthand":{"rotation":[-45,0,0],"translation":[0,4.5,0]},"ground":{"scale":[0.4,0.4,0.4]},"gui":{"rotation":[0,90,0]},"fixed":{"rotation":[0,-90,0]}},"gui_light":"front","textures":{"0":"item/netherite_pickaxe/2","particle":"item/netherite_pickaxe/2"},"elements":[{"from":[7.3,0,0],"to":[8.7,1,1],"faces":{"north":{"uv":[0,15,1,16],"texture":"#0"},"east":{"uv":[0,15,1,16],"texture":"#0"},"south":{"uv":[0,15,1,16],"texture":"#0"},"west":{"uv":[0,15,1,16],"texture":"#0"},"up":{"uv":[0,15,1,16],"texture":"#0"},"down":{"uv":[0,15,1,16],"texture":"#0"}}},{"from":[7.5,1,0],"to":[8.5,2,1],"rotation":{"angle":0,"axis":"y","origin":[8,9,8]},"faces":{"north":{"uv":[0,14,1,15],"texture":"#0"},"east":{"uv":[0,14,1,15],"texture":"#0"},"south":{"uv":[0,14,1,15],"texture":"#0"},"west":{"uv":[0,14,1,15],"texture":"#0"},"up":{"uv":[0,14,1,15],"texture":"#0"},"down":{"uv":[0,14,1,15],"texture":"#0"}}},{"from":[7.3,1,1],"to":[8.7,2,2],"rotation":{"angle":0,"axis":"y","origin":[8,9,9]},"faces":{"north":{"uv":[1,14,2,15],"texture":"#0"},"east":{"uv":[1,14,2,15],"texture":"#0"},"south":{"uv":[1,14,2,15],"texture":"#0"},"west":{"uv":[1,14,2,15],"texture":"#0"},"up":{"uv":[1,14,2,15],"texture":"#0"},"down":{"uv":[1,14,2,15],"texture":"#0"}}},{"from":[7.5,2,1],"to":[8.5,3,2],"rotation":{"angle":0,"axis":"y","origin":[8,10,9]},"faces":{"north":{"uv":[1,13,2,14],"texture":"#0"},"east":{"uv":[1,13,2,14],"texture":"#0"},"south":{"uv":[1,13,2,14],"texture":"#0"},"west":{"uv":[1,13,2,14],"texture":"#0"},"up":{"uv":[1,13,2,14],"texture":"#0"},"down":{"uv":[1,13,2,14],"texture":"#0"}}},{"from":[7.3,2,2],"to":[8.7,3,3],"rotation":{"angle":0,"axis":"y","origin":[8,10,10]},"faces":{"north":{"uv":[2,13,3,14],"texture":"#0"},"east":{"uv":[2,13,3,14],"texture":"#0"},"south":{"uv":[2,13,3,14],"texture":"#0"},"west":{"uv":[2,13,3,14],"texture":"#0"},"up":{"uv":[2,13,3,14],"texture":"#0"},"down":{"uv":[2,13,3,14],"texture":"#0"}}},{"from":[7.5,3,2],"to":[8.5,4,3],"rotation":{"angle":0,"axis":"y","origin":[8,11,10]},"faces":{"north":{"uv":[2,12,3,13],"texture":"#0"},"east":{"uv":[2,12,3,13],"texture":"#0"},"south":{"uv":[2,12,3,13],"texture":"#0"},"west":{"uv":[2,12,3,13],"texture":"#0"},"up":{"uv":[2,12,3,13],"texture":"#0"},"down":{"uv":[2,12,3,13],"texture":"#0"}}},{"from":[7.3,3,3],"to":[8.7,4,4],"rotation":{"angle":0,"axis":"y","origin":[8,11,11]},"faces":{"north":{"uv":[3,12,4,13],"texture":"#0"},"east":{"uv":[3,12,4,13],"texture":"#0"},"south":{"uv":[3,12,4,13],"texture":"#0"},"west":{"uv":[3,12,4,13],"texture":"#0"},"up":{"uv":[3,12,4,13],"texture":"#0"},"down":{"uv":[3,12,4,13],"texture":"#0"}}},{"from":[7.5,4,3],"to":[8.5,5,4],"rotation":{"angle":0,"axis":"y","origin":[8,12,11]},"faces":{"north":{"uv":[3,11,4,12],"texture":"#0"},"east":{"uv":[3,11,4,12],"texture":"#0"},"south":{"uv":[3,11,4,12],"texture":"#0"},"west":{"uv":[3,11,4,12],"texture":"#0"},"up":{"uv":[3,11,4,12],"texture":"#0"},"down":{"uv":[3,11,4,12],"texture":"#0"}}},{"from":[7.3,4,4],"to":[8.7,5,5],"rotation":{"angle":0,"axis":"y","origin":[8,12,12]},"faces":{"north":{"uv":[4,11,5,12],"texture":"#0"},"east":{"uv":[4,11,5,12],"texture":"#0"},"south":{"uv":[4,11,5,12],"texture":"#0"},"west":{"uv":[4,11,5,12],"texture":"#0"},"up":{"uv":[4,11,5,12],"texture":"#0"},"down":{"uv":[4,11,5,12],"texture":"#0"}}},{"from":[7.5,5,4],"to":[8.5,6,5],"rotation":{"angle":0,"axis":"y","origin":[8,13,12]},"faces":{"north":{"uv":[4,10,5,11],"texture":"#0"},"east":{"uv":[4,10,5,11],"texture":"#0"},"south":{"uv":[4,10,5,11],"texture":"#0"},"west":{"uv":[4,10,5,11],"texture":"#0"},"up":{"uv":[4,10,5,11],"texture":"#0"},"down":{"uv":[4,10,5,11],"texture":"#0"}}},{"from":[7.3,5,5],"to":[8.7,6,6],"rotation":{"angle":0,"axis":"y","origin":[8,13,13]},"faces":{"north":{"uv":[5,10,6,11],"texture":"#0"},"east":{"uv":[5,10,6,11],"texture":"#0"},"south":{"uv":[5,10,6,11],"texture":"#0"},"west":{"uv":[5,10,6,11],"texture":"#0"},"up":{"uv":[5,10,6,11],"texture":"#0"},"down":{"uv":[5,10,6,11],"texture":"#0"}}},{"from":[7.5,6,5],"to":[8.5,7,6],"rotation":{"angle":0,"axis":"y","origin":[8,14,13]},"faces":{"north":{"uv":[5,9,6,10],"texture":"#0"},"east":{"uv":[5,9,6,10],"texture":"#0"},"south":{"uv":[5,9,6,10],"texture":"#0"},"west":{"uv":[5,9,6,10],"texture":"#0"},"up":{"uv":[5,9,6,10],"texture":"#0"},"down":{"uv":[5,9,6,10],"texture":"#0"}}},{"from":[7.3,6,6],"to":[8.7,7,7],"rotation":{"angle":0,"axis":"y","origin":[8,14,14]},"faces":{"north":{"uv":[6,9,7,10],"texture":"#0"},"east":{"uv":[6,9,7,10],"texture":"#0"},"south":{"uv":[6,9,7,10],"texture":"#0"},"west":{"uv":[6,9,7,10],"texture":"#0"},"up":{"uv":[6,9,7,10],"texture":"#0"},"down":{"uv":[6,9,7,10],"texture":"#0"}}},{"from":[7.5,7,6],"to":[8.5,8,7],"rotation":{"angle":0,"axis":"y","origin":[8,15,14]},"faces":{"north":{"uv":[6,8,7,9],"texture":"#0"},"east":{"uv":[6,8,7,9],"texture":"#0"},"south":{"uv":[6,8,7,9],"texture":"#0"},"west":{"uv":[6,8,7,9],"texture":"#0"},"up":{"uv":[6,8,7,9],"texture":"#0"},"down":{"uv":[6,8,7,9],"texture":"#0"}}},{"from":[7.3,7,7],"to":[8.7,8,8],"rotation":{"angle":0,"axis":"y","origin":[8,15,15]},"faces":{"north":{"uv":[7,8,8,9],"texture":"#0"},"east":{"uv":[7,8,8,9],"texture":"#0"},"south":{"uv":[7,8,8,9],"texture":"#0"},"west":{"uv":[7,8,8,9],"texture":"#0"},"up":{"uv":[7,8,8,9],"texture":"#0"},"down":{"uv":[7,8,8,9],"texture":"#0"}}},{"from":[7.5,8,7],"to":[8.5,9,8],"rotation":{"angle":0,"axis":"y","origin":[8,16,15]},"faces":{"north":{"uv":[7,7,8,8],"texture":"#0"},"east":{"uv":[7,7,8,8],"texture":"#0"},"south":{"uv":[7,7,8,8],"texture":"#0"},"west":{"uv":[7,7,8,8],"texture":"#0"},"up":{"uv":[7,7,8,8],"texture":"#0"},"down":{"uv":[7,7,8,8],"texture":"#0"}}},{"from":[7.3,8,8],"to":[8.7,9,9],"rotation":{"angle":0,"axis":"y","origin":[8,16,16]},"faces":{"north":{"uv":[8,7,9,8],"texture":"#0"},"east":{"uv":[8,7,9,8],"texture":"#0"},"south":{"uv":[8,7,9,8],"texture":"#0"},"west":{"uv":[8,7,9,8],"texture":"#0"},"up":{"uv":[8,7,9,8],"texture":"#0"},"down":{"uv":[8,7,9,8],"texture":"#0"}}},{"from":[7.5,9,8],"to":[8.5,10,9],"rotation":{"angle":0,"axis":"y","origin":[8,17,16]},"faces":{"north":{"uv":[8,6,9,7],"texture":"#0"},"east":{"uv":[8,6,9,7],"texture":"#0"},"south":{"uv":[8,6,9,7],"texture":"#0"},"west":{"uv":[8,6,9,7],"texture":"#0"},"up":{"uv":[8,6,9,7],"texture":"#0"},"down":{"uv":[8,6,9,7],"texture":"#0"}}},{"from":[7.3,9,9],"to":[8.7,10,10],"rotation":{"angle":0,"axis":"y","origin":[8,17,17]},"faces":{"north":{"uv":[9,6,10,7],"texture":"#0"},"east":{"uv":[9,6,10,7],"texture":"#0"},"south":{"uv":[9,6,10,7],"texture":"#0"},"west":{"uv":[9,6,10,7],"texture":"#0"},"up":{"uv":[9,6,10,7],"texture":"#0"},"down":{"uv":[9,6,10,7],"texture":"#0"}}},{"from":[7.5,10,9],"to":[8.5,11,10],"rotation":{"angle":0,"axis":"y","origin":[8,18,17]},"faces":{"north":{"uv":[9,5,10,6],"texture":"#0"},"east":{"uv":[9,5,10,6],"texture":"#0"},"south":{"uv":[9,5,10,6],"texture":"#0"},"west":{"uv":[9,5,10,6],"texture":"#0"},"up":{"uv":[9,5,10,6],"texture":"#0"},"down":{"uv":[9,5,10,6],"texture":"#0"}}},{"from":[7.2,11,9],"to":[8.8,12,10],"rotation":{"angle":0,"axis":"y","origin":[8,19,17]},"faces":{"north":{"uv":[9,4,10,5],"texture":"#0"},"east":{"uv":[9,4,10,5],"texture":"#0"},"south":{"uv":[9,4,10,5],"texture":"#0"},"west":{"uv":[9,4,10,5],"texture":"#0"},"up":{"uv":[9,4,10,5],"texture":"#0"},"down":{"uv":[9,4,10,5],"texture":"#0"}}},{"from":[7.2,11,10],"to":[8.8,12,11],"rotation":{"angle":0,"axis":"y","origin":[8,19,18]},"faces":{"north":{"uv":[10,4,11,5],"texture":"#0"},"east":{"uv":[10,4,11,5],"texture":"#0"},"south":{"uv":[10,4,11,5],"texture":"#0"},"west":{"uv":[10,4,11,5],"texture":"#0"},"up":{"uv":[10,4,11,5],"texture":"#0"},"down":{"uv":[10,4,11,5],"texture":"#0"}}},{"from":[7.2,11,11],"to":[8.8,12,12],"rotation":{"angle":0,"axis":"y","origin":[8,19,19]},"faces":{"north":{"uv":[11,4,12,5],"texture":"#0"},"east":{"uv":[11,4,12,5],"texture":"#0"},"south":{"uv":[11,4,12,5],"texture":"#0"},"west":{"uv":[11,4,12,5],"texture":"#0"},"up":{"uv":[11,4,12,5],"texture":"#0"},"down":{"uv":[11,4,12,5],"texture":"#0"}}},{"from":[7.2,10,11],"to":[8.8,11,12],"rotation":{"angle":0,"axis":"y","origin":[8,18,19]},"faces":{"north":{"uv":[11,5,12,6],"texture":"#0"},"east":{"uv":[11,5,12,6],"texture":"#0"},"south":{"uv":[11,5,12,6],"texture":"#0"},"west":{"uv":[11,5,12,6],"texture":"#0"},"up":{"uv":[11,5,12,6],"texture":"#0"},"down":{"uv":[11,5,12,6],"texture":"#0"}}},{"from":[7.2,10,10],"to":[8.8,11,11],"rotation":{"angle":0,"axis":"y","origin":[8,18,18]},"faces":{"north":{"uv":[10,5,11,6],"texture":"#0"},"east":{"uv":[10,5,11,6],"texture":"#0"},"south":{"uv":[10,5,11,6],"texture":"#0"},"west":{"uv":[10,5,11,6],"texture":"#0"},"up":{"uv":[10,5,11,6],"texture":"#0"},"down":{"uv":[10,5,11,6],"texture":"#0"}}},{"from":[7.5,9,10],"to":[8.5,10,11],"rotation":{"angle":0,"axis":"y","origin":[8,17,18]},"faces":{"north":{"uv":[10,6,11,7],"texture":"#0"},"east":{"uv":[10,6,11,7],"texture":"#0"},"south":{"uv":[10,6,11,7],"texture":"#0"},"west":{"uv":[10,6,11,7],"texture":"#0"},"up":{"uv":[10,6,11,7],"texture":"#0"},"down":{"uv":[10,6,11,7],"texture":"#0"}}},{"from":[7.5,8,10],"to":[8.5,9,11],"rotation":{"angle":0,"axis":"y","origin":[8,16,18]},"faces":{"north":{"uv":[10,7,11,8],"texture":"#0"},"east":{"uv":[10,7,11,8],"texture":"#0"},"south":{"uv":[10,7,11,8],"texture":"#0"},"west":{"uv":[10,7,11,8],"texture":"#0"},"up":{"uv":[10,7,11,8],"texture":"#0"},"down":{"uv":[10,7,11,8],"texture":"#0"}}},{"from":[7.2,8,11],"to":[8.8,9,12],"rotation":{"angle":0,"axis":"y","origin":[8,16,19]},"faces":{"north":{"uv":[11,7,12,8],"texture":"#0"},"east":{"uv":[11,7,12,8],"texture":"#0"},"south":{"uv":[11,7,12,8],"texture":"#0"},"west":{"uv":[11,7,12,8],"texture":"#0"},"up":{"uv":[11,7,12,8],"texture":"#0"},"down":{"uv":[11,7,12,8],"texture":"#0"}}},{"from":[7.5,7,11],"to":[8.5,8,12],"rotation":{"angle":0,"axis":"y","origin":[8,15,19]},"faces":{"north":{"uv":[11,8,12,9],"texture":"#0"},"east":{"uv":[11,8,12,9],"texture":"#0"},"south":{"uv":[11,8,12,9],"texture":"#0"},"west":{"uv":[11,8,12,9],"texture":"#0"},"up":{"uv":[11,8,12,9],"texture":"#0"},"down":{"uv":[11,8,12,9],"texture":"#0"}}},{"from":[7.2,7,12],"to":[8.8,8,13],"rotation":{"angle":0,"axis":"y","origin":[8,15,20]},"faces":{"north":{"uv":[12,8,13,9],"texture":"#0"},"east":{"uv":[12,8,13,9],"texture":"#0"},"south":{"uv":[12,8,13,9],"texture":"#0"},"west":{"uv":[12,8,13,9],"texture":"#0"},"up":{"uv":[12,8,13,9],"texture":"#0"},"down":{"uv":[12,8,13,9],"texture":"#0"}}},{"from":[7.2,7,13],"to":[8.8,8,14],"rotation":{"angle":0,"axis":"y","origin":[8,15,21]},"faces":{"north":{"uv":[13,8,14,9],"texture":"#0"},"east":{"uv":[13,8,14,9],"texture":"#0"},"south":{"uv":[13,8,14,9],"texture":"#0"},"west":{"uv":[13,8,14,9],"texture":"#0"},"up":{"uv":[13,8,14,9],"texture":"#0"},"down":{"uv":[13,8,14,9],"texture":"#0"}}},{"from":[7.2,8,13],"to":[8.8,9,14],"rotation":{"angle":0,"axis":"y","origin":[8,16,21]},"faces":{"north":{"uv":[13,7,14,8],"texture":"#0"},"east":{"uv":[13,7,14,8],"texture":"#0"},"south":{"uv":[13,7,14,8],"texture":"#0"},"west":{"uv":[13,7,14,8],"texture":"#0"},"up":{"uv":[13,7,14,8],"texture":"#0"},"down":{"uv":[13,7,14,8],"texture":"#0"}}},{"from":[7.2,8,12],"to":[8.8,9,13],"rotation":{"angle":0,"axis":"y","origin":[8,16,20]},"faces":{"north":{"uv":[12,7,13,8],"texture":"#0"},"east":{"uv":[12,7,13,8],"texture":"#0"},"south":{"uv":[12,7,13,8],"texture":"#0"},"west":{"uv":[12,7,13,8],"texture":"#0"},"up":{"uv":[12,7,13,8],"texture":"#0"},"down":{"uv":[12,7,13,8],"texture":"#0"}}},{"from":[7.5,6,11],"to":[8.5,7,12],"rotation":{"angle":0,"axis":"y","origin":[8,14,19]},"faces":{"north":{"uv":[11,9,12,10],"texture":"#0"},"east":{"uv":[11,9,12,10],"texture":"#0"},"south":{"uv":[11,9,12,10],"texture":"#0"},"west":{"uv":[11,9,12,10],"texture":"#0"},"up":{"uv":[11,9,12,10],"texture":"#0"},"down":{"uv":[11,9,12,10],"texture":"#0"}}},{"from":[7.5,5,11],"to":[8.5,6,12],"rotation":{"angle":0,"axis":"y","origin":[8,13,19]},"faces":{"north":{"uv":[11,10,12,11],"texture":"#0"},"east":{"uv":[11,10,12,11],"texture":"#0"},"south":{"uv":[11,10,12,11],"texture":"#0"},"west":{"uv":[11,10,12,11],"texture":"#0"},"up":{"uv":[11,10,12,11],"texture":"#0"},"down":{"uv":[11,10,12,11],"texture":"#0"}}},{"from":[7.5,5,12],"to":[8.5,6,13],"rotation":{"angle":0,"axis":"y","origin":[8,13,20]},"faces":{"north":{"uv":[12,10,13,11],"texture":"#0"},"east":{"uv":[12,10,13,11],"texture":"#0"},"south":{"uv":[12,10,13,11],"texture":"#0"},"west":{"uv":[12,10,13,11],"texture":"#0"},"up":{"uv":[12,10,13,11],"texture":"#0"},"down":{"uv":[12,10,13,11],"texture":"#0"}}},{"from":[7.2,6,12],"to":[8.8,7,13],"rotation":{"angle":0,"axis":"y","origin":[8,14,20]},"faces":{"north":{"uv":[12,9,13,10],"texture":"#0"},"east":{"uv":[12,9,13,10],"texture":"#0"},"south":{"uv":[12,9,13,10],"texture":"#0"},"west":{"uv":[12,9,13,10],"texture":"#0"},"up":{"uv":[12,9,13,10],"texture":"#0"},"down":{"uv":[12,9,13,10],"texture":"#0"}}},{"from":[7.5,6,13],"to":[8.5,7,14],"rotation":{"angle":0,"axis":"y","origin":[8,14,21]},"faces":{"north":{"uv":[13,9,14,10],"texture":"#0"},"east":{"uv":[13,9,14,10],"texture":"#0"},"south":{"uv":[13,9,14,10],"texture":"#0"},"west":{"uv":[13,9,14,10],"texture":"#0"},"up":{"uv":[13,9,14,10],"texture":"#0"},"down":{"uv":[13,9,14,10],"texture":"#0"}}},{"from":[7.2,6,14],"to":[8.8,7,15],"rotation":{"angle":0,"axis":"y","origin":[8,14,22]},"faces":{"north":{"uv":[14,9,15,10],"texture":"#0"},"east":{"uv":[14,9,15,10],"texture":"#0"},"south":{"uv":[14,9,15,10],"texture":"#0"},"west":{"uv":[14,9,15,10],"texture":"#0"},"up":{"uv":[14,9,15,10],"texture":"#0"},"down":{"uv":[14,9,15,10],"texture":"#0"}}},{"from":[7.5,7,14],"to":[8.5,8,15],"rotation":{"angle":0,"axis":"y","origin":[8,15,22]},"faces":{"north":{"uv":[14,8,15,9],"texture":"#0"},"east":{"uv":[14,8,15,9],"texture":"#0"},"south":{"uv":[14,8,15,9],"texture":"#0"},"west":{"uv":[14,8,15,9],"texture":"#0"},"up":{"uv":[14,8,15,9],"texture":"#0"},"down":{"uv":[14,8,15,9],"texture":"#0"}}},{"from":[7.5,8,14],"to":[8.5,9,15],"rotation":{"angle":0,"axis":"y","origin":[8,16,22]},"faces":{"north":{"uv":[14,7,15,8],"texture":"#0"},"east":{"uv":[14,7,15,8],"texture":"#0"},"south":{"uv":[14,7,15,8],"texture":"#0"},"west":{"uv":[14,7,15,8],"texture":"#0"},"up":{"uv":[14,7,15,8],"texture":"#0"},"down":{"uv":[14,7,15,8],"texture":"#0"}}},{"from":[7.2,9,14],"to":[8.8,10,15],"rotation":{"angle":0,"axis":"y","origin":[8,17,22]},"faces":{"north":{"uv":[14,6,15,7],"texture":"#0"},"east":{"uv":[14,6,15,7],"texture":"#0"},"south":{"uv":[14,6,15,7],"texture":"#0"},"west":{"uv":[14,6,15,7],"texture":"#0"},"up":{"uv":[14,6,15,7],"texture":"#0"},"down":{"uv":[14,6,15,7],"texture":"#0"}}},{"from":[7.5,9,13],"to":[8.5,10,14],"rotation":{"angle":0,"axis":"y","origin":[8,17,21]},"faces":{"north":{"uv":[13,6,14,7],"texture":"#0"},"east":{"uv":[13,6,14,7],"texture":"#0"},"south":{"uv":[13,6,14,7],"texture":"#0"},"west":{"uv":[13,6,14,7],"texture":"#0"},"up":{"uv":[13,6,14,7],"texture":"#0"},"down":{"uv":[13,6,14,7],"texture":"#0"}}},{"from":[7.2,9,12],"to":[8.8,10,13],"rotation":{"angle":0,"axis":"y","origin":[8,17,20]},"faces":{"north":{"uv":[12,6,13,7],"texture":"#0"},"east":{"uv":[12,6,13,7],"texture":"#0"},"south":{"uv":[12,6,13,7],"texture":"#0"},"west":{"uv":[12,6,13,7],"texture":"#0"},"up":{"uv":[12,6,13,7],"texture":"#0"},"down":{"uv":[12,6,13,7],"texture":"#0"}}},{"from":[7.5,10,12],"to":[8.5,11,13],"rotation":{"angle":0,"axis":"y","origin":[8,18,20]},"faces":{"north":{"uv":[12,5,13,6],"texture":"#0"},"east":{"uv":[12,5,13,6],"texture":"#0"},"south":{"uv":[12,5,13,6],"texture":"#0"},"west":{"uv":[12,5,13,6],"texture":"#0"},"up":{"uv":[12,5,13,6],"texture":"#0"},"down":{"uv":[12,5,13,6],"texture":"#0"}}},{"from":[7.5,11,12],"to":[8.5,12,13],"rotation":{"angle":0,"axis":"y","origin":[8,19,20]},"faces":{"north":{"uv":[12,4,13,5],"texture":"#0"},"east":{"uv":[12,4,13,5],"texture":"#0"},"south":{"uv":[12,4,13,5],"texture":"#0"},"west":{"uv":[12,4,13,5],"texture":"#0"},"up":{"uv":[12,4,13,5],"texture":"#0"},"down":{"uv":[12,4,13,5],"texture":"#0"}}},{"from":[7.2,9,11],"to":[8.8,10,12],"rotation":{"angle":0,"axis":"y","origin":[8,17,19]},"faces":{"north":{"uv":[11,6,12,7],"texture":"#0"},"east":{"uv":[11,6,12,7],"texture":"#0"},"south":{"uv":[11,6,12,7],"texture":"#0"},"west":{"uv":[11,6,12,7],"texture":"#0"},"up":{"uv":[11,6,12,7],"texture":"#0"},"down":{"uv":[11,6,12,7],"texture":"#0"}}},{"from":[7.5,10,14],"to":[8.5,11,15],"rotation":{"angle":0,"axis":"y","origin":[8,18,22]},"faces":{"north":{"uv":[14,5,15,6],"texture":"#0"},"east":{"uv":[14,5,15,6],"texture":"#0"},"south":{"uv":[14,5,15,6],"texture":"#0"},"west":{"uv":[14,5,15,6],"texture":"#0"},"up":{"uv":[14,5,15,6],"texture":"#0"},"down":{"uv":[14,5,15,6],"texture":"#0"}}},{"from":[7.5,10,15],"to":[8.5,11,16],"rotation":{"angle":0,"axis":"y","origin":[8,18,23]},"faces":{"north":{"uv":[15,5,16,6],"texture":"#0"},"east":{"uv":[15,5,16,6],"texture":"#0"},"south":{"uv":[15,5,16,6],"texture":"#0"},"west":{"uv":[15,5,16,6],"texture":"#0"},"up":{"uv":[15,5,16,6],"texture":"#0"},"down":{"uv":[15,5,16,6],"texture":"#0"}}},{"from":[7.5,9,15],"to":[8.5,10,16],"rotation":{"angle":0,"axis":"y","origin":[8,17,23]},"faces":{"north":{"uv":[15,6,16,7],"texture":"#0"},"east":{"uv":[15,6,16,7],"texture":"#0"},"south":{"uv":[15,6,16,7],"texture":"#0"},"west":{"uv":[15,6,16,7],"texture":"#0"},"up":{"uv":[15,6,16,7],"texture":"#0"},"down":{"uv":[15,6,16,7],"texture":"#0"}}},{"from":[7.5,11,15],"to":[8.5,12,16],"rotation":{"angle":0,"axis":"y","origin":[8,19,23]},"faces":{"north":{"uv":[15,4,16,5],"texture":"#0"},"east":{"uv":[15,4,16,5],"texture":"#0"},"south":{"uv":[15,4,16,5],"texture":"#0"},"west":{"uv":[15,4,16,5],"texture":"#0"},"up":{"uv":[15,4,16,5],"texture":"#0"},"down":{"uv":[15,4,16,5],"texture":"#0"}}},{"from":[7.5,6,15],"to":[8.5,7,16],"rotation":{"angle":0,"axis":"y","origin":[8,14,23]},"faces":{"north":{"uv":[15,9,16,10],"texture":"#0"},"east":{"uv":[15,9,16,10],"texture":"#0"},"south":{"uv":[15,9,16,10],"texture":"#0"},"west":{"uv":[15,9,16,10],"texture":"#0"},"up":{"uv":[15,9,16,10],"texture":"#0"},"down":{"uv":[15,9,16,10],"texture":"#0"}}},{"from":[7.5,5,15],"to":[8.5,6,16],"rotation":{"angle":0,"axis":"y","origin":[8,13,23]},"faces":{"north":{"uv":[15,10,16,11],"texture":"#0"},"east":{"uv":[15,10,16,11],"texture":"#0"},"south":{"uv":[15,10,16,11],"texture":"#0"},"west":{"uv":[15,10,16,11],"texture":"#0"},"up":{"uv":[15,10,16,11],"texture":"#0"},"down":{"uv":[15,10,16,11],"texture":"#0"}}},{"from":[7.5,5,14],"to":[8.5,6,15],"rotation":{"angle":0,"axis":"y","origin":[8,13,22]},"faces":{"north":{"uv":[14,10,15,11],"texture":"#0"},"east":{"uv":[14,10,15,11],"texture":"#0"},"south":{"uv":[14,10,15,11],"texture":"#0"},"west":{"uv":[14,10,15,11],"texture":"#0"},"up":{"uv":[14,10,15,11],"texture":"#0"},"down":{"uv":[14,10,15,11],"texture":"#0"}}},{"from":[7.5,5,10],"to":[8.5,6,11],"rotation":{"angle":0,"axis":"y","origin":[8,13,18]},"faces":{"north":{"uv":[10,10,11,11],"texture":"#0"},"east":{"uv":[10,10,11,11],"texture":"#0"},"south":{"uv":[10,10,11,11],"texture":"#0"},"west":{"uv":[10,10,11,11],"texture":"#0"},"up":{"uv":[10,10,11,11],"texture":"#0"},"down":{"uv":[10,10,11,11],"texture":"#0"}}},{"from":[7.2,12,9],"to":[8.8,13,10],"rotation":{"angle":0,"axis":"y","origin":[8,20,17]},"faces":{"north":{"uv":[9,3,10,4],"texture":"#0"},"east":{"uv":[9,3,10,4],"texture":"#0"},"south":{"uv":[9,3,10,4],"texture":"#0"},"west":{"uv":[9,3,10,4],"texture":"#0"},"up":{"uv":[9,3,10,4],"texture":"#0"},"down":{"uv":[9,3,10,4],"texture":"#0"}}},{"from":[7.5,12,10],"to":[8.5,13,11],"rotation":{"angle":0,"axis":"y","origin":[8,20,18]},"faces":{"north":{"uv":[10,3,11,4],"texture":"#0"},"east":{"uv":[10,3,11,4],"texture":"#0"},"south":{"uv":[10,3,11,4],"texture":"#0"},"west":{"uv":[10,3,11,4],"texture":"#0"},"up":{"uv":[10,3,11,4],"texture":"#0"},"down":{"uv":[10,3,11,4],"texture":"#0"}}},{"from":[7.5,12,11],"to":[8.5,13,12],"rotation":{"angle":0,"axis":"y","origin":[8,20,19]},"faces":{"north":{"uv":[11,3,12,4],"texture":"#0"},"east":{"uv":[11,3,12,4],"texture":"#0"},"south":{"uv":[11,3,12,4],"texture":"#0"},"west":{"uv":[11,3,12,4],"texture":"#0"},"up":{"uv":[11,3,12,4],"texture":"#0"},"down":{"uv":[11,3,12,4],"texture":"#0"}}},{"from":[7.3,12,12],"to":[8.7,13,13],"rotation":{"angle":0,"axis":"y","origin":[8,20,20]},"faces":{"north":{"uv":[12,3,13,4],"texture":"#0"},"east":{"uv":[12,3,13,4],"texture":"#0"},"south":{"uv":[12,3,13,4],"texture":"#0"},"west":{"uv":[12,3,13,4],"texture":"#0"},"up":{"uv":[12,3,13,4],"texture":"#0"},"down":{"uv":[12,3,13,4],"texture":"#0"}}},{"from":[7.5,13,12],"to":[8.5,14,13],"rotation":{"angle":0,"axis":"y","origin":[8,21,20]},"faces":{"north":{"uv":[12,2,13,3],"texture":"#0"},"east":{"uv":[12,2,13,3],"texture":"#0"},"south":{"uv":[12,2,13,3],"texture":"#0"},"west":{"uv":[12,2,13,3],"texture":"#0"},"up":{"uv":[12,2,13,3],"texture":"#0"},"down":{"uv":[12,2,13,3],"texture":"#0"}}},{"from":[7.3,13,13],"to":[8.7,14,14],"rotation":{"angle":0,"axis":"y","origin":[8,21,21]},"faces":{"north":{"uv":[13,2,14,3],"texture":"#0"},"east":{"uv":[13,2,14,3],"texture":"#0"},"south":{"uv":[13,2,14,3],"texture":"#0"},"west":{"uv":[13,2,14,3],"texture":"#0"},"up":{"uv":[13,2,14,3],"texture":"#0"},"down":{"uv":[13,2,14,3],"texture":"#0"}}},{"from":[7.5,14,13],"to":[8.5,15,14],"rotation":{"angle":0,"axis":"y","origin":[8,22,21]},"faces":{"north":{"uv":[13,1,14,2],"texture":"#0"},"east":{"uv":[13,1,14,2],"texture":"#0"},"south":{"uv":[13,1,14,2],"texture":"#0"},"west":{"uv":[13,1,14,2],"texture":"#0"},"up":{"uv":[13,1,14,2],"texture":"#0"},"down":{"uv":[13,1,14,2],"texture":"#0"}}},{"from":[7.5,14,14],"to":[8.5,15,15],"rotation":{"angle":0,"axis":"y","origin":[8,22,22]},"faces":{"north":{"uv":[14,1,15,2],"texture":"#0"},"east":{"uv":[14,1,15,2],"texture":"#0"},"south":{"uv":[14,1,15,2],"texture":"#0"},"west":{"uv":[14,1,15,2],"texture":"#0"},"up":{"uv":[14,1,15,2],"texture":"#0"},"down":{"uv":[14,1,15,2],"texture":"#0"}}},{"from":[7.5,13,14],"to":[8.5,14,15],"rotation":{"angle":0,"axis":"y","origin":[8,21,22]},"faces":{"north":{"uv":[14,2,15,3],"texture":"#0"},"east":{"uv":[14,2,15,3],"texture":"#0"},"south":{"uv":[14,2,15,3],"texture":"#0"},"west":{"uv":[14,2,15,3],"texture":"#0"},"up":{"uv":[14,2,15,3],"texture":"#0"},"down":{"uv":[14,2,15,3],"texture":"#0"}}},{"from":[7.5,12,13],"to":[8.5,13,14],"rotation":{"angle":0,"axis":"y","origin":[8,20,21]},"faces":{"north":{"uv":[13,3,14,4],"texture":"#0"},"east":{"uv":[13,3,14,4],"texture":"#0"},"south":{"uv":[13,3,14,4],"texture":"#0"},"west":{"uv":[13,3,14,4],"texture":"#0"},"up":{"uv":[13,3,14,4],"texture":"#0"},"down":{"uv":[13,3,14,4],"texture":"#0"}}},{"from":[7.5,13,9],"to":[8.5,14,10],"rotation":{"angle":0,"axis":"y","origin":[8,21,17]},"faces":{"north":{"uv":[9,2,10,3],"texture":"#0"},"east":{"uv":[9,2,10,3],"texture":"#0"},"south":{"uv":[9,2,10,3],"texture":"#0"},"west":{"uv":[9,2,10,3],"texture":"#0"},"up":{"uv":[9,2,10,3],"texture":"#0"},"down":{"uv":[9,2,10,3],"texture":"#0"}}},{"from":[7.2,14,9],"to":[8.8,15,10],"rotation":{"angle":0,"axis":"y","origin":[8,22,17]},"faces":{"north":{"uv":[9,1,10,2],"texture":"#0"},"east":{"uv":[9,1,10,2],"texture":"#0"},"south":{"uv":[9,1,10,2],"texture":"#0"},"west":{"uv":[9,1,10,2],"texture":"#0"},"up":{"uv":[9,1,10,2],"texture":"#0"},"down":{"uv":[9,1,10,2],"texture":"#0"}}},{"from":[7.5,14,8],"to":[8.5,15,9],"rotation":{"angle":0,"axis":"y","origin":[8,22,16]},"faces":{"north":{"uv":[8,1,9,2],"texture":"#0"},"east":{"uv":[8,1,9,2],"texture":"#0"},"south":{"uv":[8,1,9,2],"texture":"#0"},"west":{"uv":[8,1,9,2],"texture":"#0"},"up":{"uv":[8,1,9,2],"texture":"#0"},"down":{"uv":[8,1,9,2],"texture":"#0"}}},{"from":[7.5,14,7],"to":[8.5,15,8],"rotation":{"angle":0,"axis":"y","origin":[8,22,15]},"faces":{"north":{"uv":[7,1,8,2],"texture":"#0"},"east":{"uv":[7,1,8,2],"texture":"#0"},"south":{"uv":[7,1,8,2],"texture":"#0"},"west":{"uv":[7,1,8,2],"texture":"#0"},"up":{"uv":[7,1,8,2],"texture":"#0"},"down":{"uv":[7,1,8,2],"texture":"#0"}}},{"from":[7.2,14,6],"to":[8.8,15,7],"rotation":{"angle":0,"axis":"y","origin":[8,22,14]},"faces":{"north":{"uv":[6,1,7,2],"texture":"#0"},"east":{"uv":[6,1,7,2],"texture":"#0"},"south":{"uv":[6,1,7,2],"texture":"#0"},"west":{"uv":[6,1,7,2],"texture":"#0"},"up":{"uv":[6,1,7,2],"texture":"#0"},"down":{"uv":[6,1,7,2],"texture":"#0"}}},{"from":[7.5,13,6],"to":[8.5,14,7],"rotation":{"angle":0,"axis":"y","origin":[8,21,14]},"faces":{"north":{"uv":[6,2,7,3],"texture":"#0"},"east":{"uv":[6,2,7,3],"texture":"#0"},"south":{"uv":[6,2,7,3],"texture":"#0"},"west":{"uv":[6,2,7,3],"texture":"#0"},"up":{"uv":[6,2,7,3],"texture":"#0"},"down":{"uv":[6,2,7,3],"texture":"#0"}}},{"from":[7.2,12,6],"to":[8.8,13,7],"rotation":{"angle":0,"axis":"y","origin":[8,20,14]},"faces":{"north":{"uv":[6,3,7,4],"texture":"#0"},"east":{"uv":[6,3,7,4],"texture":"#0"},"south":{"uv":[6,3,7,4],"texture":"#0"},"west":{"uv":[6,3,7,4],"texture":"#0"},"up":{"uv":[6,3,7,4],"texture":"#0"},"down":{"uv":[6,3,7,4],"texture":"#0"}}},{"from":[7.5,12,5],"to":[8.5,13,6],"rotation":{"angle":0,"axis":"y","origin":[8,20,13]},"faces":{"north":{"uv":[5,3,6,4],"texture":"#0"},"east":{"uv":[5,3,6,4],"texture":"#0"},"south":{"uv":[5,3,6,4],"texture":"#0"},"west":{"uv":[5,3,6,4],"texture":"#0"},"up":{"uv":[5,3,6,4],"texture":"#0"},"down":{"uv":[5,3,6,4],"texture":"#0"}}},{"from":[7.5,11,6],"to":[8.5,12,7],"rotation":{"angle":0,"axis":"y","origin":[8,19,14]},"faces":{"north":{"uv":[6,4,7,5],"texture":"#0"},"east":{"uv":[6,4,7,5],"texture":"#0"},"south":{"uv":[6,4,7,5],"texture":"#0"},"west":{"uv":[6,4,7,5],"texture":"#0"},"up":{"uv":[6,4,7,5],"texture":"#0"},"down":{"uv":[6,4,7,5],"texture":"#0"}}},{"from":[7.5,11,7],"to":[8.5,12,8],"rotation":{"angle":0,"axis":"y","origin":[8,19,15]},"faces":{"north":{"uv":[7,4,8,5],"texture":"#0"},"east":{"uv":[7,4,8,5],"texture":"#0"},"south":{"uv":[7,4,8,5],"texture":"#0"},"west":{"uv":[7,4,8,5],"texture":"#0"},"up":{"uv":[7,4,8,5],"texture":"#0"},"down":{"uv":[7,4,8,5],"texture":"#0"}}},{"from":[7.2,11,8],"to":[8.8,12,9],"rotation":{"angle":0,"axis":"y","origin":[8,19,16]},"faces":{"north":{"uv":[8,4,9,5],"texture":"#0"},"east":{"uv":[8,4,9,5],"texture":"#0"},"south":{"uv":[8,4,9,5],"texture":"#0"},"west":{"uv":[8,4,9,5],"texture":"#0"},"up":{"uv":[8,4,9,5],"texture":"#0"},"down":{"uv":[8,4,9,5],"texture":"#0"}}},{"from":[7.2,12,8],"to":[8.8,13,9],"rotation":{"angle":0,"axis":"y","origin":[8,20,16]},"faces":{"north":{"uv":[8,3,9,4],"texture":"#0"},"east":{"uv":[8,3,9,4],"texture":"#0"},"south":{"uv":[8,3,9,4],"texture":"#0"},"west":{"uv":[8,3,9,4],"texture":"#0"},"up":{"uv":[8,3,9,4],"texture":"#0"},"down":{"uv":[8,3,9,4],"texture":"#0"}}},{"from":[7.2,13,8],"to":[8.8,14,9],"rotation":{"angle":0,"axis":"y","origin":[8,21,16]},"faces":{"north":{"uv":[8,2,9,3],"texture":"#0"},"east":{"uv":[8,2,9,3],"texture":"#0"},"south":{"uv":[8,2,9,3],"texture":"#0"},"west":{"uv":[8,2,9,3],"texture":"#0"},"up":{"uv":[8,2,9,3],"texture":"#0"},"down":{"uv":[8,2,9,3],"texture":"#0"}}},{"from":[7.2,13,7],"to":[8.8,14,8],"rotation":{"angle":0,"axis":"y","origin":[8,21,15]},"faces":{"north":{"uv":[7,2,8,3],"texture":"#0"},"east":{"uv":[7,2,8,3],"texture":"#0"},"south":{"uv":[7,2,8,3],"texture":"#0"},"west":{"uv":[7,2,8,3],"texture":"#0"},"up":{"uv":[7,2,8,3],"texture":"#0"},"down":{"uv":[7,2,8,3],"texture":"#0"}}},{"from":[7.2,12,7],"to":[8.8,13,8],"rotation":{"angle":0,"axis":"y","origin":[8,20,15]},"faces":{"north":{"uv":[7,3,8,4],"texture":"#0"},"east":{"uv":[7,3,8,4],"texture":"#0"},"south":{"uv":[7,3,8,4],"texture":"#0"},"west":{"uv":[7,3,8,4],"texture":"#0"},"up":{"uv":[7,3,8,4],"texture":"#0"},"down":{"uv":[7,3,8,4],"texture":"#0"}}},{"from":[7.5,10,8],"to":[8.5,11,9],"rotation":{"angle":0,"axis":"y","origin":[8,18,16]},"faces":{"north":{"uv":[8,5,9,6],"texture":"#0"},"east":{"uv":[8,5,9,6],"texture":"#0"},"south":{"uv":[8,5,9,6],"texture":"#0"},"west":{"uv":[8,5,9,6],"texture":"#0"},"up":{"uv":[8,5,9,6],"texture":"#0"},"down":{"uv":[8,5,9,6],"texture":"#0"}}},{"from":[7.5,11,5],"to":[8.5,12,6],"rotation":{"angle":0,"axis":"y","origin":[8,19,13]},"faces":{"north":{"uv":[5,4,6,5],"texture":"#0"},"east":{"uv":[5,4,6,5],"texture":"#0"},"south":{"uv":[5,4,6,5],"texture":"#0"},"west":{"uv":[5,4,6,5],"texture":"#0"},"up":{"uv":[5,4,6,5],"texture":"#0"},"down":{"uv":[5,4,6,5],"texture":"#0"}}},{"from":[7.5,10,5],"to":[8.5,11,6],"rotation":{"angle":0,"axis":"y","origin":[8,18,13]},"faces":{"north":{"uv":[5,5,6,6],"texture":"#0"},"east":{"uv":[5,5,6,6],"texture":"#0"},"south":{"uv":[5,5,6,6],"texture":"#0"},"west":{"uv":[5,5,6,6],"texture":"#0"},"up":{"uv":[5,5,6,6],"texture":"#0"},"down":{"uv":[5,5,6,6],"texture":"#0"}}},{"from":[7.5,14,5],"to":[8.5,15,6],"rotation":{"angle":0,"axis":"y","origin":[8,22,13]},"faces":{"north":{"uv":[5,1,6,2],"texture":"#0"},"east":{"uv":[5,1,6,2],"texture":"#0"},"south":{"uv":[5,1,6,2],"texture":"#0"},"west":{"uv":[5,1,6,2],"texture":"#0"},"up":{"uv":[5,1,6,2],"texture":"#0"},"down":{"uv":[5,1,6,2],"texture":"#0"}}},{"from":[7.5,15,5],"to":[8.5,16,6],"rotation":{"angle":0,"axis":"y","origin":[8,23,13]},"faces":{"north":{"uv":[5,0,6,1],"texture":"#0"},"east":{"uv":[5,0,6,1],"texture":"#0"},"south":{"uv":[5,0,6,1],"texture":"#0"},"west":{"uv":[5,0,6,1],"texture":"#0"},"up":{"uv":[5,0,6,1],"texture":"#0"},"down":{"uv":[5,0,6,1],"texture":"#0"}}},{"from":[7.5,15,6],"to":[8.5,16,7],"rotation":{"angle":0,"axis":"y","origin":[8,23,14]},"faces":{"north":{"uv":[6,0,7,1],"texture":"#0"},"east":{"uv":[6,0,7,1],"texture":"#0"},"south":{"uv":[6,0,7,1],"texture":"#0"},"west":{"uv":[6,0,7,1],"texture":"#0"},"up":{"uv":[6,0,7,1],"texture":"#0"},"down":{"uv":[6,0,7,1],"texture":"#0"}}},{"from":[7.5,15,9],"to":[8.5,16,10],"rotation":{"angle":0,"axis":"y","origin":[8,23,17]},"faces":{"north":{"uv":[9,0,10,1],"texture":"#0"},"east":{"uv":[9,0,10,1],"texture":"#0"},"south":{"uv":[9,0,10,1],"texture":"#0"},"west":{"uv":[9,0,10,1],"texture":"#0"},"up":{"uv":[9,0,10,1],"texture":"#0"},"down":{"uv":[9,0,10,1],"texture":"#0"}}},{"from":[7.5,15,10],"to":[8.5,16,11],"rotation":{"angle":0,"axis":"y","origin":[8,23,18]},"faces":{"north":{"uv":[10,0,11,1],"texture":"#0"},"east":{"uv":[10,0,11,1],"texture":"#0"},"south":{"uv":[10,0,11,1],"texture":"#0"},"west":{"uv":[10,0,11,1],"texture":"#0"},"up":{"uv":[10,0,11,1],"texture":"#0"},"down":{"uv":[10,0,11,1],"texture":"#0"}}},{"from":[7.5,15,11],"to":[8.5,16,12],"rotation":{"angle":0,"axis":"y","origin":[8,23,19]},"faces":{"north":{"uv":[11,0,12,1],"texture":"#0"},"east":{"uv":[11,0,12,1],"texture":"#0"},"south":{"uv":[11,0,12,1],"texture":"#0"},"west":{"uv":[11,0,12,1],"texture":"#0"},"up":{"uv":[11,0,12,1],"texture":"#0"},"down":{"uv":[11,0,12,1],"texture":"#0"}}},{"from":[7.5,8,9],"to":[8.5,9,10],"rotation":{"angle":0,"axis":"y","origin":[8,16,17]},"faces":{"north":{"uv":[9,7,10,8],"texture":"#0"},"east":{"uv":[9,7,10,8],"texture":"#0"},"south":{"uv":[9,7,10,8],"texture":"#0"},"west":{"uv":[9,7,10,8],"texture":"#0"},"up":{"uv":[9,7,10,8],"texture":"#0"},"down":{"uv":[9,7,10,8],"texture":"#0"}}},{"from":[7.5,7,8],"to":[8.5,8,9],"rotation":{"angle":0,"axis":"y","origin":[8,15,16]},"faces":{"north":{"uv":[8,8,9,9],"texture":"#0"},"east":{"uv":[8,8,9,9],"texture":"#0"},"south":{"uv":[8,8,9,9],"texture":"#0"},"west":{"uv":[8,8,9,9],"texture":"#0"},"up":{"uv":[8,8,9,9],"texture":"#0"},"down":{"uv":[8,8,9,9],"texture":"#0"}}},{"from":[7.5,6,7],"to":[8.5,7,8],"rotation":{"angle":0,"axis":"y","origin":[8,14,15]},"faces":{"north":{"uv":[7,9,8,10],"texture":"#0"},"east":{"uv":[7,9,8,10],"texture":"#0"},"south":{"uv":[7,9,8,10],"texture":"#0"},"west":{"uv":[7,9,8,10],"texture":"#0"},"up":{"uv":[7,9,8,10],"texture":"#0"},"down":{"uv":[7,9,8,10],"texture":"#0"}}},{"from":[7.5,5,6],"to":[8.5,6,7],"rotation":{"angle":0,"axis":"y","origin":[8,13,14]},"faces":{"north":{"uv":[6,10,7,11],"texture":"#0"},"east":{"uv":[6,10,7,11],"texture":"#0"},"south":{"uv":[6,10,7,11],"texture":"#0"},"west":{"uv":[6,10,7,11],"texture":"#0"},"up":{"uv":[6,10,7,11],"texture":"#0"},"down":{"uv":[6,10,7,11],"texture":"#0"}}},{"from":[7.5,4,5],"to":[8.5,5,6],"rotation":{"angle":0,"axis":"y","origin":[8,12,13]},"faces":{"north":{"uv":[5,11,6,12],"texture":"#0"},"east":{"uv":[5,11,6,12],"texture":"#0"},"south":{"uv":[5,11,6,12],"texture":"#0"},"west":{"uv":[5,11,6,12],"texture":"#0"},"up":{"uv":[5,11,6,12],"texture":"#0"},"down":{"uv":[5,11,6,12],"texture":"#0"}}},{"from":[7.5,3,4],"to":[8.5,4,5],"rotation":{"angle":0,"axis":"y","origin":[8,11,12]},"faces":{"north":{"uv":[4,12,5,13],"texture":"#0"},"east":{"uv":[4,12,5,13],"texture":"#0"},"south":{"uv":[4,12,5,13],"texture":"#0"},"west":{"uv":[4,12,5,13],"texture":"#0"},"up":{"uv":[4,12,5,13],"texture":"#0"},"down":{"uv":[4,12,5,13],"texture":"#0"}}},{"from":[7.5,2,3],"to":[8.5,3,4],"rotation":{"angle":0,"axis":"y","origin":[8,10,11]},"faces":{"north":{"uv":[3,13,4,14],"texture":"#0"},"east":{"uv":[3,13,4,14],"texture":"#0"},"south":{"uv":[3,13,4,14],"texture":"#0"},"west":{"uv":[3,13,4,14],"texture":"#0"},"up":{"uv":[3,13,4,14],"texture":"#0"},"down":{"uv":[3,13,4,14],"texture":"#0"}}},{"from":[7.5,1,2],"to":[8.5,2,3],"rotation":{"angle":0,"axis":"y","origin":[8,9,10]},"faces":{"north":{"uv":[2,14,3,15],"texture":"#0"},"east":{"uv":[2,14,3,15],"texture":"#0"},"south":{"uv":[2,14,3,15],"texture":"#0"},"west":{"uv":[2,14,3,15],"texture":"#0"},"up":{"uv":[2,14,3,15],"texture":"#0"},"down":{"uv":[2,14,3,15],"texture":"#0"}}},{"from":[7.5,0,1],"to":[8.5,1,2],"rotation":{"angle":0,"axis":"y","origin":[8,8,9]},"faces":{"north":{"uv":[1,15,2,16],"texture":"#0"},"east":{"uv":[1,15,2,16],"texture":"#0"},"south":{"uv":[1,15,2,16],"texture":"#0"},"west":{"uv":[1,15,2,16],"texture":"#0"},"up":{"uv":[1,15,2,16],"texture":"#0"},"down":{"uv":[1,15,2,16],"texture":"#0"}}}]}