{"display":{"thirdperson_righthand":{"rotation":[-45,0,0],"translation":[0,5,0]},"thirdperson_lefthand":{"rotation":[-45,0,0],"translation":[0,5,0]},"firstperson_righthand":{"rotation":[-45,0,0],"translation":[0,5,0]},"firstperson_lefthand":{"rotation":[-45,0,0],"translation":[3,5,0]},"ground":{"translation":[0,1.5,0],"scale":[0.6,0.6,0.6]},"gui":{"rotation":[0,90,0]},"head":{"rotation":[-136,0,0],"translation":[0,0,-13.5],"scale":[2,2,2]},"fixed":{"rotation":[0,-90,0],"translation":[-2,2,0]}},"texture_size":[32,32],"textures":{"1":"item/golden_axe/1.1"},"elements":[{"from":[7.5,0,0],"to":[8.5,2,2],"faces":{"north":{"uv":[1.5,14,2,14.5],"texture":"#1"},"east":{"uv":[1.5,14,2,14.5],"texture":"#1"},"south":{"uv":[1.5,14,2,14.5],"texture":"#1"},"west":{"uv":[1.5,14,2,14.5],"texture":"#1"},"up":{"uv":[1.5,14,2,14.5],"texture":"#1"},"down":{"uv":[1.5,14,2,14.5],"texture":"#1"}}},{"from":[7.5,2,1],"to":[8.5,3,2],"rotation":{"angle":0,"axis":"y","origin":[8,9,8]},"faces":{"north":{"uv":[2.5,13.5,3,14],"texture":"#1"},"east":{"uv":[2.5,13.5,3,14],"texture":"#1"},"south":{"uv":[2.5,13.5,3,14],"texture":"#1"},"west":{"uv":[2.5,13.5,3,14],"texture":"#1"},"up":{"uv":[2.5,13.5,3,14],"texture":"#1"},"down":{"uv":[2.5,13.5,3,14],"texture":"#1"}}},{"from":[7.5,3,2],"to":[8.5,4,3],"rotation":{"angle":0,"axis":"y","origin":[8,10,9]},"faces":{"north":{"uv":[3,13,3.5,13.5],"texture":"#1"},"east":{"uv":[3,13,3.5,13.5],"texture":"#1"},"south":{"uv":[3,13,3.5,13.5],"texture":"#1"},"west":{"uv":[3,13,3.5,13.5],"texture":"#1"},"up":{"uv":[3,13,3.5,13.5],"texture":"#1"},"down":{"uv":[3,13,3.5,13.5],"texture":"#1"}}},{"from":[7.5,4,3],"to":[8.5,5,4],"rotation":{"angle":0,"axis":"y","origin":[8,11,10]},"faces":{"north":{"uv":[3,13,3.5,13.5],"texture":"#1"},"east":{"uv":[3,13,3.5,13.5],"texture":"#1"},"south":{"uv":[3,13,3.5,13.5],"texture":"#1"},"west":{"uv":[3,13,3.5,13.5],"texture":"#1"},"up":{"uv":[3,13,3.5,13.5],"texture":"#1"},"down":{"uv":[3,13,3.5,13.5],"texture":"#1"}}},{"from":[7.5,5,4],"to":[8.5,6,5],"rotation":{"angle":0,"axis":"y","origin":[8,12,11]},"faces":{"north":{"uv":[3,13,3.5,13.5],"texture":"#1"},"east":{"uv":[3,13,3.5,13.5],"texture":"#1"},"south":{"uv":[3,13,3.5,13.5],"texture":"#1"},"west":{"uv":[3,13,3.5,13.5],"texture":"#1"},"up":{"uv":[3,13,3.5,13.5],"texture":"#1"},"down":{"uv":[3,13,3.5,13.5],"texture":"#1"}}},{"from":[7.5,6,5],"to":[8.5,7,6],"rotation":{"angle":0,"axis":"y","origin":[8,13,12]},"faces":{"north":{"uv":[3,13,3.5,13.5],"texture":"#1"},"east":{"uv":[3,13,3.5,13.5],"texture":"#1"},"south":{"uv":[3,13,3.5,13.5],"texture":"#1"},"west":{"uv":[3,13,3.5,13.5],"texture":"#1"},"up":{"uv":[3,13,3.5,13.5],"texture":"#1"},"down":{"uv":[3,13,3.5,13.5],"texture":"#1"}}},{"from":[7.5,7,6],"to":[8.5,8,7],"rotation":{"angle":0,"axis":"y","origin":[8,14,13]},"faces":{"north":{"uv":[3,13,3.5,13.5],"texture":"#1"},"east":{"uv":[3,13,3.5,13.5],"texture":"#1"},"south":{"uv":[3,13,3.5,13.5],"texture":"#1"},"west":{"uv":[3,13,3.5,13.5],"texture":"#1"},"up":{"uv":[3,13,3.5,13.5],"texture":"#1"},"down":{"uv":[3,13,3.5,13.5],"texture":"#1"}}},{"from":[7.5,1,2],"to":[8.5,2,3],"rotation":{"angle":0,"axis":"y","origin":[8,8,9]},"faces":{"north":{"uv":[2,13,2.5,13.5],"texture":"#1"},"east":{"uv":[2,13,2.5,13.5],"texture":"#1"},"south":{"uv":[2,13,2.5,13.5],"texture":"#1"},"west":{"uv":[2,13,2.5,13.5],"texture":"#1"},"up":{"uv":[2,13,2.5,13.5],"texture":"#1"},"down":{"uv":[2,13,2.5,13.5],"texture":"#1"}}},{"from":[7.5,2,3],"to":[8.5,3,4],"rotation":{"angle":0,"axis":"y","origin":[8,9,10]},"faces":{"north":{"uv":[2.5,12.5,3,13],"texture":"#1"},"east":{"uv":[2.5,12.5,3,13],"texture":"#1"},"south":{"uv":[2.5,12.5,3,13],"texture":"#1"},"west":{"uv":[2.5,12.5,3,13],"texture":"#1"},"up":{"uv":[2.5,12.5,3,13],"texture":"#1"},"down":{"uv":[2.5,12.5,3,13],"texture":"#1"}}},{"from":[7.5,3,4],"to":[8.5,4,5],"rotation":{"angle":0,"axis":"y","origin":[8,10,11]},"faces":{"north":{"uv":[2.5,12.5,3,13],"texture":"#1"},"east":{"uv":[2.5,12.5,3,13],"texture":"#1"},"south":{"uv":[2.5,12.5,3,13],"texture":"#1"},"west":{"uv":[2.5,12.5,3,13],"texture":"#1"},"up":{"uv":[2.5,12.5,3,13],"texture":"#1"},"down":{"uv":[2.5,12.5,3,13],"texture":"#1"}}},{"from":[7.5,4,5],"to":[8.5,5,6],"rotation":{"angle":0,"axis":"y","origin":[8,11,12]},"faces":{"north":{"uv":[2.5,12.5,3,13],"texture":"#1"},"east":{"uv":[2.5,12.5,3,13],"texture":"#1"},"south":{"uv":[2.5,12.5,3,13],"texture":"#1"},"west":{"uv":[2.5,12.5,3,13],"texture":"#1"},"up":{"uv":[2.5,12.5,3,13],"texture":"#1"},"down":{"uv":[2.5,12.5,3,13],"texture":"#1"}}},{"from":[7.5,5,6],"to":[8.5,6,7],"rotation":{"angle":0,"axis":"y","origin":[8,12,13]},"faces":{"north":{"uv":[2.5,12.5,3,13],"texture":"#1"},"east":{"uv":[2.5,12.5,3,13],"texture":"#1"},"south":{"uv":[2.5,12.5,3,13],"texture":"#1"},"west":{"uv":[2.5,12.5,3,13],"texture":"#1"},"up":{"uv":[2.5,12.5,3,13],"texture":"#1"},"down":{"uv":[2.5,12.5,3,13],"texture":"#1"}}},{"from":[7.5,6,7],"to":[8.5,7,8],"rotation":{"angle":0,"axis":"y","origin":[8,13,14]},"faces":{"north":{"uv":[2.5,12.5,3,13],"texture":"#1"},"east":{"uv":[2.5,12.5,3,13],"texture":"#1"},"south":{"uv":[2.5,12.5,3,13],"texture":"#1"},"west":{"uv":[2.5,12.5,3,13],"texture":"#1"},"up":{"uv":[2.5,12.5,3,13],"texture":"#1"},"down":{"uv":[2.5,12.5,3,13],"texture":"#1"}}},{"from":[7.5,7,8],"to":[8.5,8,9],"rotation":{"angle":0,"axis":"y","origin":[8,14,15]},"faces":{"north":{"uv":[5,10,5.5,10.5],"texture":"#1"},"east":{"uv":[5,10,5.5,10.5],"texture":"#1"},"south":{"uv":[5,10,5.5,10.5],"texture":"#1"},"west":{"uv":[5,10,5.5,10.5],"texture":"#1"},"up":{"uv":[5,10,5.5,10.5],"texture":"#1"},"down":{"uv":[5,10,5.5,10.5],"texture":"#1"}}},{"from":[7.5,8,7],"to":[8.5,9,8],"rotation":{"angle":0,"axis":"y","origin":[8,15,14]},"faces":{"north":{"uv":[5.5,10.5,6,11],"texture":"#1"},"east":{"uv":[5.5,10.5,6,11],"texture":"#1"},"south":{"uv":[5.5,10.5,6,11],"texture":"#1"},"west":{"uv":[5.5,10.5,6,11],"texture":"#1"},"up":{"uv":[5.5,10.5,6,11],"texture":"#1"},"down":{"uv":[5.5,10.5,6,11],"texture":"#1"}}},{"from":[7.5,9,10],"to":[8.5,10,11],"rotation":{"angle":0,"axis":"y","origin":[8,16,17]},"faces":{"north":{"uv":[6,9,6.5,9.5],"texture":"#1"},"east":{"uv":[6,9,6.5,9.5],"texture":"#1"},"south":{"uv":[6,9,6.5,9.5],"texture":"#1"},"west":{"uv":[6,9,6.5,9.5],"texture":"#1"},"up":{"uv":[6,9,6.5,9.5],"texture":"#1"},"down":{"uv":[6,9,6.5,9.5],"texture":"#1"}}},{"from":[7.2,12,11],"to":[8.8,13,12],"rotation":{"angle":0,"axis":"y","origin":[8,19,18]},"faces":{"north":{"uv":[6,9,6.5,9.5],"texture":"#1"},"east":{"uv":[6,9,6.5,9.5],"texture":"#1"},"south":{"uv":[6,9,6.5,9.5],"texture":"#1"},"west":{"uv":[6,9,6.5,9.5],"texture":"#1"},"up":{"uv":[6,9,6.5,9.5],"texture":"#1"},"down":{"uv":[6,9,6.5,9.5],"texture":"#1"}}},{"from":[7.2,13,12],"to":[8.8,14,13],"rotation":{"angle":0,"axis":"y","origin":[8,20,19]},"faces":{"north":{"uv":[6,9,6.5,9.5],"texture":"#1"},"east":{"uv":[6,9,6.5,9.5],"texture":"#1"},"south":{"uv":[6,9,6.5,9.5],"texture":"#1"},"west":{"uv":[6,9,6.5,9.5],"texture":"#1"},"up":{"uv":[6,9,6.5,9.5],"texture":"#1"},"down":{"uv":[6,9,6.5,9.5],"texture":"#1"}}},{"from":[7.2,14,13],"to":[8.8,16,14],"rotation":{"angle":0,"axis":"y","origin":[8,21,20]},"faces":{"north":{"uv":[6,9,6.5,9.5],"texture":"#1"},"east":{"uv":[6,9,6.5,9.5],"texture":"#1"},"south":{"uv":[6,9,6.5,9.5],"texture":"#1"},"west":{"uv":[6,9,6.5,9.5],"texture":"#1"},"up":{"uv":[6,9,6.5,9.5],"texture":"#1"},"down":{"uv":[6,9,6.5,9.5],"texture":"#1"}}},{"from":[7.5,12,6],"to":[8.5,13,7],"rotation":{"angle":0,"axis":"y","origin":[8,19,13]},"faces":{"north":{"uv":[7.5,11,8,11.5],"texture":"#1"},"east":{"uv":[7.5,11,8,11.5],"texture":"#1"},"south":{"uv":[7.5,11,8,11.5],"texture":"#1"},"west":{"uv":[7.5,11,8,11.5],"texture":"#1"},"up":{"uv":[7.5,11,8,11.5],"texture":"#1"},"down":{"uv":[7.5,11,8,11.5],"texture":"#1"}}},{"from":[7,16,9],"to":[9,17,10],"rotation":{"angle":0,"axis":"y","origin":[8,23,16]},"faces":{"north":{"uv":[9.5,9.5,10,10],"texture":"#1"},"east":{"uv":[9.5,9.5,10,10],"texture":"#1"},"south":{"uv":[9.5,9.5,10,10],"texture":"#1"},"west":{"uv":[9.5,9.5,10,10],"texture":"#1"},"up":{"uv":[9.5,9.5,10,10],"texture":"#1"},"down":{"uv":[9.5,9.5,10,10],"texture":"#1"}}},{"from":[7,17,10],"to":[9,18,11],"rotation":{"angle":0,"axis":"y","origin":[8,24,17]},"faces":{"north":{"uv":[9.5,9.5,10,10],"texture":"#1"},"east":{"uv":[9.5,9.5,10,10],"texture":"#1"},"south":{"uv":[9.5,9.5,10,10],"texture":"#1"},"west":{"uv":[9.5,9.5,10,10],"texture":"#1"},"up":{"uv":[9.5,9.5,10,10],"texture":"#1"},"down":{"uv":[9.5,9.5,10,10],"texture":"#1"}}},{"from":[7,18,12],"to":[9,19,13],"rotation":{"angle":0,"axis":"y","origin":[8,25,19]},"faces":{"north":{"uv":[9.5,9.5,10,10],"texture":"#1"},"east":{"uv":[9.5,9.5,10,10],"texture":"#1"},"south":{"uv":[9.5,9.5,10,10],"texture":"#1"},"west":{"uv":[9.5,9.5,10,10],"texture":"#1"},"up":{"uv":[9.5,9.5,10,10],"texture":"#1"},"down":{"uv":[9.5,9.5,10,10],"texture":"#1"}}},{"from":[7.5,20,10],"to":[8.5,21,11],"rotation":{"angle":0,"axis":"y","origin":[8,27,17]},"faces":{"north":{"uv":[9.5,9.5,10,10],"texture":"#1"},"east":{"uv":[9.5,9.5,10,10],"texture":"#1"},"south":{"uv":[9.5,9.5,10,10],"texture":"#1"},"west":{"uv":[9.5,9.5,10,10],"texture":"#1"},"up":{"uv":[9.5,9.5,10,10],"texture":"#1"},"down":{"uv":[9.5,9.5,10,10],"texture":"#1"}}},{"from":[7.5,19,9],"to":[8.5,20,10],"rotation":{"angle":0,"axis":"y","origin":[8,26,16]},"faces":{"north":{"uv":[9.5,9.5,10,10],"texture":"#1"},"east":{"uv":[9.5,9.5,10,10],"texture":"#1"},"south":{"uv":[9.5,9.5,10,10],"texture":"#1"},"west":{"uv":[9.5,9.5,10,10],"texture":"#1"},"up":{"uv":[9.5,9.5,10,10],"texture":"#1"},"down":{"uv":[9.5,9.5,10,10],"texture":"#1"}}},{"from":[7.5,18,8],"to":[8.5,19,9],"rotation":{"angle":0,"axis":"y","origin":[8,25,15]},"faces":{"north":{"uv":[9.5,9.5,10,10],"texture":"#1"},"east":{"uv":[9.5,9.5,10,10],"texture":"#1"},"south":{"uv":[9.5,9.5,10,10],"texture":"#1"},"west":{"uv":[9.5,9.5,10,10],"texture":"#1"},"up":{"uv":[9.5,9.5,10,10],"texture":"#1"},"down":{"uv":[9.5,9.5,10,10],"texture":"#1"}}},{"from":[7.5,17,7],"to":[8.5,18,8],"rotation":{"angle":0,"axis":"y","origin":[8,24,14]},"faces":{"north":{"uv":[9.5,9.5,10,10],"texture":"#1"},"east":{"uv":[9.5,9.5,10,10],"texture":"#1"},"south":{"uv":[9.5,9.5,10,10],"texture":"#1"},"west":{"uv":[9.5,9.5,10,10],"texture":"#1"},"up":{"uv":[9.5,9.5,10,10],"texture":"#1"},"down":{"uv":[9.5,9.5,10,10],"texture":"#1"}}},{"from":[7.5,16,6],"to":[8.5,17,7],"rotation":{"angle":0,"axis":"y","origin":[8,23,13]},"faces":{"north":{"uv":[9.5,9.5,10,10],"texture":"#1"},"east":{"uv":[9.5,9.5,10,10],"texture":"#1"},"south":{"uv":[9.5,9.5,10,10],"texture":"#1"},"west":{"uv":[9.5,9.5,10,10],"texture":"#1"},"up":{"uv":[9.5,9.5,10,10],"texture":"#1"},"down":{"uv":[9.5,9.5,10,10],"texture":"#1"}}},{"from":[7.5,13,4],"to":[8.5,14,5],"rotation":{"angle":0,"axis":"y","origin":[8,20,11]},"faces":{"north":{"uv":[9.5,9.5,10,10],"texture":"#1"},"east":{"uv":[9.5,9.5,10,10],"texture":"#1"},"south":{"uv":[9.5,9.5,10,10],"texture":"#1"},"west":{"uv":[9.5,9.5,10,10],"texture":"#1"},"up":{"uv":[9.5,9.5,10,10],"texture":"#1"},"down":{"uv":[9.5,9.5,10,10],"texture":"#1"}}},{"from":[7.5,10,2],"to":[8.5,11,3],"rotation":{"angle":0,"axis":"y","origin":[8,17,9]},"faces":{"north":{"uv":[9.5,9.5,10,10],"texture":"#1"},"east":{"uv":[9.5,9.5,10,10],"texture":"#1"},"south":{"uv":[9.5,9.5,10,10],"texture":"#1"},"west":{"uv":[9.5,9.5,10,10],"texture":"#1"},"up":{"uv":[9.5,9.5,10,10],"texture":"#1"},"down":{"uv":[9.5,9.5,10,10],"texture":"#1"}}},{"from":[7.5,14,5],"to":[8.5,16,6],"rotation":{"angle":0,"axis":"y","origin":[8,22,12]},"faces":{"north":{"uv":[9.5,9.5,10,10],"texture":"#1"},"east":{"uv":[9.5,9.5,10,10],"texture":"#1"},"south":{"uv":[9.5,9.5,10,10],"texture":"#1"},"west":{"uv":[9.5,9.5,10,10],"texture":"#1"},"up":{"uv":[9.5,9.5,10,10],"texture":"#1"},"down":{"uv":[9.5,9.5,10,10],"texture":"#1"}}},{"from":[7.5,11,3],"to":[8.5,13,4],"rotation":{"angle":0,"axis":"y","origin":[8,19,10]},"faces":{"north":{"uv":[9.5,9.5,10,10],"texture":"#1"},"east":{"uv":[9.5,9.5,10,10],"texture":"#1"},"south":{"uv":[9.5,9.5,10,10],"texture":"#1"},"west":{"uv":[9.5,9.5,10,10],"texture":"#1"},"up":{"uv":[9.5,9.5,10,10],"texture":"#1"},"down":{"uv":[9.5,9.5,10,10],"texture":"#1"}}},{"from":[7,19,13],"to":[9,20,14],"rotation":{"angle":0,"axis":"y","origin":[8,26,20]},"faces":{"north":{"uv":[9.5,9.5,10,10],"texture":"#1"},"east":{"uv":[9.5,9.5,10,10],"texture":"#1"},"south":{"uv":[9.5,9.5,10,10],"texture":"#1"},"west":{"uv":[9.5,9.5,10,10],"texture":"#1"},"up":{"uv":[9.5,9.5,10,10],"texture":"#1"},"down":{"uv":[9.5,9.5,10,10],"texture":"#1"}}},{"from":[7,20,16],"to":[9,21,17],"rotation":{"angle":0,"axis":"y","origin":[8,27,23]},"faces":{"north":{"uv":[9.5,9.5,10,10],"texture":"#1"},"east":{"uv":[9.5,9.5,10,10],"texture":"#1"},"south":{"uv":[9.5,9.5,10,10],"texture":"#1"},"west":{"uv":[9.5,9.5,10,10],"texture":"#1"},"up":{"uv":[9.5,9.5,10,10],"texture":"#1"},"down":{"uv":[9.5,9.5,10,10],"texture":"#1"}}},{"from":[7.5,21,11],"to":[8.5,22,16],"rotation":{"angle":0,"axis":"y","origin":[8,28,22]},"faces":{"north":{"uv":[9.5,9.5,10,10],"texture":"#1"},"east":{"uv":[9.5,9.5,10,10],"texture":"#1"},"south":{"uv":[9.5,9.5,10,10],"texture":"#1"},"west":{"uv":[9.5,9.5,10,10],"texture":"#1"},"up":{"uv":[9.5,9.5,10,10],"texture":"#1"},"down":{"uv":[9.5,9.5,10,10],"texture":"#1"}}},{"from":[7.5,11,5],"to":[8.5,12,6],"rotation":{"angle":0,"axis":"y","origin":[8,18,12]},"faces":{"north":{"uv":[7,11.5,7.5,12],"texture":"#1"},"east":{"uv":[7,11.5,7.5,12],"texture":"#1"},"south":{"uv":[7,11.5,7.5,12],"texture":"#1"},"west":{"uv":[7,11.5,7.5,12],"texture":"#1"},"up":{"uv":[7,11.5,7.5,12],"texture":"#1"},"down":{"uv":[7,11.5,7.5,12],"texture":"#1"}}},{"from":[7.5,10,9],"to":[8.5,11,10],"rotation":{"angle":0,"axis":"y","origin":[8,17,16]},"faces":{"north":{"uv":[6.5,9.5,7,10],"texture":"#1"},"east":{"uv":[6.5,9.5,7,10],"texture":"#1"},"south":{"uv":[6.5,9.5,7,10],"texture":"#1"},"west":{"uv":[6.5,9.5,7,10],"texture":"#1"},"up":{"uv":[6.5,9.5,7,10],"texture":"#1"},"down":{"uv":[6.5,9.5,7,10],"texture":"#1"}}},{"from":[7.5,6,9],"to":[8.5,7,11],"rotation":{"angle":0,"axis":"y","origin":[8,13,16]},"faces":{"north":{"uv":[4.5,9,5,10],"texture":"#1"},"east":{"uv":[4.5,9,5,10],"texture":"#1"},"south":{"uv":[4.5,9,5,10],"texture":"#1"},"west":{"uv":[4.5,9,5,10],"texture":"#1"},"up":{"uv":[4.5,9,5,10],"texture":"#1"},"down":{"uv":[4.5,9,5,10],"texture":"#1"}}},{"from":[7,5,12],"to":[9,6,14],"rotation":{"angle":0,"axis":"y","origin":[8,12,19]},"faces":{"north":{"uv":[4,8,4.5,8.5],"texture":"#1"},"east":{"uv":[4,7.5,4.5,8.5],"rotation":270,"texture":"#1"},"south":{"uv":[4,7.5,4.5,8],"texture":"#1"},"west":{"uv":[4,7.5,4.5,8.5],"rotation":90,"texture":"#1"},"up":{"uv":[4,7.5,4.5,8.5],"rotation":180,"texture":"#1"},"down":{"uv":[4,7.5,4.5,8.5],"texture":"#1"}}},{"from":[7,4,9],"to":[9,5,12],"rotation":{"angle":0,"axis":"y","origin":[8,11,17]},"faces":{"north":{"uv":[3.5,8.5,4,9.5],"texture":"#1"},"east":{"uv":[3.5,8.5,4,9.5],"texture":"#1"},"south":{"uv":[3.5,8.5,4,9.5],"texture":"#1"},"west":{"uv":[3.5,8.5,4,9.5],"texture":"#1"},"up":{"uv":[3.5,8.5,4,9.5],"texture":"#1"},"down":{"uv":[3.5,8.5,4,9.5],"texture":"#1"}}},{"from":[7.5,13,7],"to":[8.5,14,9],"rotation":{"angle":0,"axis":"y","origin":[8,20,14]},"faces":{"north":{"uv":[8,10,8.5,11],"texture":"#1"},"east":{"uv":[8,10,8.5,11],"texture":"#1"},"south":{"uv":[8,10,8.5,11],"texture":"#1"},"west":{"uv":[8,10,8.5,11],"texture":"#1"},"up":{"uv":[8,10,8.5,11],"texture":"#1"},"down":{"uv":[8,10,8.5,11],"texture":"#1"}}},{"from":[7.5,8,5],"to":[8.5,9,7],"rotation":{"angle":0,"axis":"y","origin":[8,15,12]},"faces":{"north":{"uv":[5,10,5.5,10.5],"texture":"#1"},"east":{"uv":[5,10,5.5,10.5],"texture":"#1"},"south":{"uv":[5,10,5.5,10.5],"texture":"#1"},"west":{"uv":[5,10,5.5,10.5],"texture":"#1"},"up":{"uv":[5,10,5.5,10.5],"texture":"#1"},"down":{"uv":[5,10,5.5,10.5],"texture":"#1"}}},{"from":[7.5,11,9],"to":[8.5,13,10],"rotation":{"angle":0,"axis":"y","origin":[8,18,15]},"faces":{"north":{"uv":[7,9.5,8,10],"texture":"#1"},"east":{"uv":[7,9.5,8,10],"rotation":270,"texture":"#1"},"south":{"uv":[7,9.5,8,10],"rotation":270,"texture":"#1"},"west":{"uv":[7,9.5,8,10],"rotation":270,"texture":"#1"},"up":{"uv":[7.5,9.5,8,10],"texture":"#1"},"down":{"uv":[7,9.5,8,10],"texture":"#1"}}},{"from":[7.5,9,4],"to":[8.5,11,5],"rotation":{"angle":0,"axis":"y","origin":[8,16,10]},"faces":{"north":{"uv":[5.5,11,6,12],"texture":"#1"},"east":{"uv":[5.5,11,6,12],"texture":"#1"},"south":{"uv":[5.5,11,6,12],"texture":"#1"},"west":{"uv":[5.5,11,6,12],"texture":"#1"},"up":{"uv":[5.5,11,6,12],"texture":"#1"},"down":{"uv":[5.5,11,6,12],"texture":"#1"}}},{"from":[7,14,8],"to":[9,16,9],"rotation":{"angle":0,"axis":"y","origin":[8,21,14]},"faces":{"north":{"uv":[5.5,11,6,12],"texture":"#1"},"east":{"uv":[5.5,11,6,12],"texture":"#1"},"south":{"uv":[5.5,11,6,12],"texture":"#1"},"west":{"uv":[5.5,11,6,12],"texture":"#1"},"up":{"uv":[5.5,11,6,12],"texture":"#1"},"down":{"uv":[5.5,11,6,12],"texture":"#1"}}},{"from":[7.5,8,11],"to":[8.5,9,13],"rotation":{"angle":0,"axis":"y","origin":[8,14,18]},"faces":{"north":{"uv":[5.5,8.5,6,9],"texture":"#1"},"east":{"uv":[5.5,8.5,6,9],"texture":"#1"},"south":{"uv":[5.5,8.5,6,9],"texture":"#1"},"west":{"uv":[5.5,8.5,6,9],"texture":"#1"},"up":{"uv":[5.5,8.5,6,9],"texture":"#1"},"down":{"uv":[5.5,8.5,6,9],"texture":"#1"}}},{"from":[7.5,6,14],"to":[8.5,7,15],"rotation":{"angle":0,"axis":"y","origin":[8,12,21]},"faces":{"north":{"uv":[5.5,8.5,6,9],"texture":"#1"},"east":{"uv":[5.5,8.5,6,9],"texture":"#1"},"south":{"uv":[5.5,8.5,6,9],"texture":"#1"},"west":{"uv":[5.5,8.5,6,9],"texture":"#1"},"up":{"uv":[5.5,8.5,6,9],"texture":"#1"},"down":{"uv":[5.5,8.5,6,9],"texture":"#1"}}},{"from":[7.5,12,15],"to":[8.5,13,16],"rotation":{"angle":0,"axis":"y","origin":[8,18,22]},"faces":{"north":{"uv":[5.5,8.5,6,9],"texture":"#1"},"east":{"uv":[5.5,8.5,6,9],"texture":"#1"},"south":{"uv":[5.5,8.5,6,9],"texture":"#1"},"west":{"uv":[5.5,8.5,6,9],"texture":"#1"},"up":{"uv":[5.5,8.5,6,9],"texture":"#1"},"down":{"uv":[5.5,8.5,6,9],"texture":"#1"}}},{"from":[7.5,11,14],"to":[8.5,12,15],"rotation":{"angle":0,"axis":"y","origin":[8,17,21]},"faces":{"north":{"uv":[5.5,8.5,6,9],"texture":"#1"},"east":{"uv":[5.5,8.5,6,9],"texture":"#1"},"south":{"uv":[5.5,8.5,6,9],"texture":"#1"},"west":{"uv":[5.5,8.5,6,9],"texture":"#1"},"up":{"uv":[5.5,8.5,6,9],"texture":"#1"},"down":{"uv":[5.5,8.5,6,9],"texture":"#1"}}},{"from":[7.5,9,13],"to":[8.5,10,14],"rotation":{"angle":0,"axis":"y","origin":[8,15,20]},"faces":{"north":{"uv":[5.5,8.5,6,9],"texture":"#1"},"east":{"uv":[5.5,8.5,6,9],"texture":"#1"},"south":{"uv":[5.5,8.5,6,9],"texture":"#1"},"west":{"uv":[5.5,8.5,6,9],"texture":"#1"},"up":{"uv":[5.5,8.5,6,9],"texture":"#1"},"down":{"uv":[5.5,8.5,6,9],"texture":"#1"}}},{"from":[7.5,7,15],"to":[8.5,10,16],"rotation":{"angle":0,"axis":"y","origin":[8,13,22]},"faces":{"north":{"uv":[5.5,8.5,6,9],"texture":"#1"},"east":{"uv":[5.5,8.5,6,9],"texture":"#1"},"south":{"uv":[5.5,8.5,6,9],"texture":"#1"},"west":{"uv":[5.5,8.5,6,9],"texture":"#1"},"up":{"uv":[5.5,8.5,6,9],"texture":"#1"},"down":{"uv":[5.5,8.5,6,9],"texture":"#1"}}},{"from":[7.5,10,16],"to":[8.5,12,17],"rotation":{"angle":0,"axis":"y","origin":[8,15,23]},"faces":{"north":{"uv":[5.5,8.5,6,9],"texture":"#1"},"east":{"uv":[5.5,8.5,6,9],"texture":"#1"},"south":{"uv":[5.5,8.5,6,9],"texture":"#1"},"west":{"uv":[5.5,8.5,6,9],"texture":"#1"},"up":{"uv":[5.5,8.5,6,9],"texture":"#1"},"down":{"uv":[5.5,8.5,6,9],"texture":"#1"}}},{"from":[7.3,1,1],"to":[8.7,2,2],"rotation":{"angle":0,"axis":"y","origin":[8,9,9]},"faces":{"north":{"uv":[2,13.5,2.5,14],"texture":"#1"},"east":{"uv":[2,13.5,2.5,14],"texture":"#1"},"south":{"uv":[2,13.5,2.5,14],"texture":"#1"},"west":{"uv":[2,13.5,2.5,14],"texture":"#1"},"up":{"uv":[2,13.5,2.5,14],"texture":"#1"},"down":{"uv":[2,13.5,2.5,14],"texture":"#1"}}},{"from":[7.3,2,2],"to":[8.7,3,3],"rotation":{"angle":0,"axis":"y","origin":[8,10,10]},"faces":{"north":{"uv":[2.5,13,3,13.5],"texture":"#1"},"east":{"uv":[2.5,13,3,13.5],"texture":"#1"},"south":{"uv":[2.5,13,3,13.5],"texture":"#1"},"west":{"uv":[2.5,13,3,13.5],"texture":"#1"},"up":{"uv":[2.5,13,3,13.5],"texture":"#1"},"down":{"uv":[2.5,13,3,13.5],"texture":"#1"}}},{"from":[7.3,3,3],"to":[8.7,4,4],"rotation":{"angle":0,"axis":"y","origin":[8,11,11]},"faces":{"north":{"uv":[3,12.5,3.5,13],"texture":"#1"},"east":{"uv":[3,12.5,3.5,13],"texture":"#1"},"south":{"uv":[3,12.5,3.5,13],"texture":"#1"},"west":{"uv":[3,12.5,3.5,13],"texture":"#1"},"up":{"uv":[3,12.5,3.5,13],"texture":"#1"},"down":{"uv":[3,12.5,3.5,13],"texture":"#1"}}},{"from":[7.3,4,4],"to":[8.7,5,5],"rotation":{"angle":0,"axis":"y","origin":[8,12,12]},"faces":{"north":{"uv":[3.5,12,4,12.5],"texture":"#1"},"east":{"uv":[3.5,12,4,12.5],"texture":"#1"},"south":{"uv":[3.5,12,4,12.5],"texture":"#1"},"west":{"uv":[3.5,12,4,12.5],"texture":"#1"},"up":{"uv":[3.5,12,4,12.5],"texture":"#1"},"down":{"uv":[3.5,12,4,12.5],"texture":"#1"}}},{"from":[7.3,5,5],"to":[8.7,6,6],"rotation":{"angle":0,"axis":"y","origin":[8,13,13]},"faces":{"north":{"uv":[4,11.5,4.5,12],"texture":"#1"},"east":{"uv":[4,11.5,4.5,12],"texture":"#1"},"south":{"uv":[4,11.5,4.5,12],"texture":"#1"},"west":{"uv":[4,11.5,4.5,12],"texture":"#1"},"up":{"uv":[4,11.5,4.5,12],"texture":"#1"},"down":{"uv":[4,11.5,4.5,12],"texture":"#1"}}},{"from":[7.3,6,6],"to":[8.7,7,7],"rotation":{"angle":0,"axis":"y","origin":[8,14,14]},"faces":{"north":{"uv":[4.5,11,5,11.5],"texture":"#1"},"east":{"uv":[4.5,11,5,11.5],"texture":"#1"},"south":{"uv":[4.5,11,5,11.5],"texture":"#1"},"west":{"uv":[4.5,11,5,11.5],"texture":"#1"},"up":{"uv":[4.5,11,5,11.5],"texture":"#1"},"down":{"uv":[4.5,11,5,11.5],"texture":"#1"}}},{"from":[7.3,7,7],"to":[8.7,8,8],"rotation":{"angle":0,"axis":"y","origin":[8,15,15]},"faces":{"north":{"uv":[5,10.5,5.5,11],"texture":"#1"},"east":{"uv":[5,10.5,5.5,11],"texture":"#1"},"south":{"uv":[5,10.5,5.5,11],"texture":"#1"},"west":{"uv":[5,10.5,5.5,11],"texture":"#1"},"up":{"uv":[5,10.5,5.5,11],"texture":"#1"},"down":{"uv":[5,10.5,5.5,11],"texture":"#1"}}},{"from":[7.3,10,10],"to":[8.7,11,11],"rotation":{"angle":0,"axis":"y","origin":[8,18,18]},"faces":{"north":{"uv":[6.5,9,7,9.5],"texture":"#1"},"east":{"uv":[6.5,9,7,9.5],"texture":"#1"},"south":{"uv":[6.5,9,7,9.5],"texture":"#1"},"west":{"uv":[6.5,9,7,9.5],"texture":"#1"},"up":{"uv":[6.5,9,7,9.5],"texture":"#1"},"down":{"uv":[6.5,9,7,9.5],"texture":"#1"}}},{"from":[7.2,7,9],"to":[8.8,8,10],"rotation":{"angle":0,"axis":"y","origin":[8,15,17]},"faces":{"north":{"uv":[5.5,9,6,9.5],"texture":"#1"},"east":{"uv":[5.5,9,6,9.5],"texture":"#1"},"south":{"uv":[5.5,9,6,9.5],"texture":"#1"},"west":{"uv":[5.5,9,6,9.5],"texture":"#1"},"up":{"uv":[5.5,9,6,9.5],"texture":"#1"},"down":{"uv":[5.5,9,6,9.5],"texture":"#1"}}},{"from":[7.2,7,11],"to":[8.8,8,12],"rotation":{"angle":0,"axis":"y","origin":[8,15,19]},"faces":{"north":{"uv":[5,8.5,5.5,9],"texture":"#1"},"east":{"uv":[5,8.5,5.5,9],"texture":"#1"},"south":{"uv":[5,8.5,5.5,9],"texture":"#1"},"west":{"uv":[5,8.5,5.5,9],"texture":"#1"},"up":{"uv":[5,8.5,5.5,9],"texture":"#1"},"down":{"uv":[5,8.5,5.5,9],"texture":"#1"}}},{"from":[7.2,6,11],"to":[8.8,7,12],"rotation":{"angle":0,"axis":"y","origin":[8,14,19]},"faces":{"north":{"uv":[4.5,8.5,5,9],"texture":"#1"},"east":{"uv":[4.5,8.5,5,9],"texture":"#1"},"south":{"uv":[4.5,8.5,5,9],"texture":"#1"},"west":{"uv":[4.5,8.5,5,9],"texture":"#1"},"up":{"uv":[4.5,8.5,5,9],"texture":"#1"},"down":{"uv":[4.5,8.5,5,9],"texture":"#1"}}},{"from":[7.2,6,12],"to":[8.8,7,13],"rotation":{"angle":0,"axis":"y","origin":[8,14,20]},"faces":{"north":{"uv":[4.5,8,5,8.5],"texture":"#1"},"east":{"uv":[4.5,8,5,8.5],"texture":"#1"},"south":{"uv":[4.5,8,5,8.5],"texture":"#1"},"west":{"uv":[4.5,8,5,8.5],"texture":"#1"},"up":{"uv":[4.5,8,5,8.5],"texture":"#1"},"down":{"uv":[4.5,8,5,8.5],"texture":"#1"}}},{"from":[7.2,7,12],"to":[8.8,8,13],"rotation":{"angle":0,"axis":"y","origin":[8,15,20]},"faces":{"north":{"uv":[5,8,5.5,8.5],"texture":"#1"},"east":{"uv":[5,8,5.5,8.5],"texture":"#1"},"south":{"uv":[5,8,5.5,8.5],"texture":"#1"},"west":{"uv":[5,8,5.5,8.5],"texture":"#1"},"up":{"uv":[5,8,5.5,8.5],"texture":"#1"},"down":{"uv":[5,8,5.5,8.5],"texture":"#1"}}},{"from":[7.2,6,13],"to":[8.8,7,14],"rotation":{"angle":0,"axis":"y","origin":[8,14,21]},"faces":{"north":{"uv":[4.5,7.5,5,8],"texture":"#1"},"east":{"uv":[4.5,7.5,5,8],"texture":"#1"},"south":{"uv":[4.5,7.5,5,8],"texture":"#1"},"west":{"uv":[4.5,7.5,5,8],"texture":"#1"},"up":{"uv":[4.5,7.5,5,8],"texture":"#1"},"down":{"uv":[4.5,7.5,5,8],"texture":"#1"}}},{"from":[7.2,7,14],"to":[8.8,9,15],"rotation":{"angle":0,"axis":"y","origin":[8,15,22]},"faces":{"north":{"uv":[4.5,7.5,5,8],"texture":"#1"},"east":{"uv":[4.5,7.5,5,8],"texture":"#1"},"south":{"uv":[4.5,7.5,5,8],"texture":"#1"},"west":{"uv":[4.5,7.5,5,8],"texture":"#1"},"up":{"uv":[4.5,7.5,5,8],"texture":"#1"},"down":{"uv":[4.5,7.5,5,8],"texture":"#1"}}},{"from":[7.2,7,13],"to":[8.8,9,14],"rotation":{"angle":0,"axis":"y","origin":[8,15,21]},"faces":{"north":{"uv":[5,7.5,5.5,8],"texture":"#1"},"east":{"uv":[5,7.5,5.5,8],"texture":"#1"},"south":{"uv":[5,7.5,5.5,8],"texture":"#1"},"west":{"uv":[5,7.5,5.5,8],"texture":"#1"},"up":{"uv":[5,7.5,5.5,8],"texture":"#1"},"down":{"uv":[5,7.5,5.5,8],"texture":"#1"}}},{"from":[7.2,10,15],"to":[8.8,12,16],"rotation":{"angle":0,"axis":"y","origin":[8,18,23]},"faces":{"north":{"uv":[4.5,7.5,5,8],"texture":"#1"},"east":{"uv":[4.5,7.5,5,8],"texture":"#1"},"south":{"uv":[4.5,7.5,5,8],"texture":"#1"},"west":{"uv":[4.5,7.5,5,8],"texture":"#1"},"up":{"uv":[4.5,7.5,5,8],"texture":"#1"},"down":{"uv":[4.5,7.5,5,8],"texture":"#1"}}},{"from":[7.2,14,12],"to":[8.8,15,13],"rotation":{"angle":0,"axis":"y","origin":[8,22,20]},"faces":{"north":{"uv":[4.5,7.5,5,8],"texture":"#1"},"east":{"uv":[4.5,7.5,5,8],"texture":"#1"},"south":{"uv":[4.5,7.5,5,8],"texture":"#1"},"west":{"uv":[4.5,7.5,5,8],"texture":"#1"},"up":{"uv":[4.5,7.5,5,8],"texture":"#1"},"down":{"uv":[4.5,7.5,5,8],"texture":"#1"}}},{"from":[7.2,10,14],"to":[8.8,11,15],"rotation":{"angle":0,"axis":"y","origin":[8,17,22]},"faces":{"north":{"uv":[4.5,7.5,5,8],"texture":"#1"},"east":{"uv":[4.5,7.5,5,8],"texture":"#1"},"south":{"uv":[4.5,7.5,5,8],"texture":"#1"},"west":{"uv":[4.5,7.5,5,8],"texture":"#1"},"up":{"uv":[4.5,7.5,5,8],"texture":"#1"},"down":{"uv":[4.5,7.5,5,8],"texture":"#1"}}},{"from":[7.2,9,14],"to":[8.8,10,15],"rotation":{"angle":0,"axis":"y","origin":[8,16,22]},"faces":{"north":{"uv":[6,7,6.5,7.5],"texture":"#1"},"east":{"uv":[6,7,6.5,7.5],"texture":"#1"},"south":{"uv":[6,7,6.5,7.5],"texture":"#1"},"west":{"uv":[6,7,6.5,7.5],"texture":"#1"},"up":{"uv":[6,7,6.5,7.5],"texture":"#1"},"down":{"uv":[6,7,6.5,7.5],"texture":"#1"}}},{"from":[7.2,5,11],"to":[8.8,6,12],"rotation":{"angle":0,"axis":"y","origin":[8,13,19]},"faces":{"north":{"uv":[4,8.5,4.5,9],"texture":"#1"},"east":{"uv":[4,8.5,4.5,9],"texture":"#1"},"south":{"uv":[4,8.5,4.5,9],"texture":"#1"},"west":{"uv":[4,8.5,4.5,9],"texture":"#1"},"up":{"uv":[4,8.5,4.5,9],"texture":"#1"},"down":{"uv":[4,8.5,4.5,9],"texture":"#1"}}},{"from":[7,10,3],"to":[9,11,4],"rotation":{"angle":0,"axis":"y","origin":[8,18,11]},"faces":{"north":{"uv":[4,8.5,4.5,9],"texture":"#1"},"east":{"uv":[4,8.5,4.5,9],"texture":"#1"},"south":{"uv":[4,8.5,4.5,9],"texture":"#1"},"west":{"uv":[4,8.5,4.5,9],"texture":"#1"},"up":{"uv":[4,8.5,4.5,9],"texture":"#1"},"down":{"uv":[4,8.5,4.5,9],"texture":"#1"}}},{"from":[7,11,4],"to":[9,12,5],"rotation":{"angle":0,"axis":"y","origin":[8,19,12]},"faces":{"north":{"uv":[7,12,7.5,12.5],"texture":"#1"},"east":{"uv":[7,12,7.5,12.5],"texture":"#1"},"south":{"uv":[7,12,7.5,12.5],"texture":"#1"},"west":{"uv":[7,12,7.5,12.5],"texture":"#1"},"up":{"uv":[7,12,7.5,12.5],"texture":"#1"},"down":{"uv":[7,12,7.5,12.5],"texture":"#1"}}},{"from":[7,12,5],"to":[9,13,6],"rotation":{"angle":0,"axis":"y","origin":[8,20,13]},"faces":{"north":{"uv":[7.5,11.5,8,12],"texture":"#1"},"east":{"uv":[7.5,11.5,8,12],"texture":"#1"},"south":{"uv":[7.5,11.5,8,12],"texture":"#1"},"west":{"uv":[7.5,11.5,8,12],"texture":"#1"},"up":{"uv":[7.5,11.5,8,12],"texture":"#1"},"down":{"uv":[7.5,11.5,8,12],"texture":"#1"}}},{"from":[7,13,6],"to":[9,14,7],"rotation":{"angle":0,"axis":"y","origin":[8,21,14]},"faces":{"north":{"uv":[8,11,8.5,11.5],"texture":"#1"},"east":{"uv":[8,11,8.5,11.5],"texture":"#1"},"south":{"uv":[8,11,8.5,11.5],"texture":"#1"},"west":{"uv":[8,11,8.5,11.5],"texture":"#1"},"up":{"uv":[8,11,8.5,11.5],"texture":"#1"},"down":{"uv":[8,11,8.5,11.5],"texture":"#1"}}},{"from":[7,14,6],"to":[9,15,7],"rotation":{"angle":0,"axis":"y","origin":[8,22,14]},"faces":{"north":{"uv":[8.5,11,9,11.5],"texture":"#1"},"east":{"uv":[8.5,11,9,11.5],"texture":"#1"},"south":{"uv":[8.5,11,9,11.5],"texture":"#1"},"west":{"uv":[8.5,11,9,11.5],"texture":"#1"},"up":{"uv":[8.5,11,9,11.5],"texture":"#1"},"down":{"uv":[8.5,11,9,11.5],"texture":"#1"}}},{"from":[7,14,7],"to":[9,15,8],"rotation":{"angle":0,"axis":"y","origin":[8,22,15]},"faces":{"north":{"uv":[8.5,10.5,9,11],"texture":"#1"},"east":{"uv":[8.5,10.5,9,11],"texture":"#1"},"south":{"uv":[8.5,10.5,9,11],"texture":"#1"},"west":{"uv":[8.5,10.5,9,11],"texture":"#1"},"up":{"uv":[8.5,10.5,9,11],"texture":"#1"},"down":{"uv":[8.5,10.5,9,11],"texture":"#1"}}},{"from":[7,15,7],"to":[9,16,8],"rotation":{"angle":0,"axis":"y","origin":[8,23,15]},"faces":{"north":{"uv":[9,10.5,9.5,11],"texture":"#1"},"east":{"uv":[9,10.5,9.5,11],"texture":"#1"},"south":{"uv":[9,10.5,9.5,11],"texture":"#1"},"west":{"uv":[9,10.5,9.5,11],"texture":"#1"},"up":{"uv":[9,10.5,9.5,11],"texture":"#1"},"down":{"uv":[9,10.5,9.5,11],"texture":"#1"}}},{"from":[7,16,8],"to":[9,17,9],"rotation":{"angle":0,"axis":"y","origin":[8,24,16]},"faces":{"north":{"uv":[9.5,10,10,10.5],"texture":"#1"},"east":{"uv":[9.5,10,10,10.5],"texture":"#1"},"south":{"uv":[9.5,10,10,10.5],"texture":"#1"},"west":{"uv":[9.5,10,10,10.5],"texture":"#1"},"up":{"uv":[9.5,10,10,10.5],"texture":"#1"},"down":{"uv":[9.5,10,10,10.5],"texture":"#1"}}},{"from":[7,17,9],"to":[9,18,10],"rotation":{"angle":0,"axis":"y","origin":[8,25,17]},"faces":{"north":{"uv":[10,9.5,10.5,10],"texture":"#1"},"east":{"uv":[10,9.5,10.5,10],"texture":"#1"},"south":{"uv":[10,9.5,10.5,10],"texture":"#1"},"west":{"uv":[10,9.5,10.5,10],"texture":"#1"},"up":{"uv":[10,9.5,10.5,10],"texture":"#1"},"down":{"uv":[10,9.5,10.5,10],"texture":"#1"}}},{"from":[7,18,10],"to":[9,19,11],"rotation":{"angle":0,"axis":"y","origin":[8,26,18]},"faces":{"north":{"uv":[10.5,9,11,9.5],"texture":"#1"},"east":{"uv":[10.5,9,11,9.5],"texture":"#1"},"south":{"uv":[10.5,9,11,9.5],"texture":"#1"},"west":{"uv":[10.5,9,11,9.5],"texture":"#1"},"up":{"uv":[10.5,9,11,9.5],"texture":"#1"},"down":{"uv":[10.5,9,11,9.5],"texture":"#1"}}},{"from":[7,18,11],"to":[9,19,12],"rotation":{"angle":0,"axis":"y","origin":[8,26,19]},"faces":{"north":{"uv":[10.5,8.5,11,9],"texture":"#1"},"east":{"uv":[10.5,8.5,11,9],"texture":"#1"},"south":{"uv":[10.5,8.5,11,9],"texture":"#1"},"west":{"uv":[10.5,8.5,11,9],"texture":"#1"},"up":{"uv":[10.5,8.5,11,9],"texture":"#1"},"down":{"uv":[10.5,8.5,11,9],"texture":"#1"}}},{"from":[7,19,11],"to":[9,20,12],"rotation":{"angle":0,"axis":"y","origin":[8,27,19]},"faces":{"north":{"uv":[11,8.5,11.5,9],"texture":"#1"},"east":{"uv":[11,8.5,11.5,9],"texture":"#1"},"south":{"uv":[11,8.5,11.5,9],"texture":"#1"},"west":{"uv":[11,8.5,11.5,9],"texture":"#1"},"up":{"uv":[11,8.5,11.5,9],"texture":"#1"},"down":{"uv":[11,8.5,11.5,9],"texture":"#1"}}},{"from":[7,19,12],"to":[9,20,13],"rotation":{"angle":0,"axis":"y","origin":[8,27,20]},"faces":{"north":{"uv":[11,8,11.5,8.5],"texture":"#1"},"east":{"uv":[11,8,11.5,8.5],"texture":"#1"},"south":{"uv":[11,8,11.5,8.5],"texture":"#1"},"west":{"uv":[11,8,11.5,8.5],"texture":"#1"},"up":{"uv":[11,8,11.5,8.5],"texture":"#1"},"down":{"uv":[11,8,11.5,8.5],"texture":"#1"}}},{"from":[7,12,4],"to":[9,13,5],"rotation":{"angle":0,"axis":"y","origin":[8,20,12]},"faces":{"north":{"uv":[4,8.5,4.5,9],"texture":"#1"},"east":{"uv":[4,8.5,4.5,9],"texture":"#1"},"south":{"uv":[4,8.5,4.5,9],"texture":"#1"},"west":{"uv":[4,8.5,4.5,9],"texture":"#1"},"up":{"uv":[4,8.5,4.5,9],"texture":"#1"},"down":{"uv":[4,8.5,4.5,9],"texture":"#1"}}},{"from":[7,13,5],"to":[9,14,6],"rotation":{"angle":0,"axis":"y","origin":[8,21,13]},"faces":{"north":{"uv":[4,8.5,4.5,9],"texture":"#1"},"east":{"uv":[4,8.5,4.5,9],"texture":"#1"},"south":{"uv":[4,8.5,4.5,9],"texture":"#1"},"west":{"uv":[4,8.5,4.5,9],"texture":"#1"},"up":{"uv":[4,8.5,4.5,9],"texture":"#1"},"down":{"uv":[4,8.5,4.5,9],"texture":"#1"}}},{"from":[7,15,6],"to":[9,16,7],"rotation":{"angle":0,"axis":"y","origin":[8,23,14]},"faces":{"north":{"uv":[4,8.5,4.5,9],"texture":"#1"},"east":{"uv":[4,8.5,4.5,9],"texture":"#1"},"south":{"uv":[4,8.5,4.5,9],"texture":"#1"},"west":{"uv":[4,8.5,4.5,9],"texture":"#1"},"up":{"uv":[4,8.5,4.5,9],"texture":"#1"},"down":{"uv":[4,8.5,4.5,9],"texture":"#1"}}},{"from":[7,16,7],"to":[9,17,8],"rotation":{"angle":0,"axis":"y","origin":[8,24,15]},"faces":{"north":{"uv":[4,8.5,4.5,9],"texture":"#1"},"east":{"uv":[4,8.5,4.5,9],"texture":"#1"},"south":{"uv":[4,8.5,4.5,9],"texture":"#1"},"west":{"uv":[4,8.5,4.5,9],"texture":"#1"},"up":{"uv":[4,8.5,4.5,9],"texture":"#1"},"down":{"uv":[4,8.5,4.5,9],"texture":"#1"}}},{"from":[7,17,8],"to":[9,18,9],"rotation":{"angle":0,"axis":"y","origin":[8,25,16]},"faces":{"north":{"uv":[4,8.5,4.5,9],"texture":"#1"},"east":{"uv":[4,8.5,4.5,9],"texture":"#1"},"south":{"uv":[4,8.5,4.5,9],"texture":"#1"},"west":{"uv":[4,8.5,4.5,9],"texture":"#1"},"up":{"uv":[4,8.5,4.5,9],"texture":"#1"},"down":{"uv":[4,8.5,4.5,9],"texture":"#1"}}},{"from":[7,18,9],"to":[9,19,10],"rotation":{"angle":0,"axis":"y","origin":[8,26,17]},"faces":{"north":{"uv":[4,8.5,4.5,9],"texture":"#1"},"east":{"uv":[4,8.5,4.5,9],"texture":"#1"},"south":{"uv":[4,8.5,4.5,9],"texture":"#1"},"west":{"uv":[4,8.5,4.5,9],"texture":"#1"},"up":{"uv":[4,8.5,4.5,9],"texture":"#1"},"down":{"uv":[4,8.5,4.5,9],"texture":"#1"}}},{"from":[7,19,10],"to":[9,20,11],"rotation":{"angle":0,"axis":"y","origin":[8,27,18]},"faces":{"north":{"uv":[4,8.5,4.5,9],"texture":"#1"},"east":{"uv":[4,8.5,4.5,9],"texture":"#1"},"south":{"uv":[4,8.5,4.5,9],"texture":"#1"},"west":{"uv":[4,8.5,4.5,9],"texture":"#1"},"up":{"uv":[4,8.5,4.5,9],"texture":"#1"},"down":{"uv":[4,8.5,4.5,9],"texture":"#1"}}},{"from":[7,20,11],"to":[9,21,16],"rotation":{"angle":0,"axis":"y","origin":[8,28,19]},"faces":{"north":{"uv":[4,8.5,4.5,9],"texture":"#1"},"east":{"uv":[4,8.5,4.5,9],"texture":"#1"},"south":{"uv":[4,8.5,4.5,9],"texture":"#1"},"west":{"uv":[4,8.5,4.5,9],"texture":"#1"},"up":{"uv":[4,8.5,4.5,9],"texture":"#1"},"down":{"uv":[4,8.5,4.5,9],"texture":"#1"}}},{"from":[7.2,5,10],"to":[8.8,6,11],"rotation":{"angle":0,"axis":"y","origin":[8,13,18]},"faces":{"north":{"uv":[4,9,4.5,9.5],"texture":"#1"},"east":{"uv":[4,9,4.5,9.5],"texture":"#1"},"south":{"uv":[4,9,4.5,9.5],"texture":"#1"},"west":{"uv":[4,9,4.5,9.5],"texture":"#1"},"up":{"uv":[4,9,4.5,9.5],"texture":"#1"},"down":{"uv":[4,9,4.5,9.5],"texture":"#1"}}},{"from":[7.2,8,9],"to":[8.8,9,10],"rotation":{"angle":0,"axis":"y","origin":[8,16,17]},"faces":{"north":{"uv":[5.5,9.5,6,10],"texture":"#1"},"east":{"uv":[5.5,9.5,6,10],"texture":"#1"},"south":{"uv":[5.5,9.5,6,10],"texture":"#1"},"west":{"uv":[5.5,9.5,6,10],"texture":"#1"},"up":{"uv":[5.5,9.5,6,10],"texture":"#1"},"down":{"uv":[5.5,9.5,6,10],"texture":"#1"}}},{"from":[7.2,8,8],"to":[8.8,9,9],"rotation":{"angle":0,"axis":"y","origin":[8,16,16]},"faces":{"north":{"uv":[5.5,10,6,10.5],"texture":"#1"},"east":{"uv":[5.5,10,6,10.5],"texture":"#1"},"south":{"uv":[5.5,10,6,10.5],"texture":"#1"},"west":{"uv":[5.5,10,6,10.5],"texture":"#1"},"up":{"uv":[5.5,10,6,10.5],"texture":"#1"},"down":{"uv":[5.5,10,6,10.5],"texture":"#1"}}},{"from":[7.2,9,6],"to":[8.8,10,7],"rotation":{"angle":0,"axis":"y","origin":[8,17,14]},"faces":{"north":{"uv":[6,11,6.5,11.5],"texture":"#1"},"east":{"uv":[6,11,6.5,11.5],"texture":"#1"},"south":{"uv":[6,11,6.5,11.5],"texture":"#1"},"west":{"uv":[6,11,6.5,11.5],"texture":"#1"},"up":{"uv":[6,11,6.5,11.5],"texture":"#1"},"down":{"uv":[6,11,6.5,11.5],"texture":"#1"}}},{"from":[7.2,10,8],"to":[8.8,11,9],"rotation":{"angle":0,"axis":"y","origin":[8,18,16]},"faces":{"north":{"uv":[6,9.5,6.5,10],"texture":"#1"},"east":{"uv":[6,9.5,6.5,10],"texture":"#1"},"south":{"uv":[6,9.5,6.5,10],"texture":"#1"},"west":{"uv":[6,9.5,6.5,10],"texture":"#1"},"up":{"uv":[6,9.5,6.5,10],"texture":"#1"},"down":{"uv":[6,9.5,6.5,10],"texture":"#1"}}},{"from":[7.2,11,7],"to":[8.8,12,9],"rotation":{"angle":0,"axis":"y","origin":[8,19,16]},"faces":{"north":{"uv":[7,10,7.5,11],"texture":"#1"},"east":{"uv":[7,10,7.5,11],"texture":"#1"},"south":{"uv":[7,10,7.5,11],"texture":"#1"},"west":{"uv":[7,10,7.5,11],"texture":"#1"},"up":{"uv":[7,10,7.5,11],"texture":"#1"},"down":{"uv":[7,10,7.5,11],"texture":"#1"}}},{"from":[7.2,10,6],"to":[8.8,11,8],"rotation":{"angle":0,"axis":"y","origin":[8,18,15]},"faces":{"north":{"uv":[6.5,10.5,7,11.5],"texture":"#1"},"east":{"uv":[6.5,10.5,7,11.5],"texture":"#1"},"south":{"uv":[6.5,10.5,7,11.5],"texture":"#1"},"west":{"uv":[6.5,10.5,7,11.5],"texture":"#1"},"up":{"uv":[6.5,10.5,7,11.5],"texture":"#1"},"down":{"uv":[6.5,10.5,7,11.5],"texture":"#1"}}},{"from":[7.2,11,6],"to":[8.8,12,7],"rotation":{"angle":0,"axis":"y","origin":[8,19,14]},"faces":{"north":{"uv":[7,11,7.5,11.5],"texture":"#1"},"east":{"uv":[7,11,7.5,11.5],"texture":"#1"},"south":{"uv":[7,11,7.5,11.5],"texture":"#1"},"west":{"uv":[7,11,7.5,11.5],"texture":"#1"},"up":{"uv":[7,11,7.5,11.5],"texture":"#1"},"down":{"uv":[7,11,7.5,11.5],"texture":"#1"}}},{"from":[7.2,12,10],"to":[8.8,13,11],"rotation":{"angle":0,"axis":"y","origin":[8,20,18]},"faces":{"north":{"uv":[7.5,9,8,9.5],"texture":"#1"},"east":{"uv":[7.5,9,8,9.5],"texture":"#1"},"south":{"uv":[7.5,9,8,9.5],"texture":"#1"},"west":{"uv":[7.5,9,8,9.5],"texture":"#1"},"up":{"uv":[7.5,9,8,9.5],"texture":"#1"},"down":{"uv":[7.5,9,8,9.5],"texture":"#1"}}},{"from":[7.2,13,10],"to":[8.8,14,12],"rotation":{"angle":0,"axis":"y","origin":[8,21,18]},"faces":{"north":{"uv":[8,8.5,8.5,9],"texture":"#1"},"east":{"uv":[8,8.5,8.5,9],"texture":"#1"},"south":{"uv":[8,8.5,8.5,9],"texture":"#1"},"west":{"uv":[8,8.5,8.5,9],"texture":"#1"},"up":{"uv":[8,8.5,8.5,9],"texture":"#1"},"down":{"uv":[8,8.5,8.5,9],"texture":"#1"}}},{"from":[7.2,9,5],"to":[8.8,11,6],"rotation":{"angle":0,"axis":"y","origin":[8,18,13]},"faces":{"north":{"uv":[6,11.5,7,12],"texture":"#1"},"east":{"uv":[6,11.5,7,12],"texture":"#1"},"south":{"uv":[6,11.5,7,12],"texture":"#1"},"west":{"uv":[6,11.5,7,12],"texture":"#1"},"up":{"uv":[6,11.5,7,12],"texture":"#1"},"down":{"uv":[6,11.5,7,12],"texture":"#1"}}},{"from":[7.2,12,7],"to":[8.8,13,9],"rotation":{"angle":0,"axis":"y","origin":[8,20,16]},"faces":{"north":{"uv":[7.5,10,8,11],"texture":"#1"},"east":{"uv":[7.5,10,8,11],"texture":"#1"},"south":{"uv":[7.5,10,8,11],"texture":"#1"},"west":{"uv":[7.5,10,8,11],"texture":"#1"},"up":{"uv":[7.5,10,8,11],"texture":"#1"},"down":{"uv":[7.5,10,8,11],"texture":"#1"}}},{"from":[7.2,9,7],"to":[8.8,10,10],"rotation":{"angle":0,"axis":"y","origin":[8,17,17]},"faces":{"north":{"uv":[5.5,10,6.5,10.5],"texture":"#1"},"east":{"uv":[5.5,10,6.5,10.5],"texture":"#1"},"south":{"uv":[5.5,10,6.5,10.5],"texture":"#1"},"west":{"uv":[5.5,10,6.5,10.5],"texture":"#1"},"up":{"uv":[5.5,10,6.5,10.5],"texture":"#1"},"down":{"uv":[5.5,10,6.5,10.5],"texture":"#1"}}},{"from":[7.2,7,10],"to":[8.8,9,11],"rotation":{"angle":0,"axis":"y","origin":[8,15,18]},"faces":{"north":{"uv":[5,9,5.5,10],"texture":"#1"},"east":{"uv":[5,9,5.5,10],"texture":"#1"},"south":{"uv":[5,9,5.5,10],"texture":"#1"},"west":{"uv":[5,9,5.5,10],"texture":"#1"},"up":{"uv":[5,9,5.5,10],"texture":"#1"},"down":{"uv":[5,9,5.5,10],"texture":"#1"}}}],"gui_light":"front"}