{"display":{"thirdperson_righthand":{"rotation":[-45,0,0],"translation":[0,11,0]},"thirdperson_lefthand":{"rotation":[-45,0,0],"translation":[0,11,0]},"firstperson_righthand":{"rotation":[-90,0,0],"translation":[0,5,0]},"firstperson_lefthand":{"rotation":[-90,0,0],"translation":[0,5,0]},"gui":{"rotation":[0,90,0]},"head":{"rotation":[-135,0,0],"scale":[2,2,2]}},"gui_light":"front","texture_size":[32,32],"textures":{"1":"item/golden_axe/1.2"},"elements":[{"from":[7.5,13,15],"to":[8.5,14,16],"rotation":{"angle":0,"axis":"y","origin":[8,20,22]},"faces":{"north":{"uv":[10,5.5,10.5,6],"texture":"#1"},"east":{"uv":[10,5.5,10.5,6],"texture":"#1"},"south":{"uv":[10,5.5,10.5,6],"texture":"#1"},"west":{"uv":[10,5.5,10.5,6],"texture":"#1"},"up":{"uv":[10,5.5,10.5,6],"texture":"#1"},"down":{"uv":[10,5.5,10.5,6],"texture":"#1"}}},{"from":[7.5,12,14],"to":[8.5,13,15],"rotation":{"angle":0,"axis":"y","origin":[8,19,21]},"faces":{"north":{"uv":[10,5.5,10.5,6],"texture":"#1"},"east":{"uv":[10,5.5,10.5,6],"texture":"#1"},"south":{"uv":[10,5.5,10.5,6],"texture":"#1"},"west":{"uv":[10,5.5,10.5,6],"texture":"#1"},"up":{"uv":[10,5.5,10.5,6],"texture":"#1"},"down":{"uv":[10,5.5,10.5,6],"texture":"#1"}}},{"from":[7.5,11,13],"to":[8.5,12,14],"rotation":{"angle":0,"axis":"y","origin":[8,18,20]},"faces":{"north":{"uv":[10,5.5,10.5,6],"texture":"#1"},"east":{"uv":[10,5.5,10.5,6],"texture":"#1"},"south":{"uv":[10,5.5,10.5,6],"texture":"#1"},"west":{"uv":[10,5.5,10.5,6],"texture":"#1"},"up":{"uv":[10,5.5,10.5,6],"texture":"#1"},"down":{"uv":[10,5.5,10.5,6],"texture":"#1"}}},{"from":[7.5,10,12],"to":[8.5,11,13],"rotation":{"angle":0,"axis":"y","origin":[8,17,19]},"faces":{"north":{"uv":[10,5.5,10.5,6],"texture":"#1"},"east":{"uv":[10,5.5,10.5,6],"texture":"#1"},"south":{"uv":[10,5.5,10.5,6],"texture":"#1"},"west":{"uv":[10,5.5,10.5,6],"texture":"#1"},"up":{"uv":[10,5.5,10.5,6],"texture":"#1"},"down":{"uv":[10,5.5,10.5,6],"texture":"#1"}}},{"from":[7.5,9,11],"to":[8.5,10,12],"rotation":{"angle":0,"axis":"y","origin":[8,16,18]},"faces":{"north":{"uv":[10,5.5,10.5,6],"texture":"#1"},"east":{"uv":[10,5.5,10.5,6],"texture":"#1"},"south":{"uv":[10,5.5,10.5,6],"texture":"#1"},"west":{"uv":[10,5.5,10.5,6],"texture":"#1"},"up":{"uv":[10,5.5,10.5,6],"texture":"#1"},"down":{"uv":[10,5.5,10.5,6],"texture":"#1"}}},{"from":[7.5,8,10],"to":[8.5,9,11],"rotation":{"angle":0,"axis":"y","origin":[8,15,17]},"faces":{"north":{"uv":[10,5.5,10.5,6],"texture":"#1"},"east":{"uv":[10,5.5,10.5,6],"texture":"#1"},"south":{"uv":[10,5.5,10.5,6],"texture":"#1"},"west":{"uv":[10,5.5,10.5,6],"texture":"#1"},"up":{"uv":[10,5.5,10.5,6],"texture":"#1"},"down":{"uv":[10,5.5,10.5,6],"texture":"#1"}}},{"from":[7.5,7,9],"to":[8.5,8,10],"rotation":{"angle":0,"axis":"y","origin":[8,14,16]},"faces":{"north":{"uv":[10,5.5,10.5,6],"texture":"#1"},"east":{"uv":[10,5.5,10.5,6],"texture":"#1"},"south":{"uv":[10,5.5,10.5,6],"texture":"#1"},"west":{"uv":[10,5.5,10.5,6],"texture":"#1"},"up":{"uv":[10,5.5,10.5,6],"texture":"#1"},"down":{"uv":[10,5.5,10.5,6],"texture":"#1"}}},{"from":[7.5,6,8],"to":[8.5,7,9],"rotation":{"angle":0,"axis":"y","origin":[8,13,15]},"faces":{"north":{"uv":[10,5.5,10.5,6],"texture":"#1"},"east":{"uv":[10,5.5,10.5,6],"texture":"#1"},"south":{"uv":[10,5.5,10.5,6],"texture":"#1"},"west":{"uv":[10,5.5,10.5,6],"texture":"#1"},"up":{"uv":[10,5.5,10.5,6],"texture":"#1"},"down":{"uv":[10,5.5,10.5,6],"texture":"#1"}}},{"from":[7.5,5,7],"to":[8.5,6,8],"rotation":{"angle":0,"axis":"y","origin":[8,12,14]},"faces":{"north":{"uv":[10,5.5,10.5,6],"texture":"#1"},"east":{"uv":[10,5.5,10.5,6],"texture":"#1"},"south":{"uv":[10,5.5,10.5,6],"texture":"#1"},"west":{"uv":[10,5.5,10.5,6],"texture":"#1"},"up":{"uv":[10,5.5,10.5,6],"texture":"#1"},"down":{"uv":[10,5.5,10.5,6],"texture":"#1"}}},{"from":[7.5,4,6],"to":[8.5,5,7],"rotation":{"angle":0,"axis":"y","origin":[8,11,13]},"faces":{"north":{"uv":[10,5.5,10.5,6],"texture":"#1"},"east":{"uv":[10,5.5,10.5,6],"texture":"#1"},"south":{"uv":[10,5.5,10.5,6],"texture":"#1"},"west":{"uv":[10,5.5,10.5,6],"texture":"#1"},"up":{"uv":[10,5.5,10.5,6],"texture":"#1"},"down":{"uv":[10,5.5,10.5,6],"texture":"#1"}}},{"from":[7.5,3,5],"to":[8.5,4,6],"rotation":{"angle":0,"axis":"y","origin":[8,10,12]},"faces":{"north":{"uv":[10,5.5,10.5,6],"texture":"#1"},"east":{"uv":[10,5.5,10.5,6],"texture":"#1"},"south":{"uv":[10,5.5,10.5,6],"texture":"#1"},"west":{"uv":[10,5.5,10.5,6],"texture":"#1"},"up":{"uv":[10,5.5,10.5,6],"texture":"#1"},"down":{"uv":[10,5.5,10.5,6],"texture":"#1"}}},{"from":[7.5,2,4],"to":[8.5,3,5],"rotation":{"angle":0,"axis":"y","origin":[8,9,11]},"faces":{"north":{"uv":[10,5.5,10.5,6],"texture":"#1"},"east":{"uv":[10,5.5,10.5,6],"texture":"#1"},"south":{"uv":[10,5.5,10.5,6],"texture":"#1"},"west":{"uv":[10,5.5,10.5,6],"texture":"#1"},"up":{"uv":[10,5.5,10.5,6],"texture":"#1"},"down":{"uv":[10,5.5,10.5,6],"texture":"#1"}}},{"from":[7.5,1,3],"to":[8.5,2,4],"rotation":{"angle":0,"axis":"y","origin":[8,8,10]},"faces":{"north":{"uv":[10,5.5,10.5,6],"texture":"#1"},"east":{"uv":[10,5.5,10.5,6],"texture":"#1"},"south":{"uv":[10,5.5,10.5,6],"texture":"#1"},"west":{"uv":[10,5.5,10.5,6],"texture":"#1"},"up":{"uv":[10,5.5,10.5,6],"texture":"#1"},"down":{"uv":[10,5.5,10.5,6],"texture":"#1"}}},{"from":[7.5,0,2],"to":[8.5,1,3],"rotation":{"angle":0,"axis":"y","origin":[8,7,9]},"faces":{"north":{"uv":[10,5.5,10.5,6],"texture":"#1"},"east":{"uv":[10,5.5,10.5,6],"texture":"#1"},"south":{"uv":[10,5.5,10.5,6],"texture":"#1"},"west":{"uv":[10,5.5,10.5,6],"texture":"#1"},"up":{"uv":[10,5.5,10.5,6],"texture":"#1"},"down":{"uv":[10,5.5,10.5,6],"texture":"#1"}}},{"from":[7.5,-1,1],"to":[8.5,0,2],"rotation":{"angle":0,"axis":"y","origin":[8,6,8]},"faces":{"north":{"uv":[10,5.5,10.5,6],"texture":"#1"},"east":{"uv":[10,5.5,10.5,6],"texture":"#1"},"south":{"uv":[10,5.5,10.5,6],"texture":"#1"},"west":{"uv":[10,5.5,10.5,6],"texture":"#1"},"up":{"uv":[10,5.5,10.5,6],"texture":"#1"},"down":{"uv":[10,5.5,10.5,6],"texture":"#1"}}},{"from":[7.5,-2,0],"to":[8.5,-1,1],"rotation":{"angle":0,"axis":"y","origin":[8,5,7]},"faces":{"north":{"uv":[10,5.5,10.5,6],"texture":"#1"},"east":{"uv":[10,5.5,10.5,6],"texture":"#1"},"south":{"uv":[10,5.5,10.5,6],"texture":"#1"},"west":{"uv":[10,5.5,10.5,6],"texture":"#1"},"up":{"uv":[10,5.5,10.5,6],"texture":"#1"},"down":{"uv":[10,5.5,10.5,6],"texture":"#1"}}},{"from":[7.5,-3,-1],"to":[8.5,-2,0],"rotation":{"angle":0,"axis":"y","origin":[8,4,6]},"faces":{"north":{"uv":[10,5.5,10.5,6],"texture":"#1"},"east":{"uv":[10,5.5,10.5,6],"texture":"#1"},"south":{"uv":[10,5.5,10.5,6],"texture":"#1"},"west":{"uv":[10,5.5,10.5,6],"texture":"#1"},"up":{"uv":[10,5.5,10.5,6],"texture":"#1"},"down":{"uv":[10,5.5,10.5,6],"texture":"#1"}}},{"from":[7.5,-4,-2],"to":[8.5,-3,-1],"rotation":{"angle":0,"axis":"y","origin":[8,3,5]},"faces":{"north":{"uv":[10,5.5,10.5,6],"texture":"#1"},"east":{"uv":[10,5.5,10.5,6],"texture":"#1"},"south":{"uv":[10,5.5,10.5,6],"texture":"#1"},"west":{"uv":[10,5.5,10.5,6],"texture":"#1"},"up":{"uv":[10,5.5,10.5,6],"texture":"#1"},"down":{"uv":[10,5.5,10.5,6],"texture":"#1"}}},{"from":[7.5,-5,-4],"to":[8.5,-3,-2],"rotation":{"angle":0,"axis":"y","origin":[8,2,4]},"faces":{"north":{"uv":[1,14.5,1.5,15],"texture":"#1"},"east":{"uv":[1,14.5,1.5,15],"texture":"#1"},"south":{"uv":[1,14.5,1.5,15],"texture":"#1"},"west":{"uv":[1,14.5,1.5,15],"texture":"#1"},"up":{"uv":[1,14.5,1.5,15],"texture":"#1"},"down":{"uv":[1,14.5,1.5,15],"texture":"#1"}}},{"from":[7.5,-3,-3],"to":[8.5,-2,-2],"rotation":{"angle":0,"axis":"y","origin":[8,4,4]},"faces":{"north":{"uv":[2,14.5,2.5,15],"texture":"#1"},"east":{"uv":[2,14.5,2.5,15],"texture":"#1"},"south":{"uv":[2,14.5,2.5,15],"texture":"#1"},"west":{"uv":[2,14.5,2.5,15],"texture":"#1"},"up":{"uv":[2,14.5,2.5,15],"texture":"#1"},"down":{"uv":[2,14.5,2.5,15],"texture":"#1"}}},{"from":[7.5,-2,-2],"to":[8.5,-1,-1],"rotation":{"angle":0,"axis":"y","origin":[8,5,5]},"faces":{"north":{"uv":[2.5,14,3,14.5],"texture":"#1"},"east":{"uv":[2.5,14,3,14.5],"texture":"#1"},"south":{"uv":[2.5,14,3,14.5],"texture":"#1"},"west":{"uv":[2.5,14,3,14.5],"texture":"#1"},"up":{"uv":[2.5,14,3,14.5],"texture":"#1"},"down":{"uv":[2.5,14,3,14.5],"texture":"#1"}}},{"from":[7.5,-1,-1],"to":[8.5,0,0],"rotation":{"angle":0,"axis":"y","origin":[8,6,6]},"faces":{"north":{"uv":[2.5,14,3,14.5],"texture":"#1"},"east":{"uv":[2.5,14,3,14.5],"texture":"#1"},"south":{"uv":[2.5,14,3,14.5],"texture":"#1"},"west":{"uv":[2.5,14,3,14.5],"texture":"#1"},"up":{"uv":[2.5,14,3,14.5],"texture":"#1"},"down":{"uv":[2.5,14,3,14.5],"texture":"#1"}}},{"from":[7.5,-0.1,0],"to":[8.5,0.9,1],"rotation":{"angle":0,"axis":"y","origin":[8,6.9,7]},"faces":{"north":{"uv":[2.5,14,3,14.5],"texture":"#1"},"east":{"uv":[2.5,14,3,14.5],"texture":"#1"},"south":{"uv":[2.5,14,3,14.5],"texture":"#1"},"west":{"uv":[2.5,14,3,14.5],"texture":"#1"},"up":{"uv":[2.5,14,3,14.5],"texture":"#1"},"down":{"uv":[2.5,14,3,14.5],"texture":"#1"}}},{"from":[7.5,0.9,1],"to":[8.5,1.9,2],"rotation":{"angle":0,"axis":"y","origin":[8,7.9,8]},"faces":{"north":{"uv":[2.5,14,3,14.5],"texture":"#1"},"east":{"uv":[2.5,14,3,14.5],"texture":"#1"},"south":{"uv":[2.5,14,3,14.5],"texture":"#1"},"west":{"uv":[2.5,14,3,14.5],"texture":"#1"},"up":{"uv":[2.5,14,3,14.5],"texture":"#1"},"down":{"uv":[2.5,14,3,14.5],"texture":"#1"}}},{"from":[7.5,1.9,2],"to":[8.5,2.9,3],"rotation":{"angle":0,"axis":"y","origin":[8,8.9,9]},"faces":{"north":{"uv":[2.5,14,3,14.5],"texture":"#1"},"east":{"uv":[2.5,14,3,14.5],"texture":"#1"},"south":{"uv":[2.5,14,3,14.5],"texture":"#1"},"west":{"uv":[2.5,14,3,14.5],"texture":"#1"},"up":{"uv":[2.5,14,3,14.5],"texture":"#1"},"down":{"uv":[2.5,14,3,14.5],"texture":"#1"}}},{"from":[7.5,2.9,3],"to":[8.5,3.9,4],"rotation":{"angle":0,"axis":"y","origin":[8,9.9,10]},"faces":{"north":{"uv":[2.5,14,3,14.5],"texture":"#1"},"east":{"uv":[2.5,14,3,14.5],"texture":"#1"},"south":{"uv":[2.5,14,3,14.5],"texture":"#1"},"west":{"uv":[2.5,14,3,14.5],"texture":"#1"},"up":{"uv":[2.5,14,3,14.5],"texture":"#1"},"down":{"uv":[2.5,14,3,14.5],"texture":"#1"}}},{"from":[7.5,3.9,4],"to":[8.5,4.9,5],"rotation":{"angle":0,"axis":"y","origin":[8,10.9,11]},"faces":{"north":{"uv":[2.5,14,3,14.5],"texture":"#1"},"east":{"uv":[2.5,14,3,14.5],"texture":"#1"},"south":{"uv":[2.5,14,3,14.5],"texture":"#1"},"west":{"uv":[2.5,14,3,14.5],"texture":"#1"},"up":{"uv":[2.5,14,3,14.5],"texture":"#1"},"down":{"uv":[2.5,14,3,14.5],"texture":"#1"}}},{"from":[7.5,4.9,5],"to":[8.5,5.9,6],"rotation":{"angle":0,"axis":"y","origin":[8,11.9,12]},"faces":{"north":{"uv":[2.5,14,3,14.5],"texture":"#1"},"east":{"uv":[2.5,14,3,14.5],"texture":"#1"},"south":{"uv":[2.5,14,3,14.5],"texture":"#1"},"west":{"uv":[2.5,14,3,14.5],"texture":"#1"},"up":{"uv":[2.5,14,3,14.5],"texture":"#1"},"down":{"uv":[2.5,14,3,14.5],"texture":"#1"}}},{"from":[7.5,5.9,6],"to":[8.5,6.9,7],"rotation":{"angle":0,"axis":"y","origin":[8,12.9,13]},"faces":{"north":{"uv":[2.5,14,3,14.5],"texture":"#1"},"east":{"uv":[2.5,14,3,14.5],"texture":"#1"},"south":{"uv":[2.5,14,3,14.5],"texture":"#1"},"west":{"uv":[2.5,14,3,14.5],"texture":"#1"},"up":{"uv":[2.5,14,3,14.5],"texture":"#1"},"down":{"uv":[2.5,14,3,14.5],"texture":"#1"}}},{"from":[7.5,6.9,7],"to":[8.5,7.9,8],"rotation":{"angle":0,"axis":"y","origin":[8,13.9,14]},"faces":{"north":{"uv":[2.5,14,3,14.5],"texture":"#1"},"east":{"uv":[2.5,14,3,14.5],"texture":"#1"},"south":{"uv":[2.5,14,3,14.5],"texture":"#1"},"west":{"uv":[2.5,14,3,14.5],"texture":"#1"},"up":{"uv":[2.5,14,3,14.5],"texture":"#1"},"down":{"uv":[2.5,14,3,14.5],"texture":"#1"}}},{"from":[7.5,7.9,8],"to":[8.5,8.9,9],"rotation":{"angle":0,"axis":"y","origin":[8,14.9,15]},"faces":{"north":{"uv":[2.5,14,3,14.5],"texture":"#1"},"east":{"uv":[2.5,14,3,14.5],"texture":"#1"},"south":{"uv":[2.5,14,3,14.5],"texture":"#1"},"west":{"uv":[2.5,14,3,14.5],"texture":"#1"},"up":{"uv":[2.5,14,3,14.5],"texture":"#1"},"down":{"uv":[2.5,14,3,14.5],"texture":"#1"}}},{"from":[7.5,8.9,9],"to":[8.5,9.9,10],"rotation":{"angle":0,"axis":"y","origin":[8,15.9,16]},"faces":{"north":{"uv":[2.5,14,3,14.5],"texture":"#1"},"east":{"uv":[2.5,14,3,14.5],"texture":"#1"},"south":{"uv":[2.5,14,3,14.5],"texture":"#1"},"west":{"uv":[2.5,14,3,14.5],"texture":"#1"},"up":{"uv":[2.5,14,3,14.5],"texture":"#1"},"down":{"uv":[2.5,14,3,14.5],"texture":"#1"}}},{"from":[7.5,9.9,10],"to":[8.5,10.9,11],"rotation":{"angle":0,"axis":"y","origin":[8,16.9,17]},"faces":{"north":{"uv":[2.5,14,3,14.5],"texture":"#1"},"east":{"uv":[2.5,14,3,14.5],"texture":"#1"},"south":{"uv":[2.5,14,3,14.5],"texture":"#1"},"west":{"uv":[2.5,14,3,14.5],"texture":"#1"},"up":{"uv":[2.5,14,3,14.5],"texture":"#1"},"down":{"uv":[2.5,14,3,14.5],"texture":"#1"}}},{"from":[7.5,10.9,11],"to":[8.5,11.9,12],"rotation":{"angle":0,"axis":"y","origin":[8,17.9,18]},"faces":{"north":{"uv":[2.5,14,3,14.5],"texture":"#1"},"east":{"uv":[2.5,14,3,14.5],"texture":"#1"},"south":{"uv":[2.5,14,3,14.5],"texture":"#1"},"west":{"uv":[2.5,14,3,14.5],"texture":"#1"},"up":{"uv":[2.5,14,3,14.5],"texture":"#1"},"down":{"uv":[2.5,14,3,14.5],"texture":"#1"}}},{"from":[7.5,11.9,12],"to":[8.5,12.9,13],"rotation":{"angle":0,"axis":"y","origin":[8,18.9,19]},"faces":{"north":{"uv":[2.5,14,3,14.5],"texture":"#1"},"east":{"uv":[2.5,14,3,14.5],"texture":"#1"},"south":{"uv":[2.5,14,3,14.5],"texture":"#1"},"west":{"uv":[2.5,14,3,14.5],"texture":"#1"},"up":{"uv":[2.5,14,3,14.5],"texture":"#1"},"down":{"uv":[2.5,14,3,14.5],"texture":"#1"}}},{"from":[7.5,12.9,13],"to":[8.5,13.9,14],"rotation":{"angle":0,"axis":"y","origin":[8,19.9,20]},"faces":{"north":{"uv":[2.5,14,3,14.5],"texture":"#1"},"east":{"uv":[2.5,14,3,14.5],"texture":"#1"},"south":{"uv":[2.5,14,3,14.5],"texture":"#1"},"west":{"uv":[2.5,14,3,14.5],"texture":"#1"},"up":{"uv":[2.5,14,3,14.5],"texture":"#1"},"down":{"uv":[2.5,14,3,14.5],"texture":"#1"}}},{"from":[7.5,14,16],"to":[8.5,15,17],"rotation":{"angle":0,"axis":"y","origin":[8,21,23]},"faces":{"north":{"uv":[10.5,5,11,5.5],"texture":"#1"},"east":{"uv":[10.5,5,11,5.5],"texture":"#1"},"south":{"uv":[10.5,5,11,5.5],"texture":"#1"},"west":{"uv":[10.5,5,11,5.5],"texture":"#1"},"up":{"uv":[10.5,5,11,5.5],"texture":"#1"},"down":{"uv":[10.5,5,11,5.5],"texture":"#1"}}},{"from":[7.5,15,15],"to":[8.5,16,16],"rotation":{"angle":0,"axis":"y","origin":[8,22,22]},"faces":{"north":{"uv":[11,5.5,11.5,6],"texture":"#1"},"east":{"uv":[11,5.5,11.5,6],"texture":"#1"},"south":{"uv":[11,5.5,11.5,6],"texture":"#1"},"west":{"uv":[11,5.5,11.5,6],"texture":"#1"},"up":{"uv":[11,5.5,11.5,6],"texture":"#1"},"down":{"uv":[11,5.5,11.5,6],"texture":"#1"}}},{"from":[7.5,16,18],"to":[8.5,17,19],"rotation":{"angle":0,"axis":"y","origin":[8,23,25]},"faces":{"north":{"uv":[11.5,4,12,4.5],"texture":"#1"},"east":{"uv":[11.5,4,12,4.5],"texture":"#1"},"south":{"uv":[11.5,4,12,4.5],"texture":"#1"},"west":{"uv":[11.5,4,12,4.5],"texture":"#1"},"up":{"uv":[11.5,4,12,4.5],"texture":"#1"},"down":{"uv":[11.5,4,12,4.5],"texture":"#1"}}},{"from":[7.5,19,19],"to":[8.5,20,20],"rotation":{"angle":0,"axis":"y","origin":[8,26,26]},"faces":{"north":{"uv":[11.5,4,12,4.5],"texture":"#1"},"east":{"uv":[11.5,4,12,4.5],"texture":"#1"},"south":{"uv":[11.5,4,12,4.5],"texture":"#1"},"west":{"uv":[11.5,4,12,4.5],"texture":"#1"},"up":{"uv":[11.5,4,12,4.5],"texture":"#1"},"down":{"uv":[11.5,4,12,4.5],"texture":"#1"}}},{"from":[7.5,20,20],"to":[8.5,21,21],"rotation":{"angle":0,"axis":"y","origin":[8,27,27]},"faces":{"north":{"uv":[11.5,4,12,4.5],"texture":"#1"},"east":{"uv":[11.5,4,12,4.5],"texture":"#1"},"south":{"uv":[11.5,4,12,4.5],"texture":"#1"},"west":{"uv":[11.5,4,12,4.5],"texture":"#1"},"up":{"uv":[11.5,4,12,4.5],"texture":"#1"},"down":{"uv":[11.5,4,12,4.5],"texture":"#1"}}},{"from":[7.5,21,21],"to":[8.5,22,23],"rotation":{"angle":0,"axis":"y","origin":[8,28,28]},"faces":{"north":{"uv":[11.5,4,12,4.5],"texture":"#1"},"east":{"uv":[11.5,4,12,4.5],"texture":"#1"},"south":{"uv":[11.5,4,12,4.5],"texture":"#1"},"west":{"uv":[11.5,4,12,4.5],"texture":"#1"},"up":{"uv":[11.5,4,12,4.5],"texture":"#1"},"down":{"uv":[11.5,4,12,4.5],"texture":"#1"}}},{"from":[7.5,19,14],"to":[8.5,20,15],"rotation":{"angle":0,"axis":"y","origin":[8,26,21]},"faces":{"north":{"uv":[13,6,13.5,6.5],"texture":"#1"},"east":{"uv":[13,6,13.5,6.5],"texture":"#1"},"south":{"uv":[13,6,13.5,6.5],"texture":"#1"},"west":{"uv":[13,6,13.5,6.5],"texture":"#1"},"up":{"uv":[13,6,13.5,6.5],"texture":"#1"},"down":{"uv":[13,6,13.5,6.5],"texture":"#1"}}},{"from":[7.5,18,13],"to":[8.5,19,14],"rotation":{"angle":0,"axis":"y","origin":[8,25,20]},"faces":{"north":{"uv":[12.5,6.5,13,7],"texture":"#1"},"east":{"uv":[12.5,6.5,13,7],"texture":"#1"},"south":{"uv":[12.5,6.5,13,7],"texture":"#1"},"west":{"uv":[12.5,6.5,13,7],"texture":"#1"},"up":{"uv":[12.5,6.5,13,7],"texture":"#1"},"down":{"uv":[12.5,6.5,13,7],"texture":"#1"}}},{"from":[7.5,17,17],"to":[8.5,18,18],"rotation":{"angle":0,"axis":"y","origin":[8,24,24]},"faces":{"north":{"uv":[12,4.5,12.5,5],"texture":"#1"},"east":{"uv":[12,4.5,12.5,5],"texture":"#1"},"south":{"uv":[12,4.5,12.5,5],"texture":"#1"},"west":{"uv":[12,4.5,12.5,5],"texture":"#1"},"up":{"uv":[12,4.5,12.5,5],"texture":"#1"},"down":{"uv":[12,4.5,12.5,5],"texture":"#1"}}},{"from":[7.5,13,17],"to":[8.5,14,19],"rotation":{"angle":0,"axis":"y","origin":[8,20,24]},"faces":{"north":{"uv":[10,4,10.5,5],"texture":"#1"},"east":{"uv":[10,4,10.5,5],"texture":"#1"},"south":{"uv":[10,4,10.5,5],"texture":"#1"},"west":{"uv":[10,4,10.5,5],"texture":"#1"},"up":{"uv":[10,4,10.5,5],"texture":"#1"},"down":{"uv":[10,4,10.5,5],"texture":"#1"}}},{"from":[7.5,20,15],"to":[8.5,21,17],"rotation":{"angle":0,"axis":"y","origin":[8,27,22]},"faces":{"north":{"uv":[13.5,5,14,6],"texture":"#1"},"east":{"uv":[13.5,5,14,6],"texture":"#1"},"south":{"uv":[13.5,5,14,6],"texture":"#1"},"west":{"uv":[13.5,5,14,6],"texture":"#1"},"up":{"uv":[13.5,5,14,6],"texture":"#1"},"down":{"uv":[13.5,5,14,6],"texture":"#1"}}},{"from":[7.5,15,13],"to":[8.5,16,15],"rotation":{"angle":0,"axis":"y","origin":[8,22,20]},"faces":{"north":{"uv":[11,6,11.5,7],"texture":"#1"},"east":{"uv":[11,6,11.5,7],"texture":"#1"},"south":{"uv":[11,6,11.5,7],"texture":"#1"},"west":{"uv":[11,6,11.5,7],"texture":"#1"},"up":{"uv":[11,6,11.5,7],"texture":"#1"},"down":{"uv":[11,6,11.5,7],"texture":"#1"}}},{"from":[7.5,18,17],"to":[8.5,20,18],"rotation":{"angle":0,"axis":"y","origin":[8,25,23]},"faces":{"north":{"uv":[12.5,4.5,13.5,5],"texture":"#1"},"east":{"uv":[12.5,4.5,13.5,5],"rotation":270,"texture":"#1"},"south":{"uv":[12.5,4.5,13.5,5],"rotation":270,"texture":"#1"},"west":{"uv":[12.5,4.5,13.5,5],"rotation":270,"texture":"#1"},"up":{"uv":[13,4.5,13.5,5],"texture":"#1"},"down":{"uv":[12.5,4.5,13.5,5],"texture":"#1"}}},{"from":[7.5,16,12],"to":[8.5,18,13],"rotation":{"angle":0,"axis":"y","origin":[8,23,18]},"faces":{"north":{"uv":[11.5,7,12.5,7.5],"rotation":270,"texture":"#1"},"east":{"uv":[11.5,7,12.5,7.5],"rotation":270,"texture":"#1"},"south":{"uv":[11.5,7,12.5,7.5],"texture":"#1"},"west":{"uv":[11.5,7,12.5,7.5],"rotation":270,"texture":"#1"},"up":{"uv":[12,7,12.5,7.5],"texture":"#1"},"down":{"uv":[11.5,7,12,7.5],"texture":"#1"}}},{"from":[7.5,14,19],"to":[8.5,16,20],"rotation":{"angle":0,"axis":"y","origin":[8,21,26]},"faces":{"north":{"uv":[10,4,10.5,5],"texture":"#1"},"east":{"uv":[10,4,10.5,5],"texture":"#1"},"south":{"uv":[10,4,10.5,5],"texture":"#1"},"west":{"uv":[10,4,10.5,5],"texture":"#1"},"up":{"uv":[10,4,10.5,5],"texture":"#1"},"down":{"uv":[10,4,10.5,5],"texture":"#1"}}},{"from":[7.5,14,14],"to":[8.5,15,15],"rotation":{"angle":0,"axis":"y","origin":[8,21,21]},"faces":{"north":{"uv":[10.5,6,11,6.5],"texture":"#1"},"east":{"uv":[10.5,6,11,6.5],"texture":"#1"},"south":{"uv":[10.5,6,11,6.5],"texture":"#1"},"west":{"uv":[10.5,6,11,6.5],"texture":"#1"},"up":{"uv":[10.5,6,11,6.5],"texture":"#1"},"down":{"uv":[10.5,6,11,6.5],"texture":"#1"}}},{"from":[7.3,14,15],"to":[8.7,15,16],"rotation":{"angle":0,"axis":"y","origin":[8,22,23]},"faces":{"north":{"uv":[10.5,5.5,11,6],"texture":"#1"},"east":{"uv":[10.5,5.5,11,6],"texture":"#1"},"south":{"uv":[10.5,5.5,11,6],"texture":"#1"},"west":{"uv":[10.5,5.5,11,6],"texture":"#1"},"up":{"uv":[10.5,5.5,11,6],"texture":"#1"},"down":{"uv":[10.5,5.5,11,6],"texture":"#1"}}},{"from":[7.3,13,14],"to":[8.7,14,15],"rotation":{"angle":0,"axis":"y","origin":[8,21,22]},"faces":{"north":{"uv":[10,6,10.5,6.5],"texture":"#1"},"east":{"uv":[10,6,10.5,6.5],"texture":"#1"},"south":{"uv":[10,6,10.5,6.5],"texture":"#1"},"west":{"uv":[10,6,10.5,6.5],"texture":"#1"},"up":{"uv":[10,6,10.5,6.5],"texture":"#1"},"down":{"uv":[10,6,10.5,6.5],"texture":"#1"}}},{"from":[7.3,12,13],"to":[8.7,13,14],"rotation":{"angle":0,"axis":"y","origin":[8,20,21]},"faces":{"north":{"uv":[9.5,6.5,10,7],"texture":"#1"},"east":{"uv":[9.5,6.5,10,7],"texture":"#1"},"south":{"uv":[9.5,6.5,10,7],"texture":"#1"},"west":{"uv":[9.5,6.5,10,7],"texture":"#1"},"up":{"uv":[9.5,6.5,10,7],"texture":"#1"},"down":{"uv":[9.5,6.5,10,7],"texture":"#1"}}},{"from":[7.3,11,12],"to":[8.7,12,13],"rotation":{"angle":0,"axis":"y","origin":[8,19,20]},"faces":{"north":{"uv":[9,7,9.5,7.5],"texture":"#1"},"east":{"uv":[9,7,9.5,7.5],"texture":"#1"},"south":{"uv":[9,7,9.5,7.5],"texture":"#1"},"west":{"uv":[9,7,9.5,7.5],"texture":"#1"},"up":{"uv":[9,7,9.5,7.5],"texture":"#1"},"down":{"uv":[9,7,9.5,7.5],"texture":"#1"}}},{"from":[7.3,10,11],"to":[8.7,11,12],"rotation":{"angle":0,"axis":"y","origin":[8,18,19]},"faces":{"north":{"uv":[8.5,7.5,9,8],"texture":"#1"},"east":{"uv":[8.5,7.5,9,8],"texture":"#1"},"south":{"uv":[8.5,7.5,9,8],"texture":"#1"},"west":{"uv":[8.5,7.5,9,8],"texture":"#1"},"up":{"uv":[8.5,7.5,9,8],"texture":"#1"},"down":{"uv":[8.5,7.5,9,8],"texture":"#1"}}},{"from":[7.3,9,10],"to":[8.7,10,11],"rotation":{"angle":0,"axis":"y","origin":[8,17,18]},"faces":{"north":{"uv":[8,8,8.5,8.5],"texture":"#1"},"east":{"uv":[8,8,8.5,8.5],"texture":"#1"},"south":{"uv":[8,8,8.5,8.5],"texture":"#1"},"west":{"uv":[8,8,8.5,8.5],"texture":"#1"},"up":{"uv":[8,8,8.5,8.5],"texture":"#1"},"down":{"uv":[8,8,8.5,8.5],"texture":"#1"}}},{"from":[7.3,8,9],"to":[8.7,9,10],"rotation":{"angle":0,"axis":"y","origin":[8,16,17]},"faces":{"north":{"uv":[7.5,8.5,8,9],"texture":"#1"},"east":{"uv":[7.5,8.5,8,9],"texture":"#1"},"south":{"uv":[7.5,8.5,8,9],"texture":"#1"},"west":{"uv":[7.5,8.5,8,9],"texture":"#1"},"up":{"uv":[7.5,8.5,8,9],"texture":"#1"},"down":{"uv":[7.5,8.5,8,9],"texture":"#1"}}},{"from":[7.3,7,8],"to":[8.7,8,9],"rotation":{"angle":0,"axis":"y","origin":[8,15,16]},"faces":{"north":{"uv":[7.5,8.5,8,9],"texture":"#1"},"east":{"uv":[7.5,8.5,8,9],"texture":"#1"},"south":{"uv":[7.5,8.5,8,9],"texture":"#1"},"west":{"uv":[7.5,8.5,8,9],"texture":"#1"},"up":{"uv":[7.5,8.5,8,9],"texture":"#1"},"down":{"uv":[7.5,8.5,8,9],"texture":"#1"}}},{"from":[7.3,6,7],"to":[8.7,7,8],"rotation":{"angle":0,"axis":"y","origin":[8,14,15]},"faces":{"north":{"uv":[6,10,6.5,10.5],"texture":"#1"},"east":{"uv":[6,10,6.5,10.5],"texture":"#1"},"south":{"uv":[6,10,6.5,10.5],"texture":"#1"},"west":{"uv":[6,10,6.5,10.5],"texture":"#1"},"up":{"uv":[6,10,6.5,10.5],"texture":"#1"},"down":{"uv":[6,10,6.5,10.5],"texture":"#1"}}},{"from":[7.3,5,6],"to":[8.7,6,7],"rotation":{"angle":0,"axis":"y","origin":[8,13,14]},"faces":{"north":{"uv":[6.5,9.5,7,10],"texture":"#1"},"east":{"uv":[6.5,9.5,7,10],"texture":"#1"},"south":{"uv":[6.5,9.5,7,10],"texture":"#1"},"west":{"uv":[6.5,9.5,7,10],"texture":"#1"},"up":{"uv":[6.5,9.5,7,10],"texture":"#1"},"down":{"uv":[6.5,9.5,7,10],"texture":"#1"}}},{"from":[7.3,4,5],"to":[8.7,5,6],"rotation":{"angle":0,"axis":"y","origin":[8,12,13]},"faces":{"north":{"uv":[5,11,5.5,11.5],"texture":"#1"},"east":{"uv":[5,11,5.5,11.5],"texture":"#1"},"south":{"uv":[5,11,5.5,11.5],"texture":"#1"},"west":{"uv":[5,11,5.5,11.5],"texture":"#1"},"up":{"uv":[5,11,5.5,11.5],"texture":"#1"},"down":{"uv":[5,11,5.5,11.5],"texture":"#1"}}},{"from":[7.3,3,4],"to":[8.7,4,5],"rotation":{"angle":0,"axis":"y","origin":[8,11,12]},"faces":{"north":{"uv":[4.5,11.5,5,12],"texture":"#1"},"east":{"uv":[4.5,11.5,5,12],"texture":"#1"},"south":{"uv":[4.5,11.5,5,12],"texture":"#1"},"west":{"uv":[4.5,11.5,5,12],"texture":"#1"},"up":{"uv":[4.5,11.5,5,12],"texture":"#1"},"down":{"uv":[4.5,11.5,5,12],"texture":"#1"}}},{"from":[7.3,2,3],"to":[8.7,3,4],"rotation":{"angle":0,"axis":"y","origin":[8,10,11]},"faces":{"north":{"uv":[4,12,4.5,12.5],"texture":"#1"},"east":{"uv":[4,12,4.5,12.5],"texture":"#1"},"south":{"uv":[4,12,4.5,12.5],"texture":"#1"},"west":{"uv":[4,12,4.5,12.5],"texture":"#1"},"up":{"uv":[4,12,4.5,12.5],"texture":"#1"},"down":{"uv":[4,12,4.5,12.5],"texture":"#1"}}},{"from":[7.3,1,2],"to":[8.7,2,3],"rotation":{"angle":0,"axis":"y","origin":[8,9,10]},"faces":{"north":{"uv":[3.5,12.5,4,13],"texture":"#1"},"east":{"uv":[3.5,12.5,4,13],"texture":"#1"},"south":{"uv":[3.5,12.5,4,13],"texture":"#1"},"west":{"uv":[3.5,12.5,4,13],"texture":"#1"},"up":{"uv":[3.5,12.5,4,13],"texture":"#1"},"down":{"uv":[3.5,12.5,4,13],"texture":"#1"}}},{"from":[7.3,0,1],"to":[8.7,1,2],"rotation":{"angle":0,"axis":"y","origin":[8,8,9]},"faces":{"north":{"uv":[3,13,3.5,13.5],"texture":"#1"},"east":{"uv":[3,13,3.5,13.5],"texture":"#1"},"south":{"uv":[3,13,3.5,13.5],"texture":"#1"},"west":{"uv":[3,13,3.5,13.5],"texture":"#1"},"up":{"uv":[3,13,3.5,13.5],"texture":"#1"},"down":{"uv":[3,13,3.5,13.5],"texture":"#1"}}},{"from":[7.3,-1,0],"to":[8.7,0,1],"rotation":{"angle":0,"axis":"y","origin":[8,7,8]},"faces":{"north":{"uv":[2.5,13.5,3,14],"texture":"#1"},"east":{"uv":[2.5,13.5,3,14],"texture":"#1"},"south":{"uv":[2.5,13.5,3,14],"texture":"#1"},"west":{"uv":[2.5,13.5,3,14],"texture":"#1"},"up":{"uv":[2.5,13.5,3,14],"texture":"#1"},"down":{"uv":[2.5,13.5,3,14],"texture":"#1"}}},{"from":[7.3,-2,-1],"to":[8.7,-1,0],"rotation":{"angle":0,"axis":"y","origin":[8,6,7]},"faces":{"north":{"uv":[2,14,2.5,14.5],"texture":"#1"},"east":{"uv":[2,14,2.5,14.5],"texture":"#1"},"south":{"uv":[2,14,2.5,14.5],"texture":"#1"},"west":{"uv":[2,14,2.5,14.5],"texture":"#1"},"up":{"uv":[2,14,2.5,14.5],"texture":"#1"},"down":{"uv":[2,14,2.5,14.5],"texture":"#1"}}},{"from":[7.3,-3,-2],"to":[8.7,-2,-1],"rotation":{"angle":0,"axis":"y","origin":[8,5,6]},"faces":{"north":{"uv":[2,14,2.5,14.5],"texture":"#1"},"east":{"uv":[2,14,2.5,14.5],"texture":"#1"},"south":{"uv":[2,14,2.5,14.5],"texture":"#1"},"west":{"uv":[2,14,2.5,14.5],"texture":"#1"},"up":{"uv":[2,14,2.5,14.5],"texture":"#1"},"down":{"uv":[2,14,2.5,14.5],"texture":"#1"}}},{"from":[7.3,-4,-3],"to":[8.7,-3,-2],"rotation":{"angle":0,"axis":"y","origin":[8,4,5]},"faces":{"north":{"uv":[1.5,14.5,2,15],"texture":"#1"},"east":{"uv":[1.5,14.5,2,15],"texture":"#1"},"south":{"uv":[1.5,14.5,2,15],"texture":"#1"},"west":{"uv":[1.5,14.5,2,15],"texture":"#1"},"up":{"uv":[1.5,14.5,2,15],"texture":"#1"},"down":{"uv":[1.5,14.5,2,15],"texture":"#1"}}},{"from":[7.3,17,18],"to":[8.7,18,19],"rotation":{"angle":0,"axis":"y","origin":[8,25,26]},"faces":{"north":{"uv":[12,4,12.5,4.5],"texture":"#1"},"east":{"uv":[12,4,12.5,4.5],"texture":"#1"},"south":{"uv":[12,4,12.5,4.5],"texture":"#1"},"west":{"uv":[12,4,12.5,4.5],"texture":"#1"},"up":{"uv":[12,4,12.5,4.5],"texture":"#1"},"down":{"uv":[12,4,12.5,4.5],"texture":"#1"}}},{"from":[7.2,14,17],"to":[8.8,15,18],"rotation":{"angle":0,"axis":"y","origin":[8,22,25]},"faces":{"north":{"uv":[10.5,4,11.5,4.5],"texture":"#1"},"east":{"uv":[10.5,4,11.5,4.5],"texture":"#1"},"south":{"uv":[10.5,4,11.5,4.5],"texture":"#1"},"west":{"uv":[10.5,4,11.5,4.5],"texture":"#1"},"up":{"uv":[10.5,4,11.5,4.5],"texture":"#1"},"down":{"uv":[10.5,4,11.5,4.5],"texture":"#1"}}},{"from":[7.2,15,17],"to":[8.8,16,18],"rotation":{"angle":0,"axis":"y","origin":[8,23,25]},"faces":{"north":{"uv":[11,4.5,11.5,5],"texture":"#1"},"east":{"uv":[11,4.5,11.5,5],"texture":"#1"},"south":{"uv":[11,4.5,11.5,5],"texture":"#1"},"west":{"uv":[11,4.5,11.5,5],"texture":"#1"},"up":{"uv":[11,4.5,11.5,5],"texture":"#1"},"down":{"uv":[11,4.5,11.5,5],"texture":"#1"}}},{"from":[7.2,15,16],"to":[8.8,16,17],"rotation":{"angle":0,"axis":"y","origin":[8,23,24]},"faces":{"north":{"uv":[11,5,11.5,5.5],"texture":"#1"},"east":{"uv":[11,5,11.5,5.5],"texture":"#1"},"south":{"uv":[11,5,11.5,5.5],"texture":"#1"},"west":{"uv":[11,5,11.5,5.5],"texture":"#1"},"up":{"uv":[11,5,11.5,5.5],"texture":"#1"},"down":{"uv":[11,5,11.5,5.5],"texture":"#1"}}},{"from":[7.2,17,16],"to":[8.8,18,17],"rotation":{"angle":0,"axis":"y","origin":[8,25,24]},"faces":{"north":{"uv":[11,5,11.5,5.5],"texture":"#1"},"east":{"uv":[11,5,11.5,5.5],"texture":"#1"},"south":{"uv":[11,5,11.5,5.5],"texture":"#1"},"west":{"uv":[11,5,11.5,5.5],"texture":"#1"},"up":{"uv":[11,5,11.5,5.5],"texture":"#1"},"down":{"uv":[11,5,11.5,5.5],"texture":"#1"}}},{"from":[7.2,19,18],"to":[8.8,20,19],"rotation":{"angle":0,"axis":"y","origin":[8,27,26]},"faces":{"north":{"uv":[13,4,13.5,4.5],"texture":"#1"},"east":{"uv":[13,4,13.5,4.5],"texture":"#1"},"south":{"uv":[13,4,13.5,4.5],"texture":"#1"},"west":{"uv":[13,4,13.5,4.5],"texture":"#1"},"up":{"uv":[13,4,13.5,4.5],"texture":"#1"},"down":{"uv":[13,4,13.5,4.5],"texture":"#1"}}},{"from":[7.2,20,18],"to":[8.8,21,20],"rotation":{"angle":0,"axis":"y","origin":[8,28,26]},"faces":{"north":{"uv":[13.5,3.5,14,4],"texture":"#1"},"east":{"uv":[13.5,3.5,14,4],"texture":"#1"},"south":{"uv":[13.5,3.5,14,4],"texture":"#1"},"west":{"uv":[13.5,3.5,14,4],"texture":"#1"},"up":{"uv":[13.5,3.5,14,4],"texture":"#1"},"down":{"uv":[13.5,3.5,14,4],"texture":"#1"}}},{"from":[7.2,16,15],"to":[8.8,17,18],"rotation":{"angle":0,"axis":"y","origin":[8,24,24]},"faces":{"north":{"uv":[11,5,11.5,5.5],"texture":"#1"},"east":{"uv":[11,5,11.5,5.5],"texture":"#1"},"south":{"uv":[11,5,11.5,5.5],"texture":"#1"},"west":{"uv":[11,5,11.5,5.5],"texture":"#1"},"up":{"uv":[11,5,11.5,5.5],"texture":"#1"},"down":{"uv":[11,5,11.5,5.5],"texture":"#1"}}},{"from":[7.2,16,14],"to":[8.8,17,15],"rotation":{"angle":0,"axis":"y","origin":[8,24,22]},"faces":{"north":{"uv":[11.5,6,12,6.5],"texture":"#1"},"east":{"uv":[11.5,6,12,6.5],"texture":"#1"},"south":{"uv":[11.5,6,12,6.5],"texture":"#1"},"west":{"uv":[11.5,6,12,6.5],"texture":"#1"},"up":{"uv":[11.5,6,12,6.5],"texture":"#1"},"down":{"uv":[11.5,6,12,6.5],"texture":"#1"}}},{"from":[7.2,18,15],"to":[8.8,19,17],"rotation":{"angle":0,"axis":"y","origin":[8,26,24]},"faces":{"north":{"uv":[12.5,5,13,6],"texture":"#1"},"east":{"uv":[12.5,5,13,6],"texture":"#1"},"south":{"uv":[12.5,5,13,6],"texture":"#1"},"west":{"uv":[12.5,5,13,6],"texture":"#1"},"up":{"uv":[12.5,5,13,6],"texture":"#1"},"down":{"uv":[12.5,5,13,6],"texture":"#1"}}},{"from":[7.2,17,14],"to":[8.8,18,16],"rotation":{"angle":0,"axis":"y","origin":[8,25,23]},"faces":{"north":{"uv":[12,5.5,12.5,6.5],"texture":"#1"},"east":{"uv":[12,5.5,12.5,6.5],"texture":"#1"},"south":{"uv":[12,5.5,12.5,6.5],"texture":"#1"},"west":{"uv":[12,5.5,12.5,6.5],"texture":"#1"},"up":{"uv":[12,5.5,12.5,6.5],"texture":"#1"},"down":{"uv":[12,5.5,12.5,6.5],"texture":"#1"}}},{"from":[7.2,18,14],"to":[8.8,19,15],"rotation":{"angle":0,"axis":"y","origin":[8,26,22]},"faces":{"north":{"uv":[12.5,6,13,6.5],"texture":"#1"},"east":{"uv":[12.5,6,13,6.5],"texture":"#1"},"south":{"uv":[12.5,6,13,6.5],"texture":"#1"},"west":{"uv":[12.5,6,13,6.5],"texture":"#1"},"up":{"uv":[12.5,6,13,6.5],"texture":"#1"},"down":{"uv":[12.5,6,13,6.5],"texture":"#1"}}},{"from":[7.2,21,20],"to":[8.8,22,21],"rotation":{"angle":0,"axis":"y","origin":[8,29,28]},"faces":{"north":{"uv":[12.5,6,13,6.5],"texture":"#1"},"east":{"uv":[12.5,6,13,6.5],"texture":"#1"},"south":{"uv":[12.5,6,13,6.5],"texture":"#1"},"west":{"uv":[12.5,6,13,6.5],"texture":"#1"},"up":{"uv":[12.5,6,13,6.5],"texture":"#1"},"down":{"uv":[12.5,6,13,6.5],"texture":"#1"}}},{"from":[7.2,16,13],"to":[8.8,18,14],"rotation":{"angle":0,"axis":"y","origin":[8,25,21]},"faces":{"north":{"uv":[11.5,6.5,12.5,7],"texture":"#1"},"east":{"uv":[11.5,6.5,12.5,7],"texture":"#1"},"south":{"uv":[11.5,6.5,12.5,7],"texture":"#1"},"west":{"uv":[11.5,6.5,12.5,7],"texture":"#1"},"up":{"uv":[11.5,6.5,12.5,7],"texture":"#1"},"down":{"uv":[11.5,6.5,12.5,7],"texture":"#1"}}},{"from":[7.2,19,15],"to":[8.8,20,17],"rotation":{"angle":0,"axis":"y","origin":[8,27,24]},"faces":{"north":{"uv":[11.5,6.5,12.5,7],"texture":"#1"},"east":{"uv":[11.5,6.5,12.5,7],"texture":"#1"},"south":{"uv":[11.5,6.5,12.5,7],"texture":"#1"},"west":{"uv":[11.5,6.5,12.5,7],"texture":"#1"},"up":{"uv":[11.5,6.5,12.5,7],"texture":"#1"},"down":{"uv":[11.5,6.5,12.5,7],"texture":"#1"}}},{"from":[7.2,14,18],"to":[8.8,16,19],"rotation":{"angle":0,"axis":"y","origin":[8,22,26]},"faces":{"north":{"uv":[10.5,4,11,5],"texture":"#1"},"east":{"uv":[10.5,4,11,5],"texture":"#1"},"south":{"uv":[10.5,4,11,5],"texture":"#1"},"west":{"uv":[10.5,4,11,5],"texture":"#1"},"up":{"uv":[10.5,4,11,5],"texture":"#1"},"down":{"uv":[10.5,4,11,5],"texture":"#1"}}}]}