{"display":{"thirdperson_righthand":{"rotation":[-45,0,0],"translation":[0,5,0]},"thirdperson_lefthand":{"rotation":[-45,0,0],"translation":[0,5,0]},"firstperson_righthand":{"rotation":[-45,0,0],"translation":[0,5,0]},"firstperson_lefthand":{"rotation":[-45,0,0],"translation":[3,5,0]},"ground":{"translation":[0,1.5,0],"scale":[0.6,0.6,0.6]},"gui":{"rotation":[0,90,0]},"fixed":{"rotation":[0,-90,0],"translation":[-2,2,0]}},"gui_light":"front","textures":{"0":"item/golden_axe/5","particle":"item/golden_axe/5"},"elements":[{"from":[7.5,0,0],"to":[8.5,2,2],"faces":{"north":{"uv":[1,14,2,15],"texture":"#0"},"east":{"uv":[1,14,2,15],"texture":"#0"},"south":{"uv":[1,14,2,15],"texture":"#0"},"west":{"uv":[1,14,2,15],"texture":"#0"},"up":{"uv":[1,14,2,15],"texture":"#0"},"down":{"uv":[1,14,2,15],"texture":"#0"}}},{"from":[7.5,2,1],"to":[8.5,3,2],"rotation":{"angle":0,"axis":"y","origin":[8,9,8]},"faces":{"north":{"uv":[3,13,4,14],"texture":"#0"},"east":{"uv":[3,13,4,14],"texture":"#0"},"south":{"uv":[3,13,4,14],"texture":"#0"},"west":{"uv":[3,13,4,14],"texture":"#0"},"up":{"uv":[3,13,4,14],"texture":"#0"},"down":{"uv":[3,13,4,14],"texture":"#0"}}},{"from":[7.5,1,2],"to":[8.5,2,3],"rotation":{"angle":0,"axis":"y","origin":[8,8,9]},"faces":{"north":{"uv":[2,12,3,13],"texture":"#0"},"east":{"uv":[2,12,3,13],"texture":"#0"},"south":{"uv":[2,12,3,13],"texture":"#0"},"west":{"uv":[2,12,3,13],"texture":"#0"},"up":{"uv":[2,12,3,13],"texture":"#0"},"down":{"uv":[2,12,3,13],"texture":"#0"}}},{"from":[7.5,2,3],"to":[8.5,3,4],"rotation":{"angle":0,"axis":"y","origin":[8,9,10]},"faces":{"north":{"uv":[3,11,4,12],"texture":"#0"},"east":{"uv":[3,11,4,12],"texture":"#0"},"south":{"uv":[3,11,4,12],"texture":"#0"},"west":{"uv":[3,11,4,12],"texture":"#0"},"up":{"uv":[3,11,4,12],"texture":"#0"},"down":{"uv":[3,11,4,12],"texture":"#0"}}},{"from":[7.5,3,4],"to":[8.5,4,5],"rotation":{"angle":0,"axis":"y","origin":[8,10,11]},"faces":{"north":{"uv":[3,11,4,12],"texture":"#0"},"east":{"uv":[3,11,4,12],"texture":"#0"},"south":{"uv":[3,11,4,12],"texture":"#0"},"west":{"uv":[3,11,4,12],"texture":"#0"},"up":{"uv":[3,11,4,12],"texture":"#0"},"down":{"uv":[3,11,4,12],"texture":"#0"}}},{"from":[7.5,4,5],"to":[8.5,5,6],"rotation":{"angle":0,"axis":"y","origin":[8,11,12]},"faces":{"north":{"uv":[3,11,4,12],"texture":"#0"},"east":{"uv":[3,11,4,12],"texture":"#0"},"south":{"uv":[3,11,4,12],"texture":"#0"},"west":{"uv":[3,11,4,12],"texture":"#0"},"up":{"uv":[3,11,4,12],"texture":"#0"},"down":{"uv":[3,11,4,12],"texture":"#0"}}},{"from":[7.5,5,6],"to":[8.5,6,7],"rotation":{"angle":0,"axis":"y","origin":[8,12,13]},"faces":{"north":{"uv":[3,11,4,12],"texture":"#0"},"east":{"uv":[3,11,4,12],"texture":"#0"},"south":{"uv":[3,11,4,12],"texture":"#0"},"west":{"uv":[3,11,4,12],"texture":"#0"},"up":{"uv":[3,11,4,12],"texture":"#0"},"down":{"uv":[3,11,4,12],"texture":"#0"}}},{"from":[7.5,6,7],"to":[8.5,7,8],"rotation":{"angle":0,"axis":"y","origin":[8,13,14]},"faces":{"north":{"uv":[3,11,4,12],"texture":"#0"},"east":{"uv":[3,11,4,12],"texture":"#0"},"south":{"uv":[3,11,4,12],"texture":"#0"},"west":{"uv":[3,11,4,12],"texture":"#0"},"up":{"uv":[3,11,4,12],"texture":"#0"},"down":{"uv":[3,11,4,12],"texture":"#0"}}},{"from":[7.5,7,8],"to":[8.5,8,9],"rotation":{"angle":0,"axis":"y","origin":[8,14,15]},"faces":{"north":{"uv":[3,11,4,12],"texture":"#0"},"east":{"uv":[3,11,4,12],"texture":"#0"},"south":{"uv":[3,11,4,12],"texture":"#0"},"west":{"uv":[3,11,4,12],"texture":"#0"},"up":{"uv":[3,11,4,12],"texture":"#0"},"down":{"uv":[3,11,4,12],"texture":"#0"}}},{"from":[7.5,8,7],"to":[8.5,9,8],"rotation":{"angle":0,"axis":"y","origin":[8,15,14]},"faces":{"north":{"uv":[9,7,10,8],"texture":"#0"},"east":{"uv":[9,7,10,8],"texture":"#0"},"south":{"uv":[9,7,10,8],"texture":"#0"},"west":{"uv":[9,7,10,8],"texture":"#0"},"up":{"uv":[9,7,10,8],"texture":"#0"},"down":{"uv":[9,7,10,8],"texture":"#0"}}},{"from":[7.5,9,10],"to":[8.5,10,11],"rotation":{"angle":0,"axis":"y","origin":[8,16,17]},"faces":{"north":{"uv":[3,11,4,12],"texture":"#0"},"east":{"uv":[3,11,4,12],"texture":"#0"},"south":{"uv":[3,11,4,12],"texture":"#0"},"west":{"uv":[3,11,4,12],"texture":"#0"},"up":{"uv":[3,11,4,12],"texture":"#0"},"down":{"uv":[3,11,4,12],"texture":"#0"}}},{"from":[7.5,12,6],"to":[8.5,13,7],"rotation":{"angle":0,"axis":"y","origin":[8,19,13]},"faces":{"north":{"uv":[3,11,4,12],"texture":"#0"},"east":{"uv":[3,11,4,12],"texture":"#0"},"south":{"uv":[3,11,4,12],"texture":"#0"},"west":{"uv":[3,11,4,12],"texture":"#0"},"up":{"uv":[3,11,4,12],"texture":"#0"},"down":{"uv":[3,11,4,12],"texture":"#0"}}},{"from":[7.5,11,5],"to":[8.5,12,6],"rotation":{"angle":0,"axis":"y","origin":[8,18,12]},"faces":{"north":{"uv":[3,11,4,12],"texture":"#0"},"east":{"uv":[3,11,4,12],"texture":"#0"},"south":{"uv":[3,11,4,12],"texture":"#0"},"west":{"uv":[3,11,4,12],"texture":"#0"},"up":{"uv":[3,11,4,12],"texture":"#0"},"down":{"uv":[3,11,4,12],"texture":"#0"}}},{"from":[7.5,10,9],"to":[8.5,11,10],"rotation":{"angle":0,"axis":"y","origin":[8,17,16]},"faces":{"north":{"uv":[11,5,12,6],"texture":"#0"},"east":{"uv":[11,5,12,6],"texture":"#0"},"south":{"uv":[11,5,12,6],"texture":"#0"},"west":{"uv":[11,5,12,6],"texture":"#0"},"up":{"uv":[11,5,12,6],"texture":"#0"},"down":{"uv":[11,5,12,6],"texture":"#0"}}},{"from":[7.5,6,9],"to":[8.5,7,11],"rotation":{"angle":0,"axis":"y","origin":[8,13,16]},"faces":{"north":{"uv":[3,11,4,12],"texture":"#0"},"east":{"uv":[3,11,4,12],"texture":"#0"},"south":{"uv":[3,11,4,12],"texture":"#0"},"west":{"uv":[3,11,4,12],"texture":"#0"},"up":{"uv":[3,11,4,12],"texture":"#0"},"down":{"uv":[3,11,4,12],"texture":"#0"}}},{"from":[7.5,13,7],"to":[8.5,14,9],"rotation":{"angle":0,"axis":"y","origin":[8,20,14]},"faces":{"north":{"uv":[3,11,4,12],"texture":"#0"},"east":{"uv":[3,11,4,12],"texture":"#0"},"south":{"uv":[3,11,4,12],"texture":"#0"},"west":{"uv":[3,11,4,12],"texture":"#0"},"up":{"uv":[3,11,4,12],"texture":"#0"},"down":{"uv":[3,11,4,12],"texture":"#0"}}},{"from":[7.5,8,5],"to":[8.5,9,7],"rotation":{"angle":0,"axis":"y","origin":[8,15,12]},"faces":{"north":{"uv":[3,11,4,12],"texture":"#0"},"east":{"uv":[3,11,4,12],"texture":"#0"},"south":{"uv":[3,11,4,12],"texture":"#0"},"west":{"uv":[3,11,4,12],"texture":"#0"},"up":{"uv":[3,11,4,12],"texture":"#0"},"down":{"uv":[3,11,4,12],"texture":"#0"}}},{"from":[7.5,11,9],"to":[8.5,13,10],"rotation":{"angle":0,"axis":"y","origin":[8,18,15]},"faces":{"north":{"uv":[3,11,4,12],"texture":"#0"},"east":{"uv":[3,11,4,12],"texture":"#0"},"south":{"uv":[3,11,4,12],"texture":"#0"},"west":{"uv":[3,11,4,12],"texture":"#0"},"up":{"uv":[3,11,4,12],"texture":"#0"},"down":{"uv":[3,11,4,12],"texture":"#0"}}},{"from":[7.5,9,4],"to":[8.5,11,5],"rotation":{"angle":0,"axis":"y","origin":[8,16,10]},"faces":{"north":{"uv":[3,11,4,12],"texture":"#0"},"east":{"uv":[3,11,4,12],"texture":"#0"},"south":{"uv":[3,11,4,12],"texture":"#0"},"west":{"uv":[3,11,4,12],"texture":"#0"},"up":{"uv":[3,11,4,12],"texture":"#0"},"down":{"uv":[3,11,4,12],"texture":"#0"}}},{"from":[7.5,7,11],"to":[8.5,9,12],"rotation":{"angle":0,"axis":"y","origin":[8,14,18]},"faces":{"north":{"uv":[3,11,4,12],"texture":"#0"},"east":{"uv":[3,11,4,12],"texture":"#0"},"south":{"uv":[3,11,4,12],"texture":"#0"},"west":{"uv":[3,11,4,12],"texture":"#0"},"up":{"uv":[3,11,4,12],"texture":"#0"},"down":{"uv":[3,11,4,12],"texture":"#0"}}},{"from":[7.5,3,2],"to":[8.5,4,3],"rotation":{"angle":0,"axis":"y","origin":[8,10,9]},"faces":{"north":{"uv":[4,12,5,13],"texture":"#0"},"east":{"uv":[4,12,5,13],"texture":"#0"},"south":{"uv":[4,12,5,13],"texture":"#0"},"west":{"uv":[4,12,5,13],"texture":"#0"},"up":{"uv":[4,12,5,13],"texture":"#0"},"down":{"uv":[4,12,5,13],"texture":"#0"}}},{"from":[7.5,4,3],"to":[8.5,5,4],"rotation":{"angle":0,"axis":"y","origin":[8,11,10]},"faces":{"north":{"uv":[4,12,5,13],"texture":"#0"},"east":{"uv":[4,12,5,13],"texture":"#0"},"south":{"uv":[4,12,5,13],"texture":"#0"},"west":{"uv":[4,12,5,13],"texture":"#0"},"up":{"uv":[4,12,5,13],"texture":"#0"},"down":{"uv":[4,12,5,13],"texture":"#0"}}},{"from":[7.5,5,4],"to":[8.5,6,5],"rotation":{"angle":0,"axis":"y","origin":[8,12,11]},"faces":{"north":{"uv":[4,12,5,13],"texture":"#0"},"east":{"uv":[4,12,5,13],"texture":"#0"},"south":{"uv":[4,12,5,13],"texture":"#0"},"west":{"uv":[4,12,5,13],"texture":"#0"},"up":{"uv":[4,12,5,13],"texture":"#0"},"down":{"uv":[4,12,5,13],"texture":"#0"}}},{"from":[7.5,6,5],"to":[8.5,7,6],"rotation":{"angle":0,"axis":"y","origin":[8,13,12]},"faces":{"north":{"uv":[4,12,5,13],"texture":"#0"},"east":{"uv":[4,12,5,13],"texture":"#0"},"south":{"uv":[4,12,5,13],"texture":"#0"},"west":{"uv":[4,12,5,13],"texture":"#0"},"up":{"uv":[4,12,5,13],"texture":"#0"},"down":{"uv":[4,12,5,13],"texture":"#0"}}},{"from":[7.5,7,6],"to":[8.5,8,7],"rotation":{"angle":0,"axis":"y","origin":[8,14,13]},"faces":{"north":{"uv":[4,12,5,13],"texture":"#0"},"east":{"uv":[4,12,5,13],"texture":"#0"},"south":{"uv":[4,12,5,13],"texture":"#0"},"west":{"uv":[4,12,5,13],"texture":"#0"},"up":{"uv":[4,12,5,13],"texture":"#0"},"down":{"uv":[4,12,5,13],"texture":"#0"}}},{"from":[7.3,1,1],"to":[8.7,2,2],"rotation":{"angle":0,"axis":"y","origin":[8,9,9]},"faces":{"north":{"uv":[2,13,3,14],"texture":"#0"},"east":{"uv":[2,13,3,14],"texture":"#0"},"south":{"uv":[2,13,3,14],"texture":"#0"},"west":{"uv":[2,13,3,14],"texture":"#0"},"up":{"uv":[2,13,3,14],"texture":"#0"},"down":{"uv":[2,13,3,14],"texture":"#0"}}},{"from":[7.3,2,2],"to":[8.7,3,3],"rotation":{"angle":0,"axis":"y","origin":[8,10,10]},"faces":{"north":{"uv":[3,12,4,13],"texture":"#0"},"east":{"uv":[3,12,4,13],"texture":"#0"},"south":{"uv":[3,12,4,13],"texture":"#0"},"west":{"uv":[3,12,4,13],"texture":"#0"},"up":{"uv":[3,12,4,13],"texture":"#0"},"down":{"uv":[3,12,4,13],"texture":"#0"}}},{"from":[7.3,3,3],"to":[8.7,4,4],"rotation":{"angle":0,"axis":"y","origin":[8,11,11]},"faces":{"north":{"uv":[4,11,5,12],"texture":"#0"},"east":{"uv":[4,11,5,12],"texture":"#0"},"south":{"uv":[4,11,5,12],"texture":"#0"},"west":{"uv":[4,11,5,12],"texture":"#0"},"up":{"uv":[4,11,5,12],"texture":"#0"},"down":{"uv":[4,11,5,12],"texture":"#0"}}},{"from":[7.3,4,4],"to":[8.7,5,5],"rotation":{"angle":0,"axis":"y","origin":[8,12,12]},"faces":{"north":{"uv":[5,10,6,11],"texture":"#0"},"east":{"uv":[5,10,6,11],"texture":"#0"},"south":{"uv":[5,10,6,11],"texture":"#0"},"west":{"uv":[5,10,6,11],"texture":"#0"},"up":{"uv":[5,10,6,11],"texture":"#0"},"down":{"uv":[5,10,6,11],"texture":"#0"}}},{"from":[7.3,5,5],"to":[8.7,6,6],"rotation":{"angle":0,"axis":"y","origin":[8,13,13]},"faces":{"north":{"uv":[6,9,7,10],"texture":"#0"},"east":{"uv":[6,9,7,10],"texture":"#0"},"south":{"uv":[6,9,7,10],"texture":"#0"},"west":{"uv":[6,9,7,10],"texture":"#0"},"up":{"uv":[6,9,7,10],"texture":"#0"},"down":{"uv":[6,9,7,10],"texture":"#0"}}},{"from":[7.3,6,6],"to":[8.7,7,7],"rotation":{"angle":0,"axis":"y","origin":[8,14,14]},"faces":{"north":{"uv":[7,8,8,9],"texture":"#0"},"east":{"uv":[7,8,8,9],"texture":"#0"},"south":{"uv":[7,8,8,9],"texture":"#0"},"west":{"uv":[7,8,8,9],"texture":"#0"},"up":{"uv":[7,8,8,9],"texture":"#0"},"down":{"uv":[7,8,8,9],"texture":"#0"}}},{"from":[7.3,7,7],"to":[8.7,8,8],"rotation":{"angle":0,"axis":"y","origin":[8,15,15]},"faces":{"north":{"uv":[8,7,9,8],"texture":"#0"},"east":{"uv":[8,7,9,8],"texture":"#0"},"south":{"uv":[8,7,9,8],"texture":"#0"},"west":{"uv":[8,7,9,8],"texture":"#0"},"up":{"uv":[8,7,9,8],"texture":"#0"},"down":{"uv":[8,7,9,8],"texture":"#0"}}},{"from":[7.3,10,10],"to":[8.7,11,11],"rotation":{"angle":0,"axis":"y","origin":[8,18,18]},"faces":{"north":{"uv":[11,4,12,5],"texture":"#0"},"east":{"uv":[11,4,12,5],"texture":"#0"},"south":{"uv":[11,4,12,5],"texture":"#0"},"west":{"uv":[11,4,12,5],"texture":"#0"},"up":{"uv":[11,4,12,5],"texture":"#0"},"down":{"uv":[11,4,12,5],"texture":"#0"}}},{"from":[7.2,7,9],"to":[8.8,8,10],"rotation":{"angle":0,"axis":"y","origin":[8,15,17]},"faces":{"north":{"uv":[8,5,9,6],"texture":"#0"},"east":{"uv":[8,5,9,6],"texture":"#0"},"south":{"uv":[8,5,9,6],"texture":"#0"},"west":{"uv":[8,5,9,6],"texture":"#0"},"up":{"uv":[8,5,9,6],"texture":"#0"},"down":{"uv":[8,5,9,6],"texture":"#0"}}},{"from":[7.2,8,9],"to":[8.8,9,10],"rotation":{"angle":0,"axis":"y","origin":[8,16,17]},"faces":{"north":{"uv":[9,5,10,6],"texture":"#0"},"east":{"uv":[9,5,10,6],"texture":"#0"},"south":{"uv":[9,5,10,6],"texture":"#0"},"west":{"uv":[9,5,10,6],"texture":"#0"},"up":{"uv":[9,5,10,6],"texture":"#0"},"down":{"uv":[9,5,10,6],"texture":"#0"}}},{"from":[7.2,8,8],"to":[8.8,9,9],"rotation":{"angle":0,"axis":"y","origin":[8,16,16]},"faces":{"north":{"uv":[9,6,10,7],"texture":"#0"},"east":{"uv":[9,6,10,7],"texture":"#0"},"south":{"uv":[9,6,10,7],"texture":"#0"},"west":{"uv":[9,6,10,7],"texture":"#0"},"up":{"uv":[9,6,10,7],"texture":"#0"},"down":{"uv":[9,6,10,7],"texture":"#0"}}},{"from":[7.2,9,6],"to":[8.8,10,7],"rotation":{"angle":0,"axis":"y","origin":[8,17,14]},"faces":{"north":{"uv":[10,8,11,9],"texture":"#0"},"east":{"uv":[10,8,11,9],"texture":"#0"},"south":{"uv":[10,8,11,9],"texture":"#0"},"west":{"uv":[10,8,11,9],"texture":"#0"},"up":{"uv":[10,8,11,9],"texture":"#0"},"down":{"uv":[10,8,11,9],"texture":"#0"}}},{"from":[7.2,10,8],"to":[8.8,11,9],"rotation":{"angle":0,"axis":"y","origin":[8,18,16]},"faces":{"north":{"uv":[9,6,10,7],"texture":"#0"},"east":{"uv":[9,6,10,7],"texture":"#0"},"south":{"uv":[9,6,10,7],"texture":"#0"},"west":{"uv":[9,6,10,7],"texture":"#0"},"up":{"uv":[9,6,10,7],"texture":"#0"},"down":{"uv":[9,6,10,7],"texture":"#0"}}},{"from":[7.2,11,7],"to":[8.8,12,9],"rotation":{"angle":0,"axis":"y","origin":[8,19,16]},"faces":{"north":{"uv":[11,7,12,8],"texture":"#0"},"east":{"uv":[11,7,12,8],"texture":"#0"},"south":{"uv":[11,7,12,8],"texture":"#0"},"west":{"uv":[11,7,12,8],"texture":"#0"},"up":{"uv":[11,7,12,8],"texture":"#0"},"down":{"uv":[11,7,12,8],"texture":"#0"}}},{"from":[7.2,10,6],"to":[8.8,11,8],"rotation":{"angle":0,"axis":"y","origin":[8,18,15]},"faces":{"north":{"uv":[11,7,12,8],"texture":"#0"},"east":{"uv":[11,7,12,8],"texture":"#0"},"south":{"uv":[11,7,12,8],"texture":"#0"},"west":{"uv":[11,7,12,8],"texture":"#0"},"up":{"uv":[11,7,12,8],"texture":"#0"},"down":{"uv":[11,7,12,8],"texture":"#0"}}},{"from":[7.2,11,6],"to":[8.8,12,7],"rotation":{"angle":0,"axis":"y","origin":[8,19,14]},"faces":{"north":{"uv":[12,8,13,9],"texture":"#0"},"east":{"uv":[12,8,13,9],"texture":"#0"},"south":{"uv":[12,8,13,9],"texture":"#0"},"west":{"uv":[12,8,13,9],"texture":"#0"},"up":{"uv":[12,8,13,9],"texture":"#0"},"down":{"uv":[12,8,13,9],"texture":"#0"}}},{"from":[7.2,9,5],"to":[8.8,11,6],"rotation":{"angle":0,"axis":"y","origin":[8,18,13]},"faces":{"north":{"uv":[12,8,13,9],"texture":"#0"},"east":{"uv":[12,8,13,9],"texture":"#0"},"south":{"uv":[12,8,13,9],"texture":"#0"},"west":{"uv":[12,8,13,9],"texture":"#0"},"up":{"uv":[12,8,13,9],"texture":"#0"},"down":{"uv":[12,8,13,9],"texture":"#0"}}},{"from":[7.2,12,7],"to":[8.8,13,9],"rotation":{"angle":0,"axis":"y","origin":[8,20,16]},"faces":{"north":{"uv":[10,9,11,10],"texture":"#0"},"east":{"uv":[10,9,11,10],"texture":"#0"},"south":{"uv":[10,9,11,10],"texture":"#0"},"west":{"uv":[10,9,11,10],"texture":"#0"},"up":{"uv":[10,9,11,10],"texture":"#0"},"down":{"uv":[10,9,11,10],"texture":"#0"}}},{"from":[7.2,9,7],"to":[8.8,10,10],"rotation":{"angle":0,"axis":"y","origin":[8,17,17]},"faces":{"north":{"uv":[10,6,11,7],"texture":"#0"},"east":{"uv":[10,6,11,7],"texture":"#0"},"south":{"uv":[10,6,11,7],"texture":"#0"},"west":{"uv":[10,6,11,7],"texture":"#0"},"up":{"uv":[10,6,11,7],"texture":"#0"},"down":{"uv":[10,6,11,7],"texture":"#0"}}},{"from":[7.2,7,10],"to":[8.8,9,11],"rotation":{"angle":0,"axis":"y","origin":[8,15,18]},"faces":{"north":{"uv":[8,5,9,6],"texture":"#0"},"east":{"uv":[8,5,9,6],"texture":"#0"},"south":{"uv":[8,5,9,6],"texture":"#0"},"west":{"uv":[8,5,9,6],"texture":"#0"},"up":{"uv":[8,5,9,6],"texture":"#0"},"down":{"uv":[8,5,9,6],"texture":"#0"}}}]}