{"display":{"thirdperson_righthand":{"rotation":[-42.5,-68,0],"translation":[0,4,-4]},"thirdperson_lefthand":{"rotation":[-42.5,-68,0],"translation":[0,4,-4]},"firstperson_righthand":{"rotation":[-40.75,-64,0]},"firstperson_lefthand":{"rotation":[-40.75,-64,0]},"ground":{"translation":[0,5.25,0]},"gui":{"rotation":[1.5,-149.25,-22.5]}},"gui_light":"front","textures":{"0":"block/ladder","particle":"block/ladder"},"elements":[{"from":[1,1,7.5],"to":[2,3,8.5],"rotation":{"angle":0,"axis":"y","origin":[9,9,8]},"faces":{"north":{"uv":[14,13,15,15],"texture":"#0"},"east":{"uv":[14,13,15,15],"texture":"#0"},"south":{"uv":[14,13,15,15],"texture":"#0"},"west":{"uv":[14,13,15,15],"texture":"#0"},"up":{"uv":[14,13,15,14],"texture":"#0"},"down":{"uv":[14,14,15,15],"texture":"#0"}}},{"from":[1,5,7.5],"to":[2,7,8.5],"rotation":{"angle":0,"axis":"y","origin":[9,13,8]},"faces":{"north":{"uv":[14,13,15,15],"texture":"#0"},"east":{"uv":[14,13,15,15],"texture":"#0"},"south":{"uv":[14,13,15,15],"texture":"#0"},"west":{"uv":[14,13,15,15],"texture":"#0"},"up":{"uv":[14,13,15,14],"texture":"#0"},"down":{"uv":[14,14,15,15],"texture":"#0"}}},{"from":[1,9,7.5],"to":[2,11,8.5],"rotation":{"angle":0,"axis":"y","origin":[9,17,8]},"faces":{"north":{"uv":[14,13,15,15],"texture":"#0"},"east":{"uv":[14,13,15,15],"texture":"#0"},"south":{"uv":[14,13,15,15],"texture":"#0"},"west":{"uv":[14,13,15,15],"texture":"#0"},"up":{"uv":[14,13,15,14],"texture":"#0"},"down":{"uv":[14,14,15,15],"texture":"#0"}}},{"from":[14,9,7.5],"to":[15,11,8.5],"rotation":{"angle":0,"axis":"y","origin":[22,17,8]},"faces":{"north":{"uv":[14,13,15,15],"texture":"#0"},"east":{"uv":[14,13,15,15],"texture":"#0"},"south":{"uv":[14,13,15,15],"texture":"#0"},"west":{"uv":[14,13,15,15],"texture":"#0"},"up":{"uv":[14,13,15,14],"texture":"#0"},"down":{"uv":[14,14,15,15],"texture":"#0"}}},{"from":[4,9,7.5],"to":[12,11,8.5],"rotation":{"angle":0,"axis":"y","origin":[19,17,8]},"faces":{"north":{"uv":[4,5,12,7],"texture":"#0"},"east":{"uv":[4,5,12,7],"texture":"#0"},"south":{"uv":[12,5,4,7],"texture":"#0"},"west":{"uv":[4,5,12,7],"texture":"#0"},"up":{"uv":[4,5,12,6],"rotation":180,"texture":"#0"},"down":{"uv":[4,6,12,7],"rotation":180,"texture":"#0"}}},{"from":[4,13,7.5],"to":[12,15,8.5],"rotation":{"angle":0,"axis":"y","origin":[19,21,8]},"faces":{"north":{"uv":[4,1,12,3],"texture":"#0"},"east":{"uv":[12,1,4,3],"texture":"#0"},"south":{"uv":[4,1,12,3],"texture":"#0"},"west":{"uv":[12,1,4,3],"texture":"#0"},"up":{"uv":[12,1,4,2],"texture":"#0"},"down":{"uv":[12,2,4,3],"texture":"#0"}}},{"from":[4,5,7.5],"to":[12,7,8.5],"rotation":{"angle":0,"axis":"y","origin":[19,13,8]},"faces":{"north":{"uv":[4,9,12,11],"texture":"#0"},"east":{"uv":[12,9,4,11],"texture":"#0"},"south":{"uv":[4,9,12,11],"texture":"#0"},"west":{"uv":[12,9,4,11],"texture":"#0"},"up":{"uv":[12,9,4,10],"texture":"#0"},"down":{"uv":[12,10,4,11],"texture":"#0"}}},{"from":[4,1,7.5],"to":[12,3,8.5],"rotation":{"angle":0,"axis":"y","origin":[19,9,8]},"faces":{"north":{"uv":[4,13,12,15],"texture":"#0"},"east":{"uv":[4,13,12,15],"texture":"#0"},"south":{"uv":[12,13,4,15],"texture":"#0"},"west":{"uv":[4,13,12,15],"texture":"#0"},"up":{"uv":[4,13,12,14],"rotation":180,"texture":"#0"},"down":{"uv":[4,14,12,15],"rotation":180,"texture":"#0"}}},{"from":[14,13,7.5],"to":[15,15,8.5],"rotation":{"angle":0,"axis":"y","origin":[22,21,8]},"faces":{"north":{"uv":[14,13,15,15],"texture":"#0"},"east":{"uv":[14,13,15,15],"texture":"#0"},"south":{"uv":[14,13,15,15],"texture":"#0"},"west":{"uv":[14,13,15,15],"texture":"#0"},"up":{"uv":[14,13,15,14],"texture":"#0"},"down":{"uv":[14,14,15,15],"texture":"#0"}}},{"from":[14,5,7.5],"to":[15,7,8.5],"rotation":{"angle":0,"axis":"y","origin":[22,13,8]},"faces":{"north":{"uv":[14,13,15,15],"texture":"#0"},"east":{"uv":[14,13,15,15],"texture":"#0"},"south":{"uv":[14,13,15,15],"texture":"#0"},"west":{"uv":[14,13,15,15],"texture":"#0"},"up":{"uv":[14,13,15,14],"texture":"#0"},"down":{"uv":[14,14,15,15],"texture":"#0"}}},{"from":[14,1,7.5],"to":[15,3,8.5],"rotation":{"angle":0,"axis":"y","origin":[22,9,8]},"faces":{"north":{"uv":[14,13,15,15],"texture":"#0"},"east":{"uv":[14,13,15,15],"texture":"#0"},"south":{"uv":[14,13,15,15],"texture":"#0"},"west":{"uv":[14,13,15,15],"texture":"#0"},"up":{"uv":[14,13,15,14],"texture":"#0"},"down":{"uv":[14,14,15,15],"texture":"#0"}}},{"from":[1,13,7.5],"to":[2,15,8.5],"rotation":{"angle":0,"axis":"y","origin":[9,21,8]},"faces":{"north":{"uv":[14,13,15,15],"texture":"#0"},"east":{"uv":[14,13,15,15],"texture":"#0"},"south":{"uv":[14,13,15,15],"texture":"#0"},"west":{"uv":[14,13,15,15],"texture":"#0"},"up":{"uv":[14,13,15,14],"texture":"#0"},"down":{"uv":[14,14,15,15],"texture":"#0"}}},{"from":[2,0,7.5],"to":[3,16,8.5],"rotation":{"angle":0,"axis":"y","origin":[10,22,8]},"faces":{"north":{"uv":[13,0,14,16],"texture":"#0"},"east":{"uv":[13,0,14,16],"texture":"#0"},"south":{"uv":[13,0,14,16],"texture":"#0"},"west":{"uv":[13,0,14,16],"texture":"#0"},"up":{"uv":[13,0,14,1],"texture":"#0"},"down":{"uv":[13,15,14,16],"texture":"#0"}}},{"from":[3,0,7.5],"to":[4,16,8.5],"rotation":{"angle":0,"axis":"y","origin":[11,22,8]},"faces":{"north":{"uv":[12,0,13,16],"texture":"#0"},"east":{"uv":[12,0,13,16],"texture":"#0"},"south":{"uv":[12,0,13,16],"texture":"#0"},"west":{"uv":[12,0,13,16],"texture":"#0"},"up":{"uv":[12,0,13,2],"texture":"#0"},"down":{"uv":[12,15,13,16],"texture":"#0"}}},{"from":[12,0,7.5],"to":[13,16,8.5],"rotation":{"angle":0,"axis":"y","origin":[20,22,8]},"faces":{"north":{"uv":[3,0,4,16],"texture":"#0"},"east":{"uv":[3,0,4,16],"texture":"#0"},"south":{"uv":[3,0,4,16],"texture":"#0"},"west":{"uv":[3,0,4,16],"texture":"#0"},"up":{"uv":[3,0,4,1],"texture":"#0"},"down":{"uv":[3,15,4,16],"texture":"#0"}}},{"from":[13,0,7.5],"to":[14,16,8.5],"rotation":{"angle":0,"axis":"y","origin":[21,22,8]},"faces":{"north":{"uv":[2,0,3,16],"texture":"#0"},"east":{"uv":[2,0,3,16],"texture":"#0"},"south":{"uv":[2,0,3,16],"texture":"#0"},"west":{"uv":[2,0,3,16],"texture":"#0"},"up":{"uv":[2,0,3,1],"texture":"#0"},"down":{"uv":[2,15,3,16],"texture":"#0"}}}]}