{"display":{"thirdperson_righthand":{"rotation":[16.71,71.4,-0.83],"translation":[4.5,5.25,0.25],"scale":[0.7,0.7,0.7]},"thirdperson_lefthand":{"rotation":[-138.97,-58.12,-140.96],"translation":[0,6,-2.75],"scale":[0.7,0.7,0.7]},"firstperson_righthand":{"rotation":[-17.27,26.59,-25.81],"translation":[1.5,5.75,5.5],"scale":[0.5,0.5,0.5]},"firstperson_lefthand":{"rotation":[166.28,-20.89,-170.27],"translation":[-1,5,0.75],"scale":[0.5,0.5,0.5]},"ground":{"translation":[1,0,2.75],"scale":[0.4,0.4,0.4]},"gui":{"rotation":[-174.48,67.81,163.71],"translation":[4.25,3.25,0],"scale":[1.4,1.4,1.4]},"head":{"rotation":[180,12,180],"scale":[0.1,0.1,0.1]},"fixed":{"rotation":[14.77,-83.67,13.37],"translation":[-7.5,3.25,4.5],"scale":[1.4,1.4,1.4]}},"texture_size":[64,64],"textures":{"0":"item/book/1","particle":"1"},"elements":[{"from":[3,0,-1.5],"to":[4,10,4.5],"rotation":{"angle":45,"axis":"y","origin":[0,0,0]},"faces":{"north":{"uv":[2.75,0,3,2.5],"texture":"#0"},"east":{"uv":[1.5,0,3,2.5],"texture":"#0"},"south":{"uv":[1.5,0,1.75,2.5],"texture":"#0"},"west":{"uv":[0,0,1.5,2.5],"texture":"#0"},"up":{"uv":[5.5,0,7,0.25],"rotation":90,"texture":"#0"},"down":{"uv":[5.5,0,7,0.25],"rotation":270,"texture":"#0"}}},{"from":[-3,1,4.5],"to":[2,9,5.5],"rotation":{"angle":45,"axis":"y","origin":[0,0,0]},"faces":{"north":{"uv":[7.25,2.5,8.5,4.5],"texture":"#0"},"east":{"uv":[3,3.75,3.25,4],"texture":"#0"},"south":{"uv":[7.25,2.5,8.5,4.5],"texture":"#0"},"west":{"uv":[4.5,3.75,4.75,4],"texture":"#0"},"up":{"uv":[4.5,2.75,4.75,3],"texture":"#0"},"down":{"uv":[3,3.25,3.25,3.5],"texture":"#0"}}},{"from":[-0.4,1,-2.7],"to":[4.6,9,-1.7],"rotation":{"angle":-45,"axis":"y","origin":[0,0,0]},"faces":{"north":{"uv":[6,2.5,7.25,4.5],"texture":"#0"},"east":{"uv":[3,3.75,3.25,4],"texture":"#0"},"south":{"uv":[6,2.5,7.25,4.5],"texture":"#0"},"west":{"uv":[4.5,3.75,4.75,4],"texture":"#0"},"up":{"uv":[4.5,2.75,4.75,3],"texture":"#0"},"down":{"uv":[3,3.25,3.25,3.5],"texture":"#0"}}},{"from":[5,0,1],"to":[6,10,3],"faces":{"north":{"uv":[1.5,0,1.75,2.5],"texture":"#0"},"east":{"uv":[3,0,3.5,2.5],"texture":"#0"},"south":{"uv":[1.5,0,1.75,2.5],"texture":"#0"},"west":{"uv":[3.5,0,4,2.5],"texture":"#0"},"up":{"uv":[0,0.75,0.25,1.25],"texture":"#0"},"down":{"uv":[0,0.75,0.25,1.25],"texture":"#0"}}},{"from":[-4.4,0,5.8],"to":[1.6,10,6.8],"rotation":{"angle":45,"axis":"y","origin":[0,0,0]},"faces":{"north":{"uv":[4,0,5.5,2.5],"texture":"#0"},"east":{"uv":[6.75,0,7,2.5],"texture":"#0"},"south":{"uv":[5.5,0,7,2.5],"texture":"#0"},"west":{"uv":[5.5,0,5.75,2.5],"texture":"#0"},"up":{"uv":[5.5,0,7,0.25],"texture":"#0"},"down":{"uv":[5.5,0,7,0.25],"texture":"#0"}}},{"from":[-0.3,0,-2.2],"to":[5.7,10,-1.2],"rotation":{"angle":-22.5,"axis":"y","origin":[0,0,0]},"faces":{"north":{"uv":[1.5,5,3,7.5],"texture":"#0"},"east":{"uv":[1.5,5,1.75,7.5],"texture":"#0"},"south":{"uv":[0,5,1.5,7.5],"texture":"#0"},"west":{"uv":[2.75,5,3,7.5],"texture":"#0"},"up":{"uv":[5.5,5,7,5.25],"texture":"#0"},"down":{"uv":[5.5,5,7,5.25],"texture":"#0"}}},{"from":[-1,1,3.7],"to":[4,9,4.7],"rotation":{"angle":22.5,"axis":"y","origin":[0,0,0]},"faces":{"north":{"uv":[7.25,7.5,8.5,9.5],"texture":"#0"},"east":{"uv":[3,8.75,3.25,9],"texture":"#0"},"south":{"uv":[7.25,7.5,8.5,9.5],"texture":"#0"},"west":{"uv":[4.5,8.75,4.75,9],"texture":"#0"},"up":{"uv":[4.5,7.75,4.75,8],"texture":"#0"},"down":{"uv":[3,8.25,3.25,8.5],"texture":"#0"}}},{"from":[0.7,1,-1],"to":[5.7,9,0],"rotation":{"angle":-22.5,"axis":"y","origin":[0,0,0]},"faces":{"north":{"uv":[6,7.5,7.25,9.5],"texture":"#0"},"east":{"uv":[3,8.75,3.25,9],"texture":"#0"},"south":{"uv":[6,7.5,7.25,9.5],"texture":"#0"},"west":{"uv":[4.5,8.75,4.75,9],"texture":"#0"},"up":{"uv":[4.5,7.75,4.75,8],"texture":"#0"},"down":{"uv":[3,8.25,3.25,8.5],"texture":"#0"}}},{"from":[5,0,1],"to":[6,10,3],"faces":{"north":{"uv":[1.5,5,1.75,7.5],"texture":"#0"},"east":{"uv":[3,5,3.5,7.5],"texture":"#0"},"south":{"uv":[1.5,5,1.75,7.5],"texture":"#0"},"west":{"uv":[3.5,5,4,7.5],"texture":"#0"},"up":{"uv":[0,5.75,0.25,6.25],"texture":"#0"},"down":{"uv":[0,5.75,0.25,6.25],"texture":"#0"}}},{"from":[-1.9,0,4.8],"to":[4.1,10,5.8],"rotation":{"angle":22.5,"axis":"y","origin":[0,0,0]},"faces":{"north":{"uv":[4,5,5.5,7.5],"texture":"#0"},"east":{"uv":[6.75,5,7,7.5],"texture":"#0"},"south":{"uv":[5.5,5,7,7.5],"texture":"#0"},"west":{"uv":[5.5,5,5.75,7.5],"texture":"#0"},"up":{"uv":[5.5,5,7,5.25],"texture":"#0"},"down":{"uv":[5.5,5,7,5.25],"texture":"#0"}}},{"from":[0,0,0],"to":[6,10,1],"faces":{"north":{"uv":[1.5,10,3,12.5],"texture":"#0"},"east":{"uv":[1.5,10,1.75,12.5],"texture":"#0"},"south":{"uv":[0,10,1.5,12.5],"texture":"#0"},"west":{"uv":[2.75,10,3,12.5],"texture":"#0"},"up":{"uv":[5.5,10,7,10.25],"texture":"#0"},"down":{"uv":[5.5,10,7,10.25],"texture":"#0"}}},{"from":[0.8,1,1],"to":[5.8,9,2],"faces":{"north":{"uv":[7.25,12.5,8.5,14.5],"texture":"#0"},"east":{"uv":[3,13.75,3.25,14],"texture":"#0"},"south":{"uv":[7.25,12.5,8.5,14.5],"texture":"#0"},"west":{"uv":[4.5,13.75,4.75,14],"texture":"#0"},"up":{"uv":[4.5,12.75,4.75,13],"texture":"#0"},"down":{"uv":[3,13.25,3.25,13.5],"texture":"#0"}}},{"from":[0.9,1,2],"to":[5.9,9,3],"faces":{"north":{"uv":[6,12.5,7.25,14.5],"texture":"#0"},"east":{"uv":[3,13.75,3.25,14],"texture":"#0"},"south":{"uv":[6,12.5,7.25,14.5],"texture":"#0"},"west":{"uv":[4.5,13.75,4.75,14],"texture":"#0"},"up":{"uv":[4.5,12.75,4.75,13],"texture":"#0"},"down":{"uv":[3,13.25,3.25,13.5],"texture":"#0"}}},{"from":[5,0,1],"to":[6,10,3],"faces":{"north":{"uv":[1.5,10,1.75,12.5],"texture":"#0"},"east":{"uv":[3,10,3.5,12.5],"texture":"#0"},"south":{"uv":[1.5,10,1.75,12.5],"texture":"#0"},"west":{"uv":[3.5,10,4,12.5],"texture":"#0"},"up":{"uv":[0,10.75,0.25,11.25],"texture":"#0"},"down":{"uv":[0,10.75,0.25,11.25],"texture":"#0"}}},{"from":[0,0,3],"to":[6,10,4],"faces":{"north":{"uv":[4,10,5.5,12.5],"texture":"#0"},"east":{"uv":[6.75,10,7,12.5],"texture":"#0"},"south":{"uv":[5.5,10,7,12.5],"texture":"#0"},"west":{"uv":[5.5,10,5.75,12.5],"texture":"#0"},"up":{"uv":[5.5,10,7,10.25],"texture":"#0"},"down":{"uv":[5.5,10,7,10.25],"texture":"#0"}}},{"from":[3.024,6.492,1],"to":[3.42,10.056,1.396],"faces":{"north":{"uv":[13.25,13.25,13.5,15.5],"texture":"#0"},"east":{"uv":[14.25,12.75,14.5,13],"texture":"#0"},"south":{"uv":[15.25,13.25,15.5,15.5],"texture":"#0"},"west":{"uv":[14.25,12.75,14.5,13],"texture":"#0"},"up":{"uv":[14.25,12.75,14.5,13],"texture":"#0"},"down":{"uv":[14.25,12.75,14.5,13],"texture":"#0"}}},{"from":[3.816,7.68,1],"to":[4.212,8.868,1.396],"faces":{"north":{"uv":[12.75,14,13,14.75],"texture":"#0"},"east":{"uv":[14.25,12.75,14.5,13],"texture":"#0"},"south":{"uv":[15.75,14,16,14.75],"texture":"#0"},"west":{"uv":[14.25,12.75,14.5,13],"texture":"#0"},"up":{"uv":[14.25,12.75,14.5,13],"texture":"#0"},"down":{"uv":[14.25,12.75,14.5,13],"texture":"#0"}}},{"from":[2.232,6.096,1],"to":[3.024,10.452,1.396],"faces":{"north":{"uv":[13.5,13,14,15.75],"texture":"#0"},"east":{"uv":[14.25,12.75,14.5,13],"texture":"#0"},"south":{"uv":[14.75,13,15.25,15.75],"texture":"#0"},"west":{"uv":[14.25,12.75,14.5,13],"texture":"#0"},"up":{"uv":[14.25,12.75,14.5,13],"texture":"#0"},"down":{"uv":[14.25,12.75,14.5,13],"texture":"#0"}}},{"from":[0.252,6.096,1],"to":[1.044,10.452,1.396],"faces":{"north":{"uv":[14.75,13,15.25,15.75],"texture":"#0"},"east":{"uv":[14.25,12.75,14.5,13],"texture":"#0"},"south":{"uv":[13.5,13,14,15.75],"texture":"#0"},"west":{"uv":[14.25,12.75,14.5,13],"texture":"#0"},"up":{"uv":[14.25,12.75,14.5,13],"texture":"#0"},"down":{"uv":[14.25,12.75,14.5,13],"texture":"#0"}}},{"from":[-0.144,6.492,1],"to":[0.252,10.056,1.396],"faces":{"north":{"uv":[15.25,13.25,15.5,15.5],"texture":"#0"},"east":{"uv":[14.25,12.75,14.5,13],"texture":"#0"},"south":{"uv":[13.25,13.25,13.5,15.5],"texture":"#0"},"west":{"uv":[14.25,12.75,14.5,13],"texture":"#0"},"up":{"uv":[14.25,12.75,14.5,13],"texture":"#0"},"down":{"uv":[14.25,12.75,14.5,13],"texture":"#0"}}},{"from":[-0.54,6.888,1],"to":[-0.144,9.66,1.396],"faces":{"north":{"uv":[15.5,13.5,15.75,15.25],"texture":"#0"},"east":{"uv":[14.25,12.75,14.5,13],"texture":"#0"},"south":{"uv":[13,13.5,13.25,15.25],"texture":"#0"},"west":{"uv":[14.25,12.75,14.5,13],"texture":"#0"},"up":{"uv":[14.25,12.75,14.5,13],"texture":"#0"},"down":{"uv":[14.25,12.75,14.5,13],"texture":"#0"}}},{"from":[-0.936,7.68,1],"to":[-0.54,8.868,1.396],"faces":{"north":{"uv":[15.75,14,16,14.75],"texture":"#0"},"east":{"uv":[14.25,12.75,14.5,13],"texture":"#0"},"south":{"uv":[12.75,14,13,14.75],"texture":"#0"},"west":{"uv":[14.25,12.75,14.5,13],"texture":"#0"},"up":{"uv":[14.25,12.75,14.5,13],"texture":"#0"},"down":{"uv":[14.25,12.75,14.5,13],"texture":"#0"}}},{"from":[3.42,6.888,1],"to":[3.816,9.66,1.396],"faces":{"north":{"uv":[13,13.5,13.25,15.25],"texture":"#0"},"east":{"uv":[14.25,12.75,14.5,13],"texture":"#0"},"south":{"uv":[15.5,13.5,15.75,15.25],"texture":"#0"},"west":{"uv":[14.25,12.75,14.5,13],"texture":"#0"},"up":{"uv":[14.25,12.75,14.5,13],"texture":"#0"},"down":{"uv":[14.25,12.75,14.5,13],"texture":"#0"}}},{"from":[1.044,5.7,1],"to":[2.232,10.848,1.396],"faces":{"north":{"uv":[14,12.75,14.75,16],"texture":"#0"},"east":{"uv":[14.25,12.75,14.5,13],"texture":"#0"},"south":{"uv":[14,12.75,14.75,16],"texture":"#0"},"west":{"uv":[14.25,12.75,14.5,13],"texture":"#0"},"up":{"uv":[14.25,12.75,14.5,13],"texture":"#0"},"down":{"uv":[14.25,12.75,14.5,13],"texture":"#0"}}},{"from":[2.1,7.2,1],"to":[2.5,10.8,1.4],"faces":{"north":{"uv":[10,13.25,10.25,15.5],"texture":"#0"},"east":{"uv":[11,12.75,11.25,13],"texture":"#0"},"south":{"uv":[12,13.25,12.25,15.5],"texture":"#0"},"west":{"uv":[11,12.75,11.25,13],"texture":"#0"},"up":{"uv":[11,12.75,11.25,13],"texture":"#0"},"down":{"uv":[11,12.75,11.25,13],"texture":"#0"}}},{"from":[2.9,8.4,1],"to":[3.3,9.6,1.4],"faces":{"north":{"uv":[9.5,14,9.75,14.75],"texture":"#0"},"east":{"uv":[11,12.75,11.25,13],"texture":"#0"},"south":{"uv":[12.5,14,12.75,14.75],"texture":"#0"},"west":{"uv":[11,12.75,11.25,13],"texture":"#0"},"up":{"uv":[11,12.75,11.25,13],"texture":"#0"},"down":{"uv":[11,12.75,11.25,13],"texture":"#0"}}},{"from":[1.3,6.8,1],"to":[2.1,11.2,1.4],"faces":{"north":{"uv":[10.25,13,10.75,15.75],"texture":"#0"},"east":{"uv":[11,12.75,11.25,13],"texture":"#0"},"south":{"uv":[11.5,13,12,15.75],"texture":"#0"},"west":{"uv":[11,12.75,11.25,13],"texture":"#0"},"up":{"uv":[11,12.75,11.25,13],"texture":"#0"},"down":{"uv":[11,12.75,11.25,13],"texture":"#0"}}},{"from":[-0.7,6.8,1],"to":[0.1,11.2,1.4],"faces":{"north":{"uv":[11.5,13,12,15.75],"texture":"#0"},"east":{"uv":[11,12.75,11.25,13],"texture":"#0"},"south":{"uv":[10.25,13,10.75,15.75],"texture":"#0"},"west":{"uv":[11,12.75,11.25,13],"texture":"#0"},"up":{"uv":[11,12.75,11.25,13],"texture":"#0"},"down":{"uv":[11,12.75,11.25,13],"texture":"#0"}}},{"from":[-1.1,7.2,1],"to":[-0.7,10.8,1.4],"faces":{"north":{"uv":[12,13.25,12.25,15.5],"texture":"#0"},"east":{"uv":[11,12.75,11.25,13],"texture":"#0"},"south":{"uv":[10,13.25,10.25,15.5],"texture":"#0"},"west":{"uv":[11,12.75,11.25,13],"texture":"#0"},"up":{"uv":[11,12.75,11.25,13],"texture":"#0"},"down":{"uv":[11,12.75,11.25,13],"texture":"#0"}}},{"from":[-1.5,7.6,1],"to":[-1.1,10.4,1.4],"faces":{"north":{"uv":[12.25,13.5,12.5,15.25],"texture":"#0"},"east":{"uv":[11,12.75,11.25,13],"texture":"#0"},"south":{"uv":[9.75,13.5,10,15.25],"texture":"#0"},"west":{"uv":[11,12.75,11.25,13],"texture":"#0"},"up":{"uv":[11,12.75,11.25,13],"texture":"#0"},"down":{"uv":[11,12.75,11.25,13],"texture":"#0"}}},{"from":[-1.9,8.4,1],"to":[-1.5,9.6,1.4],"faces":{"north":{"uv":[12.5,14,12.75,14.75],"texture":"#0"},"east":{"uv":[11,12.75,11.25,13],"texture":"#0"},"south":{"uv":[9.5,14,9.75,14.75],"texture":"#0"},"west":{"uv":[11,12.75,11.25,13],"texture":"#0"},"up":{"uv":[11,12.75,11.25,13],"texture":"#0"},"down":{"uv":[11,12.75,11.25,13],"texture":"#0"}}},{"from":[2.5,7.6,1],"to":[2.9,10.4,1.4],"faces":{"north":{"uv":[9.75,13.5,10,15.25],"texture":"#0"},"east":{"uv":[11,12.75,11.25,13],"texture":"#0"},"south":{"uv":[12.25,13.5,12.5,15.25],"texture":"#0"},"west":{"uv":[11,12.75,11.25,13],"texture":"#0"},"up":{"uv":[11,12.75,11.25,13],"texture":"#0"},"down":{"uv":[11,12.75,11.25,13],"texture":"#0"}}},{"from":[0.1,6.4,1],"to":[1.3,11.6,1.4],"faces":{"north":{"uv":[10.75,12.75,11.5,16],"texture":"#0"},"east":{"uv":[11,12.75,11.25,13],"texture":"#0"},"south":{"uv":[10.75,12.75,11.5,16],"texture":"#0"},"west":{"uv":[11,12.75,11.25,13],"texture":"#0"},"up":{"uv":[11,12.75,11.25,13],"texture":"#0"},"down":{"uv":[11,12.75,11.25,13],"texture":"#0"}}},{"from":[3.1,3.9,1.9],"to":[3.5,7.5,2.3],"faces":{"north":{"uv":[13.25,10,13.5,12.25],"texture":"#0"},"east":{"uv":[14.25,9.5,14.5,9.75],"texture":"#0"},"south":{"uv":[15.25,10,15.5,12.25],"texture":"#0"},"west":{"uv":[14.25,9.5,14.5,9.75],"texture":"#0"},"up":{"uv":[14.25,9.5,14.5,9.75],"texture":"#0"},"down":{"uv":[14.25,9.5,14.5,9.75],"texture":"#0"}}},{"from":[3.9,5.1,1.9],"to":[4.3,6.3,2.3],"faces":{"north":{"uv":[12.75,10.75,13,11.5],"texture":"#0"},"east":{"uv":[14.25,9.5,14.5,9.75],"texture":"#0"},"south":{"uv":[15.75,10.75,16,11.5],"texture":"#0"},"west":{"uv":[14.25,9.5,14.5,9.75],"texture":"#0"},"up":{"uv":[14.25,9.5,14.5,9.75],"texture":"#0"},"down":{"uv":[14.25,9.5,14.5,9.75],"texture":"#0"}}},{"from":[2.3,3.5,1.9],"to":[3.1,7.9,2.3],"faces":{"north":{"uv":[13.5,9.75,14,12.5],"texture":"#0"},"east":{"uv":[14.25,9.5,14.5,9.75],"texture":"#0"},"south":{"uv":[14.75,9.75,15.25,12.5],"texture":"#0"},"west":{"uv":[14.25,9.5,14.5,9.75],"texture":"#0"},"up":{"uv":[14.25,9.5,14.5,9.75],"texture":"#0"},"down":{"uv":[14.25,9.5,14.5,9.75],"texture":"#0"}}},{"from":[0.3,3.5,1.9],"to":[1.1,7.9,2.3],"faces":{"north":{"uv":[14.75,9.75,15.25,12.5],"texture":"#0"},"east":{"uv":[14.25,9.5,14.5,9.75],"texture":"#0"},"south":{"uv":[13.5,9.75,14,12.5],"texture":"#0"},"west":{"uv":[14.25,9.5,14.5,9.75],"texture":"#0"},"up":{"uv":[14.25,9.5,14.5,9.75],"texture":"#0"},"down":{"uv":[14.25,9.5,14.5,9.75],"texture":"#0"}}},{"from":[-0.1,3.9,1.9],"to":[0.3,7.5,2.3],"faces":{"north":{"uv":[15.25,10,15.5,12.25],"texture":"#0"},"east":{"uv":[14.25,9.5,14.5,9.75],"texture":"#0"},"south":{"uv":[13.25,10,13.5,12.25],"texture":"#0"},"west":{"uv":[14.25,9.5,14.5,9.75],"texture":"#0"},"up":{"uv":[14.25,9.5,14.5,9.75],"texture":"#0"},"down":{"uv":[14.25,9.5,14.5,9.75],"texture":"#0"}}},{"from":[-0.5,4.3,1.9],"to":[-0.1,7.1,2.3],"faces":{"north":{"uv":[15.5,10.25,15.75,12],"texture":"#0"},"east":{"uv":[14.25,9.5,14.5,9.75],"texture":"#0"},"south":{"uv":[13,10.25,13.25,12],"texture":"#0"},"west":{"uv":[14.25,9.5,14.5,9.75],"texture":"#0"},"up":{"uv":[14.25,9.5,14.5,9.75],"texture":"#0"},"down":{"uv":[14.25,9.5,14.5,9.75],"texture":"#0"}}},{"from":[-0.9,5.1,1.9],"to":[-0.5,6.3,2.3],"faces":{"north":{"uv":[15.75,10.75,16,11.5],"texture":"#0"},"east":{"uv":[14.25,9.5,14.5,9.75],"texture":"#0"},"south":{"uv":[12.75,10.75,13,11.5],"texture":"#0"},"west":{"uv":[14.25,9.5,14.5,9.75],"texture":"#0"},"up":{"uv":[14.25,9.5,14.5,9.75],"texture":"#0"},"down":{"uv":[14.25,9.5,14.5,9.75],"texture":"#0"}}},{"from":[3.5,4.3,1.9],"to":[3.9,7.1,2.3],"faces":{"north":{"uv":[13,10.25,13.25,12],"texture":"#0"},"east":{"uv":[14.25,9.5,14.5,9.75],"texture":"#0"},"south":{"uv":[15.5,10.25,15.75,12],"texture":"#0"},"west":{"uv":[14.25,9.5,14.5,9.75],"texture":"#0"},"up":{"uv":[14.25,9.5,14.5,9.75],"texture":"#0"},"down":{"uv":[14.25,9.5,14.5,9.75],"texture":"#0"}}},{"from":[1.1,3.1,1.9],"to":[2.3,8.3,2.3],"faces":{"north":{"uv":[14,9.5,14.75,12.75],"texture":"#0"},"east":{"uv":[14.25,9.5,14.5,9.75],"texture":"#0"},"south":{"uv":[14,9.5,14.75,12.75],"texture":"#0"},"west":{"uv":[14.25,9.5,14.5,9.75],"texture":"#0"},"up":{"uv":[14.25,9.5,14.5,9.75],"texture":"#0"},"down":{"uv":[14.25,9.5,14.5,9.75],"texture":"#0"}}},{"from":[1.6,4.2,1.9],"to":[2,7.8,2.3],"faces":{"north":{"uv":[10,10,10.25,12.25],"texture":"#0"},"east":{"uv":[11,9.5,11.25,9.75],"texture":"#0"},"south":{"uv":[12,10,12.25,12.25],"texture":"#0"},"west":{"uv":[11,9.5,11.25,9.75],"texture":"#0"},"up":{"uv":[11,9.5,11.25,9.75],"texture":"#0"},"down":{"uv":[11,9.5,11.25,9.75],"texture":"#0"}}},{"from":[2.4,5.4,1.9],"to":[2.8,6.6,2.3],"faces":{"north":{"uv":[9.5,10.75,9.75,11.5],"texture":"#0"},"east":{"uv":[11,9.5,11.25,9.75],"texture":"#0"},"south":{"uv":[12.5,10.75,12.75,11.5],"texture":"#0"},"west":{"uv":[11,9.5,11.25,9.75],"texture":"#0"},"up":{"uv":[11,9.5,11.25,9.75],"texture":"#0"},"down":{"uv":[11,9.5,11.25,9.75],"texture":"#0"}}},{"from":[0.8,3.8,1.9],"to":[1.6,8.2,2.3],"faces":{"north":{"uv":[10.25,9.75,10.75,12.5],"texture":"#0"},"east":{"uv":[11,9.5,11.25,9.75],"texture":"#0"},"south":{"uv":[11.5,9.75,12,12.5],"texture":"#0"},"west":{"uv":[11,9.5,11.25,9.75],"texture":"#0"},"up":{"uv":[11,9.5,11.25,9.75],"texture":"#0"},"down":{"uv":[11,9.5,11.25,9.75],"texture":"#0"}}},{"from":[-1.2,3.8,1.9],"to":[-0.4,8.2,2.3],"faces":{"north":{"uv":[11.5,9.75,12,12.5],"texture":"#0"},"east":{"uv":[11,9.5,11.25,9.75],"texture":"#0"},"south":{"uv":[10.25,9.75,10.75,12.5],"texture":"#0"},"west":{"uv":[11,9.5,11.25,9.75],"texture":"#0"},"up":{"uv":[11,9.5,11.25,9.75],"texture":"#0"},"down":{"uv":[11,9.5,11.25,9.75],"texture":"#0"}}},{"from":[-1.6,4.2,1.9],"to":[-1.2,7.8,2.3],"faces":{"north":{"uv":[12,10,12.25,12.25],"texture":"#0"},"east":{"uv":[11,9.5,11.25,9.75],"texture":"#0"},"south":{"uv":[10,10,10.25,12.25],"texture":"#0"},"west":{"uv":[11,9.5,11.25,9.75],"texture":"#0"},"up":{"uv":[11,9.5,11.25,9.75],"texture":"#0"},"down":{"uv":[11,9.5,11.25,9.75],"texture":"#0"}}},{"from":[-2,4.6,1.9],"to":[-1.6,7.4,2.3],"faces":{"north":{"uv":[12.25,10.25,12.5,12],"texture":"#0"},"east":{"uv":[11,9.5,11.25,9.75],"texture":"#0"},"south":{"uv":[9.75,10.25,10,12],"texture":"#0"},"west":{"uv":[11,9.5,11.25,9.75],"texture":"#0"},"up":{"uv":[11,9.5,11.25,9.75],"texture":"#0"},"down":{"uv":[11,9.5,11.25,9.75],"texture":"#0"}}},{"from":[-2.4,5.4,1.9],"to":[-2,6.6,2.3],"faces":{"north":{"uv":[12.5,10.75,12.75,11.5],"texture":"#0"},"east":{"uv":[11,9.5,11.25,9.75],"texture":"#0"},"south":{"uv":[9.5,10.75,9.75,11.5],"texture":"#0"},"west":{"uv":[11,9.5,11.25,9.75],"texture":"#0"},"up":{"uv":[11,9.5,11.25,9.75],"texture":"#0"},"down":{"uv":[11,9.5,11.25,9.75],"texture":"#0"}}},{"from":[2,4.6,1.9],"to":[2.4,7.4,2.3],"faces":{"north":{"uv":[9.75,10.25,10,12],"texture":"#0"},"east":{"uv":[11,9.5,11.25,9.75],"texture":"#0"},"south":{"uv":[12.25,10.25,12.5,12],"texture":"#0"},"west":{"uv":[11,9.5,11.25,9.75],"texture":"#0"},"up":{"uv":[11,9.5,11.25,9.75],"texture":"#0"},"down":{"uv":[11,9.5,11.25,9.75],"texture":"#0"}}},{"from":[-0.4,3.4,1.9],"to":[0.8,8.6,2.3],"faces":{"north":{"uv":[10.75,9.5,11.5,12.75],"texture":"#0"},"east":{"uv":[11,9.5,11.25,9.75],"texture":"#0"},"south":{"uv":[10.75,9.5,11.5,12.75],"texture":"#0"},"west":{"uv":[11,9.5,11.25,9.75],"texture":"#0"},"up":{"uv":[11,9.5,11.25,9.75],"texture":"#0"},"down":{"uv":[11,9.5,11.25,9.75],"texture":"#0"}}},{"from":[3.1,0.5,2.6],"to":[3.5,4.1,3],"faces":{"north":{"uv":[13.25,6.75,13.5,9],"texture":"#0"},"east":{"uv":[14.25,6.25,14.5,6.5],"texture":"#0"},"south":{"uv":[15.25,6.75,15.5,9],"texture":"#0"},"west":{"uv":[14.25,6.25,14.5,6.5],"texture":"#0"},"up":{"uv":[14.25,6.25,14.5,6.5],"texture":"#0"},"down":{"uv":[14.25,6.25,14.5,6.5],"texture":"#0"}}},{"from":[3.9,1.7,2.6],"to":[4.3,2.9,3],"faces":{"north":{"uv":[12.75,7.5,13,8.25],"texture":"#0"},"east":{"uv":[14.25,6.25,14.5,6.5],"texture":"#0"},"south":{"uv":[15.75,7.5,16,8.25],"texture":"#0"},"west":{"uv":[14.25,6.25,14.5,6.5],"texture":"#0"},"up":{"uv":[14.25,6.25,14.5,6.5],"texture":"#0"},"down":{"uv":[14.25,6.25,14.5,6.5],"texture":"#0"}}},{"from":[2.3,0.1,2.6],"to":[3.1,4.5,3],"faces":{"north":{"uv":[13.5,6.5,14,9.25],"texture":"#0"},"east":{"uv":[14.25,6.25,14.5,6.5],"texture":"#0"},"south":{"uv":[14.75,6.5,15.25,9.25],"texture":"#0"},"west":{"uv":[14.25,6.25,14.5,6.5],"texture":"#0"},"up":{"uv":[14.25,6.25,14.5,6.5],"texture":"#0"},"down":{"uv":[14.25,6.25,14.5,6.5],"texture":"#0"}}},{"from":[0.3,0.1,2.6],"to":[1.1,4.5,3],"faces":{"north":{"uv":[14.75,6.5,15.25,9.25],"texture":"#0"},"east":{"uv":[14.25,6.25,14.5,6.5],"texture":"#0"},"south":{"uv":[13.5,6.5,14,9.25],"texture":"#0"},"west":{"uv":[14.25,6.25,14.5,6.5],"texture":"#0"},"up":{"uv":[14.25,6.25,14.5,6.5],"texture":"#0"},"down":{"uv":[14.25,6.25,14.5,6.5],"texture":"#0"}}},{"from":[-0.1,0.5,2.6],"to":[0.3,4.1,3],"faces":{"north":{"uv":[15.25,6.75,15.5,9],"texture":"#0"},"east":{"uv":[14.25,6.25,14.5,6.5],"texture":"#0"},"south":{"uv":[13.25,6.75,13.5,9],"texture":"#0"},"west":{"uv":[14.25,6.25,14.5,6.5],"texture":"#0"},"up":{"uv":[14.25,6.25,14.5,6.5],"texture":"#0"},"down":{"uv":[14.25,6.25,14.5,6.5],"texture":"#0"}}},{"from":[-0.5,0.9,2.6],"to":[-0.1,3.7,3],"faces":{"north":{"uv":[15.5,7,15.75,8.75],"texture":"#0"},"east":{"uv":[14.25,6.25,14.5,6.5],"texture":"#0"},"south":{"uv":[13,7,13.25,8.75],"texture":"#0"},"west":{"uv":[14.25,6.25,14.5,6.5],"texture":"#0"},"up":{"uv":[14.25,6.25,14.5,6.5],"texture":"#0"},"down":{"uv":[14.25,6.25,14.5,6.5],"texture":"#0"}}},{"from":[-0.9,1.7,2.6],"to":[-0.5,2.9,3],"faces":{"north":{"uv":[15.75,7.5,16,8.25],"texture":"#0"},"east":{"uv":[14.25,6.25,14.5,6.5],"texture":"#0"},"south":{"uv":[12.75,7.5,13,8.25],"texture":"#0"},"west":{"uv":[14.25,6.25,14.5,6.5],"texture":"#0"},"up":{"uv":[14.25,6.25,14.5,6.5],"texture":"#0"},"down":{"uv":[14.25,6.25,14.5,6.5],"texture":"#0"}}},{"from":[3.5,0.9,2.6],"to":[3.9,3.7,3],"faces":{"north":{"uv":[13,7,13.25,8.75],"texture":"#0"},"east":{"uv":[14.25,6.25,14.5,6.5],"texture":"#0"},"south":{"uv":[15.5,7,15.75,8.75],"texture":"#0"},"west":{"uv":[14.25,6.25,14.5,6.5],"texture":"#0"},"up":{"uv":[14.25,6.25,14.5,6.5],"texture":"#0"},"down":{"uv":[14.25,6.25,14.5,6.5],"texture":"#0"}}},{"from":[1.1,-0.3,2.6],"to":[2.3,4.9,3],"faces":{"north":{"uv":[14,6.25,14.75,9.5],"texture":"#0"},"east":{"uv":[14.25,6.25,14.5,6.5],"texture":"#0"},"south":{"uv":[14,6.25,14.75,9.5],"texture":"#0"},"west":{"uv":[14.25,6.25,14.5,6.5],"texture":"#0"},"up":{"uv":[14.25,6.25,14.5,6.5],"texture":"#0"},"down":{"uv":[14.25,6.25,14.5,6.5],"texture":"#0"}}},{"from":[2.1,0.5,2.6],"to":[2.5,4.1,3],"faces":{"north":{"uv":[10,6.75,10.25,9],"texture":"#0"},"east":{"uv":[11,6.25,11.25,6.5],"texture":"#0"},"south":{"uv":[12,6.75,12.25,9],"texture":"#0"},"west":{"uv":[11,6.25,11.25,6.5],"texture":"#0"},"up":{"uv":[11,6.25,11.25,6.5],"texture":"#0"},"down":{"uv":[11,6.25,11.25,6.5],"texture":"#0"}}},{"from":[2.9,1.7,2.6],"to":[3.3,2.9,3],"faces":{"north":{"uv":[9.5,7.5,9.75,8.25],"texture":"#0"},"east":{"uv":[11,6.25,11.25,6.5],"texture":"#0"},"south":{"uv":[12.5,7.5,12.75,8.25],"texture":"#0"},"west":{"uv":[11,6.25,11.25,6.5],"texture":"#0"},"up":{"uv":[11,6.25,11.25,6.5],"texture":"#0"},"down":{"uv":[11,6.25,11.25,6.5],"texture":"#0"}}},{"from":[1.3,0.1,2.6],"to":[2.1,4.5,3],"faces":{"north":{"uv":[10.25,6.5,10.75,9.25],"texture":"#0"},"east":{"uv":[11,6.25,11.25,6.5],"texture":"#0"},"south":{"uv":[11.5,6.5,12,9.25],"texture":"#0"},"west":{"uv":[11,6.25,11.25,6.5],"texture":"#0"},"up":{"uv":[11,6.25,11.25,6.5],"texture":"#0"},"down":{"uv":[11,6.25,11.25,6.5],"texture":"#0"}}},{"from":[-0.7,0.1,2.6],"to":[0.1,4.5,3],"faces":{"north":{"uv":[11.5,6.5,12,9.25],"texture":"#0"},"east":{"uv":[11,6.25,11.25,6.5],"texture":"#0"},"south":{"uv":[10.25,6.5,10.75,9.25],"texture":"#0"},"west":{"uv":[11,6.25,11.25,6.5],"texture":"#0"},"up":{"uv":[11,6.25,11.25,6.5],"texture":"#0"},"down":{"uv":[11,6.25,11.25,6.5],"texture":"#0"}}},{"from":[-1.1,0.5,2.6],"to":[-0.7,4.1,3],"faces":{"north":{"uv":[12,6.75,12.25,9],"texture":"#0"},"east":{"uv":[11,6.25,11.25,6.5],"texture":"#0"},"south":{"uv":[10,6.75,10.25,9],"texture":"#0"},"west":{"uv":[11,6.25,11.25,6.5],"texture":"#0"},"up":{"uv":[11,6.25,11.25,6.5],"texture":"#0"},"down":{"uv":[11,6.25,11.25,6.5],"texture":"#0"}}},{"from":[-1.5,0.9,2.6],"to":[-1.1,3.7,3],"faces":{"north":{"uv":[12.25,7,12.5,8.75],"texture":"#0"},"east":{"uv":[11,6.25,11.25,6.5],"texture":"#0"},"south":{"uv":[9.75,7,10,8.75],"texture":"#0"},"west":{"uv":[11,6.25,11.25,6.5],"texture":"#0"},"up":{"uv":[11,6.25,11.25,6.5],"texture":"#0"},"down":{"uv":[11,6.25,11.25,6.5],"texture":"#0"}}},{"from":[-1.9,1.7,2.6],"to":[-1.5,2.9,3],"faces":{"north":{"uv":[12.5,7.5,12.75,8.25],"texture":"#0"},"east":{"uv":[11,6.25,11.25,6.5],"texture":"#0"},"south":{"uv":[9.5,7.5,9.75,8.25],"texture":"#0"},"west":{"uv":[11,6.25,11.25,6.5],"texture":"#0"},"up":{"uv":[11,6.25,11.25,6.5],"texture":"#0"},"down":{"uv":[11,6.25,11.25,6.5],"texture":"#0"}}},{"from":[2.5,0.9,2.6],"to":[2.9,3.7,3],"faces":{"north":{"uv":[9.75,7,10,8.75],"texture":"#0"},"east":{"uv":[11,6.25,11.25,6.5],"texture":"#0"},"south":{"uv":[12.25,7,12.5,8.75],"texture":"#0"},"west":{"uv":[11,6.25,11.25,6.5],"texture":"#0"},"up":{"uv":[11,6.25,11.25,6.5],"texture":"#0"},"down":{"uv":[11,6.25,11.25,6.5],"texture":"#0"}}},{"from":[0.1,-0.3,2.6],"to":[1.3,4.9,3],"faces":{"north":{"uv":[10.75,6.25,11.5,9.5],"texture":"#0"},"east":{"uv":[11,6.25,11.25,6.5],"texture":"#0"},"south":{"uv":[10.75,6.25,11.5,9.5],"texture":"#0"},"west":{"uv":[11,6.25,11.25,6.5],"texture":"#0"},"up":{"uv":[11,6.25,11.25,6.5],"texture":"#0"},"down":{"uv":[11,6.25,11.25,6.5],"texture":"#0"}}}]}