{"display":{"thirdperson_righthand":{"rotation":[101.25,0,0],"translation":[0,2.25,8.75],"scale":[0.7168,1,0.57227]},"thirdperson_lefthand":{"rotation":[107.75,0,0],"translation":[0,2.25,10.5],"scale":[0.57422,1,0.60742]},"firstperson_righthand":{"rotation":[72,0,0],"translation":[0,8.75,6]},"firstperson_lefthand":{"rotation":[72.25,0,0],"translation":[0,7.5,7]},"ground":{"rotation":[58.75,0,0],"translation":[0,0.75,0]},"gui":{"rotation":[91,0,0]},"fixed":{"rotation":[-91.75,-153.75,-6.5],"translation":[0,0,-8.5]}},"textures":{"0":"item/paper/1","particle":"item/paper/1"},"elements":[{"from":[3,0,0],"to":[13,1,16],"rotation":{"angle":0,"axis":"y","origin":[7,0,15]},"faces":{"north":{"uv":[3,0,13,1],"texture":"#0"},"east":{"uv":[3,0,13,1],"texture":"#0"},"south":{"uv":[3,0,13,1],"texture":"#0"},"west":{"uv":[12,0,13,16],"texture":"#0"},"up":{"uv":[3,0,13,16],"texture":"#0"},"down":{"uv":[12,1,13,16],"texture":"#0"}}},{"from":[4,1,9],"to":[7,1.5,10],"rotation":{"angle":0,"axis":"y","origin":[13,8,17]},"faces":{"north":{"uv":[5,9,6,10],"texture":"#0"},"east":{"uv":[4,9,7,10],"texture":"#0"},"south":{"uv":[5,9,6,10],"texture":"#0"},"west":{"uv":[4,9,7,10],"texture":"#0"},"up":{"uv":[5,8,6,11],"texture":"#0"},"down":{"uv":[5,8,6,11],"texture":"#0"}}},{"from":[5,1,8],"to":[6,1.5,11],"rotation":{"angle":0,"axis":"y","origin":[13,8,17]},"faces":{"north":{"uv":[5,8,6,11],"texture":"#0"},"east":{"uv":[5,8,6,11],"texture":"#0"},"south":{"uv":[5,8,6,11],"texture":"#0"},"west":{"uv":[5,8,6,11],"texture":"#0"},"up":{"uv":[5,8,6,11],"texture":"#0"},"down":{"uv":[5,8,6,11],"texture":"#0"}}},{"from":[9,1,9],"to":[10,1.5,10],"rotation":{"angle":0,"axis":"y","origin":[18,8,17]},"faces":{"north":{"uv":[9,9,10,10],"texture":"#0"},"east":{"uv":[9,9,10,10],"texture":"#0"},"south":{"uv":[9,9,10,10],"texture":"#0"},"west":{"uv":[9,9,10,10],"texture":"#0"},"up":{"uv":[9,9,10,10],"texture":"#0"},"down":{"uv":[9,9,10,10],"texture":"#0"}}},{"from":[11,1,8],"to":[12,1.5,9],"rotation":{"angle":0,"axis":"y","origin":[20,8,16]},"faces":{"north":{"uv":[11,8,12,9],"texture":"#0"},"east":{"uv":[11,8,12,9],"texture":"#0"},"south":{"uv":[11,8,12,9],"texture":"#0"},"west":{"uv":[11,8,12,9],"texture":"#0"},"up":{"uv":[11,8,12,9],"texture":"#0"},"down":{"uv":[11,8,12,9],"texture":"#0"}}},{"from":[4,1,1],"to":[5,1.25,7],"rotation":{"angle":0,"axis":"y","origin":[12,9,9]},"faces":{"north":{"uv":[4,1,5,7],"texture":"#0"},"east":{"uv":[4,1,5,7],"texture":"#0"},"south":{"uv":[4,1,5,7],"texture":"#0"},"west":{"uv":[4,1,5,7],"texture":"#0"},"up":{"uv":[4,1,5,7],"texture":"#0"},"down":{"uv":[4,1,5,7],"texture":"#0"}}},{"from":[11,1,1],"to":[12,1.25,7],"rotation":{"angle":0,"axis":"y","origin":[19,9,9]},"faces":{"north":{"uv":[4,1,5,7],"texture":"#0"},"east":{"uv":[4,1,5,7],"texture":"#0"},"south":{"uv":[4,1,5,7],"texture":"#0"},"west":{"uv":[4,1,5,7],"texture":"#0"},"up":{"uv":[4,1,5,7],"texture":"#0"},"down":{"uv":[4,1,5,7],"texture":"#0"}}},{"from":[4,1,1],"to":[12,1.25,2],"rotation":{"angle":0,"axis":"y","origin":[19,9,9]},"faces":{"north":{"uv":[4,1,5,7],"texture":"#0"},"east":{"uv":[4,1,5,7],"texture":"#0"},"south":{"uv":[4,1,5,7],"texture":"#0"},"west":{"uv":[4,1,5,7],"texture":"#0"},"up":{"uv":[4,1,5,7],"texture":"#0"},"down":{"uv":[4,1,5,7],"texture":"#0"}}},{"from":[4,1,6],"to":[12,1.25,7],"rotation":{"angle":0,"axis":"y","origin":[19,9,14]},"faces":{"north":{"uv":[4,1,5,7],"texture":"#0"},"east":{"uv":[4,1,5,7],"texture":"#0"},"south":{"uv":[4,1,5,7],"texture":"#0"},"west":{"uv":[4,1,5,7],"texture":"#0"},"up":{"uv":[4,1,5,7],"texture":"#0"},"down":{"uv":[4,1,5,7],"texture":"#0"}}}]}