{"display":{"thirdperson_righthand":{"rotation":[-20.75,-1,43],"translation":[-3,4.5,0],"scale":[0.45117,0.69531,0.48828]},"thirdperson_lefthand":{"rotation":[-27,-366,0],"translation":[0,4.25,0],"scale":[0.49805,0.61328,0.49219]},"firstperson_righthand":{"rotation":[-79.5,11,0],"translation":[0,7,-2],"scale":[0.57422,0.78906,0.58594]},"firstperson_lefthand":{"rotation":[-95.25,9.75,0],"translation":[0,6,-0.5],"scale":[0.46094,0.53711,0.6875]},"ground":{"rotation":[-71.5,-4.25,-58],"scale":[0.73633,0.68359,0.82617]},"gui":{"rotation":[-95,0,0],"translation":[3,0,0]},"head":{"rotation":[-78,8.75,-2.75],"translation":[-4.75,0,-11]},"fixed":{"rotation":[-83.5,0,0],"translation":[-0.25,2,-7.75]}},"textures":{"0":"item/paper/2","1":"item/paper/redstone","2":"item/paper/2.5","particle":"item/paper/2"},"elements":[{"from":[5,0,2],"to":[6,1,14],"rotation":{"angle":0,"axis":"y","origin":[13,8,21]},"faces":{"north":{"uv":[13,7,14,8],"texture":"#0"},"east":{"uv":[10,2,11,14],"rotation":270,"texture":"#0"},"south":{"uv":[13,5,14,6],"texture":"#0"},"west":{"uv":[10,2,11,14],"rotation":90,"texture":"#0"},"up":{"uv":[10,2,11,14],"rotation":180,"texture":"#0"},"down":{"uv":[10,2,11,14],"texture":"#0"}}},{"from":[4,0,3],"to":[5,1,13],"rotation":{"angle":0,"axis":"y","origin":[12,8,13]},"faces":{"north":{"uv":[13,6,14,7],"texture":"#0"},"east":{"uv":[11,3,12,13],"texture":"#0"},"south":{"uv":[12,4,13,5],"texture":"#0"},"west":{"uv":[11,3,12,13],"rotation":90,"texture":"#0"},"up":{"uv":[11,3,12,13],"rotation":180,"texture":"#0"},"down":{"uv":[11,3,12,13],"texture":"#0"}}},{"from":[3,0,4],"to":[4,1,12],"rotation":{"angle":0,"axis":"y","origin":[11,8,15]},"faces":{"north":{"uv":[13,9,14,10],"texture":"#0"},"east":{"uv":[12,4,13,12],"texture":"#0"},"south":{"uv":[12,4,13,5],"texture":"#0"},"west":{"uv":[12,4,13,12],"rotation":90,"texture":"#0"},"up":{"uv":[12,4,13,12],"rotation":180,"texture":"#0"},"down":{"uv":[12,4,13,12],"texture":"#0"}}},{"from":[2,0,5],"to":[3,1,11],"rotation":{"angle":0,"axis":"y","origin":[10,8,18]},"faces":{"north":{"uv":[13,6,14,7],"texture":"#0"},"east":{"uv":[0,0,1,6],"texture":"#0"},"south":{"uv":[13,5,14,6],"texture":"#0"},"west":{"uv":[13,5,14,11],"rotation":90,"texture":"#0"},"up":{"uv":[13,5,14,11],"rotation":180,"texture":"#0"},"down":{"uv":[13,5,14,11],"texture":"#0"}}},{"from":[6,0,1],"to":[7,1,9],"rotation":{"angle":0,"axis":"y","origin":[14,8,16]},"faces":{"north":{"uv":[10,13,11,14],"texture":"#0"},"east":{"uv":[9,7,10,9],"texture":"#0"},"south":{"uv":[10,6,11,9],"texture":"#0"},"west":{"uv":[9,7,10,15],"rotation":90,"texture":"#0"},"up":{"uv":[9,7,10,15],"rotation":180,"texture":"#0"},"down":{"uv":[9,7,10,15],"texture":"#0"}}},{"from":[7,0,1],"to":[8,1,8],"rotation":{"angle":0,"axis":"y","origin":[15,8,16]},"faces":{"north":{"uv":[9,14,10,15],"texture":"#0"},"east":{"uv":[10,4,11,9],"texture":"#0"},"south":{"uv":[10,5,11,9],"texture":"#0"},"west":{"uv":[0,0,1,7],"texture":"#0"},"up":{"uv":[8,8,9,15],"rotation":180,"texture":"#0"},"down":{"uv":[8,8,9,15],"texture":"#0"}}},{"from":[8,0,1],"to":[9,1,6],"rotation":{"angle":0,"axis":"y","origin":[16,8,16]},"faces":{"north":{"uv":[9,14,10,15],"texture":"#0"},"east":{"uv":[9,7,10,11],"texture":"#0"},"south":{"uv":[7,10,8,11],"texture":"#0"},"west":{"uv":[0,0,1,5],"texture":"#0"},"up":{"uv":[7,10,8,15],"rotation":180,"texture":"#0"},"down":{"uv":[7,10,8,15],"texture":"#0"}}},{"from":[9,0,1],"to":[10,1,5],"rotation":{"angle":0,"axis":"y","origin":[17,8,16]},"faces":{"north":{"uv":[6,14,7,15],"texture":"#0"},"east":{"uv":[0,0,1,4],"texture":"#0"},"south":{"uv":[6,11,7,12],"texture":"#0"},"west":{"uv":[0,0,1,4],"texture":"#0"},"up":{"uv":[6,11,7,15],"rotation":180,"texture":"#0"},"down":{"uv":[6,11,7,15],"texture":"#0"}}},{"from":[10,0,1],"to":[11,1,5],"rotation":{"angle":0,"axis":"y","origin":[18,8,16]},"faces":{"north":{"uv":[5,14,6,15],"texture":"#0"},"east":{"uv":[9,7,10,11],"texture":"#0"},"south":{"uv":[8,8,9,12],"texture":"#0"},"west":{"uv":[0,0,1,4],"texture":"#0"},"up":{"uv":[5,11,6,15],"rotation":180,"texture":"#0"},"down":{"uv":[6,11,7,15],"texture":"#0"}}},{"from":[11,0,1],"to":[12,1,4],"rotation":{"angle":0,"axis":"y","origin":[19,8,16]},"faces":{"north":{"uv":[4,14,5,15],"rotation":180,"texture":"#0"},"east":{"uv":[4,12,5,15],"rotation":180,"texture":"#0"},"south":{"uv":[4,12,5,13],"rotation":180,"texture":"#0"},"west":{"uv":[4,12,5,15],"rotation":180,"texture":"#0"},"up":{"uv":[4,12,5,15],"rotation":180,"texture":"#0"},"down":{"uv":[4,12,5,15],"texture":"#0"}}},{"from":[12,0,1],"to":[13,1,4],"rotation":{"angle":0,"axis":"y","origin":[20,8,16]},"faces":{"north":{"uv":[3,14,4,15],"texture":"#0"},"east":{"uv":[3,12,4,15],"rotation":270,"texture":"#0"},"south":{"uv":[4,12,5,13],"texture":"#0"},"west":{"uv":[0,0,1,3],"texture":"#0"},"up":{"uv":[3,12,4,15],"rotation":180,"texture":"#0"},"down":{"uv":[3,12,4,15],"texture":"#0"}}},{"from":[13,0,2],"to":[14,1,4],"rotation":{"angle":0,"axis":"y","origin":[21,8,16]},"faces":{"north":{"uv":[2,13,3,14],"texture":"#0"},"east":{"uv":[2,12,3,14],"rotation":270,"texture":"#0"},"south":{"uv":[2,12,3,13],"texture":"#0"},"west":{"uv":[0,0,1,2],"texture":"#0"},"up":{"uv":[2,12,3,14],"rotation":180,"texture":"#0"},"down":{"uv":[2,12,3,14],"texture":"#0"}}},{"from":[14,0,3],"to":[15,1,4],"rotation":{"angle":0,"axis":"y","origin":[22,8,16]},"faces":{"north":{"uv":[1,12,2,13],"texture":"#0"},"east":{"uv":[1,12,2,13],"texture":"#0"},"south":{"uv":[1,12,2,13],"texture":"#0"},"west":{"uv":[1,12,2,13],"texture":"#0"},"up":{"uv":[1,12,2,13],"texture":"#0"},"down":{"uv":[1,12,2,13],"texture":"#0"}}},{"from":[-4,1,1],"to":[7,2,13],"rotation":{"angle":-22.5,"axis":"x","origin":[-1,9,9]},"faces":{"north":{"uv":[0,0,15,1],"texture":"#1"},"east":{"uv":[0,0,15,1],"texture":"#1"},"south":{"uv":[0,0,15,1],"texture":"#1"},"west":{"uv":[0,0,15,1],"texture":"#1"},"up":{"uv":[0,0,16,16],"rotation":180,"texture":"#1"},"down":{"uv":[0,0,16,16],"texture":"#1"}}},{"from":[-3,1,8],"to":[6,2,9],"rotation":{"angle":0,"axis":"y","origin":[8,9,16]},"faces":{"north":{"uv":[0,0,14,14],"texture":"#2"},"east":{"uv":[0,0,14,14],"texture":"#2"},"south":{"uv":[0,0,14,14],"texture":"#2"},"west":{"uv":[0,0,14,14],"texture":"#2"},"up":{"uv":[0,0,14,14],"texture":"#2"},"down":{"uv":[0,0,14,14],"texture":"#2"}}},{"from":[-3,-1,8],"to":[6,0,9],"rotation":{"angle":0,"axis":"y","origin":[8,7,16]},"faces":{"north":{"uv":[0,0,14,14],"texture":"#2"},"east":{"uv":[0,0,14,14],"texture":"#2"},"south":{"uv":[0,0,14,14],"texture":"#2"},"west":{"uv":[0,0,14,14],"texture":"#2"},"up":{"uv":[0,0,14,14],"texture":"#2"},"down":{"uv":[0,0,14,14],"texture":"#2"}}},{"from":[-4,0,8],"to":[-3,1,9],"rotation":{"angle":0,"axis":"y","origin":[7,8,16]},"faces":{"north":{"uv":[8,0,16,8],"texture":"#2"},"east":{"uv":[8,0,16,8],"texture":"#2"},"south":{"uv":[8,0,16,8],"texture":"#2"},"west":{"uv":[8,0,16,8],"texture":"#2"},"up":{"uv":[8,0,16,8],"texture":"#2"},"down":{"uv":[8,0,16,8],"texture":"#2"}}},{"from":[6,1,9],"to":[7,2,10],"rotation":{"angle":0,"axis":"y","origin":[17,9,17]},"faces":{"north":{"uv":[8,0,16,8],"texture":"#2"},"east":{"uv":[8,0,16,8],"texture":"#2"},"south":{"uv":[8,0,16,8],"texture":"#2"},"west":{"uv":[8,0,16,8],"texture":"#2"},"up":{"uv":[8,0,16,8],"texture":"#2"},"down":{"uv":[8,0,16,8],"texture":"#2"}}},{"from":[6,-1,9],"to":[7,0,10],"rotation":{"angle":0,"axis":"y","origin":[17,7,17]},"faces":{"north":{"uv":[8,0,16,8],"texture":"#2"},"east":{"uv":[8,0,16,8],"texture":"#2"},"south":{"uv":[8,0,16,8],"texture":"#2"},"west":{"uv":[8,0,16,8],"texture":"#2"},"up":{"uv":[8,0,16,8],"texture":"#2"},"down":{"uv":[8,0,16,8],"texture":"#2"}}},{"from":[6,0,9],"to":[7,1,10],"rotation":{"angle":0,"axis":"y","origin":[17,8,17]},"faces":{"north":{"uv":[0,0,8,8],"texture":"#2"},"east":{"uv":[0,0,8,8],"texture":"#2"},"south":{"uv":[0,0,8,8],"texture":"#2"},"west":{"uv":[0,0,8,8],"texture":"#2"},"up":{"uv":[0,0,8,8],"texture":"#2"},"down":{"uv":[0,0,8,8],"texture":"#2"}}},{"from":[-2,1,6],"to":[7,2,7],"rotation":{"angle":-22.5,"axis":"y","origin":[9,9,14]},"faces":{"north":{"uv":[0,0,16,8],"texture":"#2"},"east":{"uv":[0,0,16,8],"texture":"#2"},"south":{"uv":[0,0,16,8],"texture":"#2"},"west":{"uv":[0,0,16,8],"texture":"#2"},"up":{"uv":[0,0,16,8],"texture":"#2"},"down":{"uv":[0,0,16,8],"texture":"#2"}}},{"from":[-2,-1,6],"to":[7,0,7],"rotation":{"angle":-22.5,"axis":"y","origin":[9,7,14]},"faces":{"north":{"uv":[0,0,16,8],"texture":"#2"},"east":{"uv":[0,0,16,8],"texture":"#2"},"south":{"uv":[0,0,16,8],"texture":"#2"},"west":{"uv":[0,0,16,8],"texture":"#2"},"up":{"uv":[0,0,16,8],"texture":"#2"},"down":{"uv":[0,0,16,8],"texture":"#2"}}},{"from":[-2,0,6],"to":[-1,1,7],"rotation":{"angle":-22.5,"axis":"y","origin":[9,8,14]},"faces":{"north":{"uv":[8,0,16,8],"texture":"#2"},"east":{"uv":[8,0,16,8],"texture":"#2"},"south":{"uv":[8,0,16,8],"texture":"#2"},"west":{"uv":[8,0,16,8],"texture":"#2"},"up":{"uv":[8,0,16,8],"texture":"#2"},"down":{"uv":[8,0,16,8],"texture":"#2"}}},{"from":[6,0,9],"to":[7,1,10],"rotation":{"angle":-22.5,"axis":"y","origin":[17,8,17]},"faces":{"north":{"uv":[0,0,8,8],"texture":"#2"},"east":{"uv":[0,0,8,8],"texture":"#2"},"south":{"uv":[0,0,8,8],"texture":"#2"},"west":{"uv":[0,0,8,8],"texture":"#2"},"up":{"uv":[0,0,8,8],"texture":"#2"},"down":{"uv":[0,0,8,8],"texture":"#2"}}}]}