{"display":{"thirdperson_righthand":{"rotation":[12.21,4.73,6.77],"translation":[-1.25,11.75,4]},"thirdperson_lefthand":{"rotation":[12.21,4.73,6.77],"translation":[-1.25,11.75,4]},"firstperson_righthand":{"rotation":[-49.51,11.71,-9.85],"translation":[1.25,3.5,0]},"firstperson_lefthand":{"rotation":[-49.51,11.71,-9.85],"translation":[1.25,3.5,0]},"ground":{"translation":[0,0.5,0],"scale":[0.3,0.3,0.3]},"gui":{"rotation":[-140,27.67,174.63],"translation":[-0.5,3.5,0]},"head":{"rotation":[-73.75,0,0],"translation":[0,-0.5,-7.25],"scale":[1.6,1.6,1.6]},"fixed":{"rotation":[-47,0,0],"translation":[0,-2,3.25],"scale":[3,3,3]}},"texture_size":[64,32],"textures":{"0":"item/feather/1","particle":"item/feather/1"},"elements":[{"from":[5,3,3],"to":[11,9,11],"rotation":{"angle":22.5,"axis":"x","origin":[0,0,0]},"faces":{"north":{"uv":[1.5,4.5,3,7.5],"rotation":180,"texture":"#0"},"east":{"uv":[0,7.5,1.5,11.5],"rotation":90,"texture":"#0"},"south":{"uv":[3,4.5,4.5,7.5],"texture":"#0"},"west":{"uv":[3,7.5,4.5,11.5],"rotation":270,"texture":"#0"},"up":{"uv":[4.5,7.5,6,11.5],"texture":"#0"},"down":{"uv":[1.5,7.5,3,11.5],"rotation":180,"texture":"#0"}}},{"from":[11,5,4],"to":[12,9,10],"rotation":{"angle":22.5,"axis":"x","origin":[0,0,0]},"faces":{"north":{"uv":[7.5,6.5,7.75,8.5],"texture":"#0"},"east":{"uv":[6,9.5,7.5,11.5],"texture":"#0"},"south":{"uv":[7.75,6.5,8,8.5],"texture":"#0"},"west":{"uv":[8,9.5,9.5,11.5],"texture":"#0"},"up":{"uv":[7.5,8.5,7.75,11.5],"texture":"#0"},"down":{"uv":[7.75,8.5,8,11.5],"texture":"#0"}}},{"from":[4,5,4],"to":[5,9,10],"rotation":{"angle":22.5,"axis":"x","origin":[0,0,0]},"faces":{"north":{"uv":[7.5,6.5,7.75,8.5],"texture":"#0"},"east":{"uv":[6,9.5,7.5,11.5],"texture":"#0"},"south":{"uv":[7.75,6.5,8,8.5],"texture":"#0"},"west":{"uv":[8,9.5,9.5,11.5],"texture":"#0"},"up":{"uv":[7.5,8.5,7.75,11.5],"texture":"#0"},"down":{"uv":[7.75,8.5,8,11.5],"texture":"#0"}}},{"from":[6,9,-2],"to":[10,15,1],"rotation":{"angle":45,"axis":"x","origin":[0,0,0]},"faces":{"north":{"uv":[0.75,1.5,1.75,4.5],"texture":"#0"},"east":{"uv":[0,1.5,0.75,4.5],"texture":"#0"},"south":{"uv":[2.5,1.5,3.5,4.5],"texture":"#0"},"west":{"uv":[1.75,1.5,2.5,4.5],"texture":"#0"},"up":{"uv":[0.75,0,1.75,1.5],"texture":"#0"},"down":{"uv":[1.75,0,2.75,1.5],"texture":"#0"}}},{"from":[6,11,-4],"to":[10,13,-2],"rotation":{"angle":45,"axis":"x","origin":[0,0,0]},"faces":{"north":{"uv":[4,1,5,2],"texture":"#0"},"east":{"uv":[3.5,1,4,2],"texture":"#0"},"south":{"uv":[5,0,6,1],"texture":"#0"},"west":{"uv":[5,1,5.5,2],"texture":"#0"},"up":{"uv":[4,0,5,1],"rotation":180,"texture":"#0"},"down":{"uv":[5.5,1,6.5,2],"texture":"#0"}}},{"from":[7,9,-3],"to":[9,11,-2],"rotation":{"angle":45,"axis":"x","origin":[0,0,0]},"faces":{"north":{"uv":[3.5,3,4,4],"texture":"#0"},"east":{"uv":[3.5,3,4,4],"texture":"#0"},"south":{"uv":[3.5,3,4,4],"texture":"#0"},"west":{"uv":[3.5,3,4,4],"texture":"#0"},"up":{"uv":[3.5,3,4,4],"texture":"#0"},"down":{"uv":[3.5,3,4,4],"texture":"#0"}}},{"from":[8.5,-1,8],"to":[9.5,-0.9,8.9],"rotation":{"angle":-22.5,"axis":"z","origin":[0,0,0]},"faces":{"north":{"uv":[8.25,0,8.5,0.05],"texture":"#0"},"east":{"uv":[8.25,0,8.475,0.05],"texture":"#0"},"south":{"uv":[8.25,0,8.5,0.05],"texture":"#0"},"west":{"uv":[8.25,0,8.475,0.05],"texture":"#0"},"up":{"uv":[8.25,0,8.5,0.45],"texture":"#0"},"down":{"uv":[8.25,0,8.5,0.45],"texture":"#0"}}},{"from":[7.5,-1,6],"to":[10.5,-0.9,8],"rotation":{"angle":-22.5,"axis":"z","origin":[0,0,0]},"faces":{"north":{"uv":[8,0.5,8.75,1.5],"texture":"#0"},"east":{"uv":[8,0.5,8.75,1.5],"texture":"#0"},"south":{"uv":[8,0.5,8.75,1.5],"texture":"#0"},"west":{"uv":[8,0.5,8.75,1.5],"texture":"#0"},"up":{"uv":[8,0.5,8.75,1.5],"texture":"#0"},"down":{"uv":[8,0.5,8.75,1.5],"texture":"#0"}}},{"from":[8.5,-1,8.9],"to":[9.5,4,9],"rotation":{"angle":-22.5,"axis":"z","origin":[0,0,0]},"faces":{"north":{"uv":[9,1.5,9.25,4],"texture":"#0"},"east":{"uv":[9,1.5,9.25,4],"texture":"#0"},"south":{"uv":[9,1.5,9.25,4],"texture":"#0"},"west":{"uv":[9,1.5,9.25,4],"texture":"#0"},"up":{"uv":[9,1.5,9.25,4],"texture":"#0"},"down":{"uv":[9,1.5,9.25,4],"texture":"#0"}}},{"from":[4.9,-7,8],"to":[5.9,-6.9,8.9],"rotation":{"angle":22.5,"axis":"z","origin":[0,0,0]},"faces":{"north":{"uv":[8.25,0,8.5,0.5],"texture":"#0"},"east":{"uv":[8.25,0,8.5,0.5],"texture":"#0"},"south":{"uv":[8.25,0,8.5,0.5],"texture":"#0"},"west":{"uv":[8.25,0,8.5,0.5],"texture":"#0"},"up":{"uv":[8.25,0,8.5,0.5],"texture":"#0"},"down":{"uv":[8.25,0,8.5,0.5],"texture":"#0"}}},{"from":[3.9,-7,6],"to":[6.9,-6.9,8],"rotation":{"angle":22.5,"axis":"z","origin":[0,0,0]},"faces":{"north":{"uv":[8,0.5,8.75,1.5],"texture":"#0"},"east":{"uv":[8,0.5,8.75,1.5],"texture":"#0"},"south":{"uv":[8,0.5,8.75,1.5],"texture":"#0"},"west":{"uv":[8,0.5,8.75,1.5],"texture":"#0"},"up":{"uv":[8,0.5,8.75,1.5],"texture":"#0"},"down":{"uv":[8,0.5,8.75,1.5],"texture":"#0"}}},{"from":[4.9,-7,8.9],"to":[5.9,-2,9],"rotation":{"angle":22.5,"axis":"z","origin":[0,0,0]},"faces":{"north":{"uv":[9,1.5,9.25,4],"texture":"#0"},"east":{"uv":[9,1.5,9.025,4],"texture":"#0"},"south":{"uv":[9,1.5,9.25,4],"texture":"#0"},"west":{"uv":[9,1.5,9.025,4],"texture":"#0"},"up":{"uv":[9,1.5,9.25,1.55],"texture":"#0"},"down":{"uv":[9,1.5,9.25,1.55],"texture":"#0"}}}]}