{"gui_light":"front","textures":{"0":"item/gunpowder/1","1":"item/snowball/1","particle":"item/gunpowder/1"},"elements":[{"from":[6,0,6],"to":[10,4,10],"rotation":{"angle":0,"axis":"y","origin":[15,8,15]},"faces":{"north":{"uv":[3,0,7,4],"texture":"#0"},"east":{"uv":[0,2,4,6],"texture":"#0"},"south":{"uv":[4,8,8,12],"texture":"#0"},"west":{"uv":[0,0,4,4],"texture":"#0"},"up":{"uv":[1,8,5,12],"texture":"#0"},"down":{"uv":[0,8,4,12],"texture":"#0"}}},{"from":[0,-8,8],"to":[16,8,8],"rotation":{"angle":22.5,"axis":"x","origin":[8,0,16]},"faces":{"north":{"uv":[0,0,16,16],"texture":"#1"},"east":{"uv":[0,0,16,16],"texture":"#1"},"south":{"uv":[0,0,16,16],"texture":"#1"},"west":{"uv":[0,0,16,16],"texture":"#1"},"up":{"uv":[0,0,16,16],"texture":"#1"},"down":{"uv":[0,0,16,16],"texture":"#1"}}},{"from":[0,-8,8],"to":[16,8,8],"rotation":{"angle":-22.5,"axis":"y","origin":[8,0,16]},"faces":{"north":{"uv":[0,0,16,16],"texture":"#1"},"east":{"uv":[0,0,16,16],"texture":"#1"},"south":{"uv":[0,0,16,16],"texture":"#1"},"west":{"uv":[0,0,16,16],"texture":"#1"},"up":{"uv":[0,0,16,16],"texture":"#1"},"down":{"uv":[0,0,16,16],"texture":"#1"}}},{"from":[9,-8,2],"to":[9,8,18],"rotation":{"angle":0,"axis":"y","origin":[1,0,10]},"faces":{"north":{"uv":[0,0,16,16],"texture":"#1"},"east":{"uv":[0,0,16,16],"texture":"#1"},"south":{"uv":[0,0,16,16],"texture":"#1"},"west":{"uv":[0,0,16,16],"texture":"#1"},"up":{"uv":[0,0,16,16],"rotation":90,"texture":"#1"},"down":{"uv":[0,0,16,16],"rotation":270,"texture":"#1"}}},{"from":[-4,1,-2],"to":[20,1,22],"rotation":{"angle":0,"axis":"z","origin":[5,9,6]},"faces":{"north":{"uv":[0,0,16,16],"rotation":270,"texture":"#1"},"east":{"uv":[0,0,16,16],"rotation":180,"texture":"#1"},"south":{"uv":[0,0,16,16],"rotation":90,"texture":"#1"},"west":{"uv":[0,0,16,16],"texture":"#1"},"up":{"uv":[0,0,16,16],"rotation":90,"texture":"#1"},"down":{"uv":[0,0,16,16],"rotation":90,"texture":"#1"}}}],"display":{"thirdperson_righthand":{"rotation":[33.75,-39,0],"translation":[0,16.75,0]},"thirdperson_lefthand":{"rotation":[33.75,-39,0],"translation":[0,16.75,0]},"firstperson_righthand":{"translation":[0,10.75,-4.25]},"firstperson_lefthand":{"translation":[3.75,10.75,-4.25]},"ground":{"translation":[0,20,0]},"gui":{"translation":[0,7,0]},"head":{"translation":[0,50,0],"scale":[2,2,2]},"fixed":{"translation":[0,8,0]}}}