{"textures":{"1":"item/obsidian/1","particles":"item/obsidian/1"},"elements":[{"from":[6,0,0],"to":[10,4,16],"rotation":{"angle":0,"axis":"x","origin":[14,8,8]},"faces":{"north":{"uv":[1,9,5,13],"texture":"#1"},"east":{"uv":[6,0,10,16],"rotation":90,"texture":"#1"},"south":{"uv":[1,9,5,13],"texture":"#1"},"west":{"uv":[6,0,10,16],"rotation":270,"texture":"#1"},"up":{"uv":[6,0,10,16],"texture":"#1"},"down":{"uv":[6,0,10,16],"rotation":180,"texture":"#1"}}}],"display":{"thirdperson_righthand":{"translation":[0,4,-2],"scale":[1.1,1.1,1.1]},"thirdperson_lefthand":{"translation":[0,4,-2],"scale":[1.1,1.1,1.1]},"firstperson_righthand":{"translation":[0.25,7,0]},"firstperson_lefthand":{"translation":[0.25,7,0]},"ground":{"rotation":[90,0,0],"translation":[0,6.5,0]},"gui":{"rotation":[36.5,-30.75,0],"translation":[0,4.75,0]},"head":{"translation":[0,16.75,0],"scale":[2,2,2]},"fixed":{"rotation":[90,0,0],"translation":[0,0,4.75]}}}