{"display":{"thirdperson_righthand":{"rotation":[106.33,64.6,-98.56],"translation":[4.75,7.25,1.25],"scale":[0.8,0.8,0.8]},"thirdperson_lefthand":{"rotation":[106.33,64.6,-98.56],"translation":[4.75,7.25,1.25],"scale":[0.8,0.8,0.8]},"firstperson_righthand":{"rotation":[11.7,75.98,-28.86],"translation":[3,3,0],"scale":[0.5,0.5,0.5]},"firstperson_lefthand":{"rotation":[11.7,75.98,-28.86],"translation":[4.75,3,0],"scale":[0.5,0.5,0.5]},"ground":{"rotation":[0,0,55.5],"translation":[0,3.75,0]},"gui":{"rotation":[26.75,141.5,0],"scale":[0.5,0.5,0.5]},"fixed":{"scale":[0.5,0.5,0.5]}},"texture_size":[64,64],"textures":{"1":"item/stone_axe/2"},"elements":[{"from":[8,10,0],"to":[24,26,16],"rotation":{"angle":0,"axis":"y","origin":[16,18,8]},"faces":{"north":{"uv":[0,8,8,16],"texture":"#1"},"east":{"uv":[0,8,8,16],"texture":"#1"},"south":{"uv":[0,8,8,16],"texture":"#1"},"west":{"uv":[0,8,8,16],"texture":"#1"},"up":{"uv":[0,8,8,16],"rotation":270,"texture":"#1"},"down":{"uv":[0,8,8,16],"rotation":270,"texture":"#1"}}},{"from":[-8,10,0],"to":[8,26,16],"rotation":{"angle":0,"axis":"y","origin":[0,18,8]},"faces":{"north":{"uv":[0,8,8,16],"texture":"#1"},"east":{"uv":[0,8,8,16],"texture":"#1"},"south":{"uv":[0,8,8,16],"texture":"#1"},"west":{"uv":[0,8,8,16],"texture":"#1"},"up":{"uv":[0,8,8,16],"rotation":270,"texture":"#1"},"down":{"uv":[0,8,8,16],"rotation":270,"texture":"#1"}}},{"from":[8,10,0],"to":[24,26,16],"rotation":{"angle":0,"axis":"y","origin":[16,18,8]},"faces":{"north":{"uv":[0,8,8,16],"texture":"#1"},"east":{"uv":[0,8,8,16],"texture":"#1"},"south":{"uv":[0,8,8,16],"texture":"#1"},"west":{"uv":[0,8,8,16],"texture":"#1"},"up":{"uv":[0,8,8,16],"rotation":270,"texture":"#1"},"down":{"uv":[0,8,8,16],"rotation":270,"texture":"#1"}}},{"from":[7,-6,7],"to":[9,10,9],"rotation":{"angle":0,"axis":"y","origin":[16,17,15]},"faces":{"north":{"uv":[7,0,8,8],"texture":"#1"},"east":{"uv":[7,0,8,8],"texture":"#1"},"south":{"uv":[7,0,8,8],"texture":"#1"},"west":{"uv":[7,0,8,8],"texture":"#1"},"up":{"uv":[7,0,8,8],"texture":"#1"},"down":{"uv":[7,7.5,8,8],"texture":"#1"}}},{"from":[6.5,-9,6.5],"to":[9.5,-6,9.5],"rotation":{"angle":0,"axis":"y","origin":[15,1,15]},"faces":{"north":{"uv":[9,8.5,10.5,10],"texture":"#1"},"east":{"uv":[9,8.5,10.5,10],"texture":"#1"},"south":{"uv":[9,8.5,10.5,10],"texture":"#1"},"west":{"uv":[9,8.5,10.5,10],"texture":"#1"},"up":{"uv":[9,8.5,10.5,10],"texture":"#1"},"down":{"uv":[9,8.5,10.5,10],"texture":"#1"}}}]}