{"display":{"thirdperson_righthand":{"rotation":[-154.75,-160.25,-148.75],"translation":[0.75,2.75,-6.5],"scale":[0.9,0.9,0.6]},"thirdperson_lefthand":{"rotation":[-154.75,-160.25,-148.75],"translation":[2.25,2.75,-4],"scale":[0.9,0.9,0.6]},"firstperson_righthand":{"translation":[2.75,5.5,0]},"firstperson_lefthand":{"translation":[5,5.5,0.5]},"ground":{"rotation":[-57,0,17],"scale":[0.48438,0.57422,0.44141]},"gui":{"rotation":[42.5,-41,-70],"translation":[2.5,0,0],"scale":[0.75,0.89648,0.5918]},"head":{"rotation":[30.75,7.5,0],"translation":[1,9,1.75],"scale":[1,1.25,1]},"fixed":{"rotation":[-3.75,89,3],"scale":[0.9375,0.73242,0.48047]}},"textures":{"1":"block/crying_obsidian"},"elements":[{"from":[6,0,-9],"to":[10,4,7],"rotation":{"angle":0,"axis":"y","origin":[14,8,-1]},"faces":{"north":{"uv":[1,9,5,13],"texture":"#1"},"east":{"uv":[6,0,10,16],"rotation":90,"texture":"#1"},"south":{"uv":[1,9,5,13],"texture":"#1"},"west":{"uv":[6,0,10,16],"rotation":270,"texture":"#1"},"up":{"uv":[6,0,10,16],"texture":"#1"},"down":{"uv":[6,0,10,16],"texture":"#1"}}},{"from":[8,0,-1],"to":[12,4,15],"rotation":{"angle":-22.5,"axis":"z","origin":[16,8,7]},"faces":{"north":{"uv":[1,9,5,13],"texture":"#1"},"east":{"uv":[6,0,10,16],"rotation":90,"texture":"#1"},"south":{"uv":[1,9,5,13],"texture":"#1"},"west":{"uv":[6,0,10,16],"rotation":270,"texture":"#1"},"up":{"uv":[6,0,10,16],"texture":"#1"},"down":{"uv":[6,0,10,16],"rotation":180,"texture":"#1"}}},{"from":[5,4,11],"to":[9,8,27],"rotation":{"angle":22.5,"axis":"z","origin":[13,12,19]},"faces":{"north":{"uv":[1,9,5,13],"texture":"#1"},"east":{"uv":[6,0,10,16],"rotation":90,"texture":"#1"},"south":{"uv":[1,9,5,13],"texture":"#1"},"west":{"uv":[6,0,10,16],"rotation":270,"texture":"#1"},"up":{"uv":[6,0,10,16],"texture":"#1"},"down":{"uv":[6,0,10,16],"rotation":180,"texture":"#1"}}}]}