{"display":{"thirdperson_righthand":{"rotation":[7.31,-6.93,-11.91],"translation":[3.5,0.25,0.75]},"thirdperson_lefthand":{"rotation":[-2.75,-11.03,-28.09],"translation":[1.75,0.75,-1.75]},"firstperson_righthand":{"rotation":[36.75,-12.5,87.5],"translation":[1.75,7.5,1.25],"scale":[0.76172,0.67773,0.68945]},"firstperson_lefthand":{"rotation":[38.69,-15.74,10.72],"translation":[5,5.5,-2.75],"scale":[0.75586,0.83008,0.81445]},"ground":{"rotation":[75.75,0,0],"translation":[0,1,0],"scale":[0.2,0.2,0.2]},"gui":{"rotation":[38.74,-33.71,2.68],"translation":[-0.25,-1.75,0],"scale":[0.6,0.6,0.6]},"head":{"rotation":[50.75,-32.5,0],"translation":[5.25,8.75,-1.25],"scale":[1.3,1.3,1.3]},"fixed":{"translation":[0,0,-5.75]}},"textures":{"1":"block/crying_obsidian"},"elements":[{"from":[4,6.96861,11.00624],"to":[8,10.96861,27.00624],"rotation":{"angle":22.5,"axis":"x","origin":[8,10.96861,23.00624]},"faces":{"north":{"uv":[1,9,5,13],"texture":"#1"},"east":{"uv":[6,0,10,16],"rotation":90,"texture":"#1"},"south":{"uv":[1,9,5,13],"texture":"#1"},"west":{"uv":[6,0,10,16],"rotation":270,"texture":"#1"},"up":{"uv":[6,0,10,16],"texture":"#1"},"down":{"uv":[6,0,10,16],"texture":"#1"}}},{"from":[6,10.6194,3.08658],"to":[10,14.6194,19.08658],"rotation":{"angle":22.5,"axis":"x","origin":[8,12.6194,6.08658]},"faces":{"north":{"uv":[1,9,5,13],"texture":"#1"},"east":{"uv":[6,0,10,16],"rotation":90,"texture":"#1"},"south":{"uv":[1,9,5,13],"texture":"#1"},"west":{"uv":[6,0,10,16],"rotation":270,"texture":"#1"},"up":{"uv":[6,0,10,16],"texture":"#1"},"down":{"uv":[6,0,10,16],"texture":"#1"}}},{"from":[5,6,-16],"to":[9,10,0],"rotation":{"angle":0,"axis":"y","origin":[13,14,11]},"faces":{"north":{"uv":[1,9,5,13],"texture":"#1"},"east":{"uv":[6,0,10,16],"rotation":90,"texture":"#1"},"south":{"uv":[1,9,5,13],"texture":"#1"},"west":{"uv":[6,0,10,16],"rotation":270,"texture":"#1"},"up":{"uv":[6,0,10,16],"texture":"#1"},"down":{"uv":[6,0,10,16],"texture":"#1"}}},{"from":[5,6,0],"to":[9,10,16],"rotation":{"angle":0,"axis":"y","origin":[13,14,11]},"faces":{"north":{"uv":[1,9,5,13],"texture":"#1"},"east":{"uv":[6,0,10,16],"rotation":90,"texture":"#1"},"south":{"uv":[1,9,5,13],"texture":"#1"},"west":{"uv":[6,0,10,16],"rotation":270,"texture":"#1"},"up":{"uv":[6,0,10,16],"texture":"#1"},"down":{"uv":[6,0,10,16],"texture":"#1"}}},{"from":[-9,6,18],"to":[7,10,22],"rotation":{"angle":-45,"axis":"y","origin":[7,8,24]},"faces":{"north":{"uv":[6,0,10,16],"rotation":90,"texture":"#1"},"east":{"uv":[1,9,5,13],"texture":"#1"},"south":{"uv":[6,0,10,16],"rotation":270,"texture":"#1"},"west":{"uv":[1,9,5,13],"texture":"#1"},"up":{"uv":[6,0,10,16],"rotation":270,"texture":"#1"},"down":{"uv":[6,0,10,16],"rotation":90,"texture":"#1"}}},{"from":[9,4,3],"to":[13,8,19],"rotation":{"angle":-22.5,"axis":"y","origin":[11,6,11]},"faces":{"north":{"uv":[1,9,5,13],"texture":"#1"},"east":{"uv":[6,0,10,16],"rotation":90,"texture":"#1"},"south":{"uv":[1,9,5,13],"texture":"#1"},"west":{"uv":[6,0,10,16],"rotation":270,"texture":"#1"},"up":{"uv":[6,0,10,16],"texture":"#1"},"down":{"uv":[6,0,10,16],"texture":"#1"}}}]}