{"display":{"thirdperson_righthand":{"rotation":[0,90,0],"translation":[0,3,1],"scale":[0.6,0.6,0.6]},"thirdperson_lefthand":{"rotation":[0,90,0],"translation":[0,3,1],"scale":[0.6,0.6,0.6]},"firstperson_righthand":{"rotation":[0,90,0],"translation":[0,4,1],"scale":[0.6,0.6,0.6]},"firstperson_lefthand":{"rotation":[0,90,0],"translation":[0,4,1],"scale":[0.6,0.6,0.6]},"ground":{"translation":[0,3,0],"scale":[0.6,0.6,0.6]},"gui":{"rotation":[0,90,0]},"head":{"translation":[0,9.5,-3]},"fixed":{"rotation":[0,-90,0],"translation":[-2,2.5,-1.5]}},"gui_light":"front","textures":{"0":"item/apple/1","particle":"item/apple/1"},"elements":[{"from":[7.5,2,0],"to":[8.5,3,1],"rotation":{"angle":0,"axis":"y","origin":[8,10,8]},"faces":{"north":{"uv":[1,12,2,13],"texture":"#0"},"east":{"uv":[1,12,2,13],"texture":"#0"},"south":{"uv":[1,12,2,13],"texture":"#0"},"west":{"uv":[1,12,2,13],"texture":"#0"},"up":{"uv":[1,12,2,13],"texture":"#0"},"down":{"uv":[1,12,2,13],"texture":"#0"}}},{"from":[7.5,1,1],"to":[8.5,2,2],"rotation":{"angle":0,"axis":"y","origin":[8,9,9]},"faces":{"north":{"uv":[1,12,2,13],"texture":"#0"},"east":{"uv":[1,12,2,13],"texture":"#0"},"south":{"uv":[1,12,2,13],"texture":"#0"},"west":{"uv":[1,12,2,13],"texture":"#0"},"up":{"uv":[1,12,2,13],"texture":"#0"},"down":{"uv":[1,12,2,13],"texture":"#0"}}},{"from":[7.5,0,2],"to":[8.5,1,3],"rotation":{"angle":0,"axis":"y","origin":[8,8,10]},"faces":{"north":{"uv":[1,12,2,13],"texture":"#0"},"east":{"uv":[1,12,2,13],"texture":"#0"},"south":{"uv":[1,12,2,13],"texture":"#0"},"west":{"uv":[1,12,2,13],"texture":"#0"},"up":{"uv":[1,12,2,13],"texture":"#0"},"down":{"uv":[1,12,2,13],"texture":"#0"}}},{"from":[7.5,0,3],"to":[8.5,1,9],"rotation":{"angle":0,"axis":"y","origin":[8,8,11]},"faces":{"north":{"uv":[4,14,5,15],"texture":"#0"},"east":{"uv":[4,14,5,15],"texture":"#0"},"south":{"uv":[4,14,5,15],"texture":"#0"},"west":{"uv":[4,14,5,15],"texture":"#0"},"up":{"uv":[4,14,5,15],"texture":"#0"},"down":{"uv":[4,14,5,15],"texture":"#0"}}},{"from":[7.5,1,3],"to":[8.5,2,9],"rotation":{"angle":0,"axis":"y","origin":[8,9,11]},"faces":{"north":{"uv":[4,13,5,14],"texture":"#0"},"east":{"uv":[4,13,5,14],"texture":"#0"},"south":{"uv":[4,13,5,14],"texture":"#0"},"west":{"uv":[4,13,5,14],"texture":"#0"},"up":{"uv":[4,13,5,14],"texture":"#0"},"down":{"uv":[4,13,5,14],"texture":"#0"}}},{"from":[7.5,2,4],"to":[8.5,3,9],"rotation":{"angle":0,"axis":"y","origin":[8,10,11]},"faces":{"north":{"uv":[5,12,6,13],"texture":"#0"},"east":{"uv":[5,12,6,13],"texture":"#0"},"south":{"uv":[5,12,6,13],"texture":"#0"},"west":{"uv":[5,12,6,13],"texture":"#0"},"up":{"uv":[5,12,6,13],"texture":"#0"},"down":{"uv":[5,12,6,13],"texture":"#0"}}},{"from":[7.5,3,4],"to":[8.5,4,8],"rotation":{"angle":0,"axis":"y","origin":[8,11,11]},"faces":{"north":{"uv":[5,11,6,12],"texture":"#0"},"east":{"uv":[5,11,6,12],"texture":"#0"},"south":{"uv":[5,11,6,12],"texture":"#0"},"west":{"uv":[5,11,6,12],"texture":"#0"},"up":{"uv":[5,11,6,12],"texture":"#0"},"down":{"uv":[5,11,6,12],"texture":"#0"}}},{"from":[7.5,4,6],"to":[8.5,5,9],"rotation":{"angle":0,"axis":"y","origin":[8,12,12]},"faces":{"north":{"uv":[5,11,6,12],"texture":"#0"},"east":{"uv":[5,11,6,12],"texture":"#0"},"south":{"uv":[5,11,6,12],"texture":"#0"},"west":{"uv":[5,11,6,12],"texture":"#0"},"up":{"uv":[5,11,6,12],"texture":"#0"},"down":{"uv":[5,11,6,12],"texture":"#0"}}},{"from":[7.5,5,7],"to":[8.5,6,9],"rotation":{"angle":0,"axis":"y","origin":[8,13,12]},"faces":{"north":{"uv":[5,11,6,12],"texture":"#0"},"east":{"uv":[5,11,6,12],"texture":"#0"},"south":{"uv":[5,11,6,12],"texture":"#0"},"west":{"uv":[5,11,6,12],"texture":"#0"},"up":{"uv":[5,11,6,12],"texture":"#0"},"down":{"uv":[5,11,6,12],"texture":"#0"}}},{"from":[7.5,6,7],"to":[8.5,7,9],"rotation":{"angle":0,"axis":"y","origin":[8,14,12]},"faces":{"north":{"uv":[5,11,6,12],"texture":"#0"},"east":{"uv":[5,11,6,12],"texture":"#0"},"south":{"uv":[5,11,6,12],"texture":"#0"},"west":{"uv":[5,11,6,12],"texture":"#0"},"up":{"uv":[5,11,6,12],"texture":"#0"},"down":{"uv":[5,11,6,12],"texture":"#0"}}},{"from":[7.5,7,8],"to":[8.5,8,9],"rotation":{"angle":0,"axis":"y","origin":[8,15,12]},"faces":{"north":{"uv":[5,11,6,12],"texture":"#0"},"east":{"uv":[5,11,6,12],"texture":"#0"},"south":{"uv":[5,11,6,12],"texture":"#0"},"west":{"uv":[5,11,6,12],"texture":"#0"},"up":{"uv":[5,11,6,12],"texture":"#0"},"down":{"uv":[5,11,6,12],"texture":"#0"}}},{"from":[7.5,1,2],"to":[8.5,2,3],"rotation":{"angle":0,"axis":"y","origin":[8,9,10]},"faces":{"north":{"uv":[2,12,3,13],"texture":"#0"},"east":{"uv":[2,12,3,13],"texture":"#0"},"south":{"uv":[2,12,3,13],"texture":"#0"},"west":{"uv":[2,12,3,13],"texture":"#0"},"up":{"uv":[2,12,3,13],"texture":"#0"},"down":{"uv":[2,12,3,13],"texture":"#0"}}},{"from":[7.5,1,9],"to":[8.5,2,10],"rotation":{"angle":0,"axis":"y","origin":[8,9,17]},"faces":{"north":{"uv":[2,12,3,13],"texture":"#0"},"east":{"uv":[2,12,3,13],"texture":"#0"},"south":{"uv":[2,12,3,13],"texture":"#0"},"west":{"uv":[2,12,3,13],"texture":"#0"},"up":{"uv":[2,12,3,13],"texture":"#0"},"down":{"uv":[2,12,3,13],"texture":"#0"}}},{"from":[7.5,2,9],"to":[8.5,3,10],"rotation":{"angle":0,"axis":"y","origin":[8,10,17]},"faces":{"north":{"uv":[10,12,11,13],"texture":"#0"},"east":{"uv":[10,12,11,13],"texture":"#0"},"south":{"uv":[10,12,11,13],"texture":"#0"},"west":{"uv":[10,12,11,13],"texture":"#0"},"up":{"uv":[10,12,11,13],"texture":"#0"},"down":{"uv":[10,12,11,13],"texture":"#0"}}},{"from":[7.5,3,10],"to":[8.5,4,11],"rotation":{"angle":0,"axis":"y","origin":[8,11,18]},"faces":{"north":{"uv":[10,12,11,13],"texture":"#0"},"east":{"uv":[10,12,11,13],"texture":"#0"},"south":{"uv":[10,12,11,13],"texture":"#0"},"west":{"uv":[10,12,11,13],"texture":"#0"},"up":{"uv":[10,12,11,13],"texture":"#0"},"down":{"uv":[10,12,11,13],"texture":"#0"}}},{"from":[7.5,10,10],"to":[8.5,11,11],"rotation":{"angle":0,"axis":"y","origin":[8,18,18]},"faces":{"north":{"uv":[10,12,11,13],"texture":"#0"},"east":{"uv":[10,12,11,13],"texture":"#0"},"south":{"uv":[10,12,11,13],"texture":"#0"},"west":{"uv":[10,12,11,13],"texture":"#0"},"up":{"uv":[10,12,11,13],"texture":"#0"},"down":{"uv":[10,12,11,13],"texture":"#0"}}},{"from":[7.5,11,9],"to":[8.5,12,10],"rotation":{"angle":0,"axis":"y","origin":[8,19,17]},"faces":{"north":{"uv":[10,12,11,13],"texture":"#0"},"east":{"uv":[10,12,11,13],"texture":"#0"},"south":{"uv":[10,12,11,13],"texture":"#0"},"west":{"uv":[10,12,11,13],"texture":"#0"},"up":{"uv":[10,12,11,13],"texture":"#0"},"down":{"uv":[10,12,11,13],"texture":"#0"}}},{"from":[7.5,12,9],"to":[8.5,13,10],"rotation":{"angle":0,"axis":"y","origin":[8,20,17]},"faces":{"north":{"uv":[10,2,11,3],"texture":"#0"},"east":{"uv":[10,2,11,3],"texture":"#0"},"south":{"uv":[10,2,11,3],"texture":"#0"},"west":{"uv":[10,2,11,3],"texture":"#0"},"up":{"uv":[10,2,11,3],"texture":"#0"},"down":{"uv":[10,2,11,3],"texture":"#0"}}},{"from":[7.5,11,10],"to":[8.5,12,11],"rotation":{"angle":0,"axis":"y","origin":[8,19,18]},"faces":{"north":{"uv":[10,2,11,3],"texture":"#0"},"east":{"uv":[10,2,11,3],"texture":"#0"},"south":{"uv":[10,2,11,3],"texture":"#0"},"west":{"uv":[10,2,11,3],"texture":"#0"},"up":{"uv":[10,2,11,3],"texture":"#0"},"down":{"uv":[10,2,11,3],"texture":"#0"}}},{"from":[7.5,10,11],"to":[8.5,11,12],"rotation":{"angle":0,"axis":"y","origin":[8,18,19]},"faces":{"north":{"uv":[10,2,11,3],"texture":"#0"},"east":{"uv":[10,2,11,3],"texture":"#0"},"south":{"uv":[10,2,11,3],"texture":"#0"},"west":{"uv":[10,2,11,3],"texture":"#0"},"up":{"uv":[10,2,11,3],"texture":"#0"},"down":{"uv":[10,2,11,3],"texture":"#0"}}},{"from":[7.5,9,12],"to":[8.5,10,13],"rotation":{"angle":0,"axis":"y","origin":[8,17,20]},"faces":{"north":{"uv":[10,2,11,3],"texture":"#0"},"east":{"uv":[10,2,11,3],"texture":"#0"},"south":{"uv":[10,2,11,3],"texture":"#0"},"west":{"uv":[10,2,11,3],"texture":"#0"},"up":{"uv":[10,2,11,3],"texture":"#0"},"down":{"uv":[10,2,11,3],"texture":"#0"}}},{"from":[7.5,3,9],"to":[8.5,4,10],"rotation":{"angle":0,"axis":"y","origin":[8,11,17]},"faces":{"north":{"uv":[10,11,11,12],"texture":"#0"},"east":{"uv":[10,11,11,12],"texture":"#0"},"south":{"uv":[10,11,11,12],"texture":"#0"},"west":{"uv":[10,11,11,12],"texture":"#0"},"up":{"uv":[10,11,11,12],"texture":"#0"},"down":{"uv":[10,11,11,12],"texture":"#0"}}},{"from":[7.5,4,9],"to":[8.5,5,10],"rotation":{"angle":0,"axis":"y","origin":[8,12,17]},"faces":{"north":{"uv":[10,11,11,12],"texture":"#0"},"east":{"uv":[10,11,11,12],"texture":"#0"},"south":{"uv":[10,11,11,12],"texture":"#0"},"west":{"uv":[10,11,11,12],"texture":"#0"},"up":{"uv":[10,11,11,12],"texture":"#0"},"down":{"uv":[10,11,11,12],"texture":"#0"}}},{"from":[7.5,3,8],"to":[8.5,4,9],"rotation":{"angle":0,"axis":"y","origin":[8,11,16]},"faces":{"north":{"uv":[10,11,11,12],"texture":"#0"},"east":{"uv":[10,11,11,12],"texture":"#0"},"south":{"uv":[10,11,11,12],"texture":"#0"},"west":{"uv":[10,11,11,12],"texture":"#0"},"up":{"uv":[10,11,11,12],"texture":"#0"},"down":{"uv":[10,11,11,12],"texture":"#0"}}},{"from":[7.5,2,10],"to":[8.5,3,11],"rotation":{"angle":0,"axis":"y","origin":[8,10,18]},"faces":{"north":{"uv":[2,12,3,13],"texture":"#0"},"east":{"uv":[2,12,3,13],"texture":"#0"},"south":{"uv":[2,12,3,13],"texture":"#0"},"west":{"uv":[2,12,3,13],"texture":"#0"},"up":{"uv":[2,12,3,13],"texture":"#0"},"down":{"uv":[2,12,3,13],"texture":"#0"}}},{"from":[7.5,3,11],"to":[8.5,4,12],"rotation":{"angle":0,"axis":"y","origin":[8,11,19]},"faces":{"north":{"uv":[2,12,3,13],"texture":"#0"},"east":{"uv":[2,12,3,13],"texture":"#0"},"south":{"uv":[2,12,3,13],"texture":"#0"},"west":{"uv":[2,12,3,13],"texture":"#0"},"up":{"uv":[2,12,3,13],"texture":"#0"},"down":{"uv":[2,12,3,13],"texture":"#0"}}},{"from":[7.5,4,12],"to":[8.5,9,13],"rotation":{"angle":0,"axis":"y","origin":[8,12,20]},"faces":{"north":{"uv":[2,12,3,13],"texture":"#0"},"east":{"uv":[2,12,3,13],"texture":"#0"},"south":{"uv":[2,12,3,13],"texture":"#0"},"west":{"uv":[2,12,3,13],"texture":"#0"},"up":{"uv":[2,12,3,13],"texture":"#0"},"down":{"uv":[2,12,3,13],"texture":"#0"}}},{"from":[7.5,4,11],"to":[8.5,10,12],"rotation":{"angle":0,"axis":"y","origin":[8,12,19]},"faces":{"north":{"uv":[12,9,13,10],"texture":"#0"},"east":{"uv":[12,9,13,10],"texture":"#0"},"south":{"uv":[12,9,13,10],"texture":"#0"},"west":{"uv":[12,9,13,10],"texture":"#0"},"up":{"uv":[12,9,13,10],"texture":"#0"},"down":{"uv":[12,9,13,10],"texture":"#0"}}},{"from":[7.5,4,10],"to":[8.5,10,11],"rotation":{"angle":0,"axis":"y","origin":[8,12,18]},"faces":{"north":{"uv":[11,9,12,10],"texture":"#0"},"east":{"uv":[11,9,12,10],"texture":"#0"},"south":{"uv":[11,9,12,10],"texture":"#0"},"west":{"uv":[11,9,12,10],"texture":"#0"},"up":{"uv":[11,9,12,10],"texture":"#0"},"down":{"uv":[11,9,12,10],"texture":"#0"}}},{"from":[7.5,5,9],"to":[8.5,11,10],"rotation":{"angle":0,"axis":"y","origin":[8,13,17]},"faces":{"north":{"uv":[10,8,11,9],"texture":"#0"},"east":{"uv":[10,8,11,9],"texture":"#0"},"south":{"uv":[10,8,11,9],"texture":"#0"},"west":{"uv":[10,8,11,9],"texture":"#0"},"up":{"uv":[10,8,11,9],"texture":"#0"},"down":{"uv":[10,8,11,9],"texture":"#0"}}},{"from":[7.5,2,1],"to":[8.5,3,2],"rotation":{"angle":0,"axis":"y","origin":[8,10,9]},"faces":{"north":{"uv":[2,12,3,13],"texture":"#0"},"east":{"uv":[2,12,3,13],"texture":"#0"},"south":{"uv":[2,12,3,13],"texture":"#0"},"west":{"uv":[2,12,3,13],"texture":"#0"},"up":{"uv":[2,12,3,13],"texture":"#0"},"down":{"uv":[2,12,3,13],"texture":"#0"}}},{"from":[7.5,2,2],"to":[8.5,3,4],"rotation":{"angle":0,"axis":"y","origin":[8,10,10]},"faces":{"north":{"uv":[3,12,4,13],"texture":"#0"},"east":{"uv":[3,12,4,13],"texture":"#0"},"south":{"uv":[3,12,4,13],"texture":"#0"},"west":{"uv":[3,12,4,13],"texture":"#0"},"up":{"uv":[3,12,4,13],"texture":"#0"},"down":{"uv":[3,12,4,13],"texture":"#0"}}}]}