{"display":{"thirdperson_righthand":{"rotation":[53.67,-25.16,-5.97],"translation":[0.5,-1,0]},"thirdperson_lefthand":{"rotation":[53.67,-25.16,-5.97],"translation":[0.5,-1,0]},"firstperson_righthand":{"rotation":[-27.68,-47.28,-10.15],"translation":[4,1.25,0]},"firstperson_lefthand":{"rotation":[-29.39,-41.01,-23.88],"translation":[5,0.25,0]},"ground":{"scale":[0.3,0.3,0.3]},"gui":{"rotation":[-180,0,-180],"translation":[0.5,-0.5,0],"scale":[0.8,0.8,0.8]},"head":{"translation":[0,-2,0],"scale":[1.6,1.6,1.6]},"fixed":{"translation":[-0.5,-0.5,0],"scale":[1.1,1.1,1.1]}},"texture_size":[32,32],"textures":{"0":"item/shield/10","particle":"item/shield/10"},"elements":[{"from":[0,4,7],"to":[1,13,8],"faces":{"north":{"uv":[8,2,8.5,6.5],"texture":"#0"},"east":{"uv":[8,2,8.5,6.5],"texture":"#0"},"south":{"uv":[8,2,8.5,6.5],"texture":"#0"},"west":{"uv":[8,2,8.5,6.5],"texture":"#0"},"up":{"uv":[8,2,8.5,2.5],"texture":"#0"},"down":{"uv":[8,6,8.5,6.5],"texture":"#0"}}},{"from":[1,3,7],"to":[2,6,8],"faces":{"north":{"uv":[7.5,5.5,8,7],"texture":"#0"},"east":{"uv":[7.5,5.5,8,7],"texture":"#0"},"south":{"uv":[7.5,5.5,8,7],"texture":"#0"},"west":{"uv":[7.5,5.5,8,7],"texture":"#0"},"up":{"uv":[7.5,5.5,8,6],"texture":"#0"},"down":{"uv":[7.5,6.5,8,7],"texture":"#0"}}},{"from":[2,2,7],"to":[3,4,8],"faces":{"north":{"uv":[7,6.5,7.5,7.5],"texture":"#0"},"east":{"uv":[7,6.5,7.5,7.5],"texture":"#0"},"south":{"uv":[7,6.5,7.5,7.5],"texture":"#0"},"west":{"uv":[7,6.5,7.5,7.5],"texture":"#0"},"up":{"uv":[7,6.5,7.5,7],"texture":"#0"},"down":{"uv":[7,7,7.5,7.5],"texture":"#0"}}},{"from":[3,1,7],"to":[4,3,8],"faces":{"north":{"uv":[6.5,7,7,8],"texture":"#0"},"east":{"uv":[6.5,7,7,8],"texture":"#0"},"south":{"uv":[6.5,7,7,8],"texture":"#0"},"west":{"uv":[6.5,7,7,8],"texture":"#0"},"up":{"uv":[6.5,7,7,7.5],"texture":"#0"},"down":{"uv":[6.5,7.5,7,8],"texture":"#0"}}},{"from":[4,0,7],"to":[5,2,8],"faces":{"north":{"uv":[6,7.5,6.5,8.5],"texture":"#0"},"east":{"uv":[6,7.5,6.5,8.5],"texture":"#0"},"south":{"uv":[6,7.5,6.5,8.5],"texture":"#0"},"west":{"uv":[6,7.5,6.5,8.5],"texture":"#0"},"up":{"uv":[6,7.5,6.5,8],"texture":"#0"},"down":{"uv":[6,8,6.5,8.5],"texture":"#0"}}},{"from":[13,1,7],"to":[14,3,8],"faces":{"north":{"uv":[1.5,7,2,8],"texture":"#0"},"east":{"uv":[1.5,7,2,8],"texture":"#0"},"south":{"uv":[1.5,7,2,8],"texture":"#0"},"west":{"uv":[0,0,0.5,1],"texture":"#missing"},"up":{"uv":[1.5,7,2,7.5],"texture":"#0"},"down":{"uv":[1.5,7.5,2,8],"texture":"#0"}}},{"from":[5,0,7],"to":[13,1,8],"faces":{"north":{"uv":[2,8,6,8.5],"texture":"#0"},"east":{"uv":[2,8,2.5,8.5],"texture":"#0"},"south":{"uv":[2,8,6,8.5],"rotation":180,"texture":"#0"},"west":{"uv":[0,0,0.5,0.5],"texture":"#missing"},"up":{"uv":[2,8,6,8.5],"rotation":180,"texture":"#0"},"down":{"uv":[2,8,6,8.5],"rotation":180,"texture":"#0"}}},{"from":[12,1,7],"to":[13,3,8],"faces":{"north":{"uv":[2,7,2.5,8],"texture":"#0"},"east":{"uv":[0,0,0.5,1],"texture":"#missing"},"south":{"uv":[2,7,2.5,8],"texture":"#0"},"west":{"uv":[2,7,2.5,8],"texture":"#0"},"up":{"uv":[2,7,2.5,7.5],"texture":"#0"},"down":{"uv":[0,0,0.5,0.5],"texture":"#missing"}}},{"from":[14,2,7],"to":[15,4,8],"faces":{"north":{"uv":[1,6.5,1.5,7.5],"texture":"#0"},"east":{"uv":[1,6.5,1.5,7.5],"texture":"#0"},"south":{"uv":[1,6.5,1.5,7.5],"texture":"#0"},"west":{"uv":[1,6.5,1.5,7.5],"texture":"#0"},"up":{"uv":[1,6.5,1.5,7],"texture":"#0"},"down":{"uv":[1,7,1.5,7.5],"texture":"#0"}}},{"from":[16,4,7],"to":[17,13,8],"faces":{"north":{"uv":[0,2,0.5,6.5],"texture":"#0"},"east":{"uv":[0,2,0.5,6.5],"texture":"#0"},"south":{"uv":[0,2,0.5,6.5],"texture":"#0"},"west":{"uv":[0,2,0.5,6.5],"texture":"#0"},"up":{"uv":[0,2,0.5,2.5],"texture":"#0"},"down":{"uv":[0,6,0.5,6.5],"texture":"#0"}}},{"from":[15,3,7],"to":[16,4,8],"faces":{"north":{"uv":[0.5,6.5,1,7],"texture":"#0"},"east":{"uv":[0.5,6.5,1,7],"texture":"#0"},"south":{"uv":[0.5,6.5,1,7],"texture":"#0"},"west":{"uv":[0.5,6.5,1,7],"texture":"#0"},"up":{"uv":[0.5,6.5,1,7],"texture":"#0"},"down":{"uv":[0.5,6.5,1,7],"texture":"#0"}}},{"from":[15,12,7],"to":[16,14,8],"faces":{"north":{"uv":[0.5,1.5,1,2.5],"texture":"#0"},"east":{"uv":[0.5,1.5,1,2.5],"texture":"#0"},"south":{"uv":[0.5,1.5,1,2.5],"texture":"#0"},"west":{"uv":[0.5,1.5,1,2.5],"texture":"#0"},"up":{"uv":[0.5,1.5,1,2],"texture":"#0"},"down":{"uv":[0.5,2,1,2.5],"texture":"#0"}}},{"from":[14,13,7],"to":[15,15,8],"faces":{"north":{"uv":[1,1,1.5,2],"texture":"#0"},"east":{"uv":[1,1,1.5,2],"texture":"#0"},"south":{"uv":[1,1,1.5,2],"texture":"#0"},"west":{"uv":[1,1,1.5,2],"texture":"#0"},"up":{"uv":[1,1,1.5,1.5],"texture":"#0"},"down":{"uv":[1,1.5,1.5,2],"texture":"#0"}}},{"from":[13,14,7],"to":[14,16,8],"faces":{"north":{"uv":[1.5,0.5,2,1.5],"texture":"#0"},"east":{"uv":[1.5,0.5,2,1.5],"texture":"#0"},"south":{"uv":[1.5,0.5,2,1.5],"texture":"#0"},"west":{"uv":[1.5,0.5,2,1.5],"texture":"#0"},"up":{"uv":[1.5,0.5,2,1],"texture":"#0"},"down":{"uv":[1.5,1,2,1.5],"texture":"#0"}}},{"from":[12,15,7],"to":[13,16,8],"faces":{"north":{"uv":[2,0.5,2.5,1],"texture":"#0"},"east":{"uv":[2,0.5,2.5,1],"texture":"#0"},"south":{"uv":[2,0.5,2.5,1],"texture":"#0"},"west":{"uv":[2,0.5,2.5,1],"texture":"#0"},"up":{"uv":[2,0.5,2.5,1],"texture":"#0"},"down":{"uv":[2,0.5,2.5,1],"texture":"#0"}}},{"from":[4,15,7],"to":[5,17,8],"faces":{"north":{"uv":[6,0,6.5,1],"texture":"#0"},"east":{"uv":[6,0,6.5,1],"texture":"#0"},"south":{"uv":[6,0,6.5,1],"texture":"#0"},"west":{"uv":[6,0,6.5,1],"texture":"#0"},"up":{"uv":[6,0,6.5,0.5],"texture":"#0"},"down":{"uv":[6,0.5,6.5,1],"texture":"#0"}}},{"from":[3,14,7],"to":[4,16,8],"faces":{"north":{"uv":[6.5,0.5,7,1.5],"texture":"#0"},"east":{"uv":[6.5,0.5,7,1.5],"texture":"#0"},"south":{"uv":[6.5,0.5,7,1.5],"texture":"#0"},"west":{"uv":[6.5,0.5,7,1.5],"texture":"#0"},"up":{"uv":[6.5,0.5,7,1],"texture":"#0"},"down":{"uv":[6.5,1,7,1.5],"texture":"#0"}}},{"from":[2,13,7],"to":[3,15,8],"faces":{"north":{"uv":[7,1,7.5,2],"texture":"#0"},"east":{"uv":[7,1,7.5,2],"texture":"#0"},"south":{"uv":[7,1,7.5,2],"texture":"#0"},"west":{"uv":[7,1,7.5,2],"texture":"#0"},"up":{"uv":[7,1,7.5,1.5],"texture":"#0"},"down":{"uv":[7,1.5,7.5,2],"texture":"#0"}}},{"from":[1,12,7],"to":[2,14,8],"faces":{"north":{"uv":[7.5,1.5,8,2.5],"texture":"#0"},"east":{"uv":[7.5,1.5,8,2.5],"texture":"#0"},"south":{"uv":[7.5,1.5,8,2.5],"texture":"#0"},"west":{"uv":[7.5,1.5,8,2.5],"texture":"#0"},"up":{"uv":[7.5,1.5,8,2],"texture":"#0"},"down":{"uv":[7.5,2,8,2.5],"texture":"#0"}}},{"from":[5,16,7],"to":[13,17,8],"faces":{"north":{"uv":[2,0,6,0.5],"texture":"#0"},"east":{"uv":[2,0,2.5,0.5],"texture":"#0"},"south":{"uv":[2,0,6,0.5],"rotation":180,"texture":"#0"},"west":{"uv":[0,0,0.5,0.5],"texture":"#missing"},"up":{"uv":[2,0,6,0.5],"rotation":180,"texture":"#0"},"down":{"uv":[2,0,6,0.5],"rotation":180,"texture":"#0"}}},{"from":[10,4,7],"to":[11,6,8],"faces":{"north":{"uv":[3,5.5,3.5,6.5],"texture":"#0"},"east":{"uv":[3,5.5,3.5,6.5],"texture":"#0"},"south":{"uv":[3,5.5,3.5,6.5],"texture":"#0"},"west":{"uv":[3,5.5,3.5,6.5],"texture":"#0"},"up":{"uv":[3,5.5,3.5,6],"texture":"#0"},"down":{"uv":[3,6,3.5,6.5],"texture":"#0"}}},{"from":[11,2,7],"to":[12,4,8],"faces":{"north":{"uv":[2.5,6.5,3,7.5],"texture":"#0"},"east":{"uv":[2.5,6.5,3,7.5],"texture":"#0"},"south":{"uv":[2.5,6.5,3,7.5],"texture":"#0"},"west":{"uv":[2.5,6.5,3,7.5],"texture":"#0"},"up":{"uv":[2.5,6.5,3,7],"texture":"#0"},"down":{"uv":[2.5,7,3,7.5],"texture":"#0"}}},{"from":[5,6,7],"to":[6,8,8],"faces":{"north":{"uv":[5.5,4.5,6,5.5],"texture":"#0"},"east":{"uv":[5.5,4.5,6,5.5],"texture":"#0"},"south":{"uv":[5.5,4.5,6,5.5],"texture":"#0"},"west":{"uv":[5.5,4.5,6,5.5],"texture":"#0"},"up":{"uv":[5.5,4.5,6,5],"texture":"#0"},"down":{"uv":[5.5,5,6,5.5],"texture":"#0"}}},{"from":[4,5,7],"to":[5,7,8],"faces":{"north":{"uv":[6,5,6.5,6],"texture":"#0"},"east":{"uv":[6,5,6.5,6],"texture":"#0"},"south":{"uv":[6,5,6.5,6],"texture":"#0"},"west":{"uv":[6,5,6.5,6],"texture":"#0"},"up":{"uv":[6,5,6.5,5.5],"texture":"#0"},"down":{"uv":[6,5.5,6.5,6],"texture":"#0"}}},{"from":[3,4,7],"to":[4,5,8],"faces":{"north":{"uv":[6.5,6,7,6.5],"texture":"#0"},"east":{"uv":[6.5,6,7,6.5],"texture":"#0"},"south":{"uv":[6.5,6,7,6.5],"texture":"#0"},"west":{"uv":[6.5,6,7,6.5],"texture":"#0"},"up":{"uv":[6.5,6,7,6.5],"texture":"#0"},"down":{"uv":[6.5,6,7,6.5],"texture":"#0"}}},{"from":[9,5,7],"to":[10,7,8],"faces":{"north":{"uv":[3.5,5,4,6],"texture":"#0"},"east":{"uv":[3.5,5,4,6],"texture":"#0"},"south":{"uv":[3.5,5,4,6],"texture":"#0"},"west":{"uv":[3.5,5,4,6],"texture":"#0"},"up":{"uv":[3.5,5,4,5.5],"texture":"#0"},"down":{"uv":[3.5,5.5,4,6],"texture":"#0"}}},{"from":[9,8,6.9],"to":[10,9,7.9],"faces":{"north":{"uv":[3.5,4,4,4.5],"texture":"#0"},"east":{"uv":[3.5,4,4,4.5],"texture":"#0"},"south":{"uv":[3.5,4,4,4.5],"texture":"#0"},"west":{"uv":[3.5,4,4,4.5],"texture":"#0"},"up":{"uv":[3.5,4,4,4.5],"texture":"#0"},"down":{"uv":[3.5,4,4,4.5],"texture":"#0"}}},{"from":[8,9,6.9],"to":[9,10,7.9],"faces":{"north":{"uv":[4,3.5,4.5,4],"texture":"#0"},"east":{"uv":[4,3.5,4.5,4],"texture":"#0"},"south":{"uv":[4,3.5,4.5,4],"texture":"#0"},"west":{"uv":[4,3.5,4.5,4],"texture":"#0"},"up":{"uv":[4,3.5,4.5,4],"texture":"#0"},"down":{"uv":[4,3.5,4.5,4],"texture":"#0"}}},{"from":[7,7,6.9],"to":[9,9,7.9],"faces":{"north":{"uv":[4,4,5,5],"texture":"#0"},"east":{"uv":[4,4,4.5,5],"texture":"#0"},"south":{"uv":[4,4,5,5],"texture":"#0"},"west":{"uv":[4.5,4,5,5],"texture":"#0"},"up":{"uv":[4,4,5,4.5],"texture":"#0"},"down":{"uv":[4,4.5,5,5],"texture":"#0"}}},{"from":[7,10,7.2],"to":[8,11,7.8],"faces":{"north":{"uv":[4.5,3,5,3.5],"texture":"#0"},"east":{"uv":[4.5,3,5,3.5],"texture":"#0"},"south":{"uv":[4.5,3,5,3.5],"texture":"#0"},"west":{"uv":[4.5,3,5,3.5],"texture":"#0"},"up":{"uv":[4.5,3,5,3.5],"texture":"#0"},"down":{"uv":[4.5,3,5,3.5],"texture":"#0"}}},{"from":[9,10,7.2],"to":[10,11,7.8],"faces":{"north":{"uv":[3.5,3,4,3.5],"texture":"#0"},"east":{"uv":[3.5,3,4,3.5],"texture":"#0"},"south":{"uv":[3.5,3,4,3.5],"texture":"#0"},"west":{"uv":[3.5,3,4,3.5],"texture":"#0"},"up":{"uv":[3.5,3,4,3.5],"texture":"#0"},"down":{"uv":[3.5,3,4,3.5],"texture":"#0"}}},{"from":[13,13,7.2],"to":[14,14,7.8],"faces":{"north":{"uv":[1.5,1.5,2,2],"texture":"#0"},"east":{"uv":[1.5,1.5,2,2],"texture":"#0"},"south":{"uv":[1.5,1.5,2,2],"texture":"#0"},"west":{"uv":[1.5,1.5,2,2],"texture":"#0"},"up":{"uv":[1.5,1.5,2,2],"texture":"#0"},"down":{"uv":[1.5,1.5,2,2],"texture":"#0"}}},{"from":[12,12,7.2],"to":[13,15,7.8],"faces":{"north":{"uv":[2,1,2.5,2.5],"texture":"#0"},"east":{"uv":[0,0,0.5,1.5],"texture":"#missing"},"south":{"uv":[2,1,2.5,2.5],"texture":"#0"},"west":{"uv":[0,0,0.5,1.5],"texture":"#missing"},"up":{"uv":[0,0,0.5,0.5],"texture":"#missing"},"down":{"uv":[0,0,0.5,0.5],"texture":"#missing"}}},{"from":[4,13,7.2],"to":[5,15,7.8],"faces":{"north":{"uv":[6,1,6.5,2],"texture":"#0"},"east":{"uv":[0,0,0.5,1.5],"texture":"#missing"},"south":{"uv":[6,1,6.5,2],"texture":"#0"},"west":{"uv":[0,0,0.5,1.5],"texture":"#missing"},"up":{"uv":[0,0,0.5,0.5],"texture":"#missing"},"down":{"uv":[0,0,0.5,0.5],"texture":"#missing"}}},{"from":[5,12,7.2],"to":[6,16,7.8],"faces":{"north":{"uv":[5.5,0.5,6,2.5],"texture":"#0"},"east":{"uv":[0,0,0.5,1.5],"texture":"#missing"},"south":{"uv":[5.5,0.5,6,2.5],"texture":"#0"},"west":{"uv":[0,0,0.5,1.5],"texture":"#missing"},"up":{"uv":[0,0,0.5,0.5],"texture":"#missing"},"down":{"uv":[0,0,0.5,0.5],"texture":"#missing"}}},{"from":[6,11,7.2],"to":[12,16,7.8],"faces":{"north":{"uv":[2.5,0.5,5.5,3],"texture":"#0"},"east":{"uv":[0,0,0.5,2.5],"texture":"#missing"},"south":{"uv":[2.5,0.5,5.5,3],"texture":"#0"},"west":{"uv":[0,0,0.5,2.5],"texture":"#missing"},"up":{"uv":[0,0,3,0.5],"texture":"#missing"},"down":{"uv":[0,0,3,0.5],"texture":"#missing"}}},{"from":[2,4,7.2],"to":[3,6,7.8],"faces":{"north":{"uv":[7,5.5,7.5,6.5],"texture":"#0"},"east":{"uv":[0,0,0.5,1.5],"texture":"#missing"},"south":{"uv":[7,5.5,7.5,6.5],"texture":"#0"},"west":{"uv":[0,0,0.5,1.5],"texture":"#missing"},"up":{"uv":[0,0,0.5,0.5],"texture":"#missing"},"down":{"uv":[0,0,0.5,0.5],"texture":"#missing"}}},{"from":[3,5,7.2],"to":[4,6,7.8],"faces":{"north":{"uv":[6.5,5.5,7,6],"texture":"#0"},"east":{"uv":[6.5,5.5,7,6],"texture":"#0"},"south":{"uv":[6.5,5.5,7,6],"texture":"#0"},"west":{"uv":[6.5,5.5,7,6],"texture":"#0"},"up":{"uv":[6.5,5.5,7,6],"texture":"#0"},"down":{"uv":[6.5,5.5,7,6],"texture":"#0"}}},{"from":[2,12,7.2],"to":[3,13,7.8],"faces":{"north":{"uv":[7,2,7.5,2.5],"texture":"#0"},"east":{"uv":[7,2,7.5,2.5],"texture":"#0"},"south":{"uv":[7,2,7.5,2.5],"texture":"#0"},"west":{"uv":[7,2,7.5,2.5],"texture":"#0"},"up":{"uv":[7,2,7.5,2.5],"texture":"#0"},"down":{"uv":[7,2,7.5,2.5],"texture":"#0"}}},{"from":[5,8,7.2],"to":[6,10,7.8],"faces":{"north":{"uv":[5.5,3.5,6,4.5],"texture":"#0"},"east":{"uv":[0,0,0.5,1.5],"texture":"#missing"},"south":{"uv":[5.5,3.5,6,4.5],"texture":"#0"},"west":{"uv":[0,0,0.5,1.5],"texture":"#missing"},"up":{"uv":[0,0,0.5,0.5],"texture":"#missing"},"down":{"uv":[0,0,0.5,0.5],"texture":"#missing"}}},{"from":[4,7,7.2],"to":[5,11,7.8],"faces":{"north":{"uv":[6,3,6.5,5],"texture":"#0"},"east":{"uv":[0,0,0.5,1.5],"texture":"#missing"},"south":{"uv":[6,3,6.5,5],"texture":"#0"},"west":{"uv":[0,0,0.5,1.5],"texture":"#missing"},"up":{"uv":[0,0,0.5,0.5],"texture":"#missing"},"down":{"uv":[0,0,0.5,0.5],"texture":"#missing"}}},{"from":[1,6,7.2],"to":[4,12,7.8],"faces":{"north":{"uv":[6.5,2.5,8,5.5],"texture":"#0"},"east":{"uv":[0,0,0.5,3],"texture":"#missing"},"south":{"uv":[6.5,2.5,8,5.5],"texture":"#0"},"west":{"uv":[0,0,0.5,3],"texture":"#missing"},"up":{"uv":[0,0,1.5,0.5],"texture":"#missing"},"down":{"uv":[0,0,1.5,0.5],"texture":"#missing"}}},{"from":[14,11,7.2],"to":[16,12,7.8],"faces":{"north":{"uv":[0.5,2.5,1.5,3],"texture":"#0"},"east":{"uv":[0,0,0.5,0.5],"texture":"#missing"},"south":{"uv":[0.5,2.5,1.5,3],"texture":"#0"},"west":{"uv":[0,0,0.5,0.5],"texture":"#missing"},"up":{"uv":[0,0,1,0.5],"texture":"#missing"},"down":{"uv":[0,0,1,0.5],"texture":"#missing"}}},{"from":[13,10,7.2],"to":[16,11,7.8],"faces":{"north":{"uv":[0.5,3,2,3.5],"texture":"#0"},"east":{"uv":[0,0,0.5,0.5],"texture":"#missing"},"south":{"uv":[0.5,3,2,3.5],"texture":"#0"},"west":{"uv":[0,0,0.5,0.5],"texture":"#missing"},"up":{"uv":[0,0,1,0.5],"texture":"#missing"},"down":{"uv":[0,0,1,0.5],"texture":"#missing"}}},{"from":[12,3,7.2],"to":[14,4,7.8],"faces":{"north":{"uv":[1.5,6.5,2.5,7],"texture":"#0"},"east":{"uv":[0,0,0.5,0.5],"texture":"#missing"},"south":{"uv":[1.5,6.5,2.5,7],"texture":"#0"},"west":{"uv":[0,0,0.5,0.5],"texture":"#missing"},"up":{"uv":[0,0,1,0.5],"texture":"#missing"},"down":{"uv":[0,0,1,0.5],"texture":"#missing"}}},{"from":[11,4,7.2],"to":[16,10,7.8],"faces":{"north":{"uv":[0.5,3.5,3,6.5],"texture":"#0"},"east":{"uv":[0,0,0.5,3],"texture":"#missing"},"south":{"uv":[0.5,3.5,3,6.5],"texture":"#0"},"west":{"uv":[0,0,0.5,3],"texture":"#missing"},"up":{"uv":[0,0,2.5,0.5],"texture":"#missing"},"down":{"uv":[0,0,2.5,0.5],"texture":"#missing"}}},{"from":[11,1,7.2],"to":[12,2,7.8],"faces":{"north":{"uv":[2.5,7.5,3,8],"texture":"#0"},"east":{"uv":[2.5,7.5,3,8],"texture":"#0"},"south":{"uv":[2.5,7.5,3,8],"texture":"#0"},"west":{"uv":[2.5,7.5,3,8],"texture":"#0"},"up":{"uv":[2.5,7.5,3,8],"texture":"#0"},"down":{"uv":[2.5,7.5,3,8],"texture":"#0"}}},{"from":[10,1,7.2],"to":[11,4,7.8],"faces":{"north":{"uv":[3,6.5,3.5,8],"texture":"#0"},"east":{"uv":[0,0,0.5,1.5],"texture":"#missing"},"south":{"uv":[3,6.5,3.5,8],"texture":"#0"},"west":{"uv":[0,0,0.5,1.5],"texture":"#missing"},"up":{"uv":[0,0,0.5,0.5],"texture":"#missing"},"down":{"uv":[0,0,0.5,0.5],"texture":"#missing"}}},{"from":[6,6,7.2],"to":[7,7,7.8],"faces":{"north":{"uv":[5,5,5.5,5.5],"texture":"#0"},"east":{"uv":[5,5,5.5,5.5],"texture":"#0"},"south":{"uv":[5,5,5.5,5.5],"texture":"#0"},"west":{"uv":[5,5,5.5,5.5],"texture":"#0"},"up":{"uv":[5,5,5.5,5.5],"texture":"#0"},"down":{"uv":[5,5,5.5,5.5],"texture":"#0"}}},{"from":[5,5,7.2],"to":[9,6,7.8],"faces":{"north":{"uv":[4,5.5,6,6],"texture":"#0"},"east":{"uv":[0,0,0.5,2],"texture":"#missing"},"south":{"uv":[4,5.5,6,6],"texture":"#0"},"west":{"uv":[0,0,0.5,2],"texture":"#missing"},"up":{"uv":[0,0,2.5,0.5],"texture":"#missing"},"down":{"uv":[0,0,2.5,0.5],"texture":"#missing"}}},{"from":[3,3,7.2],"to":[4,4,7.8],"faces":{"north":{"uv":[6.5,6.5,7,7],"texture":"#0"},"east":{"uv":[6.5,6.5,7,7],"texture":"#0"},"south":{"uv":[6.5,6.5,7,7],"texture":"#0"},"west":{"uv":[6.5,6.5,7,7],"texture":"#0"},"up":{"uv":[6.5,6.5,7,7],"texture":"#0"},"down":{"uv":[6.5,6.5,7,7],"texture":"#0"}}},{"from":[10,6,7.2],"to":[11,8,7.8],"faces":{"north":{"uv":[3,4.5,3.5,5.5],"texture":"#0"},"east":{"uv":[0,0,0.5,1.5],"texture":"#missing"},"south":{"uv":[3,4.5,3.5,5.5],"texture":"#0"},"west":{"uv":[0,0,0.5,1.5],"texture":"#missing"},"up":{"uv":[0,0,0.5,0.5],"texture":"#missing"},"down":{"uv":[0,0,0.5,0.5],"texture":"#missing"}}},{"from":[4,2,7.2],"to":[5,5,7.8],"faces":{"north":{"uv":[6,6,6.5,7.5],"texture":"#0"},"east":{"uv":[0,0,0.5,1.5],"texture":"#missing"},"south":{"uv":[6,6,6.5,7.5],"texture":"#0"},"west":{"uv":[0,0,0.5,1.5],"texture":"#missing"},"up":{"uv":[0,0,0.5,0.5],"texture":"#missing"},"down":{"uv":[0,0,0.5,0.5],"texture":"#missing"}}},{"from":[5,1,7.2],"to":[10,5,7.8],"faces":{"north":{"uv":[3.5,6,6,8],"texture":"#0"},"east":{"uv":[0,0,0.5,2],"texture":"#missing"},"south":{"uv":[3.5,6,6,8],"texture":"#0"},"west":{"uv":[0,0,0.5,2],"texture":"#missing"},"up":{"uv":[0,0,2.5,0.5],"texture":"#missing"},"down":{"uv":[0,0,2.5,0.5],"texture":"#missing"}}},{"from":[7,6,6.7],"to":[8,7,8],"faces":{"north":{"uv":[4.5,5,5,5.5],"texture":"#0"},"east":{"uv":[4.5,5,5,5.5],"texture":"#0"},"south":{"uv":[4.5,5,5,5.5],"texture":"#0"},"west":{"uv":[4.5,5,5,5.5],"texture":"#0"},"up":{"uv":[4.5,5,5,5.5],"texture":"#0"},"down":{"uv":[4.5,5,5,5.5],"texture":"#0"}}},{"from":[8,6,6.7],"to":[9,7,8],"faces":{"north":{"uv":[4,5,4.5,5.5],"texture":"#0"},"east":{"uv":[4,5,4.5,5.5],"texture":"#0"},"south":{"uv":[4,5,4.5,5.5],"texture":"#0"},"west":{"uv":[4,5,4.5,5.5],"texture":"#0"},"up":{"uv":[4,5,4.5,5.5],"texture":"#0"},"down":{"uv":[4,5,4.5,5.5],"texture":"#0"}}},{"from":[6,7,6.7],"to":[7,9,8],"faces":{"north":{"uv":[5,4,5.5,5],"texture":"#0"},"east":{"uv":[5,4,5.5,5],"texture":"#0"},"south":{"uv":[5,4,5.5,5],"texture":"#0"},"west":{"uv":[5,4,5.5,5],"texture":"#0"},"up":{"uv":[5,4,5.5,4.5],"texture":"#0"},"down":{"uv":[5,4.5,5.5,5],"texture":"#0"}}},{"from":[7,9,6.7],"to":[8,10,8],"faces":{"north":{"uv":[4.5,3.5,5,4],"texture":"#0"},"east":{"uv":[4.5,3.5,5,4],"texture":"#0"},"south":{"uv":[4.5,3.5,5,4],"texture":"#0"},"west":{"uv":[4.5,3.5,5,4],"texture":"#0"},"up":{"uv":[4.5,3.5,5,4],"texture":"#0"},"down":{"uv":[4.5,3.5,5,4],"texture":"#0"}}},{"from":[10,8,6.7],"to":[11,10,8],"faces":{"north":{"uv":[3,3.5,3.5,4.5],"texture":"#0"},"east":{"uv":[3,3.5,3.5,4.5],"texture":"#0"},"south":{"uv":[3,3.5,3.5,4.5],"texture":"#0"},"west":{"uv":[3,3.5,3.5,4.5],"texture":"#0"},"up":{"uv":[3,3.5,3.5,4],"texture":"#0"},"down":{"uv":[3,4,3.5,4.5],"texture":"#0"}}},{"from":[8,10,6.7],"to":[9,11,8],"faces":{"north":{"uv":[4,3,4.5,3.5],"texture":"#0"},"east":{"uv":[4,3,4.5,3.5],"texture":"#0"},"south":{"uv":[4,3,4.5,3.5],"texture":"#0"},"west":{"uv":[4,3,4.5,3.5],"texture":"#0"},"up":{"uv":[4,3,4.5,3.5],"texture":"#0"},"down":{"uv":[4,3,4.5,3.5],"texture":"#0"}}},{"from":[9,9,6.7],"to":[10,10,8],"faces":{"north":{"uv":[3.5,3.5,4,4],"texture":"#0"},"east":{"uv":[3.5,3.5,4,4],"texture":"#0"},"south":{"uv":[3.5,3.5,4,4],"texture":"#0"},"west":{"uv":[3.5,3.5,4,4],"texture":"#0"},"up":{"uv":[3.5,3.5,4,4],"texture":"#0"},"down":{"uv":[3.5,3.5,4,4],"texture":"#0"}}},{"from":[9,7,6.7],"to":[10,8,8],"faces":{"north":{"uv":[3.5,4.5,4,5],"texture":"#0"},"east":{"uv":[3.5,4.5,4,5],"texture":"#0"},"south":{"uv":[3.5,4.5,4,5],"texture":"#0"},"west":{"uv":[3.5,4.5,4,5],"texture":"#0"},"up":{"uv":[3.5,4.5,4,5],"texture":"#0"},"down":{"uv":[3.5,4.5,4,5],"texture":"#0"}}},{"from":[10,10,7],"to":[11,11,8],"faces":{"north":{"uv":[3,3,3.5,3.5],"texture":"#0"},"east":{"uv":[3,3,3.5,3.5],"texture":"#0"},"south":{"uv":[3,3,3.5,3.5],"texture":"#0"},"west":{"uv":[3,3,3.5,3.5],"texture":"#0"},"up":{"uv":[3,3,3.5,3.5],"texture":"#0"},"down":{"uv":[3,3,3.5,3.5],"texture":"#0"}}},{"from":[11,10,7],"to":[12,11,8],"faces":{"north":{"uv":[2.5,3,3,3.5],"texture":"#0"},"east":{"uv":[2.5,3,3,3.5],"texture":"#0"},"south":{"uv":[2.5,3,3,3.5],"texture":"#0"},"west":{"uv":[2.5,3,3,3.5],"texture":"#0"},"up":{"uv":[2.5,3,3,3.5],"texture":"#0"},"down":{"uv":[2.5,3,3,3.5],"texture":"#0"}}},{"from":[12,10,7],"to":[13,11,8],"faces":{"north":{"uv":[2,3,2.5,3.5],"texture":"#0"},"east":{"uv":[2,3,2.5,3.5],"texture":"#0"},"south":{"uv":[2,3,2.5,3.5],"texture":"#0"},"west":{"uv":[2,3,2.5,3.5],"texture":"#0"},"up":{"uv":[2,3,2.5,3.5],"texture":"#0"},"down":{"uv":[2,3,2.5,3.5],"texture":"#0"}}},{"from":[12,11,7],"to":[13,12,8],"faces":{"north":{"uv":[2,2.5,2.5,3],"texture":"#0"},"east":{"uv":[2,2.5,2.5,3],"texture":"#0"},"south":{"uv":[2,2.5,2.5,3],"texture":"#0"},"west":{"uv":[2,2.5,2.5,3],"texture":"#0"},"up":{"uv":[2,2.5,2.5,3],"texture":"#0"},"down":{"uv":[2,2.5,2.5,3],"texture":"#0"}}},{"from":[13,11,7],"to":[14,12,8],"faces":{"north":{"uv":[1.5,2.5,2,3],"texture":"#0"},"east":{"uv":[1.5,2.5,2,3],"texture":"#0"},"south":{"uv":[1.5,2.5,2,3],"texture":"#0"},"west":{"uv":[1.5,2.5,2,3],"texture":"#0"},"up":{"uv":[1.5,2.5,2,3],"texture":"#0"},"down":{"uv":[1.5,2.5,2,3],"texture":"#0"}}},{"from":[13,12,7],"to":[14,13,8],"faces":{"north":{"uv":[1.5,2,2,2.5],"texture":"#0"},"east":{"uv":[1.5,2,2,2.5],"texture":"#0"},"south":{"uv":[1.5,2,2,2.5],"texture":"#0"},"west":{"uv":[1.5,2,2,2.5],"texture":"#0"},"up":{"uv":[1.5,2,2,2.5],"texture":"#0"},"down":{"uv":[1.5,2,2,2.5],"texture":"#0"}}},{"from":[14,12,7],"to":[15,13,8],"faces":{"north":{"uv":[1,2,1.5,2.5],"texture":"#0"},"east":{"uv":[1,2,1.5,2.5],"texture":"#0"},"south":{"uv":[1,2,1.5,2.5],"texture":"#0"},"west":{"uv":[1,2,1.5,2.5],"texture":"#0"},"up":{"uv":[1,2,1.5,2.5],"texture":"#0"},"down":{"uv":[1,2,1.5,2.5],"texture":"#0"}}},{"from":[6,9,7],"to":[7,11,8],"faces":{"north":{"uv":[5,3,5.5,4],"texture":"#0"},"east":{"uv":[5,3,5.5,4],"texture":"#0"},"south":{"uv":[5,3,5.5,4],"texture":"#0"},"west":{"uv":[5,3,5.5,4],"texture":"#0"},"up":{"uv":[5,3,5.5,3.5],"texture":"#0"},"down":{"uv":[5,3.5,5.5,4],"texture":"#0"}}},{"from":[5,10,7],"to":[6,12,8],"faces":{"north":{"uv":[5.5,2.5,6,3.5],"texture":"#0"},"east":{"uv":[5.5,2.5,6,3.5],"texture":"#0"},"south":{"uv":[5.5,2.5,6,3.5],"texture":"#0"},"west":{"uv":[5.5,2.5,6,3.5],"texture":"#0"},"up":{"uv":[5.5,2.5,6,3],"texture":"#0"},"down":{"uv":[5.5,3,6,3.5],"texture":"#0"}}},{"from":[4,11,7],"to":[5,13,8],"faces":{"north":{"uv":[6,2,6.5,3],"texture":"#0"},"east":{"uv":[6,2,6.5,3],"texture":"#0"},"south":{"uv":[6,2,6.5,3],"texture":"#0"},"west":{"uv":[6,2,6.5,3],"texture":"#0"},"up":{"uv":[6,2,6.5,2.5],"texture":"#0"},"down":{"uv":[6,2.5,6.5,3],"texture":"#0"}}},{"from":[3,12,7],"to":[4,14,8],"faces":{"north":{"uv":[6.5,1.5,7,2.5],"texture":"#0"},"east":{"uv":[6.5,1.5,7,2.5],"texture":"#0"},"south":{"uv":[6.5,1.5,7,2.5],"texture":"#0"},"west":{"uv":[6.5,1.5,7,2.5],"texture":"#0"},"up":{"uv":[6.5,1.5,7,2],"texture":"#0"},"down":{"uv":[6.5,2,7,2.5],"texture":"#0"}}},{"from":[7.3,4,7.8],"to":[8.3,5,8.8],"rotation":{"angle":45,"axis":"z","origin":[8,8,10]},"faces":{"north":{"uv":[12.5,6,13,6.5],"texture":"#0"},"east":{"uv":[12.5,6,13,6.5],"texture":"#0"},"south":{"uv":[12.5,6,13,6.5],"texture":"#0"},"west":{"uv":[12.5,6,13,6.5],"texture":"#0"},"up":{"uv":[12.5,6,13,6.5],"texture":"#0"},"down":{"uv":[12.5,6,13,6.5],"texture":"#0"}}},{"from":[7.3,4,8.8],"to":[8.3,5,9.8],"rotation":{"angle":45,"axis":"z","origin":[8,8,10]},"faces":{"north":{"uv":[12,6,12.5,6.5],"texture":"#0"},"east":{"uv":[12,6,12.5,6.5],"texture":"#0"},"south":{"uv":[12,6,12.5,6.5],"texture":"#0"},"west":{"uv":[12,6,12.5,6.5],"texture":"#0"},"up":{"uv":[12,6,12.5,6.5],"texture":"#0"},"down":{"uv":[12,6,12.5,6.5],"texture":"#0"}}},{"from":[7.3,4,9.8],"to":[8.3,5,10.8],"rotation":{"angle":45,"axis":"z","origin":[8,8,10]},"faces":{"north":{"uv":[11.5,6,12,6.5],"texture":"#0"},"east":{"uv":[11.5,6,12,6.5],"texture":"#0"},"south":{"uv":[11.5,6,12,6.5],"texture":"#0"},"west":{"uv":[11.5,6,12,6.5],"texture":"#0"},"up":{"uv":[11.5,6,12,6.5],"texture":"#0"},"down":{"uv":[11.5,6,12,6.5],"texture":"#0"}}},{"from":[7.3,5,9.8],"to":[8.3,6,10.8],"rotation":{"angle":45,"axis":"z","origin":[8,8,10]},"faces":{"north":{"uv":[11.5,5.5,12,6],"texture":"#0"},"east":{"uv":[11.5,5.5,12,6],"texture":"#0"},"south":{"uv":[11.5,5.5,12,6],"texture":"#0"},"west":{"uv":[11.5,5.5,12,6],"texture":"#0"},"up":{"uv":[11.5,5.5,12,6],"texture":"#0"},"down":{"uv":[11.5,5.5,12,6],"texture":"#0"}}},{"from":[7.3,5,10.8],"to":[8.3,6,11.8],"rotation":{"angle":45,"axis":"z","origin":[8,8,10]},"faces":{"north":{"uv":[11,5.5,11.5,6],"texture":"#0"},"east":{"uv":[11,5.5,11.5,6],"texture":"#0"},"south":{"uv":[11,5.5,11.5,6],"texture":"#0"},"west":{"uv":[11,5.5,11.5,6],"texture":"#0"},"up":{"uv":[11,5.5,11.5,6],"texture":"#0"},"down":{"uv":[11,5.5,11.5,6],"texture":"#0"}}},{"from":[7.3,5,11.8],"to":[8.3,6,12.8],"rotation":{"angle":45,"axis":"z","origin":[8,8,10]},"faces":{"north":{"uv":[10.5,5.5,11,6],"texture":"#0"},"east":{"uv":[10.5,5.5,11,6],"texture":"#0"},"south":{"uv":[10.5,5.5,11,6],"texture":"#0"},"west":{"uv":[10.5,5.5,11,6],"texture":"#0"},"up":{"uv":[10.5,5.5,11,6],"texture":"#0"},"down":{"uv":[10.5,5.5,11,6],"texture":"#0"}}},{"from":[7.3,6,11.8],"to":[8.3,11,12.8],"rotation":{"angle":45,"axis":"z","origin":[8,8,10]},"faces":{"north":{"uv":[10.5,3,11,5.5],"texture":"#0"},"east":{"uv":[10.5,3,11,5.5],"texture":"#0"},"south":{"uv":[10.5,3,11,5.5],"texture":"#0"},"west":{"uv":[10.5,3,11,5.5],"texture":"#0"},"up":{"uv":[10.5,5,11,5.5],"texture":"#0"},"down":{"uv":[10.5,5,11,5.5],"texture":"#0"}}},{"from":[7.3,10,10.8],"to":[8.3,11,11.8],"rotation":{"angle":45,"axis":"z","origin":[8,8,10]},"faces":{"north":{"uv":[11,3,11.5,3.5],"texture":"#0"},"east":{"uv":[11,3,11.5,3.5],"texture":"#0"},"south":{"uv":[11,3,11.5,3.5],"texture":"#0"},"west":{"uv":[11,3,11.5,3.5],"texture":"#0"},"up":{"uv":[11,3,11.5,3.5],"texture":"#0"},"down":{"uv":[11,3,11.5,3.5],"texture":"#0"}}},{"from":[7.3,10,9.8],"to":[8.3,11,10.8],"rotation":{"angle":45,"axis":"z","origin":[8,8,10]},"faces":{"north":{"uv":[11.5,3,12,3.5],"texture":"#0"},"east":{"uv":[11.5,3,12,3.5],"texture":"#0"},"south":{"uv":[11.5,3,12,3.5],"texture":"#0"},"west":{"uv":[11.5,3,12,3.5],"texture":"#0"},"up":{"uv":[11.5,3,12,3.5],"texture":"#0"},"down":{"uv":[11.5,3,12,3.5],"texture":"#0"}}},{"from":[7.3,11,9.8],"to":[8.3,12,10.8],"rotation":{"angle":45,"axis":"z","origin":[8,8,10]},"faces":{"north":{"uv":[11.5,2.5,12,3],"texture":"#0"},"east":{"uv":[11.5,2.5,12,3],"texture":"#0"},"south":{"uv":[11.5,2.5,12,3],"texture":"#0"},"west":{"uv":[11.5,2.5,12,3],"texture":"#0"},"up":{"uv":[11.5,2.5,12,3],"texture":"#0"},"down":{"uv":[11.5,2.5,12,3],"texture":"#0"}}},{"from":[7.3,11,8.8],"to":[8.3,12,9.8],"rotation":{"angle":45,"axis":"z","origin":[8,8,10]},"faces":{"north":{"uv":[12,2.5,12.5,3],"texture":"#0"},"east":{"uv":[12,2.5,12.5,3],"texture":"#0"},"south":{"uv":[12,2.5,12.5,3],"texture":"#0"},"west":{"uv":[12,2.5,12.5,3],"texture":"#0"},"up":{"uv":[12,2.5,12.5,3],"texture":"#0"},"down":{"uv":[12,2.5,12.5,3],"texture":"#0"}}},{"from":[7.3,11,7.8],"to":[8.3,12,8.8],"rotation":{"angle":45,"axis":"z","origin":[8,8,10]},"faces":{"north":{"uv":[12.5,2.5,13,3],"texture":"#0"},"east":{"uv":[12.5,2.5,13,3],"texture":"#0"},"south":{"uv":[12.5,2.5,13,3],"texture":"#0"},"west":{"uv":[12.5,2.5,13,3],"texture":"#0"},"up":{"uv":[12.5,2.5,13,3],"texture":"#0"},"down":{"uv":[12.5,2.5,13,3],"texture":"#0"}}}]}