{"display":{"thirdperson_righthand":{"rotation":[45,0,0],"translation":[0,-6.5,6.25],"scale":[1.6,1.6,1.6]},"thirdperson_lefthand":{"rotation":[45,0,0],"translation":[0,-6.5,6.25],"scale":[1.6,1.6,1.6]},"firstperson_righthand":{"translation":[0,-6.5,6.25],"scale":[1.6,1.6,1.6]},"firstperson_lefthand":{"translation":[0,-6.5,6.25],"scale":[1.6,1.6,1.6]},"gui":{"rotation":[0,-180,0],"translation":[0.5,-0.75,0],"scale":[0.8,0.8,0.8]},"fixed":{"translation":[-0.5,-1,6.5]}},"gui_light":"front","texture_size":[32,32],"textures":{"0":"item/shield/2","3":"item/shield/2.1","particle":"item/shield/2"},"elements":[{"from":[8,0,0.8],"to":[9,1,2],"rotation":{"angle":0,"axis":"y","origin":[16,8,9]},"faces":{"north":{"uv":[7.5,12.5,8,13],"texture":"#0"},"east":{"uv":[7.5,12.5,8,13],"texture":"#0"},"south":{"uv":[7.5,12.5,8,13],"texture":"#3"},"west":{"uv":[7.5,12.5,8,13],"texture":"#0"},"up":{"uv":[7.5,12.5,8,13],"texture":"#0"},"down":{"uv":[7.5,12.5,8,13],"texture":"#0"}}},{"from":[8,2,0.7],"to":[9,3,2],"rotation":{"angle":0,"axis":"y","origin":[16,10,9]},"faces":{"north":{"uv":[7.5,11.5,8,12],"texture":"#0"},"east":{"uv":[7.5,11.5,8,12],"texture":"#0"},"south":{"uv":[7.5,11.5,8,12],"texture":"#3"},"west":{"uv":[7.5,11.5,8,12],"texture":"#0"},"up":{"uv":[7.5,11.5,8,12],"texture":"#0"},"down":{"uv":[7.5,11.5,8,12],"texture":"#0"}}},{"from":[9,2,0.8],"to":[10,3,2],"rotation":{"angle":0,"axis":"y","origin":[17,10,9]},"faces":{"north":{"uv":[7,11.5,7.5,12],"texture":"#0"},"east":{"uv":[7,11.5,7.5,12],"texture":"#0"},"south":{"uv":[7,11.5,7.5,12],"texture":"#3"},"west":{"uv":[7,11.5,7.5,12],"texture":"#0"},"up":{"uv":[7,11.5,7.5,12],"texture":"#0"},"down":{"uv":[7,11.5,7.5,12],"texture":"#0"}}},{"from":[10,2,1],"to":[11,3,2],"rotation":{"angle":0,"axis":"y","origin":[18,10,9]},"faces":{"north":{"uv":[6.5,11.5,7,12],"texture":"#0"},"east":{"uv":[6.5,11.5,7,12],"texture":"#0"},"south":{"uv":[6.5,11.5,7,12],"texture":"#3"},"west":{"uv":[6.5,11.5,7,12],"texture":"#0"},"up":{"uv":[6.5,11.5,7,12],"texture":"#0"},"down":{"uv":[6.5,11.5,7,12],"texture":"#0"}}},{"from":[10,3,1],"to":[11,4,2],"rotation":{"angle":0,"axis":"y","origin":[18,11,9]},"faces":{"north":{"uv":[6.5,11,7,11.5],"texture":"#0"},"east":{"uv":[6.5,11,7,11.5],"texture":"#0"},"south":{"uv":[6.5,11,7,11.5],"texture":"#3"},"west":{"uv":[6.5,11,7,11.5],"texture":"#0"},"up":{"uv":[6.5,11,7,11.5],"texture":"#0"},"down":{"uv":[6.5,11,7,11.5],"texture":"#0"}}},{"from":[10,4,1],"to":[11,5,2],"rotation":{"angle":0,"axis":"y","origin":[18,12,9]},"faces":{"north":{"uv":[6.5,10.5,7,11],"texture":"#0"},"east":{"uv":[6.5,10.5,7,11],"texture":"#0"},"south":{"uv":[6.5,10.5,7,11],"texture":"#3"},"west":{"uv":[6.5,10.5,7,11],"texture":"#0"},"up":{"uv":[6.5,10.5,7,11],"texture":"#0"},"down":{"uv":[6.5,10.5,7,11],"texture":"#0"}}},{"from":[11,4,1],"to":[12,5,2],"rotation":{"angle":0,"axis":"y","origin":[19,12,9]},"faces":{"north":{"uv":[6,10.5,6.5,11],"texture":"#0"},"east":{"uv":[6,10.5,6.5,11],"texture":"#0"},"south":{"uv":[6,10.5,6.5,11],"texture":"#3"},"west":{"uv":[6,10.5,6.5,11],"texture":"#0"},"up":{"uv":[6,10.5,6.5,11],"texture":"#0"},"down":{"uv":[6,10.5,6.5,11],"texture":"#0"}}},{"from":[11,5,1],"to":[12,6,2],"rotation":{"angle":0,"axis":"y","origin":[19,13,9]},"faces":{"north":{"uv":[6,10,6.5,10.5],"texture":"#0"},"east":{"uv":[6,10,6.5,10.5],"texture":"#0"},"south":{"uv":[6,10,6.5,10.5],"texture":"#3"},"west":{"uv":[6,10,6.5,10.5],"texture":"#0"},"up":{"uv":[6,10,6.5,10.5],"texture":"#0"},"down":{"uv":[6,10,6.5,10.5],"texture":"#0"}}},{"from":[11,6,0.7],"to":[12,7,2],"rotation":{"angle":0,"axis":"y","origin":[19,14,9]},"faces":{"north":{"uv":[6,9.5,6.5,10],"texture":"#0"},"east":{"uv":[6,9.5,6.5,10],"texture":"#0"},"south":{"uv":[6,9.5,6.5,10],"texture":"#3"},"west":{"uv":[6,9.5,6.5,10],"texture":"#0"},"up":{"uv":[6,9.5,6.5,10],"texture":"#0"},"down":{"uv":[6,9.5,6.5,10],"texture":"#0"}}},{"from":[12,6,1],"to":[13,7,2],"rotation":{"angle":0,"axis":"y","origin":[20,14,9]},"faces":{"north":{"uv":[5.5,9.5,6,10],"texture":"#0"},"east":{"uv":[5.5,9.5,6,10],"texture":"#0"},"south":{"uv":[5.5,9.5,6,10],"texture":"#3"},"west":{"uv":[5.5,9.5,6,10],"texture":"#0"},"up":{"uv":[5.5,9.5,6,10],"texture":"#0"},"down":{"uv":[5.5,9.5,6,10],"texture":"#0"}}},{"from":[12,7,1],"to":[13,8,2],"rotation":{"angle":0,"axis":"y","origin":[20,15,9]},"faces":{"north":{"uv":[5.5,9,6,9.5],"texture":"#0"},"east":{"uv":[5.5,9,6,9.5],"texture":"#0"},"south":{"uv":[5.5,9,6,9.5],"texture":"#3"},"west":{"uv":[5.5,9,6,9.5],"texture":"#0"},"up":{"uv":[5.5,9,6,9.5],"texture":"#0"},"down":{"uv":[5.5,9,6,9.5],"texture":"#0"}}},{"from":[12,8,1],"to":[13,9,2],"rotation":{"angle":0,"axis":"y","origin":[20,16,9]},"faces":{"north":{"uv":[5.5,8.5,6,9],"texture":"#0"},"east":{"uv":[5.5,8.5,6,9],"texture":"#0"},"south":{"uv":[5.5,8.5,6,9],"texture":"#3"},"west":{"uv":[5.5,8.5,6,9],"texture":"#0"},"up":{"uv":[5.5,8.5,6,9],"texture":"#0"},"down":{"uv":[5.5,8.5,6,9],"texture":"#0"}}},{"from":[12,9,1],"to":[13,10,2],"rotation":{"angle":0,"axis":"y","origin":[20,17,9]},"faces":{"north":{"uv":[5.5,8,6,8.5],"texture":"#0"},"east":{"uv":[5.5,8,6,8.5],"texture":"#0"},"south":{"uv":[5.5,8,6,8.5],"texture":"#3"},"west":{"uv":[5.5,8,6,8.5],"texture":"#0"},"up":{"uv":[5.5,8,6,8.5],"texture":"#0"},"down":{"uv":[5.5,8,6,8.5],"texture":"#0"}}},{"from":[13,9,1],"to":[14,10,2],"rotation":{"angle":0,"axis":"y","origin":[21,17,9]},"faces":{"north":{"uv":[5,8,5.5,8.5],"texture":"#0"},"east":{"uv":[5,8,5.5,8.5],"texture":"#0"},"south":{"uv":[5,8,5.5,8.5],"texture":"#3"},"west":{"uv":[5,8,5.5,8.5],"texture":"#0"},"up":{"uv":[5,8,5.5,8.5],"texture":"#0"},"down":{"uv":[5,8,5.5,8.5],"texture":"#0"}}},{"from":[13,10,1],"to":[14,11,2],"rotation":{"angle":0,"axis":"y","origin":[21,18,9]},"faces":{"north":{"uv":[5,8,5.5,8.5],"texture":"#0"},"east":{"uv":[5,8,5.5,8.5],"texture":"#0"},"south":{"uv":[5,8,5.5,8.5],"texture":"#3"},"west":{"uv":[5,8,5.5,8.5],"texture":"#0"},"up":{"uv":[5,8,5.5,8.5],"texture":"#0"},"down":{"uv":[5,8,5.5,8.5],"texture":"#0"}}},{"from":[13,11,1],"to":[14,12,2],"rotation":{"angle":0,"axis":"y","origin":[21,19,9]},"faces":{"north":{"uv":[5,7.5,5.5,8],"texture":"#0"},"east":{"uv":[5,7.5,5.5,8],"texture":"#0"},"south":{"uv":[5,7.5,5.5,8],"texture":"#3"},"west":{"uv":[5,7.5,5.5,8],"texture":"#0"},"up":{"uv":[5,7.5,5.5,8],"texture":"#0"},"down":{"uv":[5,7.5,5.5,8],"texture":"#0"}}},{"from":[13,12,0.7],"to":[14,13,2],"rotation":{"angle":0,"axis":"y","origin":[21,20,9]},"faces":{"north":{"uv":[5,7,5.5,7.5],"texture":"#0"},"east":{"uv":[5,7,5.5,7.5],"texture":"#0"},"south":{"uv":[5,7,5.5,7.5],"texture":"#3"},"west":{"uv":[5,7,5.5,7.5],"texture":"#0"},"up":{"uv":[5,7,5.5,7.5],"texture":"#0"},"down":{"uv":[5,7,5.5,7.5],"texture":"#0"}}},{"from":[14,12,1],"to":[15,13,2],"rotation":{"angle":0,"axis":"y","origin":[22,20,9]},"faces":{"north":{"uv":[4.5,7,5,7.5],"texture":"#0"},"east":{"uv":[4.5,7,5,7.5],"texture":"#0"},"south":{"uv":[4.5,7,5,7.5],"texture":"#3"},"west":{"uv":[4.5,7,5,7.5],"texture":"#0"},"up":{"uv":[4.5,7,5,7.5],"texture":"#0"},"down":{"uv":[4.5,7,5,7.5],"texture":"#0"}}},{"from":[14,13,1],"to":[15,14,2],"rotation":{"angle":0,"axis":"y","origin":[22,21,9]},"faces":{"north":{"uv":[4.5,6.5,5,7],"texture":"#0"},"east":{"uv":[4.5,6.5,5,7],"texture":"#0"},"south":{"uv":[4.5,6.5,5,7],"texture":"#3"},"west":{"uv":[4.5,6.5,5,7],"texture":"#0"},"up":{"uv":[4.5,6.5,5,7],"texture":"#0"},"down":{"uv":[4.5,6.5,5,7],"texture":"#0"}}},{"from":[14,14,1],"to":[15,15,2],"rotation":{"angle":0,"axis":"y","origin":[22,22,9]},"faces":{"north":{"uv":[4.5,6,5,6.5],"texture":"#0"},"east":{"uv":[4.5,6,5,6.5],"texture":"#0"},"south":{"uv":[4.5,6,5,6.5],"texture":"#3"},"west":{"uv":[4.5,6,5,6.5],"texture":"#0"},"up":{"uv":[4.5,6,5,6.5],"texture":"#0"},"down":{"uv":[4.5,6,5,6.5],"texture":"#0"}}},{"from":[14,15,1],"to":[15,16,2],"rotation":{"angle":0,"axis":"y","origin":[22,23,9]},"faces":{"north":{"uv":[4.5,5.5,5,6],"texture":"#0"},"east":{"uv":[4.5,5.5,5,6],"texture":"#0"},"south":{"uv":[4.5,5.5,5,6],"texture":"#3"},"west":{"uv":[4.5,5.5,5,6],"texture":"#0"},"up":{"uv":[4.5,5.5,5,6],"texture":"#0"},"down":{"uv":[4.5,5.5,5,6],"texture":"#0"}}},{"from":[13,16,0.8],"to":[14,17,2],"rotation":{"angle":0,"axis":"y","origin":[21,24,9]},"faces":{"north":{"uv":[5,5,5.5,5.5],"texture":"#0"},"east":{"uv":[5,5,5.5,5.5],"texture":"#0"},"south":{"uv":[5,5,5.5,5.5],"texture":"#3"},"west":{"uv":[5,5,5.5,5.5],"texture":"#0"},"up":{"uv":[5,5,5.5,5.5],"texture":"#0"},"down":{"uv":[5,5,5.5,5.5],"texture":"#0"}}},{"from":[12,16,0.8],"to":[13,17,2],"rotation":{"angle":0,"axis":"y","origin":[20,24,9]},"faces":{"north":{"uv":[5.5,5,6,5.5],"texture":"#0"},"east":{"uv":[5.5,5,6,5.5],"texture":"#0"},"south":{"uv":[5.5,5,6,5.5],"texture":"#3"},"west":{"uv":[5.5,5,6,5.5],"texture":"#0"},"up":{"uv":[5.5,5,6,5.5],"texture":"#0"},"down":{"uv":[5.5,5,6,5.5],"texture":"#0"}}},{"from":[12,15,0.8],"to":[13,16,2],"rotation":{"angle":0,"axis":"y","origin":[20,23,9]},"faces":{"north":{"uv":[5.5,5.5,6,6],"texture":"#0"},"east":{"uv":[5.5,5.5,6,6],"texture":"#0"},"south":{"uv":[5.5,5.5,6,6],"texture":"#3"},"west":{"uv":[5.5,5.5,6,6],"texture":"#0"},"up":{"uv":[5.5,5.5,6,6],"texture":"#0"},"down":{"uv":[5.5,5.5,6,6],"texture":"#0"}}},{"from":[11,14,1],"to":[12,15,2],"rotation":{"angle":0,"axis":"y","origin":[19,22,9]},"faces":{"north":{"uv":[6,6,6.5,6.5],"texture":"#0"},"east":{"uv":[6,6,6.5,6.5],"texture":"#0"},"south":{"uv":[6,6,6.5,6.5],"texture":"#3"},"west":{"uv":[6,6,6.5,6.5],"texture":"#0"},"up":{"uv":[6,6,6.5,6.5],"texture":"#0"},"down":{"uv":[6,6,6.5,6.5],"texture":"#0"}}},{"from":[11,13,0.8],"to":[12,14,2],"rotation":{"angle":0,"axis":"y","origin":[19,21,9]},"faces":{"north":{"uv":[6,6.5,6.5,7],"texture":"#0"},"east":{"uv":[6,6.5,6.5,7],"texture":"#0"},"south":{"uv":[6,6.5,6.5,7],"texture":"#3"},"west":{"uv":[6,6.5,6.5,7],"texture":"#0"},"up":{"uv":[6,6.5,6.5,7],"texture":"#0"},"down":{"uv":[6,6.5,6.5,7],"texture":"#0"}}},{"from":[10,13,1],"to":[11,14,2],"rotation":{"angle":0,"axis":"y","origin":[18,21,9]},"faces":{"north":{"uv":[6.5,6.5,7,7],"texture":"#0"},"east":{"uv":[6,6.5,6.5,7],"texture":"#0"},"south":{"uv":[6,6.5,6.5,7],"texture":"#3"},"west":{"uv":[6,6.5,6.5,7],"texture":"#0"},"up":{"uv":[6,6.5,6.5,7],"texture":"#0"},"down":{"uv":[6,6.5,6.5,7],"texture":"#0"}}},{"from":[10,12,0.8],"to":[11,13,2],"rotation":{"angle":0,"axis":"y","origin":[18,20,9]},"faces":{"north":{"uv":[6.5,7,7,7.5],"texture":"#0"},"east":{"uv":[6.5,7,7,7.5],"texture":"#0"},"south":{"uv":[6.5,7,7,7.5],"texture":"#3"},"west":{"uv":[6.5,7,7,7.5],"texture":"#0"},"up":{"uv":[6.5,7,7,7.5],"texture":"#0"},"down":{"uv":[6.5,7,7,7.5],"texture":"#0"}}},{"from":[9,12,1],"to":[10,13,2],"rotation":{"angle":0,"axis":"y","origin":[17,20,9]},"faces":{"north":{"uv":[7,7,7.5,7.5],"texture":"#0"},"east":{"uv":[7,7,7.5,7.5],"texture":"#0"},"south":{"uv":[7,7,7.5,7.5],"texture":"#3"},"west":{"uv":[7,7,7.5,7.5],"texture":"#0"},"up":{"uv":[7,7,7.5,7.5],"texture":"#0"},"down":{"uv":[7,7,7.5,7.5],"texture":"#0"}}},{"from":[9,11,0.6],"to":[10,12,2],"rotation":{"angle":0,"axis":"y","origin":[17,19,9]},"faces":{"north":{"uv":[7,7.5,7.5,8],"texture":"#0"},"east":{"uv":[7,7.5,7.5,8],"texture":"#0"},"south":{"uv":[7,7.5,7.5,8],"texture":"#3"},"west":{"uv":[7,7.5,7.5,8],"texture":"#0"},"up":{"uv":[7,7.5,7.5,8],"texture":"#0"},"down":{"uv":[7,7.5,7.5,8],"texture":"#0"}}},{"from":[10,11,1],"to":[11,12,2],"rotation":{"angle":0,"axis":"y","origin":[18,19,9]},"faces":{"north":{"uv":[6.5,7.5,7,8],"texture":"#0"},"east":{"uv":[6.5,7.5,7,8],"texture":"#0"},"south":{"uv":[6.5,7.5,7,8],"texture":"#3"},"west":{"uv":[6.5,7.5,7,8],"texture":"#0"},"up":{"uv":[6.5,7.5,7,8],"texture":"#0"},"down":{"uv":[6.5,7.5,7,8],"texture":"#0"}}},{"from":[12,11,0.7],"to":[13,12,2],"rotation":{"angle":0,"axis":"y","origin":[20,19,9]},"faces":{"north":{"uv":[5.5,7.5,6,8],"texture":"#0"},"east":{"uv":[5.5,7.5,6,8],"texture":"#0"},"south":{"uv":[5.5,7.5,6,8],"texture":"#3"},"west":{"uv":[5.5,7.5,6,8],"texture":"#0"},"up":{"uv":[5.5,7.5,6,8],"texture":"#0"},"down":{"uv":[5.5,7.5,6,8],"texture":"#0"}}},{"from":[12,10,0.7],"to":[13,11,2],"rotation":{"angle":0,"axis":"y","origin":[20,18,9]},"faces":{"north":{"uv":[5.5,7.5,6,8],"texture":"#0"},"east":{"uv":[5.5,8,6,8.5],"texture":"#0"},"south":{"uv":[5.5,8,6,8.5],"texture":"#3"},"west":{"uv":[5.5,8,6,8.5],"texture":"#0"},"up":{"uv":[5.5,8,6,8.5],"texture":"#0"},"down":{"uv":[5.5,8,6,8.5],"texture":"#0"}}},{"from":[12,12,0.7],"to":[13,13,2],"rotation":{"angle":0,"axis":"y","origin":[20,20,9]},"faces":{"north":{"uv":[5.5,7,6,7.5],"texture":"#0"},"east":{"uv":[5.5,7,6,7.5],"texture":"#0"},"south":{"uv":[5.5,7,6,7.5],"texture":"#3"},"west":{"uv":[5.5,7,6,7.5],"texture":"#0"},"up":{"uv":[5.5,7,6,7.5],"texture":"#0"},"down":{"uv":[5.5,7,6,7.5],"texture":"#0"}}},{"from":[11,12,0.7],"to":[12,13,2],"rotation":{"angle":0,"axis":"y","origin":[19,20,9]},"faces":{"north":{"uv":[6,7,6.5,7.5],"texture":"#0"},"east":{"uv":[6,7,6.5,7.5],"texture":"#0"},"south":{"uv":[6,7,6.5,7.5],"texture":"#3"},"west":{"uv":[6,7,6.5,7.5],"texture":"#0"},"up":{"uv":[6,7,6.5,7.5],"texture":"#0"},"down":{"uv":[6,7,6.5,7.5],"texture":"#0"}}},{"from":[11,11,0.8],"to":[12,12,2],"rotation":{"angle":0,"axis":"y","origin":[19,19,9]},"faces":{"north":{"uv":[6,7.5,6.5,8],"texture":"#0"},"east":{"uv":[6,7.5,6.5,8],"texture":"#0"},"south":{"uv":[6,7.5,6.5,8],"texture":"#3"},"west":{"uv":[6,7.5,6.5,8],"texture":"#0"},"up":{"uv":[6,7.5,6.5,8],"texture":"#0"},"down":{"uv":[6,7.5,6.5,8],"texture":"#0"}}},{"from":[8,11,1],"to":[9,12,2],"rotation":{"angle":0,"axis":"y","origin":[16,19,9]},"faces":{"north":{"uv":[7.5,7.5,8,8],"texture":"#0"},"east":{"uv":[7.5,7.5,8,8],"texture":"#0"},"south":{"uv":[7.5,7.5,8,8],"texture":"#3"},"west":{"uv":[7.5,7.5,8,8],"texture":"#0"},"up":{"uv":[7.5,7.5,8,8],"texture":"#0"},"down":{"uv":[7.5,7.5,8,8],"texture":"#0"}}},{"from":[7,11,0.6],"to":[8,12,2],"rotation":{"angle":0,"axis":"y","origin":[15,19,9]},"faces":{"north":{"uv":[8,7.5,8.5,8],"texture":"#0"},"east":{"uv":[8,7.5,8.5,8],"texture":"#0"},"south":{"uv":[8,7.5,8.5,8],"texture":"#3"},"west":{"uv":[8,7.5,8.5,8],"texture":"#0"},"up":{"uv":[8,7.5,8.5,8],"texture":"#0"},"down":{"uv":[8,7.5,8.5,8],"texture":"#0"}}},{"from":[7,12,1],"to":[8,13,2],"rotation":{"angle":0,"axis":"y","origin":[15,20,9]},"faces":{"north":{"uv":[8,7,8.5,7.5],"texture":"#0"},"east":{"uv":[8,7,8.5,7.5],"texture":"#0"},"south":{"uv":[8,7,8.5,7.5],"texture":"#3"},"west":{"uv":[8,7,8.5,7.5],"texture":"#0"},"up":{"uv":[8,7,8.5,7.5],"texture":"#0"},"down":{"uv":[8,7,8.5,7.5],"texture":"#0"}}},{"from":[6,12,0.8],"to":[7,13,2],"rotation":{"angle":0,"axis":"y","origin":[14,20,9]},"faces":{"north":{"uv":[8.5,7,9,7.5],"texture":"#0"},"east":{"uv":[8.5,7,9,7.5],"texture":"#0"},"south":{"uv":[8.5,7,9,7.5],"texture":"#3"},"west":{"uv":[8.5,7,9,7.5],"texture":"#0"},"up":{"uv":[8.5,7,9,7.5],"texture":"#0"},"down":{"uv":[8.5,7,9,7.5],"texture":"#0"}}},{"from":[6,13,1],"to":[7,14,2],"rotation":{"angle":0,"axis":"y","origin":[14,21,9]},"faces":{"north":{"uv":[8.5,6.5,9,7],"texture":"#0"},"east":{"uv":[8.5,6.5,9,7],"texture":"#0"},"south":{"uv":[8.5,6.5,9,7],"texture":"#3"},"west":{"uv":[8.5,6.5,9,7],"texture":"#0"},"up":{"uv":[8.5,6.5,9,7],"texture":"#0"},"down":{"uv":[8.5,6.5,9,7],"texture":"#0"}}},{"from":[5,13,0.8],"to":[6,14,2],"rotation":{"angle":0,"axis":"y","origin":[13,21,9]},"faces":{"north":{"uv":[9,6.5,9.5,7],"texture":"#0"},"east":{"uv":[9,6.5,9.5,7],"texture":"#0"},"south":{"uv":[9,6.5,9.5,7],"texture":"#3"},"west":{"uv":[9,6.5,9.5,7],"texture":"#0"},"up":{"uv":[9,6.5,9.5,7],"texture":"#0"},"down":{"uv":[9,6.5,9.5,7],"texture":"#0"}}},{"from":[5,14,1],"to":[6,15,2],"rotation":{"angle":0,"axis":"y","origin":[13,22,9]},"faces":{"north":{"uv":[9,6,9.5,6.5],"texture":"#0"},"east":{"uv":[9,6,9.5,6.5],"texture":"#0"},"south":{"uv":[9,6,9.5,6.5],"texture":"#3"},"west":{"uv":[9,6,9.5,6.5],"texture":"#0"},"up":{"uv":[9,6,9.5,6.5],"texture":"#0"},"down":{"uv":[9,6,9.5,6.5],"texture":"#0"}}},{"from":[4,15,0.8],"to":[5,16,2],"rotation":{"angle":0,"axis":"y","origin":[12,23,9]},"faces":{"north":{"uv":[9.5,5.5,10,6],"texture":"#0"},"east":{"uv":[9.5,5.5,10,6],"texture":"#0"},"south":{"uv":[9.5,5.5,10,6],"texture":"#3"},"west":{"uv":[9.5,5.5,10,6],"texture":"#0"},"up":{"uv":[9.5,5.5,10,6],"texture":"#0"},"down":{"uv":[9.5,5.5,10,6],"texture":"#0"}}},{"from":[4,16,0.8],"to":[5,17,2],"rotation":{"angle":0,"axis":"y","origin":[12,24,9]},"faces":{"north":{"uv":[9.5,5,10,5.5],"texture":"#0"},"east":{"uv":[9.5,5,10,5.5],"texture":"#0"},"south":{"uv":[9.5,5,10,5.5],"texture":"#3"},"west":{"uv":[9.5,5,10,5.5],"texture":"#0"},"up":{"uv":[9.5,5,10,5.5],"texture":"#0"},"down":{"uv":[9.5,5,10,5.5],"texture":"#0"}}},{"from":[3,16,0.8],"to":[4,17,2],"rotation":{"angle":0,"axis":"y","origin":[11,24,9]},"faces":{"north":{"uv":[10,5,10.5,5.5],"texture":"#0"},"east":{"uv":[10,5,10.5,5.5],"texture":"#0"},"south":{"uv":[10,5,10.5,5.5],"texture":"#3"},"west":{"uv":[10,5,10.5,5.5],"texture":"#0"},"up":{"uv":[10,5,10.5,5.5],"texture":"#0"},"down":{"uv":[10,5,10.5,5.5],"texture":"#0"}}},{"from":[3,15,0.8],"to":[4,16,2],"rotation":{"angle":0,"axis":"y","origin":[11,23,9]},"faces":{"north":{"uv":[10,5.5,10.5,6],"texture":"#0"},"east":{"uv":[10,5.5,10.5,6],"texture":"#0"},"south":{"uv":[10,5.5,10.5,6],"texture":"#3"},"west":{"uv":[10,5.5,10.5,6],"texture":"#0"},"up":{"uv":[10,5.5,10.5,6],"texture":"#0"},"down":{"uv":[10,5.5,10.5,6],"texture":"#0"}}},{"from":[2,15,1],"to":[3,16,2],"rotation":{"angle":0,"axis":"y","origin":[10,23,9]},"faces":{"north":{"uv":[10.5,5.5,11,6],"texture":"#0"},"east":{"uv":[10.5,5.5,11,6],"texture":"#0"},"south":{"uv":[10.5,5.5,11,6],"texture":"#3"},"west":{"uv":[10.5,5.5,11,6],"texture":"#0"},"up":{"uv":[10.5,5.5,11,6],"texture":"#0"},"down":{"uv":[10.5,5.5,11,6],"texture":"#0"}}},{"from":[2,14,1],"to":[3,15,2],"rotation":{"angle":0,"axis":"y","origin":[10,22,9]},"faces":{"north":{"uv":[10.5,6,11,6.5],"texture":"#0"},"east":{"uv":[10.5,6,11,6.5],"texture":"#0"},"south":{"uv":[10.5,6,11,6.5],"texture":"#3"},"west":{"uv":[10.5,6,11,6.5],"texture":"#0"},"up":{"uv":[10.5,6,11,6.5],"texture":"#0"},"down":{"uv":[10.5,6,11,6.5],"texture":"#0"}}},{"from":[2,13,1],"to":[3,14,2],"rotation":{"angle":0,"axis":"y","origin":[10,21,9]},"faces":{"north":{"uv":[10.5,6.5,11,7],"texture":"#0"},"east":{"uv":[10.5,6.5,11,7],"texture":"#0"},"south":{"uv":[10.5,6.5,11,7],"texture":"#3"},"west":{"uv":[10.5,6.5,11,7],"texture":"#0"},"up":{"uv":[10.5,6.5,11,7],"texture":"#0"},"down":{"uv":[10.5,6.5,11,7],"texture":"#0"}}},{"from":[2,12,1],"to":[3,13,2],"rotation":{"angle":0,"axis":"y","origin":[10,20,9]},"faces":{"north":{"uv":[10.5,7,11,7.5],"texture":"#0"},"east":{"uv":[10.5,7,11,7.5],"texture":"#0"},"south":{"uv":[10.5,7,11,7.5],"texture":"#3"},"west":{"uv":[10.5,7,11,7.5],"texture":"#0"},"up":{"uv":[10.5,7,11,7.5],"texture":"#0"},"down":{"uv":[10.5,7,11,7.5],"texture":"#0"}}},{"from":[3,11,1],"to":[4,12,2],"rotation":{"angle":0,"axis":"y","origin":[11,19,9]},"faces":{"north":{"uv":[10,7.5,10.5,8],"texture":"#0"},"east":{"uv":[10,7.5,10.5,8],"texture":"#0"},"south":{"uv":[10,7.5,10.5,8],"texture":"#3"},"west":{"uv":[10,7.5,10.5,8],"texture":"#0"},"up":{"uv":[10,7.5,10.5,8],"texture":"#0"},"down":{"uv":[10,7.5,10.5,8],"texture":"#0"}}},{"from":[3,10,1],"to":[4,11,2],"rotation":{"angle":0,"axis":"y","origin":[11,18,9]},"faces":{"north":{"uv":[10,8,10.5,8.5],"texture":"#0"},"east":{"uv":[10,8,10.5,8.5],"texture":"#0"},"south":{"uv":[10,8,10.5,8.5],"texture":"#3"},"west":{"uv":[10,8,10.5,8.5],"texture":"#0"},"up":{"uv":[10,8,10.5,8.5],"texture":"#0"},"down":{"uv":[10,8,10.5,8.5],"texture":"#0"}}},{"from":[4,9,1],"to":[5,10,2],"rotation":{"angle":0,"axis":"y","origin":[12,17,9]},"faces":{"north":{"uv":[9.5,8.5,10,9],"texture":"#0"},"east":{"uv":[9.5,8.5,10,9],"texture":"#0"},"south":{"uv":[9.5,8.5,10,9],"texture":"#3"},"west":{"uv":[9.5,8.5,10,9],"texture":"#0"},"up":{"uv":[9.5,8.5,10,9],"texture":"#0"},"down":{"uv":[9.5,8.5,10,9],"texture":"#0"}}},{"from":[4,8,1],"to":[5,9,2],"rotation":{"angle":0,"axis":"y","origin":[12,16,9]},"faces":{"north":{"uv":[9.5,9,10,9.5],"texture":"#0"},"east":{"uv":[9.5,9,10,9.5],"texture":"#0"},"south":{"uv":[9.5,9,10,9.5],"texture":"#3"},"west":{"uv":[9.5,9,10,9.5],"texture":"#0"},"up":{"uv":[9.5,9,10,9.5],"texture":"#0"},"down":{"uv":[9.5,9,10,9.5],"texture":"#0"}}},{"from":[4,7,1],"to":[5,8,2],"rotation":{"angle":0,"axis":"y","origin":[12,15,9]},"faces":{"north":{"uv":[9.5,9.5,10,10],"texture":"#0"},"east":{"uv":[9.5,9.5,10,10],"texture":"#0"},"south":{"uv":[9.5,9.5,10,10],"texture":"#3"},"west":{"uv":[9.5,9.5,10,10],"texture":"#0"},"up":{"uv":[9.5,9.5,10,10],"texture":"#0"},"down":{"uv":[9.5,9.5,10,10],"texture":"#0"}}},{"from":[4,6,1],"to":[5,7,2],"rotation":{"angle":0,"axis":"y","origin":[12,14,9]},"faces":{"north":{"uv":[9.5,9.5,10,10],"texture":"#0"},"east":{"uv":[9,10,9.5,10.5],"texture":"#0"},"south":{"uv":[9,10,9.5,10.5],"texture":"#3"},"west":{"uv":[9,10,9.5,10.5],"texture":"#0"},"up":{"uv":[9,10,9.5,10.5],"texture":"#0"},"down":{"uv":[9,10,9.5,10.5],"texture":"#0"}}},{"from":[5,5,1],"to":[6,6,2],"rotation":{"angle":0,"axis":"y","origin":[13,13,9]},"faces":{"north":{"uv":[9,10.5,9.5,11],"texture":"#0"},"east":{"uv":[9,10.5,9.5,11],"texture":"#0"},"south":{"uv":[9,10.5,9.5,11],"texture":"#3"},"west":{"uv":[9,10.5,9.5,11],"texture":"#0"},"up":{"uv":[9,10.5,9.5,11],"texture":"#0"},"down":{"uv":[9,10.5,9.5,11],"texture":"#0"}}},{"from":[5,6,0.7],"to":[6,7,2],"rotation":{"angle":0,"axis":"y","origin":[13,14,9]},"faces":{"north":{"uv":[9,9.5,9.5,10],"texture":"#0"},"east":{"uv":[9,10.5,9.5,11],"texture":"#0"},"south":{"uv":[9,10.5,9.5,11],"texture":"#3"},"west":{"uv":[9,10.5,9.5,11],"texture":"#0"},"up":{"uv":[9,10.5,9.5,11],"texture":"#0"},"down":{"uv":[9,10.5,9.5,11],"texture":"#0"}}},{"from":[6,4,1],"to":[7,5,2],"rotation":{"angle":0,"axis":"y","origin":[14,12,9]},"faces":{"north":{"uv":[8.5,10.5,9,11],"texture":"#0"},"east":{"uv":[8.5,10.5,9,11],"texture":"#0"},"south":{"uv":[8.5,10.5,9,11],"texture":"#3"},"west":{"uv":[8.5,10.5,9,11],"texture":"#0"},"up":{"uv":[8.5,10.5,9,11],"texture":"#0"},"down":{"uv":[8.5,10.5,9,11],"texture":"#0"}}},{"from":[5,4,1],"to":[6,5,2],"rotation":{"angle":0,"axis":"y","origin":[13,12,9]},"faces":{"north":{"uv":[9,10.5,9.5,11],"texture":"#0"},"east":{"uv":[9,10.5,9.5,11],"texture":"#0"},"south":{"uv":[9,10.5,9.5,11],"texture":"#0"},"west":{"uv":[9,10.5,9.5,11],"texture":"#0"},"up":{"uv":[9,10.5,9.5,11],"texture":"#0"},"down":{"uv":[9,10.5,9.5,11],"texture":"#0"}}},{"from":[6,3,1],"to":[7,4,2],"rotation":{"angle":0,"axis":"y","origin":[14,11,9]},"faces":{"north":{"uv":[8.5,11.5,9,12],"texture":"#0"},"east":{"uv":[8.5,11.5,9,12],"texture":"#0"},"south":{"uv":[8.5,11.5,9,12],"texture":"#3"},"west":{"uv":[8.5,11.5,9,12],"texture":"#0"},"up":{"uv":[8.5,11.5,9,12],"texture":"#0"},"down":{"uv":[8.5,11.5,9,12],"texture":"#0"}}},{"from":[4,11,0.7],"to":[5,12,2],"rotation":{"angle":0,"axis":"y","origin":[12,19,9]},"faces":{"north":{"uv":[9.5,7.5,10,8],"texture":"#0"},"east":{"uv":[9.5,7.5,10,8],"texture":"#0"},"south":{"uv":[9.5,7.5,10,8],"texture":"#3"},"west":{"uv":[9.5,7.5,10,8],"texture":"#0"},"up":{"uv":[9.5,7.5,10,8],"texture":"#0"},"down":{"uv":[9.5,7.5,10,8],"texture":"#0"}}},{"from":[5,11,0.8],"to":[6,12,2],"rotation":{"angle":0,"axis":"y","origin":[13,19,9]},"faces":{"north":{"uv":[9,7.5,9.5,8],"texture":"#0"},"east":{"uv":[9,7.5,9.5,8],"texture":"#0"},"south":{"uv":[9,7.5,9.5,8],"texture":"#3"},"west":{"uv":[9,7.5,9.5,8],"texture":"#0"},"up":{"uv":[9,7.5,9.5,8],"texture":"#0"},"down":{"uv":[9,7.5,9.5,8],"texture":"#0"}}},{"from":[5,12,0.7],"to":[6,13,2],"rotation":{"angle":0,"axis":"y","origin":[13,20,9]},"faces":{"north":{"uv":[9,7,9.5,7.5],"texture":"#0"},"east":{"uv":[9,7,9.5,7.5],"texture":"#0"},"south":{"uv":[9,7,9.5,7.5],"texture":"#3"},"west":{"uv":[9,7,9.5,7.5],"texture":"#0"},"up":{"uv":[9,7,9.5,7.5],"texture":"#0"},"down":{"uv":[9,7,9.5,7.5],"texture":"#0"}}},{"from":[4,12,0.7],"to":[5,13,2],"rotation":{"angle":0,"axis":"y","origin":[12,20,9]},"faces":{"north":{"uv":[9.5,7,10,7.5],"texture":"#0"},"east":{"uv":[9.5,7,10,7.5],"texture":"#0"},"south":{"uv":[9.5,7,10,7.5],"texture":"#3"},"west":{"uv":[9.5,7,10,7.5],"texture":"#0"},"up":{"uv":[9.5,7,10,7.5],"texture":"#0"},"down":{"uv":[9.5,7,10,7.5],"texture":"#0"}}},{"from":[4,13,0.7],"to":[5,14,2],"rotation":{"angle":0,"axis":"y","origin":[12,21,9]},"faces":{"north":{"uv":[9.5,6.5,10,7],"texture":"#0"},"east":{"uv":[9.5,6.5,10,7],"texture":"#0"},"south":{"uv":[9.5,6.5,10,7],"texture":"#3"},"west":{"uv":[9.5,6.5,10,7],"texture":"#0"},"up":{"uv":[9.5,6.5,10,7],"texture":"#0"},"down":{"uv":[9.5,6.5,10,7],"texture":"#0"}}},{"from":[4,14,0.8],"to":[5,15,2],"rotation":{"angle":0,"axis":"y","origin":[12,22,9]},"faces":{"north":{"uv":[9.5,6,10,6.5],"texture":"#0"},"east":{"uv":[9.5,6,10,6.5],"texture":"#0"},"south":{"uv":[9.5,6,10,6.5],"texture":"#3"},"west":{"uv":[9.5,6,10,6.5],"texture":"#0"},"up":{"uv":[9.5,6,10,6.5],"texture":"#0"},"down":{"uv":[9.5,6,10,6.5],"texture":"#0"}}},{"from":[3,14,0.7],"to":[4,15,2],"rotation":{"angle":0,"axis":"y","origin":[11,22,9]},"faces":{"north":{"uv":[10,6,10.5,6.5],"texture":"#0"},"east":{"uv":[10,6,10.5,6.5],"texture":"#0"},"south":{"uv":[10,6,10.5,6.5],"texture":"#3"},"west":{"uv":[10,6,10.5,6.5],"texture":"#0"},"up":{"uv":[10,6,10.5,6.5],"texture":"#0"},"down":{"uv":[10,6,10.5,6.5],"texture":"#0"}}},{"from":[3,13,1],"to":[4,14,2],"rotation":{"angle":0,"axis":"y","origin":[11,21,9]},"faces":{"north":{"uv":[10,6.5,10.5,7],"texture":"#0"},"east":{"uv":[10,6.5,10.5,7],"texture":"#0"},"south":{"uv":[10,6.5,10.5,7],"texture":"#3"},"west":{"uv":[10,6.5,10.5,7],"texture":"#0"},"up":{"uv":[10,6.5,10.5,7],"texture":"#0"},"down":{"uv":[10,6.5,10.5,7],"texture":"#0"}}},{"from":[3,12,0.7],"to":[4,13,2],"rotation":{"angle":0,"axis":"y","origin":[11,20,9]},"faces":{"north":{"uv":[10,7,10.5,7.5],"texture":"#0"},"east":{"uv":[10,7,10.5,7.5],"texture":"#0"},"south":{"uv":[10,7,10.5,7.5],"texture":"#3"},"west":{"uv":[10,7,10.5,7.5],"texture":"#0"},"up":{"uv":[10,7,10.5,7.5],"texture":"#0"},"down":{"uv":[10,7,10.5,7.5],"texture":"#0"}}},{"from":[6,11,1],"to":[7,12,2],"rotation":{"angle":0,"axis":"y","origin":[14,19,9]},"faces":{"north":{"uv":[8.5,7.5,9,8],"texture":"#0"},"east":{"uv":[8.5,7.5,9,8],"texture":"#0"},"south":{"uv":[8.5,7.5,9,8],"texture":"#3"},"west":{"uv":[8.5,7.5,9,8],"texture":"#0"},"up":{"uv":[8.5,7.5,9,8],"texture":"#0"},"down":{"uv":[8.5,7.5,9,8],"texture":"#0"}}},{"from":[4,17,0.8],"to":[5,18,2],"rotation":{"angle":0,"axis":"y","origin":[12,25,9]},"faces":{"north":{"uv":[9.5,4.5,10,5],"texture":"#0"},"east":{"uv":[9.5,4.5,10,5],"texture":"#0"},"south":{"uv":[9.5,4.5,10,5],"texture":"#3"},"west":{"uv":[9.5,4.5,10,5],"texture":"#0"},"up":{"uv":[9.5,4.5,10,5],"texture":"#0"},"down":{"uv":[9.5,4.5,10,5],"texture":"#0"}}},{"from":[12,14,0.8],"to":[13,15,2],"rotation":{"angle":0,"axis":"y","origin":[20,22,9]},"faces":{"north":{"uv":[5.5,6,6,6.5],"texture":"#0"},"east":{"uv":[5.5,6,6,6.5],"texture":"#0"},"south":{"uv":[5.5,6,6,6.5],"texture":"#3"},"west":{"uv":[5.5,6,6,6.5],"texture":"#0"},"up":{"uv":[5.5,6,6,6.5],"texture":"#0"},"down":{"uv":[5.5,6,6,6.5],"texture":"#0"}}},{"from":[12,13,0.7],"to":[13,14,2],"rotation":{"angle":0,"axis":"y","origin":[20,21,9]},"faces":{"north":{"uv":[5.5,6.5,6,7],"texture":"#0"},"east":{"uv":[5.5,6.5,6,7],"texture":"#0"},"south":{"uv":[5.5,6.5,6,7],"texture":"#3"},"west":{"uv":[5.5,6.5,6,7],"texture":"#0"},"up":{"uv":[5.5,6.5,6,7],"texture":"#0"},"down":{"uv":[5.5,6.5,6,7],"texture":"#0"}}},{"from":[13,13,1],"to":[14,14,2],"rotation":{"angle":0,"axis":"y","origin":[21,21,9]},"faces":{"north":{"uv":[5,6.5,5.5,7],"texture":"#0"},"east":{"uv":[5,6.5,5.5,7],"texture":"#0"},"south":{"uv":[5,6.5,5.5,7],"texture":"#3"},"west":{"uv":[5,6.5,5.5,7],"texture":"#0"},"up":{"uv":[5,6.5,5.5,7],"texture":"#0"},"down":{"uv":[5,6.5,5.5,7],"texture":"#0"}}},{"from":[13,14,0.7],"to":[14,15,2],"rotation":{"angle":0,"axis":"y","origin":[21,22,9]},"faces":{"north":{"uv":[5,6,5.5,6.5],"texture":"#0"},"east":{"uv":[5,6,5.5,6.5],"texture":"#0"},"south":{"uv":[5,6,5.5,6.5],"texture":"#3"},"west":{"uv":[5,6,5.5,6.5],"texture":"#0"},"up":{"uv":[5,6,5.5,6.5],"texture":"#0"},"down":{"uv":[5,6,5.5,6.5],"texture":"#0"}}},{"from":[13,15,0.8],"to":[14,16,2],"rotation":{"angle":0,"axis":"y","origin":[21,23,9]},"faces":{"north":{"uv":[5,5.5,5.5,6],"texture":"#0"},"east":{"uv":[5,5.5,5.5,6],"texture":"#0"},"south":{"uv":[5,5.5,5.5,6],"texture":"#3"},"west":{"uv":[5,5.5,5.5,6],"texture":"#0"},"up":{"uv":[5,5.5,5.5,6],"texture":"#0"},"down":{"uv":[5,5.5,5.5,6],"texture":"#0"}}},{"from":[12,17,0.8],"to":[13,18,2],"rotation":{"angle":0,"axis":"y","origin":[20,25,9]},"faces":{"north":{"uv":[5.5,4.5,6,5],"texture":"#0"},"east":{"uv":[5.5,4.5,6,5],"texture":"#0"},"south":{"uv":[5.5,4.5,6,5],"texture":"#3"},"west":{"uv":[5.5,4.5,6,5],"texture":"#0"},"up":{"uv":[5.5,4.5,6,5],"texture":"#0"},"down":{"uv":[5.5,4.5,6,5],"texture":"#0"}}},{"from":[7,2,0.8],"to":[8,3,2],"rotation":{"angle":0,"axis":"y","origin":[15,10,9]},"faces":{"north":{"uv":[8,11.5,8.5,12],"texture":"#0"},"east":{"uv":[8,11.5,8.5,12],"texture":"#0"},"south":{"uv":[8,11.5,8.5,12],"texture":"#3"},"west":{"uv":[8,11.5,8.5,12],"texture":"#0"},"up":{"uv":[8,11.5,8.5,12],"texture":"#0"},"down":{"uv":[8,11.5,8.5,12],"texture":"#0"}}},{"from":[7,3,0.8],"to":[8,4,2],"rotation":{"angle":0,"axis":"y","origin":[15,11,9]},"faces":{"north":{"uv":[8,11,8.5,11.5],"texture":"#0"},"east":{"uv":[8,11,8.5,11.5],"texture":"#0"},"south":{"uv":[8,11,8.5,11.5],"texture":"#3"},"west":{"uv":[8,11,8.5,11.5],"texture":"#0"},"up":{"uv":[8,11,8.5,11.5],"texture":"#0"},"down":{"uv":[8,11,8.5,11.5],"texture":"#0"}}},{"from":[8,3,1],"to":[9,4,2],"rotation":{"angle":0,"axis":"y","origin":[16,11,9]},"faces":{"north":{"uv":[7.5,11,8,11.5],"texture":"#0"},"east":{"uv":[7.5,11,8,11.5],"texture":"#0"},"south":{"uv":[7.5,11,8,11.5],"texture":"#3"},"west":{"uv":[7.5,11,8,11.5],"texture":"#0"},"up":{"uv":[7.5,11,8,11.5],"texture":"#0"},"down":{"uv":[7.5,11,8,11.5],"texture":"#0"}}},{"from":[9,3,0.8],"to":[10,4,2],"rotation":{"angle":0,"axis":"y","origin":[17,11,9]},"faces":{"north":{"uv":[7,11,7.5,11.5],"texture":"#0"},"east":{"uv":[7,11,7.5,11.5],"texture":"#0"},"south":{"uv":[7,11,7.5,11.5],"texture":"#3"},"west":{"uv":[7,11,7.5,11.5],"texture":"#0"},"up":{"uv":[7,11,7.5,11.5],"texture":"#0"},"down":{"uv":[7,11,7.5,11.5],"texture":"#0"}}},{"from":[9,4,0.7],"to":[10,5,2],"rotation":{"angle":0,"axis":"y","origin":[17,12,9]},"faces":{"north":{"uv":[7,10.5,7.5,11],"texture":"#0"},"east":{"uv":[7,10.5,7.5,11],"texture":"#0"},"south":{"uv":[7,10.5,7.5,11],"texture":"#3"},"west":{"uv":[7,10.5,7.5,11],"texture":"#0"},"up":{"uv":[7,10.5,7.5,11],"texture":"#0"},"down":{"uv":[7,10.5,7.5,11],"texture":"#0"}}},{"from":[8,4,1],"to":[9,5,2],"rotation":{"angle":0,"axis":"y","origin":[16,12,9]},"faces":{"north":{"uv":[7.5,10.5,8,11],"texture":"#0"},"east":{"uv":[7.5,10.5,8,11],"texture":"#0"},"south":{"uv":[7.5,10.5,8,11],"texture":"#3"},"west":{"uv":[7.5,10.5,8,11],"texture":"#0"},"up":{"uv":[7.5,10.5,8,11],"texture":"#0"},"down":{"uv":[7.5,10.5,8,11],"texture":"#0"}}},{"from":[7,4,0.7],"to":[8,5,2],"rotation":{"angle":0,"axis":"y","origin":[15,12,9]},"faces":{"north":{"uv":[8,10.5,8.5,11],"texture":"#0"},"east":{"uv":[8,10.5,8.5,11],"texture":"#0"},"south":{"uv":[8,10.5,8.5,11],"texture":"#3"},"west":{"uv":[8,10.5,8.5,11],"texture":"#0"},"up":{"uv":[8,10.5,8.5,11],"texture":"#0"},"down":{"uv":[8,10.5,8.5,11],"texture":"#0"}}},{"from":[7,5,1],"to":[8,6,2],"rotation":{"angle":0,"axis":"y","origin":[15,13,9]},"faces":{"north":{"uv":[8,10,8.5,10.5],"texture":"#0"},"east":{"uv":[8,10,8.5,10.5],"texture":"#0"},"south":{"uv":[8,10,8.5,10.5],"texture":"#3"},"west":{"uv":[8,10,8.5,10.5],"texture":"#0"},"up":{"uv":[8,10,8.5,10.5],"texture":"#0"},"down":{"uv":[8,10,8.5,10.5],"texture":"#0"}}},{"from":[6,5,0.8],"to":[7,6,2],"rotation":{"angle":0,"axis":"y","origin":[14,13,9]},"faces":{"north":{"uv":[8.5,10,9,10.5],"texture":"#0"},"east":{"uv":[8.5,10,9,10.5],"texture":"#0"},"south":{"uv":[8.5,10,9,10.5],"texture":"#3"},"west":{"uv":[8.5,10,9,10.5],"texture":"#0"},"up":{"uv":[8.5,10,9,10.5],"texture":"#0"},"down":{"uv":[8.5,10,9,10.5],"texture":"#0"}}},{"from":[6,6,0.8],"to":[7,7,2],"rotation":{"angle":0,"axis":"y","origin":[14,14,9]},"faces":{"north":{"uv":[8.5,9.5,9,10],"texture":"#0"},"east":{"uv":[8.5,9.5,9,10],"texture":"#0"},"south":{"uv":[8.5,9.5,9,10],"texture":"#3"},"west":{"uv":[8.5,9.5,9,10],"texture":"#0"},"up":{"uv":[8.5,9.5,9,10],"texture":"#0"},"down":{"uv":[8.5,9.5,9,10],"texture":"#0"}}},{"from":[6,7,0.7],"to":[7,8,2],"rotation":{"angle":0,"axis":"y","origin":[14,15,9]},"faces":{"north":{"uv":[8.5,9,9,9.5],"texture":"#0"},"east":{"uv":[8.5,9,9,9.5],"texture":"#0"},"south":{"uv":[8.5,9,9,9.5],"texture":"#3"},"west":{"uv":[8.5,9,9,9.5],"texture":"#0"},"up":{"uv":[8.5,9,9,9.5],"texture":"#0"},"down":{"uv":[8.5,9,9,9.5],"texture":"#0"}}},{"from":[6,8,0.8],"to":[7,9,2],"rotation":{"angle":0,"axis":"y","origin":[14,16,9]},"faces":{"north":{"uv":[8.5,8.5,9,9],"texture":"#0"},"east":{"uv":[8.5,8.5,9,9],"texture":"#0"},"south":{"uv":[8.5,8.5,9,9],"texture":"#3"},"west":{"uv":[8.5,8.5,9,9],"texture":"#0"},"up":{"uv":[8.5,8.5,9,9],"texture":"#0"},"down":{"uv":[8.5,8.5,9,9],"texture":"#0"}}},{"from":[6,9,0.8],"to":[7,10,2],"rotation":{"angle":0,"axis":"y","origin":[14,17,9]},"faces":{"north":{"uv":[8.5,8,9,8.5],"texture":"#0"},"east":{"uv":[8.5,8,9,8.5],"texture":"#0"},"south":{"uv":[8.5,8,9,8.5],"texture":"#3"},"west":{"uv":[8.5,8,9,8.5],"texture":"#0"},"up":{"uv":[8.5,8,9,8.5],"texture":"#0"},"down":{"uv":[8.5,8,9,8.5],"texture":"#0"}}},{"from":[6,10,0.7],"to":[7,11,2],"rotation":{"angle":0,"axis":"y","origin":[14,18,9]},"faces":{"north":{"uv":[8.5,7.5,9,8],"texture":"#0"},"east":{"uv":[8.5,7.5,9,8],"texture":"#0"},"south":{"uv":[8.5,7.5,9,8],"texture":"#3"},"west":{"uv":[8.5,7.5,9,8],"texture":"#0"},"up":{"uv":[8.5,7.5,9,8],"texture":"#0"},"down":{"uv":[8.5,7.5,9,8],"texture":"#0"}}},{"from":[7,10,0.6],"to":[8,11,2],"rotation":{"angle":0,"axis":"y","origin":[15,18,9]},"faces":{"north":{"uv":[8,7.5,8.5,8],"texture":"#0"},"east":{"uv":[8,7.5,8.5,8],"texture":"#0"},"south":{"uv":[8,7.5,8.5,8],"texture":"#3"},"west":{"uv":[8,7.5,8.5,8],"texture":"#0"},"up":{"uv":[8,7.5,8.5,8],"texture":"#0"},"down":{"uv":[8,7.5,8.5,8],"texture":"#0"}}},{"from":[8,10,1],"to":[9,11,2],"rotation":{"angle":0,"axis":"y","origin":[16,18,9]},"faces":{"north":{"uv":[7.5,7.5,8,8],"texture":"#0"},"east":{"uv":[7.5,7.5,8,8],"texture":"#0"},"south":{"uv":[7.5,7.5,8,8],"texture":"#3"},"west":{"uv":[7.5,7.5,8,8],"texture":"#0"},"up":{"uv":[7.5,7.5,8,8],"texture":"#0"},"down":{"uv":[7.5,7.5,8,8],"texture":"#0"}}},{"from":[9,10,0.6],"to":[10,11,2],"rotation":{"angle":0,"axis":"y","origin":[17,18,9]},"faces":{"north":{"uv":[7,7.5,7.5,8],"texture":"#0"},"east":{"uv":[7,7.5,7.5,8],"texture":"#0"},"south":{"uv":[7,7.5,7.5,8],"texture":"#3"},"west":{"uv":[7,7.5,7.5,8],"texture":"#0"},"up":{"uv":[7,7.5,7.5,8],"texture":"#0"},"down":{"uv":[7,7.5,7.5,8],"texture":"#0"}}},{"from":[11,10,0.8],"to":[12,11,2],"rotation":{"angle":0,"axis":"y","origin":[19,18,9]},"faces":{"north":{"uv":[6,7.5,6.5,8],"texture":"#0"},"east":{"uv":[6,7.5,6.5,8],"texture":"#0"},"south":{"uv":[6,7.5,6.5,8],"texture":"#3"},"west":{"uv":[6,7.5,6.5,8],"texture":"#0"},"up":{"uv":[6,7.5,6.5,8],"texture":"#0"},"down":{"uv":[6,7.5,6.5,8],"texture":"#0"}}},{"from":[11,9,0.7],"to":[12,10,2],"rotation":{"angle":0,"axis":"y","origin":[19,17,9]},"faces":{"north":{"uv":[6,8,6.5,8.5],"texture":"#0"},"east":{"uv":[6,8,6.5,8.5],"texture":"#0"},"south":{"uv":[6,8,6.5,8.5],"texture":"#3"},"west":{"uv":[6,8,6.5,8.5],"texture":"#0"},"up":{"uv":[6,8,6.5,8.5],"texture":"#0"},"down":{"uv":[6,8,6.5,8.5],"texture":"#0"}}},{"from":[11,8,0.8],"to":[12,9,2],"rotation":{"angle":0,"axis":"y","origin":[19,16,9]},"faces":{"north":{"uv":[6,8.5,6.5,9],"texture":"#0"},"east":{"uv":[6,8.5,6.5,9],"texture":"#0"},"south":{"uv":[6,8.5,6.5,9],"texture":"#3"},"west":{"uv":[6,8.5,6.5,9],"texture":"#0"},"up":{"uv":[6,8.5,6.5,9],"texture":"#0"},"down":{"uv":[6,8.5,6.5,9],"texture":"#0"}}},{"from":[11,7,0.8],"to":[12,8,2],"rotation":{"angle":0,"axis":"y","origin":[19,15,9]},"faces":{"north":{"uv":[6,9,6.5,9.5],"texture":"#0"},"east":{"uv":[6,9,6.5,9.5],"texture":"#0"},"south":{"uv":[6,9,6.5,9.5],"texture":"#3"},"west":{"uv":[6,9,6.5,9.5],"texture":"#0"},"up":{"uv":[6,9,6.5,9.5],"texture":"#0"},"down":{"uv":[6,9,6.5,9.5],"texture":"#0"}}},{"from":[10,7,0.7],"to":[11,8,2],"rotation":{"angle":0,"axis":"y","origin":[18,15,9]},"faces":{"north":{"uv":[6.5,9,7,9.5],"texture":"#0"},"east":{"uv":[6.5,9,7,9.5],"texture":"#0"},"south":{"uv":[6.5,9,7,9.5],"texture":"#3"},"west":{"uv":[6.5,9,7,9.5],"texture":"#0"},"up":{"uv":[6.5,9,7,9.5],"texture":"#0"},"down":{"uv":[6.5,9,7,9.5],"texture":"#0"}}},{"from":[9,7,0.6],"to":[10,8,2],"rotation":{"angle":0,"axis":"y","origin":[17,15,9]},"faces":{"north":{"uv":[7,9,7.5,9.5],"texture":"#0"},"east":{"uv":[7,9,7.5,9.5],"texture":"#0"},"south":{"uv":[7,9,7.5,9.5],"texture":"#3"},"west":{"uv":[7,9,7.5,9.5],"texture":"#0"},"up":{"uv":[7,9,7.5,9.5],"texture":"#0"},"down":{"uv":[7,9,7.5,9.5],"texture":"#0"}}},{"from":[8,7,1],"to":[9,8,2],"rotation":{"angle":0,"axis":"y","origin":[16,15,9]},"faces":{"north":{"uv":[7.5,9,8,9.5],"texture":"#0"},"east":{"uv":[7.5,9,8,9.5],"texture":"#0"},"south":{"uv":[7.5,9,8,9.5],"texture":"#3"},"west":{"uv":[7.5,9,8,9.5],"texture":"#0"},"up":{"uv":[7.5,9,8,9.5],"texture":"#0"},"down":{"uv":[7.5,9,8,9.5],"texture":"#0"}}},{"from":[5,7,0.8],"to":[6,8,2],"rotation":{"angle":0,"axis":"y","origin":[13,15,9]},"faces":{"north":{"uv":[9,9,9.5,9.5],"texture":"#0"},"east":{"uv":[9,9,9.5,9.5],"texture":"#0"},"south":{"uv":[9,9,9.5,9.5],"texture":"#3"},"west":{"uv":[9,9,9.5,9.5],"texture":"#0"},"up":{"uv":[9,9,9.5,9.5],"texture":"#0"},"down":{"uv":[9,9,9.5,9.5],"texture":"#0"}}},{"from":[5,8,0.8],"to":[6,9,2],"rotation":{"angle":0,"axis":"y","origin":[13,16,9]},"faces":{"north":{"uv":[9,8.5,9.5,9],"texture":"#0"},"east":{"uv":[9,8.5,9.5,9],"texture":"#0"},"south":{"uv":[9,8.5,9.5,9],"texture":"#3"},"west":{"uv":[9,8.5,9.5,9],"texture":"#0"},"up":{"uv":[9,8.5,9.5,9],"texture":"#0"},"down":{"uv":[9,8.5,9.5,9],"texture":"#0"}}},{"from":[5,9,0.7],"to":[6,10,2],"rotation":{"angle":0,"axis":"y","origin":[13,17,9]},"faces":{"north":{"uv":[9,8,9.5,8.5],"texture":"#0"},"east":{"uv":[9,8,9.5,8.5],"texture":"#0"},"south":{"uv":[9,8,9.5,8.5],"texture":"#3"},"west":{"uv":[9,8,9.5,8.5],"texture":"#0"},"up":{"uv":[9,8,9.5,8.5],"texture":"#0"},"down":{"uv":[9,8,9.5,8.5],"texture":"#0"}}},{"from":[7,7,0.6],"to":[8,8,2],"rotation":{"angle":0,"axis":"y","origin":[15,15,9]},"faces":{"north":{"uv":[8,9,8.5,9.5],"texture":"#0"},"east":{"uv":[8,9,8.5,9.5],"texture":"#0"},"south":{"uv":[8,9,8.5,9.5],"texture":"#3"},"west":{"uv":[8,9,8.5,9.5],"texture":"#0"},"up":{"uv":[8,9,8.5,9.5],"texture":"#0"},"down":{"uv":[8,9,8.5,9.5],"texture":"#0"}}},{"from":[7,8,0.6],"to":[8,9,2],"rotation":{"angle":0,"axis":"y","origin":[15,16,9]},"faces":{"north":{"uv":[8,8.5,8.5,9],"texture":"#0"},"east":{"uv":[8,8.5,8.5,9],"texture":"#0"},"south":{"uv":[8,8.5,8.5,9],"texture":"#3"},"west":{"uv":[8,8.5,8.5,9],"texture":"#0"},"up":{"uv":[8,8.5,8.5,9],"texture":"#0"},"down":{"uv":[8,8.5,8.5,9],"texture":"#0"}}},{"from":[7,9,0.6],"to":[8,10,2],"rotation":{"angle":0,"axis":"y","origin":[15,17,9]},"faces":{"north":{"uv":[8,8,8.5,8.5],"texture":"#0"},"east":{"uv":[8,8,8.5,8.5],"texture":"#0"},"south":{"uv":[8,8,8.5,8.5],"texture":"#3"},"west":{"uv":[8,8,8.5,8.5],"texture":"#0"},"up":{"uv":[8,8,8.5,8.5],"texture":"#0"},"down":{"uv":[8,8,8.5,8.5],"texture":"#0"}}},{"from":[8,9,0.8],"to":[9,10,2],"rotation":{"angle":0,"axis":"y","origin":[16,17,9]},"faces":{"north":{"uv":[7.5,8,8,8.5],"texture":"#0"},"east":{"uv":[7.5,8,8,8.5],"texture":"#0"},"south":{"uv":[7.5,8,8,8.5],"texture":"#3"},"west":{"uv":[7.5,8,8,8.5],"texture":"#0"},"up":{"uv":[7.5,8,8,8.5],"texture":"#0"},"down":{"uv":[7.5,8,8,8.5],"texture":"#0"}}},{"from":[10,9,0.8],"to":[11,10,2],"rotation":{"angle":0,"axis":"y","origin":[18,17,9]},"faces":{"north":{"uv":[6.5,8,7,8.5],"texture":"#0"},"east":{"uv":[6.5,8,7,8.5],"texture":"#0"},"south":{"uv":[6.5,8,7,8.5],"texture":"#3"},"west":{"uv":[6.5,8,7,8.5],"texture":"#0"},"up":{"uv":[6.5,8,7,8.5],"texture":"#0"},"down":{"uv":[6.5,8,7,8.5],"texture":"#0"}}},{"from":[10,8,0.8],"to":[11,9,2],"rotation":{"angle":0,"axis":"y","origin":[18,16,9]},"faces":{"north":{"uv":[6.5,8.5,7,9],"texture":"#0"},"east":{"uv":[6.5,8.5,7,9],"texture":"#0"},"south":{"uv":[6.5,8.5,7,9],"texture":"#3"},"west":{"uv":[6.5,8.5,7,9],"texture":"#0"},"up":{"uv":[6.5,8.5,7,9],"texture":"#0"},"down":{"uv":[6.5,8.5,7,9],"texture":"#0"}}},{"from":[9,8,0.6],"to":[10,9,2],"rotation":{"angle":0,"axis":"y","origin":[17,16,9]},"faces":{"north":{"uv":[7,8.5,7.5,9],"texture":"#0"},"east":{"uv":[7,8.5,7.5,9],"texture":"#0"},"south":{"uv":[7,8.5,7.5,9],"texture":"#3"},"west":{"uv":[7,8.5,7.5,9],"texture":"#0"},"up":{"uv":[7,8.5,7.5,9],"texture":"#0"},"down":{"uv":[7,8.5,7.5,9],"texture":"#0"}}},{"from":[8,8,0.6],"to":[9,9,2],"rotation":{"angle":0,"axis":"y","origin":[16,16,9]},"faces":{"north":{"uv":[7.5,8.5,8,9],"texture":"#0"},"east":{"uv":[7.5,8.5,8,9],"texture":"#0"},"south":{"uv":[7.5,8.5,8,9],"texture":"#3"},"west":{"uv":[7.5,8.5,8,9],"texture":"#0"},"up":{"uv":[7.5,8.5,8,9],"texture":"#0"},"down":{"uv":[7.5,8.5,8,9],"texture":"#0"}}},{"from":[9,9,0.6],"to":[10,10,2],"rotation":{"angle":0,"axis":"y","origin":[17,17,9]},"faces":{"north":{"uv":[7,8,7.5,8.5],"texture":"#0"},"east":{"uv":[7,8,7.5,8.5],"texture":"#0"},"south":{"uv":[7,8,7.5,8.5],"texture":"#3"},"west":{"uv":[7,8,7.5,8.5],"texture":"#0"},"up":{"uv":[7,8,7.5,8.5],"texture":"#0"},"down":{"uv":[7,8,7.5,8.5],"texture":"#0"}}},{"from":[7,6,0.6],"to":[8,7,2],"rotation":{"angle":0,"axis":"y","origin":[15,14,9]},"faces":{"north":{"uv":[8,9.5,8.5,10],"texture":"#0"},"east":{"uv":[8,9.5,8.5,10],"texture":"#0"},"south":{"uv":[8,9.5,8.5,10],"texture":"#3"},"west":{"uv":[8,9.5,8.5,10],"texture":"#0"},"up":{"uv":[8,9.5,8.5,10],"texture":"#0"},"down":{"uv":[8,9.5,8.5,10],"texture":"#0"}}},{"from":[8,6,1],"to":[9,7,2],"rotation":{"angle":0,"axis":"y","origin":[16,14,9]},"faces":{"north":{"uv":[7.5,9.5,8,10],"texture":"#0"},"east":{"uv":[7.5,9.5,8,10],"texture":"#0"},"south":{"uv":[7.5,9.5,8,10],"texture":"#3"},"west":{"uv":[7.5,9.5,8,10],"texture":"#0"},"up":{"uv":[7.5,9.5,8,10],"texture":"#0"},"down":{"uv":[7.5,9.5,8,10],"texture":"#0"}}},{"from":[8,6,2],"to":[9,7,2.5],"rotation":{"angle":0,"axis":"y","origin":[16,14,10]},"faces":{"north":{"uv":[7.5,9.5,8,10],"texture":"#0"},"east":{"uv":[7.5,9.5,8,10],"texture":"#0"},"south":{"uv":[7.5,9.5,8,10],"texture":"#3"},"west":{"uv":[7.5,9.5,8,10],"texture":"#0"},"up":{"uv":[7.5,9.5,8,10],"texture":"#0"},"down":{"uv":[7.5,9.5,8,10],"texture":"#0"}}},{"from":[8,9,2],"to":[9,10,2.5],"rotation":{"angle":0,"axis":"y","origin":[16,17,10]},"faces":{"north":{"uv":[7.5,9.5,8,10],"texture":"#0"},"east":{"uv":[7.5,9.5,8,10],"texture":"#0"},"south":{"uv":[7.5,9.5,8,10],"texture":"#3"},"west":{"uv":[7.5,9.5,8,10],"texture":"#0"},"up":{"uv":[7.5,9.5,8,10],"texture":"#0"},"down":{"uv":[7.5,9.5,8,10],"texture":"#0"}}},{"from":[8,6,2.5],"to":[9,10,3],"rotation":{"angle":0,"axis":"y","origin":[16,17,10]},"faces":{"north":{"uv":[7.5,9.5,8,10],"texture":"#0"},"east":{"uv":[7.5,9.5,8,10],"texture":"#0"},"south":{"uv":[7.5,9.5,8,10],"texture":"#3"},"west":{"uv":[7.5,9.5,8,10],"texture":"#0"},"up":{"uv":[7.5,9.5,8,10],"texture":"#0"},"down":{"uv":[7.5,9.5,8,10],"texture":"#0"}}},{"from":[9,6,0.6],"to":[10,7,2],"rotation":{"angle":0,"axis":"y","origin":[17,14,9]},"faces":{"north":{"uv":[7,9.5,7.5,10],"texture":"#0"},"east":{"uv":[7,9.5,7.5,10],"texture":"#0"},"south":{"uv":[7,9.5,7.5,10],"texture":"#3"},"west":{"uv":[7,9.5,7.5,10],"texture":"#0"},"up":{"uv":[7,9.5,7.5,10],"texture":"#0"},"down":{"uv":[7,9.5,7.5,10],"texture":"#0"}}},{"from":[10,6,0.8],"to":[11,7,2],"rotation":{"angle":0,"axis":"y","origin":[18,14,9]},"faces":{"north":{"uv":[6.5,9.5,7,10],"texture":"#0"},"east":{"uv":[6.5,9.5,7,10],"texture":"#0"},"south":{"uv":[6.5,9.5,7,10],"texture":"#3"},"west":{"uv":[6.5,9.5,7,10],"texture":"#0"},"up":{"uv":[6.5,9.5,7,10],"texture":"#0"},"down":{"uv":[6.5,9.5,7,10],"texture":"#0"}}},{"from":[10,5,0.8],"to":[11,6,2],"rotation":{"angle":0,"axis":"y","origin":[18,13,9]},"faces":{"north":{"uv":[6.5,10,7,10.5],"texture":"#0"},"east":{"uv":[6.5,10,7,10.5],"texture":"#0"},"south":{"uv":[6.5,10,7,10.5],"texture":"#3"},"west":{"uv":[6.5,10,7,10.5],"texture":"#0"},"up":{"uv":[6.5,10,7,10.5],"texture":"#0"},"down":{"uv":[6.5,10,7,10.5],"texture":"#0"}}},{"from":[9,5,1],"to":[10,6,2],"rotation":{"angle":0,"axis":"y","origin":[17,13,9]},"faces":{"north":{"uv":[7,10,7.5,10.5],"texture":"#0"},"east":{"uv":[7,10,7.5,10.5],"texture":"#0"},"south":{"uv":[7,10,7.5,10.5],"texture":"#3"},"west":{"uv":[7,10,7.5,10.5],"texture":"#0"},"up":{"uv":[7,10,7.5,10.5],"texture":"#0"},"down":{"uv":[7,10,7.5,10.5],"texture":"#0"}}},{"from":[8,5,0.8],"to":[9,6,2],"rotation":{"angle":0,"axis":"y","origin":[16,13,9]},"faces":{"north":{"uv":[7.5,10,8,10.5],"texture":"#0"},"east":{"uv":[7.5,10,8,10.5],"texture":"#0"},"south":{"uv":[7.5,10,8,10.5],"texture":"#3"},"west":{"uv":[7.5,10,8,10.5],"texture":"#0"},"up":{"uv":[7.5,10,8,10.5],"texture":"#0"},"down":{"uv":[7.5,10,8,10.5],"texture":"#0"}}},{"from":[10,10,0.7],"to":[11,11,2],"rotation":{"angle":0,"axis":"y","origin":[18,18,9]},"faces":{"north":{"uv":[6.5,7.5,7,8],"texture":"#0"},"east":{"uv":[6.5,7.5,7,8],"texture":"#0"},"south":{"uv":[6.5,7.5,7,8],"texture":"#3"},"west":{"uv":[6.5,7.5,7,8],"texture":"#0"},"up":{"uv":[6.5,7.5,7,8],"texture":"#0"},"down":{"uv":[6.5,7.5,7,8],"texture":"#0"}}},{"from":[5,10,0.8],"to":[6,11,2],"rotation":{"angle":0,"axis":"y","origin":[13,18,9]},"faces":{"north":{"uv":[9,7.5,9.5,8],"texture":"#0"},"east":{"uv":[9,7.5,9.5,8],"texture":"#0"},"south":{"uv":[9,7.5,9.5,8],"texture":"#3"},"west":{"uv":[9,7.5,9.5,8],"texture":"#0"},"up":{"uv":[9,7.5,9.5,8],"texture":"#0"},"down":{"uv":[9,7.5,9.5,8],"texture":"#0"}}},{"from":[4,10,0.7],"to":[5,11,2],"rotation":{"angle":0,"axis":"y","origin":[12,18,9]},"faces":{"north":{"uv":[9.5,7.5,10,8],"texture":"#0"},"east":{"uv":[9.5,7.5,10,8],"texture":"#0"},"south":{"uv":[9.5,7.5,10,8],"texture":"#3"},"west":{"uv":[9.5,7.5,10,8],"texture":"#0"},"up":{"uv":[9.5,7.5,10,8],"texture":"#0"},"down":{"uv":[9.5,7.5,10,8],"texture":"#0"}}},{"from":[6,2,1],"to":[7,3,2],"rotation":{"angle":0,"axis":"y","origin":[14,10,9]},"faces":{"north":{"uv":[8.5,11.5,9,12],"texture":"#0"},"east":{"uv":[8.5,11.5,9,12],"texture":"#0"},"south":{"uv":[8.5,11.5,9,12],"texture":"#3"},"west":{"uv":[8.5,11.5,9,12],"texture":"#0"},"up":{"uv":[8.5,11.5,9,12],"texture":"#0"},"down":{"uv":[8.5,11.5,9,12],"texture":"#0"}}},{"from":[7,1,1],"to":[10,2,2],"rotation":{"angle":0,"axis":"y","origin":[16,9,9]},"faces":{"north":{"uv":[7,12,8.5,12.5],"texture":"#0"},"east":{"uv":[7,12,8.5,12.5],"texture":"#0"},"south":{"uv":[7,12,8.5,12.5],"texture":"#3"},"west":{"uv":[7,12,8.5,12.5],"texture":"#0"},"up":{"uv":[7,12,8.5,12.5],"texture":"#0"},"down":{"uv":[7,12,8.5,12.5],"texture":"#0"}}}]}