{"display":{"thirdperson_righthand":{"rotation":[61.75,82,0],"translation":[0,2,0]},"thirdperson_lefthand":{"rotation":[47.25,82,0],"translation":[0,1.5,-2]},"firstperson_righthand":{"rotation":[5,82,0],"translation":[0,2,0],"scale":[0.8,0.8,0.8]},"firstperson_lefthand":{"rotation":[5,82,0],"translation":[0,2,0],"scale":[0.8,0.8,0.8]},"ground":{"translation":[0,6.5,0]},"gui":{"rotation":[0,90,0],"translation":[0,-3.5,0],"scale":[0.7,0.7,0.7]},"head":{"rotation":[-90,0,0],"translation":[0,-14,-7.25],"scale":[2,2,2]},"fixed":{"rotation":[0,90,0]}},"textures":{"1":"item/obsidian/1","particle":"item/obsidian/1"},"elements":[{"from":[6,0,6],"to":[10,16,10],"rotation":{"angle":0,"axis":"x","origin":[14,8,14]},"faces":{"north":{"uv":[6,0,10,16],"texture":"#1"},"east":{"uv":[6,0,10,16],"texture":"#1"},"south":{"uv":[6,0,10,16],"texture":"#1"},"west":{"uv":[6,0,10,16],"texture":"#1"},"up":{"uv":[1,9,5,13],"rotation":180,"texture":"#1"},"down":{"uv":[1,9,5,13],"texture":"#1"}}},{"from":[8,13,4],"to":[12,29,8],"rotation":{"angle":22.5,"axis":"y","origin":[16,21,12]},"faces":{"north":{"uv":[6,0,10,16],"texture":"#1"},"east":{"uv":[6,0,10,16],"texture":"#1"},"south":{"uv":[6,0,10,16],"texture":"#1"},"west":{"uv":[6,0,10,16],"texture":"#1"},"up":{"uv":[1,9,5,13],"rotation":180,"texture":"#1"},"down":{"uv":[1,9,5,13],"texture":"#1"}}},{"from":[8,10,13],"to":[12,26,17],"rotation":{"angle":-22.5,"axis":"z","origin":[16,18,21]},"faces":{"north":{"uv":[6,0,10,16],"texture":"#1"},"east":{"uv":[6,0,10,16],"texture":"#1"},"south":{"uv":[6,0,10,16],"texture":"#1"},"west":{"uv":[6,0,10,16],"texture":"#1"},"up":{"uv":[1,9,5,13],"rotation":180,"texture":"#1"},"down":{"uv":[1,9,5,13],"texture":"#1"}}},{"from":[8,14,-3],"to":[12,30,1],"rotation":{"angle":-22.5,"axis":"x","origin":[16,22,5]},"faces":{"north":{"uv":[6,0,10,16],"texture":"#1"},"east":{"uv":[6,0,10,16],"texture":"#1"},"south":{"uv":[6,0,10,16],"texture":"#1"},"west":{"uv":[6,0,10,16],"texture":"#1"},"up":{"uv":[1,9,5,13],"rotation":180,"texture":"#1"},"down":{"uv":[1,9,5,13],"texture":"#1"}}},{"from":[9,11,2],"to":[13,27,6],"rotation":{"angle":-22.5,"axis":"x","origin":[17,19,10]},"faces":{"north":{"uv":[6,0,10,16],"texture":"#1"},"east":{"uv":[6,0,10,16],"texture":"#1"},"south":{"uv":[6,0,10,16],"texture":"#1"},"west":{"uv":[6,0,10,16],"texture":"#1"},"up":{"uv":[1,9,5,13],"rotation":180,"texture":"#1"},"down":{"uv":[1,9,5,13],"texture":"#1"}}},{"from":[6,3,5],"to":[10,19,9],"rotation":{"angle":-45,"axis":"x","origin":[14,11,13]},"faces":{"north":{"uv":[6,0,10,16],"texture":"#1"},"east":{"uv":[6,0,10,16],"texture":"#1"},"south":{"uv":[6,0,10,16],"texture":"#1"},"west":{"uv":[6,0,10,16],"texture":"#1"},"up":{"uv":[1,9,5,13],"rotation":180,"texture":"#1"},"down":{"uv":[1,9,5,13],"texture":"#1"}}},{"from":[6,-5,3],"to":[10,11,7],"rotation":{"angle":45,"axis":"x","origin":[14,3,11]},"faces":{"north":{"uv":[6,0,10,16],"texture":"#1"},"east":{"uv":[6,0,10,16],"texture":"#1"},"south":{"uv":[6,0,10,16],"texture":"#1"},"west":{"uv":[6,0,10,16],"texture":"#1"},"up":{"uv":[1,9,5,13],"rotation":180,"texture":"#1"},"down":{"uv":[1,9,5,13],"texture":"#1"}}}]}