{"display":{"thirdperson_righthand":{"rotation":[55.75,-0.07,-5],"translation":[-0.25,-7,5.25],"scale":[1.2,1.2,1.2]},"thirdperson_lefthand":{"rotation":[55.75,-0.07,-5],"translation":[-0.25,-7,5.25],"scale":[1.2,1.2,1.2]},"firstperson_righthand":{"rotation":[7,5.25,0],"translation":[5,0.75,6.25],"scale":[1.1,1.1,1.1]},"firstperson_lefthand":{"rotation":[7,5.25,0],"translation":[5,0.75,6.25],"scale":[1.1,1.1,1.1]},"ground":{"translation":[0,0,5.25],"scale":[0.6,0.6,0.6]},"gui":{"rotation":[-162.25,14.75,180],"translation":[2,1.25,0]},"head":{"translation":[0,-1.75,9.25],"scale":[1.8,1.8,1.8]},"fixed":{"translation":[0,0,10.5],"scale":[1.5,1.5,1.5]}},"texture_size":[64,64],"textures":{"0":"item/shield/5","particle":"item/shield/5"},"elements":[{"from":[7.5,1,-0.3],"to":[8.5,2,1],"faces":{"north":{"uv":[1.5,4.25,1.75,4.5],"texture":"#0"},"east":{"uv":[1.5,4.25,1.75,4.5],"texture":"#0"},"south":{"uv":[4.75,4.25,5,4.5],"texture":"#0"},"west":{"uv":[1.5,4.25,1.75,4.5],"texture":"#0"},"up":{"uv":[1.5,4.25,1.75,4.5],"texture":"#0"},"down":{"uv":[1.5,4.25,1.75,4.5],"texture":"#0"}}},{"from":[7.5,2,-0.3],"to":[8.5,3,1],"faces":{"north":{"uv":[1.5,4,1.75,4.25],"texture":"#0"},"east":{"uv":[1.5,4,1.75,4.25],"texture":"#0"},"south":{"uv":[4.75,4,5,4.25],"texture":"#0"},"west":{"uv":[1.5,4,1.75,4.25],"texture":"#0"},"up":{"uv":[1.5,4,1.75,4.25],"texture":"#0"},"down":{"uv":[1.5,4,1.75,4.25],"texture":"#0"}}},{"from":[7.5,3,-0.3],"to":[8.5,4,1],"faces":{"north":{"uv":[1.5,3.75,1.75,4],"texture":"#0"},"east":{"uv":[1.5,3.75,1.75,4],"texture":"#0"},"south":{"uv":[4.75,3.75,5,4],"texture":"#0"},"west":{"uv":[1.5,3.75,1.75,4],"texture":"#0"},"up":{"uv":[1.5,3.75,1.75,4],"texture":"#0"},"down":{"uv":[1.5,3.75,1.75,4],"texture":"#0"}}},{"from":[7.5,4,-0.3],"to":[8.5,5,1],"faces":{"north":{"uv":[1.5,3.5,1.75,3.75],"texture":"#0"},"east":{"uv":[1.5,3.5,1.75,3.75],"texture":"#0"},"south":{"uv":[4.75,3.5,5,3.75],"texture":"#0"},"west":{"uv":[1.5,3.5,1.75,3.75],"texture":"#0"},"up":{"uv":[1.5,3.5,1.75,3.75],"texture":"#0"},"down":{"uv":[1.5,3.5,1.75,3.75],"texture":"#0"}}},{"from":[7.5,5,-0.3],"to":[8.5,6,1],"faces":{"north":{"uv":[1.5,3.25,1.75,3.5],"texture":"#0"},"east":{"uv":[1.5,3.25,1.75,3.5],"texture":"#0"},"south":{"uv":[4.75,3.25,5,3.5],"texture":"#0"},"west":{"uv":[1.5,3.25,1.75,3.5],"texture":"#0"},"up":{"uv":[1.5,3.25,1.75,3.5],"texture":"#0"},"down":{"uv":[1.5,3.25,1.75,3.5],"texture":"#0"}}},{"from":[7.5,6,-0.3],"to":[8.5,7,1],"faces":{"north":{"uv":[1.5,3,1.75,3.25],"texture":"#0"},"east":{"uv":[1.5,3,1.75,3.25],"texture":"#0"},"south":{"uv":[4.75,3,5,3.25],"texture":"#0"},"west":{"uv":[1.5,3,1.75,3.25],"texture":"#0"},"up":{"uv":[1.5,3,1.75,3.25],"texture":"#0"},"down":{"uv":[1.5,3,1.75,3.25],"texture":"#0"}}},{"from":[7.5,7,-0.3],"to":[8.5,8,1],"faces":{"north":{"uv":[1.5,2.75,1.75,3],"texture":"#0"},"east":{"uv":[1.5,2.75,1.75,3],"texture":"#0"},"south":{"uv":[4.75,2.75,5,3],"texture":"#0"},"west":{"uv":[1.5,2.75,1.75,3],"texture":"#0"},"up":{"uv":[1.5,2.75,1.75,3],"texture":"#0"},"down":{"uv":[1.5,2.75,1.75,3],"texture":"#0"}}},{"from":[7.5,8,-0.3],"to":[8.5,9,1],"faces":{"north":{"uv":[1.5,2.5,1.75,2.75],"texture":"#0"},"east":{"uv":[1.5,2.5,1.75,2.75],"texture":"#0"},"south":{"uv":[4.75,2.5,5,2.75],"texture":"#0"},"west":{"uv":[1.5,2.5,1.75,2.75],"texture":"#0"},"up":{"uv":[1.5,2.5,1.75,2.75],"texture":"#0"},"down":{"uv":[1.5,2.5,1.75,2.75],"texture":"#0"}}},{"from":[7.5,9,-0.3],"to":[8.5,10,1],"faces":{"north":{"uv":[1.5,2.25,1.75,2.5],"texture":"#0"},"east":{"uv":[1.5,2.25,1.75,2.5],"texture":"#0"},"south":{"uv":[4.75,2.25,5,2.5],"texture":"#0"},"west":{"uv":[1.5,2.25,1.75,2.5],"texture":"#0"},"up":{"uv":[1.5,2.25,1.75,2.5],"texture":"#0"},"down":{"uv":[1.5,2.25,1.75,2.5],"texture":"#0"}}},{"from":[7.5,10,-0.3],"to":[8.5,11,1],"faces":{"north":{"uv":[1.5,2,1.75,2.25],"texture":"#0"},"east":{"uv":[1.5,2,1.75,2.25],"texture":"#0"},"south":{"uv":[4.75,2,5,2.25],"texture":"#0"},"west":{"uv":[1.5,2,1.75,2.25],"texture":"#0"},"up":{"uv":[1.5,2,1.75,2.25],"texture":"#0"},"down":{"uv":[1.5,2,1.75,2.25],"texture":"#0"}}},{"from":[7.5,11,-0.3],"to":[8.5,12,1],"faces":{"north":{"uv":[1.5,1.75,1.75,2],"texture":"#0"},"east":{"uv":[1.5,1.75,1.75,2],"texture":"#0"},"south":{"uv":[4.75,1.75,5,2],"texture":"#0"},"west":{"uv":[1.5,1.75,1.75,2],"texture":"#0"},"up":{"uv":[1.5,1.75,1.75,2],"texture":"#0"},"down":{"uv":[1.5,1.75,1.75,2],"texture":"#0"}}},{"from":[7.5,12,-0.3],"to":[8.5,13,1],"faces":{"north":{"uv":[1.5,1.5,1.75,1.75],"texture":"#0"},"east":{"uv":[1.5,1.5,1.75,1.75],"texture":"#0"},"south":{"uv":[4.75,1.5,5,1.75],"texture":"#0"},"west":{"uv":[1.5,1.5,1.75,1.75],"texture":"#0"},"up":{"uv":[1.5,1.5,1.75,1.75],"texture":"#0"},"down":{"uv":[1.5,1.5,1.75,1.75],"texture":"#0"}}},{"from":[7.5,13,-0.3],"to":[8.5,14,1],"faces":{"north":{"uv":[1.5,1.25,1.75,1.5],"texture":"#0"},"east":{"uv":[1.5,1.25,1.75,1.5],"texture":"#0"},"south":{"uv":[4.75,1.25,5,1.5],"texture":"#0"},"west":{"uv":[1.5,1.25,1.75,1.5],"texture":"#0"},"up":{"uv":[1.5,1.25,1.75,1.5],"texture":"#0"},"down":{"uv":[1.5,1.25,1.75,1.5],"texture":"#0"}}},{"from":[7.5,14,-0.3],"to":[8.5,15,1],"faces":{"north":{"uv":[1.5,1,1.75,1.25],"texture":"#0"},"east":{"uv":[1.5,1,1.75,1.25],"texture":"#0"},"south":{"uv":[4.75,1,5,1.25],"texture":"#0"},"west":{"uv":[1.5,1,1.75,1.25],"texture":"#0"},"up":{"uv":[1.5,1,1.75,1.25],"texture":"#0"},"down":{"uv":[1.5,1,1.75,1.25],"texture":"#0"}}},{"from":[6.5,2,0],"to":[7.5,3,1],"faces":{"north":{"uv":[1.75,4,2,4.25],"texture":"#0"},"east":{"uv":[1.75,4,2,4.25],"texture":"#0"},"south":{"uv":[5,4,5.25,4.25],"texture":"#0"},"west":{"uv":[1.75,4,2,4.25],"texture":"#0"},"up":{"uv":[1.75,4,2,4.25],"texture":"#0"},"down":{"uv":[1.75,4,2,4.25],"texture":"#0"}}},{"from":[6.5,3,0],"to":[7.5,4,1],"faces":{"north":{"uv":[1.75,3.75,2,4],"texture":"#0"},"east":{"uv":[1.75,3.75,2,4],"texture":"#0"},"south":{"uv":[5,3.75,5.25,4],"texture":"#0"},"west":{"uv":[1.75,3.75,2,4],"texture":"#0"},"up":{"uv":[1.75,3.75,2,4],"texture":"#0"},"down":{"uv":[1.75,3.75,2,4],"texture":"#0"}}},{"from":[5.5,3,-0.3],"to":[6.5,4,1],"faces":{"north":{"uv":[2,3.75,2.25,4],"texture":"#0"},"east":{"uv":[2,3.75,2.25,4],"texture":"#0"},"south":{"uv":[5.25,3.75,5.5,4],"texture":"#0"},"west":{"uv":[2,3.75,2.25,4],"texture":"#0"},"up":{"uv":[2,3.75,2.25,4],"texture":"#0"},"down":{"uv":[2,3.75,2.25,4],"texture":"#0"}}},{"from":[6.5,4,0],"to":[7.5,5,1],"faces":{"north":{"uv":[1.75,3.5,2,3.75],"texture":"#0"},"east":{"uv":[1.75,3.5,2,3.75],"texture":"#0"},"south":{"uv":[5,3.5,5.25,3.75],"texture":"#0"},"west":{"uv":[1.75,3.5,2,3.75],"texture":"#0"},"up":{"uv":[1.75,3.5,2,3.75],"texture":"#0"},"down":{"uv":[1.75,3.5,2,3.75],"texture":"#0"}}},{"from":[5.5,4,-0.3],"to":[6.5,5,1],"faces":{"north":{"uv":[2,3.5,2.25,3.75],"texture":"#0"},"east":{"uv":[2,3.5,2.25,3.75],"texture":"#0"},"south":{"uv":[5.25,3.5,5.5,3.75],"texture":"#0"},"west":{"uv":[2,3.5,2.25,3.75],"texture":"#0"},"up":{"uv":[2,3.5,2.25,3.75],"texture":"#0"},"down":{"uv":[2,3.5,2.25,3.75],"texture":"#0"}}},{"from":[4.5,4,-0.3],"to":[5.5,5,1],"faces":{"north":{"uv":[2.25,3.5,2.5,3.75],"texture":"#0"},"east":{"uv":[2.25,3.5,2.5,3.75],"texture":"#0"},"south":{"uv":[5.5,3.5,5.75,3.75],"texture":"#0"},"west":{"uv":[2.25,3.5,2.5,3.75],"texture":"#0"},"up":{"uv":[2.25,3.5,2.5,3.75],"texture":"#0"},"down":{"uv":[2.25,3.5,2.5,3.75],"texture":"#0"}}},{"from":[6.5,5,0],"to":[7.5,6,1],"faces":{"north":{"uv":[1.75,3.25,2,3.5],"texture":"#0"},"east":{"uv":[1.75,3.25,2,3.5],"texture":"#0"},"south":{"uv":[5,3.25,5.25,3.5],"texture":"#0"},"west":{"uv":[1.75,3.25,2,3.5],"texture":"#0"},"up":{"uv":[1.75,3.25,2,3.5],"texture":"#0"},"down":{"uv":[1.75,3.25,2,3.5],"texture":"#0"}}},{"from":[5.5,5,0],"to":[6.5,6,1],"faces":{"north":{"uv":[2,3.25,2.25,3.5],"texture":"#0"},"east":{"uv":[2,3.25,2.25,3.5],"texture":"#0"},"south":{"uv":[5.25,3.25,5.5,3.5],"texture":"#0"},"west":{"uv":[2,3.25,2.25,3.5],"texture":"#0"},"up":{"uv":[2,3.25,2.25,3.5],"texture":"#0"},"down":{"uv":[2,3.25,2.25,3.5],"texture":"#0"}}},{"from":[4.5,5,-0.3],"to":[5.5,6,1],"faces":{"north":{"uv":[2.25,3.25,2.5,3.5],"texture":"#0"},"east":{"uv":[2.25,3.25,2.5,3.5],"texture":"#0"},"south":{"uv":[5.5,3.25,5.75,3.5],"texture":"#0"},"west":{"uv":[2.25,3.25,2.5,3.5],"texture":"#0"},"up":{"uv":[2.25,3.25,2.5,3.5],"texture":"#0"},"down":{"uv":[2.25,3.25,2.5,3.5],"texture":"#0"}}},{"from":[6.5,6,0],"to":[7.5,7,1],"faces":{"north":{"uv":[1.75,3,2,3.25],"texture":"#0"},"east":{"uv":[1.75,3,2,3.25],"texture":"#0"},"south":{"uv":[5,3,5.25,3.25],"texture":"#0"},"west":{"uv":[1.75,3,2,3.25],"texture":"#0"},"up":{"uv":[1.75,3,2,3.25],"texture":"#0"},"down":{"uv":[1.75,3,2,3.25],"texture":"#0"}}},{"from":[7.5,6,1],"to":[8.5,7,2],"faces":{"north":{"uv":[6.5,3.25,6.75,3.5],"texture":"#0"},"east":{"uv":[6.5,3.25,6.75,3.5],"texture":"#0"},"south":{"uv":[6.5,3.25,6.75,3.5],"texture":"#0"},"west":{"uv":[6.5,3.25,6.75,3.5],"texture":"#0"},"up":{"uv":[6.5,3.25,6.75,3.5],"texture":"#0"},"down":{"uv":[6.5,3.25,6.75,3.5],"texture":"#0"}}},{"from":[7.5,6,2],"to":[8.5,7,3],"faces":{"north":{"uv":[6.75,3.25,7,3.5],"texture":"#0"},"east":{"uv":[6.75,3.25,7,3.5],"texture":"#0"},"south":{"uv":[6.75,3.25,7,3.5],"texture":"#0"},"west":{"uv":[6.75,3.25,7,3.5],"texture":"#0"},"up":{"uv":[6.75,3.25,7,3.5],"texture":"#0"},"down":{"uv":[6.75,3.25,7,3.5],"texture":"#0"}}},{"from":[7.5,7,2],"to":[8.5,8,3],"faces":{"north":{"uv":[6.75,3,7,3.25],"texture":"#0"},"east":{"uv":[6.75,3,7,3.25],"texture":"#0"},"south":{"uv":[6.75,3,7,3.25],"texture":"#0"},"west":{"uv":[6.75,3,7,3.25],"texture":"#0"},"up":{"uv":[6.75,3,7,3.25],"texture":"#0"},"down":{"uv":[6.75,3,7,3.25],"texture":"#0"}}},{"from":[7.5,8,2],"to":[8.5,9,3],"faces":{"north":{"uv":[6.75,2.75,7,3],"texture":"#0"},"east":{"uv":[6.75,2.75,7,3],"texture":"#0"},"south":{"uv":[6.75,2.75,7,3],"texture":"#0"},"west":{"uv":[6.75,2.75,7,3],"texture":"#0"},"up":{"uv":[6.75,2.75,7,3],"texture":"#0"},"down":{"uv":[6.75,2.75,7,3],"texture":"#0"}}},{"from":[7.5,9,2],"to":[8.5,10,3],"faces":{"north":{"uv":[6.75,2.5,7,2.75],"texture":"#0"},"east":{"uv":[6.75,2.5,7,2.75],"texture":"#0"},"south":{"uv":[6.75,2.5,7,2.75],"texture":"#0"},"west":{"uv":[6.75,2.5,7,2.75],"texture":"#0"},"up":{"uv":[6.75,2.5,7,2.75],"texture":"#0"},"down":{"uv":[6.75,2.5,7,2.75],"texture":"#0"}}},{"from":[7.5,10,2],"to":[8.5,11,3],"faces":{"north":{"uv":[6.75,2.25,7,2.5],"texture":"#0"},"east":{"uv":[6.75,2.25,7,2.5],"texture":"#0"},"south":{"uv":[6.75,2.25,7,2.5],"texture":"#0"},"west":{"uv":[6.75,2.25,7,2.5],"texture":"#0"},"up":{"uv":[6.75,2.25,7,2.5],"texture":"#0"},"down":{"uv":[6.75,2.25,7,2.5],"texture":"#0"}}},{"from":[7.5,10,1],"to":[8.5,11,2],"faces":{"north":{"uv":[6.5,2.25,6.75,2.5],"texture":"#0"},"east":{"uv":[6.5,2.25,6.75,2.5],"texture":"#0"},"south":{"uv":[6.5,2.25,6.75,2.5],"texture":"#0"},"west":{"uv":[6.5,2.25,6.75,2.5],"texture":"#0"},"up":{"uv":[6.5,2.25,6.75,2.5],"texture":"#0"},"down":{"uv":[6.5,2.25,6.75,2.5],"texture":"#0"}}},{"from":[5.5,6,0],"to":[6.5,7,1],"faces":{"north":{"uv":[2,3,2.25,3.25],"texture":"#0"},"east":{"uv":[2,3,2.25,3.25],"texture":"#0"},"south":{"uv":[5.25,3,5.5,3.25],"texture":"#0"},"west":{"uv":[2,3,2.25,3.25],"texture":"#0"},"up":{"uv":[2,3,2.25,3.25],"texture":"#0"},"down":{"uv":[2,3,2.25,3.25],"texture":"#0"}}},{"from":[4.5,6,-0.3],"to":[5.5,7,1],"faces":{"north":{"uv":[2.25,3,2.5,3.25],"texture":"#0"},"east":{"uv":[2.25,3,2.5,3.25],"texture":"#0"},"south":{"uv":[5.5,3,5.75,3.25],"texture":"#0"},"west":{"uv":[2.25,3,2.5,3.25],"texture":"#0"},"up":{"uv":[2.25,3,2.5,3.25],"texture":"#0"},"down":{"uv":[2.25,3,2.5,3.25],"texture":"#0"}}},{"from":[6.5,7,0],"to":[7.5,8,1],"faces":{"north":{"uv":[1.75,2.75,2,3],"texture":"#0"},"east":{"uv":[1.75,2.75,2,3],"texture":"#0"},"south":{"uv":[5,2.75,5.25,3],"texture":"#0"},"west":{"uv":[1.75,2.75,2,3],"texture":"#0"},"up":{"uv":[1.75,2.75,2,3],"texture":"#0"},"down":{"uv":[1.75,2.75,2,3],"texture":"#0"}}},{"from":[5.5,7,0],"to":[6.5,8,1],"faces":{"north":{"uv":[2,2.75,2.25,3],"texture":"#0"},"east":{"uv":[2,2.75,2.25,3],"texture":"#0"},"south":{"uv":[5.25,2.75,5.5,3],"texture":"#0"},"west":{"uv":[2,2.75,2.25,3],"texture":"#0"},"up":{"uv":[2,2.75,2.25,3],"texture":"#0"},"down":{"uv":[2,2.75,2.25,3],"texture":"#0"}}},{"from":[4.5,7,-0.3],"to":[5.5,8,1],"faces":{"north":{"uv":[2.25,2.75,2.5,3],"texture":"#0"},"east":{"uv":[2.25,2.75,2.5,3],"texture":"#0"},"south":{"uv":[5.5,2.75,5.75,3],"texture":"#0"},"west":{"uv":[2.25,2.75,2.5,3],"texture":"#0"},"up":{"uv":[2.25,2.75,2.5,3],"texture":"#0"},"down":{"uv":[2.25,2.75,2.5,3],"texture":"#0"}}},{"from":[3.5,7,-0.3],"to":[4.5,8,1],"faces":{"north":{"uv":[2.5,2.75,2.75,3],"texture":"#0"},"east":{"uv":[2.5,2.75,2.75,3],"texture":"#0"},"south":{"uv":[5.75,2.75,6,3],"texture":"#0"},"west":{"uv":[2.5,2.75,2.75,3],"texture":"#0"},"up":{"uv":[2.5,2.75,2.75,3],"texture":"#0"},"down":{"uv":[2.5,2.75,2.75,3],"texture":"#0"}}},{"from":[6.5,8,-0.3],"to":[7.5,9,1],"faces":{"north":{"uv":[1.75,2.5,2,2.75],"texture":"#0"},"east":{"uv":[1.75,2.5,2,2.75],"texture":"#0"},"south":{"uv":[5,2.5,5.25,2.75],"texture":"#0"},"west":{"uv":[1.75,2.5,2,2.75],"texture":"#0"},"up":{"uv":[1.75,2.5,2,2.75],"texture":"#0"},"down":{"uv":[1.75,2.5,2,2.75],"texture":"#0"}}},{"from":[5.5,8,-0.3],"to":[6.5,9,1],"faces":{"north":{"uv":[2,2.5,2.25,2.75],"texture":"#0"},"east":{"uv":[2,2.5,2.25,2.75],"texture":"#0"},"south":{"uv":[5.25,2.5,5.5,2.75],"texture":"#0"},"west":{"uv":[2,2.5,2.25,2.75],"texture":"#0"},"up":{"uv":[2,2.5,2.25,2.75],"texture":"#0"},"down":{"uv":[2,2.5,2.25,2.75],"texture":"#0"}}},{"from":[4.5,8,-0.3],"to":[5.5,9,1],"faces":{"north":{"uv":[2.25,2.5,2.5,2.75],"texture":"#0"},"east":{"uv":[2.25,2.5,2.5,2.75],"texture":"#0"},"south":{"uv":[5.5,2.5,5.75,2.75],"texture":"#0"},"west":{"uv":[2.25,2.5,2.5,2.75],"texture":"#0"},"up":{"uv":[2.25,2.5,2.5,2.75],"texture":"#0"},"down":{"uv":[2.25,2.5,2.5,2.75],"texture":"#0"}}},{"from":[3.5,8,-0.3],"to":[4.5,9,1],"faces":{"north":{"uv":[2.5,2.5,2.75,2.75],"texture":"#0"},"east":{"uv":[2.5,2.5,2.75,2.75],"texture":"#0"},"south":{"uv":[5.75,2.5,6,2.75],"texture":"#0"},"west":{"uv":[2.5,2.5,2.75,2.75],"texture":"#0"},"up":{"uv":[2.5,2.5,2.75,2.75],"texture":"#0"},"down":{"uv":[2.5,2.5,2.75,2.75],"texture":"#0"}}},{"from":[2.5,8,-0.3],"to":[3.5,9,1],"faces":{"north":{"uv":[2.75,2.5,3,2.75],"texture":"#0"},"east":{"uv":[2.75,2.5,3,2.75],"texture":"#0"},"south":{"uv":[6,2.5,6.25,2.75],"texture":"#0"},"west":{"uv":[2.75,2.5,3,2.75],"texture":"#0"},"up":{"uv":[2.75,2.5,3,2.75],"texture":"#0"},"down":{"uv":[2.75,2.5,3,2.75],"texture":"#0"}}},{"from":[6.5,9,0],"to":[7.5,10,1],"faces":{"north":{"uv":[1.75,2.25,2,2.5],"texture":"#0"},"east":{"uv":[1.75,2.25,2,2.5],"texture":"#0"},"south":{"uv":[5,2.25,5.25,2.5],"texture":"#0"},"west":{"uv":[1.75,2.25,2,2.5],"texture":"#0"},"up":{"uv":[1.75,2.25,2,2.5],"texture":"#0"},"down":{"uv":[1.75,2.25,2,2.5],"texture":"#0"}}},{"from":[5.5,9,0],"to":[6.5,10,1],"faces":{"north":{"uv":[2,2.25,2.25,2.5],"texture":"#0"},"east":{"uv":[2,2.25,2.25,2.5],"texture":"#0"},"south":{"uv":[5.25,2.25,5.5,2.5],"texture":"#0"},"west":{"uv":[2,2.25,2.25,2.5],"texture":"#0"},"up":{"uv":[2,2.25,2.25,2.5],"texture":"#0"},"down":{"uv":[2,2.25,2.25,2.5],"texture":"#0"}}},{"from":[4.5,9,0],"to":[5.5,10,1],"faces":{"north":{"uv":[2.25,2.25,2.5,2.5],"texture":"#0"},"east":{"uv":[2.25,2.25,2.5,2.5],"texture":"#0"},"south":{"uv":[5.5,2.25,5.75,2.5],"texture":"#0"},"west":{"uv":[2.25,2.25,2.5,2.5],"texture":"#0"},"up":{"uv":[2.25,2.25,2.5,2.5],"texture":"#0"},"down":{"uv":[2.25,2.25,2.5,2.5],"texture":"#0"}}},{"from":[3.5,9,-0.3],"to":[4.5,10,1],"faces":{"north":{"uv":[2.5,2.25,2.75,2.5],"texture":"#0"},"east":{"uv":[2.5,2.25,2.75,2.5],"texture":"#0"},"south":{"uv":[5.75,2.25,6,2.5],"texture":"#0"},"west":{"uv":[2.5,2.25,2.75,2.5],"texture":"#0"},"up":{"uv":[2.5,2.25,2.75,2.5],"texture":"#0"},"down":{"uv":[2.5,2.25,2.75,2.5],"texture":"#0"}}},{"from":[2.5,9,-0.3],"to":[3.5,10,1],"faces":{"north":{"uv":[2.75,2.25,3,2.5],"texture":"#0"},"east":{"uv":[2.75,2.25,3,2.5],"texture":"#0"},"south":{"uv":[6,2.25,6.25,2.5],"texture":"#0"},"west":{"uv":[2.75,2.25,3,2.5],"texture":"#0"},"up":{"uv":[2.75,2.25,3,2.5],"texture":"#0"},"down":{"uv":[2.75,2.25,3,2.5],"texture":"#0"}}},{"from":[6.5,10,0],"to":[7.5,11,1],"faces":{"north":{"uv":[1.75,2,2,2.25],"texture":"#0"},"east":{"uv":[1.75,2,2,2.25],"texture":"#0"},"south":{"uv":[5,2,5.25,2.25],"texture":"#0"},"west":{"uv":[1.75,2,2,2.25],"texture":"#0"},"up":{"uv":[1.75,2,2,2.25],"texture":"#0"},"down":{"uv":[1.75,2,2,2.25],"texture":"#0"}}},{"from":[5.5,10,0],"to":[6.5,11,1],"faces":{"north":{"uv":[2,2,2.25,2.25],"texture":"#0"},"east":{"uv":[2,2,2.25,2.25],"texture":"#0"},"south":{"uv":[5.25,2,5.5,2.25],"texture":"#0"},"west":{"uv":[2,2,2.25,2.25],"texture":"#0"},"up":{"uv":[2,2,2.25,2.25],"texture":"#0"},"down":{"uv":[2,2,2.25,2.25],"texture":"#0"}}},{"from":[4.5,10,0],"to":[5.5,11,1],"faces":{"north":{"uv":[2.25,2,2.5,2.25],"texture":"#0"},"east":{"uv":[2.25,2,2.5,2.25],"texture":"#0"},"south":{"uv":[5.5,2,5.75,2.25],"texture":"#0"},"west":{"uv":[2.25,2,2.5,2.25],"texture":"#0"},"up":{"uv":[2.25,2,2.5,2.25],"texture":"#0"},"down":{"uv":[2.25,2,2.5,2.25],"texture":"#0"}}},{"from":[3.5,10,0],"to":[4.5,11,1],"faces":{"north":{"uv":[2.5,2,2.75,2.25],"texture":"#0"},"east":{"uv":[2.5,2,2.75,2.25],"texture":"#0"},"south":{"uv":[5.75,2,6,2.25],"texture":"#0"},"west":{"uv":[2.5,2,2.75,2.25],"texture":"#0"},"up":{"uv":[2.5,2,2.75,2.25],"texture":"#0"},"down":{"uv":[2.5,2,2.75,2.25],"texture":"#0"}}},{"from":[2.5,10,-0.3],"to":[3.5,11,1],"faces":{"north":{"uv":[2.75,2,3,2.25],"texture":"#0"},"east":{"uv":[2.75,2,3,2.25],"texture":"#0"},"south":{"uv":[6,2,6.25,2.25],"texture":"#0"},"west":{"uv":[2.75,2,3,2.25],"texture":"#0"},"up":{"uv":[2.75,2,3,2.25],"texture":"#0"},"down":{"uv":[2.75,2,3,2.25],"texture":"#0"}}},{"from":[3.5,11,-0.3],"to":[4.5,12,1],"faces":{"north":{"uv":[2.5,1.75,2.75,2],"texture":"#0"},"east":{"uv":[2.5,1.75,2.75,2],"texture":"#0"},"south":{"uv":[5.75,1.75,6,2],"texture":"#0"},"west":{"uv":[2.5,1.75,2.75,2],"texture":"#0"},"up":{"uv":[2.5,1.75,2.75,2],"texture":"#0"},"down":{"uv":[2.5,1.75,2.75,2],"texture":"#0"}}},{"from":[2.5,11,-0.3],"to":[3.5,12,1],"faces":{"north":{"uv":[2.75,1.75,3,2],"texture":"#0"},"east":{"uv":[2.75,1.75,3,2],"texture":"#0"},"south":{"uv":[6,1.75,6.25,2],"texture":"#0"},"west":{"uv":[2.75,1.75,3,2],"texture":"#0"},"up":{"uv":[2.75,1.75,3,2],"texture":"#0"},"down":{"uv":[2.75,1.75,3,2],"texture":"#0"}}},{"from":[3.5,12,-0.3],"to":[4.5,13,1],"faces":{"north":{"uv":[2.5,1.5,2.75,1.75],"texture":"#0"},"east":{"uv":[2.5,1.5,2.75,1.75],"texture":"#0"},"south":{"uv":[5.75,1.5,6,1.75],"texture":"#0"},"west":{"uv":[2.5,1.5,2.75,1.75],"texture":"#0"},"up":{"uv":[2.5,1.5,2.75,1.75],"texture":"#0"},"down":{"uv":[2.5,1.5,2.75,1.75],"texture":"#0"}}},{"from":[2.5,12,-0.3],"to":[3.5,13,1],"faces":{"north":{"uv":[2.75,1.5,3,1.75],"texture":"#0"},"east":{"uv":[2.75,1.5,3,1.75],"texture":"#0"},"south":{"uv":[6,1.5,6.25,1.75],"texture":"#0"},"west":{"uv":[2.75,1.5,3,1.75],"texture":"#0"},"up":{"uv":[2.75,1.5,3,1.75],"texture":"#0"},"down":{"uv":[2.75,1.5,3,1.75],"texture":"#0"}}},{"from":[2.5,13,-0.3],"to":[3.5,14,1],"faces":{"north":{"uv":[2.75,1.25,3,1.5],"texture":"#0"},"east":{"uv":[2.75,1.25,3,1.5],"texture":"#0"},"south":{"uv":[6,1.25,6.25,1.5],"texture":"#0"},"west":{"uv":[2.75,1.25,3,1.5],"texture":"#0"},"up":{"uv":[2.75,1.25,3,1.5],"texture":"#0"},"down":{"uv":[2.75,1.25,3,1.5],"texture":"#0"}}},{"from":[6.5,11,0],"to":[7.5,12,1],"faces":{"north":{"uv":[1.75,1.75,2,2],"texture":"#0"},"east":{"uv":[1.75,1.75,2,2],"texture":"#0"},"south":{"uv":[5,1.75,5.25,2],"texture":"#0"},"west":{"uv":[1.75,1.75,2,2],"texture":"#0"},"up":{"uv":[1.75,1.75,2,2],"texture":"#0"},"down":{"uv":[1.75,1.75,2,2],"texture":"#0"}}},{"from":[5.5,11,-0.3],"to":[6.5,12,1],"faces":{"north":{"uv":[2,1.75,2.25,2],"texture":"#0"},"east":{"uv":[2,1.75,2.25,2],"texture":"#0"},"south":{"uv":[5.25,1.75,5.5,2],"texture":"#0"},"west":{"uv":[2,1.75,2.25,2],"texture":"#0"},"up":{"uv":[2,1.75,2.25,2],"texture":"#0"},"down":{"uv":[2,1.75,2.25,2],"texture":"#0"}}},{"from":[5.5,12,-0.3],"to":[6.5,13,1],"faces":{"north":{"uv":[2,1.5,2.25,1.75],"texture":"#0"},"east":{"uv":[2,1.5,2.25,1.75],"texture":"#0"},"south":{"uv":[5.25,1.5,5.5,1.75],"texture":"#0"},"west":{"uv":[2,1.5,2.25,1.75],"texture":"#0"},"up":{"uv":[2,1.5,2.25,1.75],"texture":"#0"},"down":{"uv":[2,1.5,2.25,1.75],"texture":"#0"}}},{"from":[4.5,11,-0.3],"to":[5.5,12,1],"faces":{"north":{"uv":[2.25,1.75,2.5,2],"texture":"#0"},"east":{"uv":[2.25,1.75,2.5,2],"texture":"#0"},"south":{"uv":[5.5,1.75,5.75,2],"texture":"#0"},"west":{"uv":[2.25,1.75,2.5,2],"texture":"#0"},"up":{"uv":[2.25,1.75,2.5,2],"texture":"#0"},"down":{"uv":[2.25,1.75,2.5,2],"texture":"#0"}}},{"from":[6.5,12,-0.3],"to":[7.5,13,1],"faces":{"north":{"uv":[1.75,1.5,2,1.75],"texture":"#0"},"east":{"uv":[1.75,1.5,2,1.75],"texture":"#0"},"south":{"uv":[5,1.5,5.25,1.75],"texture":"#0"},"west":{"uv":[1.75,1.5,2,1.75],"texture":"#0"},"up":{"uv":[1.75,1.5,2,1.75],"texture":"#0"},"down":{"uv":[1.75,1.5,2,1.75],"texture":"#0"}}},{"from":[6.5,13,-0.3],"to":[7.5,14,1],"faces":{"north":{"uv":[1.75,1.25,2,1.5],"texture":"#0"},"east":{"uv":[1.75,1.25,2,1.5],"texture":"#0"},"south":{"uv":[5,1.25,5.25,1.5],"texture":"#0"},"west":{"uv":[1.75,1.25,2,1.5],"texture":"#0"},"up":{"uv":[1.75,1.25,2,1.5],"texture":"#0"},"down":{"uv":[1.75,1.25,2,1.5],"texture":"#0"}}},{"from":[8.5,2,0],"to":[9.5,3,1],"faces":{"north":{"uv":[1.25,4,1.5,4.25],"texture":"#0"},"east":{"uv":[1.25,4,1.5,4.25],"texture":"#0"},"south":{"uv":[4.5,4,4.75,4.25],"texture":"#0"},"west":{"uv":[1.25,4,1.5,4.25],"texture":"#0"},"up":{"uv":[1.25,4,1.5,4.25],"texture":"#0"},"down":{"uv":[1.25,4,1.5,4.25],"texture":"#0"}}},{"from":[8.5,3,0],"to":[9.5,4,1],"faces":{"north":{"uv":[1.25,3.75,1.5,4],"texture":"#0"},"east":{"uv":[1.25,3.75,1.5,4],"texture":"#0"},"south":{"uv":[4.5,3.75,4.75,4],"texture":"#0"},"west":{"uv":[1.25,3.75,1.5,4],"texture":"#0"},"up":{"uv":[1.25,3.75,1.5,4],"texture":"#0"},"down":{"uv":[1.25,3.75,1.5,4],"texture":"#0"}}},{"from":[9.5,3,-0.3],"to":[10.5,4,1],"faces":{"north":{"uv":[1,3.75,1.25,4],"texture":"#0"},"east":{"uv":[1,3.75,1.25,4],"texture":"#0"},"south":{"uv":[4.25,3.75,4.5,4],"texture":"#0"},"west":{"uv":[1,3.75,1.25,4],"texture":"#0"},"up":{"uv":[1,3.75,1.25,4],"texture":"#0"},"down":{"uv":[1,3.75,1.25,4],"texture":"#0"}}},{"from":[8.5,4,0],"to":[9.5,5,1],"faces":{"north":{"uv":[1.25,3.5,1.5,3.75],"texture":"#0"},"east":{"uv":[1.25,3.5,1.5,3.75],"texture":"#0"},"south":{"uv":[4.5,3.5,4.75,3.75],"texture":"#0"},"west":{"uv":[1.25,3.5,1.5,3.75],"texture":"#0"},"up":{"uv":[1.25,3.5,1.5,3.75],"texture":"#0"},"down":{"uv":[1.25,3.5,1.5,3.75],"texture":"#0"}}},{"from":[9.5,4,-0.3],"to":[10.5,5,1],"faces":{"north":{"uv":[1,3.5,1.25,3.75],"texture":"#0"},"east":{"uv":[1,3.5,1.25,3.75],"texture":"#0"},"south":{"uv":[4.25,3.5,4.5,3.75],"texture":"#0"},"west":{"uv":[1,3.5,1.25,3.75],"texture":"#0"},"up":{"uv":[1,3.5,1.25,3.75],"texture":"#0"},"down":{"uv":[1,3.5,1.25,3.75],"texture":"#0"}}},{"from":[10.5,4,-0.3],"to":[11.5,5,1],"faces":{"north":{"uv":[0.75,3.5,1,3.75],"texture":"#0"},"east":{"uv":[0.75,3.5,1,3.75],"texture":"#0"},"south":{"uv":[4,3.5,4.25,3.75],"texture":"#0"},"west":{"uv":[0.75,3.5,1,3.75],"texture":"#0"},"up":{"uv":[0.75,3.5,1,3.75],"texture":"#0"},"down":{"uv":[0.75,3.5,1,3.75],"texture":"#0"}}},{"from":[8.5,5,0],"to":[9.5,6,1],"faces":{"north":{"uv":[1.25,3.25,1.5,3.5],"texture":"#0"},"east":{"uv":[1.25,3.25,1.5,3.5],"texture":"#0"},"south":{"uv":[4.5,3.25,4.75,3.5],"texture":"#0"},"west":{"uv":[1.25,3.25,1.5,3.5],"texture":"#0"},"up":{"uv":[1.25,3.25,1.5,3.5],"texture":"#0"},"down":{"uv":[1.25,3.25,1.5,3.5],"texture":"#0"}}},{"from":[9.5,5,0],"to":[10.5,6,1],"faces":{"north":{"uv":[1,3.25,1.25,3.5],"texture":"#0"},"east":{"uv":[1,3.25,1.25,3.5],"texture":"#0"},"south":{"uv":[4.25,3.25,4.5,3.5],"texture":"#0"},"west":{"uv":[1,3.25,1.25,3.5],"texture":"#0"},"up":{"uv":[1,3.25,1.25,3.5],"texture":"#0"},"down":{"uv":[1,3.25,1.25,3.5],"texture":"#0"}}},{"from":[10.5,5,-0.3],"to":[11.5,6,1],"faces":{"north":{"uv":[0.75,3.25,1,3.5],"texture":"#0"},"east":{"uv":[0.75,3.25,1,3.5],"texture":"#0"},"south":{"uv":[4,3.25,4.25,3.5],"texture":"#0"},"west":{"uv":[0.75,3.25,1,3.5],"texture":"#0"},"up":{"uv":[0.75,3.25,1,3.5],"texture":"#0"},"down":{"uv":[0.75,3.25,1,3.5],"texture":"#0"}}},{"from":[8.5,6,0],"to":[9.5,7,1],"faces":{"north":{"uv":[1.25,3,1.5,3.25],"texture":"#0"},"east":{"uv":[1.25,3,1.5,3.25],"texture":"#0"},"south":{"uv":[4.5,3,4.75,3.25],"texture":"#0"},"west":{"uv":[1.25,3,1.5,3.25],"texture":"#0"},"up":{"uv":[1.25,3,1.5,3.25],"texture":"#0"},"down":{"uv":[1.25,3,1.5,3.25],"texture":"#0"}}},{"from":[9.5,6,0],"to":[10.5,7,1],"faces":{"north":{"uv":[1,3,1.25,3.25],"texture":"#0"},"east":{"uv":[1,3,1.25,3.25],"texture":"#0"},"south":{"uv":[4.25,3,4.5,3.25],"texture":"#0"},"west":{"uv":[1,3,1.25,3.25],"texture":"#0"},"up":{"uv":[1,3,1.25,3.25],"texture":"#0"},"down":{"uv":[1,3,1.25,3.25],"texture":"#0"}}},{"from":[10.5,6,-0.3],"to":[11.5,7,1],"faces":{"north":{"uv":[0.75,3,1,3.25],"texture":"#0"},"east":{"uv":[0.75,3,1,3.25],"texture":"#0"},"south":{"uv":[4,3,4.25,3.25],"texture":"#0"},"west":{"uv":[0.75,3,1,3.25],"texture":"#0"},"up":{"uv":[0.75,3,1,3.25],"texture":"#0"},"down":{"uv":[0.75,3,1,3.25],"texture":"#0"}}},{"from":[11.5,6,-0.3],"to":[12.5,7,1],"faces":{"north":{"uv":[0.5,3,0.75,3.25],"texture":"#0"},"east":{"uv":[0.5,3,0.75,3.25],"texture":"#0"},"south":{"uv":[3.75,3,4,3.25],"texture":"#0"},"west":{"uv":[0.5,3,0.75,3.25],"texture":"#0"},"up":{"uv":[0.5,3,0.75,3.25],"texture":"#0"},"down":{"uv":[0.5,3,0.75,3.25],"texture":"#0"}}},{"from":[8.5,7,-0.3],"to":[9.5,8,1],"faces":{"north":{"uv":[1.25,2.75,1.5,3],"texture":"#0"},"east":{"uv":[1.25,2.75,1.5,3],"texture":"#0"},"south":{"uv":[4.5,2.75,4.75,3],"texture":"#0"},"west":{"uv":[1.25,2.75,1.5,3],"texture":"#0"},"up":{"uv":[1.25,2.75,1.5,3],"texture":"#0"},"down":{"uv":[1.25,2.75,1.5,3],"texture":"#0"}}},{"from":[9.5,7,-0.3],"to":[10.5,8,1],"faces":{"north":{"uv":[1,2.75,1.25,3],"texture":"#0"},"east":{"uv":[1,2.75,1.25,3],"texture":"#0"},"south":{"uv":[4.25,2.75,4.5,3],"texture":"#0"},"west":{"uv":[1,2.75,1.25,3],"texture":"#0"},"up":{"uv":[1,2.75,1.25,3],"texture":"#0"},"down":{"uv":[1,2.75,1.25,3],"texture":"#0"}}},{"from":[10.5,7,-0.3],"to":[11.5,8,1],"faces":{"north":{"uv":[0.75,2.75,1,3],"texture":"#0"},"east":{"uv":[0.75,2.75,1,3],"texture":"#0"},"south":{"uv":[4,2.75,4.25,3],"texture":"#0"},"west":{"uv":[0.75,2.75,1,3],"texture":"#0"},"up":{"uv":[0.75,2.75,1,3],"texture":"#0"},"down":{"uv":[0.75,2.75,1,3],"texture":"#0"}}},{"from":[11.5,7,-0.3],"to":[12.5,8,1],"faces":{"north":{"uv":[0.5,2.75,0.75,3],"texture":"#0"},"east":{"uv":[0.5,2.75,0.75,3],"texture":"#0"},"south":{"uv":[3.75,2.75,4,3],"texture":"#0"},"west":{"uv":[0.5,2.75,0.75,3],"texture":"#0"},"up":{"uv":[0.5,2.75,0.75,3],"texture":"#0"},"down":{"uv":[0.5,2.75,0.75,3],"texture":"#0"}}},{"from":[8.5,8,-0.3],"to":[9.5,9,1],"faces":{"north":{"uv":[1.25,2.5,1.5,2.75],"texture":"#0"},"east":{"uv":[1.25,2.5,1.5,2.75],"texture":"#0"},"south":{"uv":[4.5,2.5,4.75,2.75],"texture":"#0"},"west":{"uv":[1.25,2.5,1.5,2.75],"texture":"#0"},"up":{"uv":[1.25,2.5,1.5,2.75],"texture":"#0"},"down":{"uv":[1.25,2.5,1.5,2.75],"texture":"#0"}}},{"from":[9.5,8,-0.3],"to":[10.5,9,1],"faces":{"north":{"uv":[1,2.5,1.25,2.75],"texture":"#0"},"east":{"uv":[1,2.5,1.25,2.75],"texture":"#0"},"south":{"uv":[4.25,2.5,4.5,2.75],"texture":"#0"},"west":{"uv":[1,2.5,1.25,2.75],"texture":"#0"},"up":{"uv":[1,2.5,1.25,2.75],"texture":"#0"},"down":{"uv":[1,2.5,1.25,2.75],"texture":"#0"}}},{"from":[10.5,8,-0.3],"to":[11.5,9,1],"faces":{"north":{"uv":[0.75,2.5,1,2.75],"texture":"#0"},"east":{"uv":[0.75,2.5,1,2.75],"texture":"#0"},"south":{"uv":[4,2.5,4.25,2.75],"texture":"#0"},"west":{"uv":[0.75,2.5,1,2.75],"texture":"#0"},"up":{"uv":[0.75,2.5,1,2.75],"texture":"#0"},"down":{"uv":[0.75,2.5,1,2.75],"texture":"#0"}}},{"from":[11.5,8,-0.3],"to":[12.5,9,1],"faces":{"north":{"uv":[0.5,2.5,0.75,2.75],"texture":"#0"},"east":{"uv":[0.5,2.5,0.75,2.75],"texture":"#0"},"south":{"uv":[3.75,2.5,4,2.75],"texture":"#0"},"west":{"uv":[0.5,2.5,0.75,2.75],"texture":"#0"},"up":{"uv":[0.5,2.5,0.75,2.75],"texture":"#0"},"down":{"uv":[0.5,2.5,0.75,2.75],"texture":"#0"}}},{"from":[12.5,8,-0.3],"to":[13.5,9,1],"faces":{"north":{"uv":[0.25,2.5,0.5,2.75],"texture":"#0"},"east":{"uv":[0.25,2.5,0.5,2.75],"texture":"#0"},"south":{"uv":[3.5,2.5,3.75,2.75],"texture":"#0"},"west":{"uv":[0.25,2.5,0.5,2.75],"texture":"#0"},"up":{"uv":[0.25,2.5,0.5,2.75],"texture":"#0"},"down":{"uv":[0.25,2.5,0.5,2.75],"texture":"#0"}}},{"from":[8.5,9,0],"to":[9.5,10,1],"faces":{"north":{"uv":[1.25,2.25,1.5,2.5],"texture":"#0"},"east":{"uv":[1.25,2.25,1.5,2.5],"texture":"#0"},"south":{"uv":[4.5,2.25,4.75,2.5],"texture":"#0"},"west":{"uv":[1.25,2.25,1.5,2.5],"texture":"#0"},"up":{"uv":[1.25,2.25,1.5,2.5],"texture":"#0"},"down":{"uv":[1.25,2.25,1.5,2.5],"texture":"#0"}}},{"from":[9.5,9,0],"to":[10.5,10,1],"faces":{"north":{"uv":[1,2.25,1.25,2.5],"texture":"#0"},"east":{"uv":[1,2.25,1.25,2.5],"texture":"#0"},"south":{"uv":[4.25,2.25,4.5,2.5],"texture":"#0"},"west":{"uv":[1,2.25,1.25,2.5],"texture":"#0"},"up":{"uv":[1,2.25,1.25,2.5],"texture":"#0"},"down":{"uv":[1,2.25,1.25,2.5],"texture":"#0"}}},{"from":[10.5,9,0],"to":[11.5,10,1],"faces":{"north":{"uv":[0.75,2.25,1,2.5],"texture":"#0"},"east":{"uv":[0.75,2.25,1,2.5],"texture":"#0"},"south":{"uv":[4,2.25,4.25,2.5],"texture":"#0"},"west":{"uv":[0.75,2.25,1,2.5],"texture":"#0"},"up":{"uv":[0.75,2.25,1,2.5],"texture":"#0"},"down":{"uv":[0.75,2.25,1,2.5],"texture":"#0"}}},{"from":[11.5,9,-0.3],"to":[12.5,10,1],"faces":{"north":{"uv":[0.5,2.25,0.75,2.5],"texture":"#0"},"east":{"uv":[0.5,2.25,0.75,2.5],"texture":"#0"},"south":{"uv":[3.75,2.25,4,2.5],"texture":"#0"},"west":{"uv":[0.5,2.25,0.75,2.5],"texture":"#0"},"up":{"uv":[0.5,2.25,0.75,2.5],"texture":"#0"},"down":{"uv":[0.5,2.25,0.75,2.5],"texture":"#0"}}},{"from":[12.5,9,-0.3],"to":[13.5,10,1],"faces":{"north":{"uv":[0.25,2.25,0.5,2.5],"texture":"#0"},"east":{"uv":[0.25,2.25,0.5,2.5],"texture":"#0"},"south":{"uv":[3.5,2.25,3.75,2.5],"texture":"#0"},"west":{"uv":[0.25,2.25,0.5,2.5],"texture":"#0"},"up":{"uv":[0.25,2.25,0.5,2.5],"texture":"#0"},"down":{"uv":[0.25,2.25,0.5,2.5],"texture":"#0"}}},{"from":[8.5,10,0],"to":[9.5,11,1],"faces":{"north":{"uv":[1.25,2,1.5,2.25],"texture":"#0"},"east":{"uv":[1.25,2,1.5,2.25],"texture":"#0"},"south":{"uv":[4.5,2,4.75,2.25],"texture":"#0"},"west":{"uv":[1.25,2,1.5,2.25],"texture":"#0"},"up":{"uv":[1.25,2,1.5,2.25],"texture":"#0"},"down":{"uv":[1.25,2,1.5,2.25],"texture":"#0"}}},{"from":[9.5,10,0],"to":[10.5,11,1],"faces":{"north":{"uv":[1,2,1.25,2.25],"texture":"#0"},"east":{"uv":[1,2,1.25,2.25],"texture":"#0"},"south":{"uv":[4.25,2,4.5,2.25],"texture":"#0"},"west":{"uv":[1,2,1.25,2.25],"texture":"#0"},"up":{"uv":[1,2,1.25,2.25],"texture":"#0"},"down":{"uv":[1,2,1.25,2.25],"texture":"#0"}}},{"from":[10.5,10,0],"to":[11.5,11,1],"faces":{"north":{"uv":[0.75,2,1,2.25],"texture":"#0"},"east":{"uv":[0.75,2,1,2.25],"texture":"#0"},"south":{"uv":[4,2,4.25,2.25],"texture":"#0"},"west":{"uv":[0.75,2,1,2.25],"texture":"#0"},"up":{"uv":[0.75,2,1,2.25],"texture":"#0"},"down":{"uv":[0.75,2,1,2.25],"texture":"#0"}}},{"from":[11.5,10,0],"to":[12.5,11,1],"faces":{"north":{"uv":[0.5,2,0.75,2.25],"texture":"#0"},"east":{"uv":[0.5,2,0.75,2.25],"texture":"#0"},"south":{"uv":[3.75,2,4,2.25],"texture":"#0"},"west":{"uv":[0.5,2,0.75,2.25],"texture":"#0"},"up":{"uv":[0.5,2,0.75,2.25],"texture":"#0"},"down":{"uv":[0.5,2,0.75,2.25],"texture":"#0"}}},{"from":[12.5,10,-0.3],"to":[13.5,11,1],"faces":{"north":{"uv":[0.25,2,0.5,2.25],"texture":"#0"},"east":{"uv":[0.25,2,0.5,2.25],"texture":"#0"},"south":{"uv":[3.5,2,3.75,2.25],"texture":"#0"},"west":{"uv":[0.25,2,0.5,2.25],"texture":"#0"},"up":{"uv":[0.25,2,0.5,2.25],"texture":"#0"},"down":{"uv":[0.25,2,0.5,2.25],"texture":"#0"}}},{"from":[11.5,11,0],"to":[12.5,12,1],"faces":{"north":{"uv":[0.5,1.75,0.75,2],"texture":"#0"},"east":{"uv":[0.5,1.75,0.75,2],"texture":"#0"},"south":{"uv":[3.75,1.75,4,2],"texture":"#0"},"west":{"uv":[0.5,1.75,0.75,2],"texture":"#0"},"up":{"uv":[0.5,1.75,0.75,2],"texture":"#0"},"down":{"uv":[0.5,1.75,0.75,2],"texture":"#0"}}},{"from":[12.5,11,-0.3],"to":[13.5,12,1],"faces":{"north":{"uv":[0.25,1.75,0.5,2],"texture":"#0"},"east":{"uv":[0.25,1.75,0.5,2],"texture":"#0"},"south":{"uv":[3.5,1.75,3.75,2],"texture":"#0"},"west":{"uv":[0.25,1.75,0.5,2],"texture":"#0"},"up":{"uv":[0.25,1.75,0.5,2],"texture":"#0"},"down":{"uv":[0.25,1.75,0.5,2],"texture":"#0"}}},{"from":[11.5,12,-0.3],"to":[12.5,13,1],"faces":{"north":{"uv":[0.5,1.5,0.75,1.75],"texture":"#0"},"east":{"uv":[0.5,1.5,0.75,1.75],"texture":"#0"},"south":{"uv":[3.75,1.5,4,1.75],"texture":"#0"},"west":{"uv":[0.5,1.5,0.75,1.75],"texture":"#0"},"up":{"uv":[0.5,1.5,0.75,1.75],"texture":"#0"},"down":{"uv":[0.5,1.5,0.75,1.75],"texture":"#0"}}},{"from":[12.5,12,-0.3],"to":[13.5,13,1],"faces":{"north":{"uv":[0.25,1.5,0.5,1.75],"texture":"#0"},"east":{"uv":[0.25,1.5,0.5,1.75],"texture":"#0"},"south":{"uv":[3.5,1.5,3.75,1.75],"texture":"#0"},"west":{"uv":[0.25,1.5,0.5,1.75],"texture":"#0"},"up":{"uv":[0.25,1.5,0.5,1.75],"texture":"#0"},"down":{"uv":[0.25,1.5,0.5,1.75],"texture":"#0"}}},{"from":[12.5,13,-0.3],"to":[13.5,14,1],"faces":{"north":{"uv":[0.25,1.25,0.5,1.5],"texture":"#0"},"east":{"uv":[0.25,1.25,0.5,1.5],"texture":"#0"},"south":{"uv":[3.5,1.25,3.75,1.5],"texture":"#0"},"west":{"uv":[0.25,1.25,0.5,1.5],"texture":"#0"},"up":{"uv":[0.25,1.25,0.5,1.5],"texture":"#0"},"down":{"uv":[0.25,1.25,0.5,1.5],"texture":"#0"}}},{"from":[8.5,11,0],"to":[9.5,12,1],"faces":{"north":{"uv":[1.25,1.75,1.5,2],"texture":"#0"},"east":{"uv":[1.25,1.75,1.5,2],"texture":"#0"},"south":{"uv":[4.5,1.75,4.75,2],"texture":"#0"},"west":{"uv":[1.25,1.75,1.5,2],"texture":"#0"},"up":{"uv":[1.25,1.75,1.5,2],"texture":"#0"},"down":{"uv":[1.25,1.75,1.5,2],"texture":"#0"}}},{"from":[9.5,11,0],"to":[10.5,12,1],"faces":{"north":{"uv":[1,1.75,1.25,2],"texture":"#0"},"east":{"uv":[1,1.75,1.25,2],"texture":"#0"},"south":{"uv":[4.25,1.75,4.5,2],"texture":"#0"},"west":{"uv":[1,1.75,1.25,2],"texture":"#0"},"up":{"uv":[1,1.75,1.25,2],"texture":"#0"},"down":{"uv":[1,1.75,1.25,2],"texture":"#0"}}},{"from":[9.5,12,-0.3],"to":[10.5,13,1],"faces":{"north":{"uv":[1,1.5,1.25,1.75],"texture":"#0"},"east":{"uv":[1,1.5,1.25,1.75],"texture":"#0"},"south":{"uv":[4.25,1.5,4.5,1.75],"texture":"#0"},"west":{"uv":[1,1.5,1.25,1.75],"texture":"#0"},"up":{"uv":[1,1.5,1.25,1.75],"texture":"#0"},"down":{"uv":[1,1.5,1.25,1.75],"texture":"#0"}}},{"from":[10.5,11,-0.3],"to":[11.5,12,1],"faces":{"north":{"uv":[0.75,1.75,1,2],"texture":"#0"},"east":{"uv":[0.75,1.75,1,2],"texture":"#0"},"south":{"uv":[4,1.75,4.25,2],"texture":"#0"},"west":{"uv":[0.75,1.75,1,2],"texture":"#0"},"up":{"uv":[0.75,1.75,1,2],"texture":"#0"},"down":{"uv":[0.75,1.75,1,2],"texture":"#0"}}},{"from":[8.5,12,-0.3],"to":[9.5,13,1],"faces":{"north":{"uv":[1.25,1.5,1.5,1.75],"texture":"#0"},"east":{"uv":[1.25,1.5,1.5,1.75],"texture":"#0"},"south":{"uv":[4.5,1.5,4.75,1.75],"texture":"#0"},"west":{"uv":[1.25,1.5,1.5,1.75],"texture":"#0"},"up":{"uv":[1.25,1.5,1.5,1.75],"texture":"#0"},"down":{"uv":[1.25,1.5,1.5,1.75],"texture":"#0"}}},{"from":[8.5,13,-0.3],"to":[9.5,14,1],"faces":{"north":{"uv":[1.25,1.25,1.5,1.5],"texture":"#0"},"east":{"uv":[1.25,1.25,1.5,1.5],"texture":"#0"},"south":{"uv":[4.5,1.25,4.75,1.5],"texture":"#0"},"west":{"uv":[1.25,1.25,1.5,1.5],"texture":"#0"},"up":{"uv":[1.25,1.25,1.5,1.5],"texture":"#0"},"down":{"uv":[1.25,1.25,1.5,1.5],"texture":"#0"}}}],"gui_light":"front"}