{"display":{"thirdperson_righthand":{"rotation":[40,0,0],"translation":[0.5,1.75,-0.75],"scale":[0.4,0.4,0.4]},"thirdperson_lefthand":{"rotation":[50,1,0],"translation":[-0.5,1.75,0],"scale":[0.4,0.4,0.4]},"firstperson_righthand":{"translation":[0,3,0.5],"scale":[0.4,0.4,0.4]},"firstperson_lefthand":{"translation":[1,3,0],"scale":[0.4,0.4,0.4]},"ground":{"translation":[0,0,-0.75],"scale":[0.4,0.4,0.4]},"gui":{"rotation":[8,-148,0],"translation":[-0.5,0.75,0]},"head":{"translation":[2.5,1.2,-3],"scale":[1.67,1.5,1.56]},"fixed":{"translation":[1.5,1.5,-2.75]}},"texture_size":[32,32],"textures":{"0":"item/flint/4"},"elements":[{"from":[2,7,5],"to":[11,11,6],"faces":{"north":{"uv":[5.5,6,10.5,8],"texture":"#0"},"east":{"uv":[5.5,6,6,8],"texture":"#0"},"south":{"uv":[5.5,6,10.5,8],"texture":"#0"},"west":{"uv":[10,6,10.5,8],"texture":"#0"},"up":{"uv":[10,6,10.5,6.5],"texture":"#0"},"down":{"uv":[0,0,1,1],"texture":"#missing"}}},{"from":[10,3,5],"to":[11,4,6],"faces":{"north":{"uv":[5.5,9.5,6,10],"texture":"#0"},"east":{"uv":[5.5,9.5,6,10],"texture":"#0"},"south":{"uv":[5.5,9.5,6,10],"texture":"#0"},"west":{"uv":[5.5,9.5,6,10],"texture":"#0"},"up":{"uv":[5.5,9.5,6,10],"texture":"#0"},"down":{"uv":[5.5,9.5,6,10],"texture":"#0"}}},{"from":[10,0,5],"to":[11,3,6],"faces":{"north":{"uv":[5.5,10,6,11.5],"texture":"#0"},"east":{"uv":[5.5,10,6,11.5],"texture":"#0"},"south":{"uv":[5.5,10,6,11.5],"texture":"#0"},"west":{"uv":[5.5,10,6,11.5],"texture":"#0"},"up":{"uv":[5.5,10,6,11.5],"texture":"#0"},"down":{"uv":[5.5,10,6,11.5],"texture":"#0"}}},{"from":[2,0,5],"to":[3,3,6],"faces":{"north":{"uv":[5.5,10,6,11.5],"texture":"#0"},"east":{"uv":[5.5,10,6,11.5],"texture":"#0"},"south":{"uv":[5.5,10,6,11.5],"texture":"#0"},"west":{"uv":[5.5,10,6,11.5],"texture":"#0"},"up":{"uv":[5.5,10,6,11.5],"texture":"#0"},"down":{"uv":[5.5,10,6,11.5],"texture":"#0"}}},{"from":[2,3,5],"to":[3,4,6],"faces":{"north":{"uv":[10,9.5,10.5,10],"texture":"#0"},"east":{"uv":[10,9.5,10.5,10],"texture":"#0"},"south":{"uv":[10,9.5,10.5,10],"texture":"#0"},"west":{"uv":[10,9.5,10.5,10],"texture":"#0"},"up":{"uv":[10,9.5,10.5,10],"texture":"#0"},"down":{"uv":[10,9.5,10.5,10],"texture":"#0"}}},{"from":[3,3,5],"to":[4,4,6],"faces":{"north":{"uv":[9.5,9.5,10,10],"texture":"#0"},"east":{"uv":[9.5,9.5,10,10],"texture":"#0"},"south":{"uv":[9.5,9.5,10,10],"texture":"#0"},"west":{"uv":[9.5,9.5,10,10],"texture":"#0"},"up":{"uv":[9.5,9.5,10,10],"texture":"#0"},"down":{"uv":[9.5,9.5,10,10],"texture":"#0"}}},{"from":[3,11,5],"to":[10,12,6],"faces":{"north":{"uv":[6,5.5,10,6],"texture":"#0"},"east":{"uv":[6,5.5,6.5,6],"texture":"#0"},"south":{"uv":[6,5.5,10,6],"texture":"#0"},"west":{"uv":[9.5,5.5,10,6],"texture":"#0"},"up":{"uv":[6,5.5,10,6],"texture":"#0"},"down":{"uv":[0,0,1,1],"texture":"#missing"}}},{"from":[9,3,5],"to":[10,4,6],"faces":{"north":{"uv":[6,9.5,6.5,10],"texture":"#0"},"east":{"uv":[6,9.5,6.5,10],"texture":"#0"},"south":{"uv":[6,9.5,6.5,10],"texture":"#0"},"west":{"uv":[6,9.5,6.5,10],"texture":"#0"},"up":{"uv":[6,9.5,6.5,10],"texture":"#0"},"down":{"uv":[6,9.5,6.5,10],"texture":"#0"}}},{"from":[10,4,5],"to":[11,5,6],"faces":{"north":{"uv":[5.5,9,6,9.5],"texture":"#0"},"east":{"uv":[5.5,9,6,9.5],"texture":"#0"},"south":{"uv":[5.5,9,10.5,9.5],"texture":"#0"},"west":{"uv":[10,9,10.5,9.5],"texture":"#0"},"up":{"uv":[0,0,8,1],"texture":"#missing"},"down":{"uv":[5.5,9,10.5,9.5],"texture":"#0"}}},{"from":[2,4,5],"to":[3,5,6],"faces":{"north":{"uv":[5.5,9,6,9.5],"texture":"#0"},"east":{"uv":[5.5,9,6,9.5],"texture":"#0"},"south":{"uv":[5.5,9,10.5,9.5],"texture":"#0"},"west":{"uv":[10,9,10.5,9.5],"texture":"#0"},"up":{"uv":[0,0,8,1],"texture":"#missing"},"down":{"uv":[5.5,9,10.5,9.5],"texture":"#0"}}},{"from":[7.5,4,4.5],"to":[10,5,5.5],"faces":{"north":{"uv":[6,9,7.5,9.5],"texture":"#0"},"east":{"uv":[6,9,7.5,9.5],"texture":"#0"},"south":{"uv":[6,9,7.5,9.5],"texture":"#0"},"west":{"uv":[6,9,7.5,9.5],"texture":"#0"},"up":{"uv":[6,9,7.5,9.5],"texture":"#0"},"down":{"uv":[6,9,7.5,9.5],"texture":"#0"}}},{"from":[7.5,4,5.5],"to":[10,5,6.5],"faces":{"north":{"uv":[6,9,7.5,9.5],"texture":"#0"},"east":{"uv":[6,9,7.5,9.5],"texture":"#0"},"south":{"uv":[6,9,7.5,9.5],"texture":"#0"},"west":{"uv":[6,9,7.5,9.5],"texture":"#0"},"up":{"uv":[6,9,7.5,9.5],"texture":"#0"},"down":{"uv":[6,9,7.5,9.5],"texture":"#0"}}},{"from":[5.5,4,4.3],"to":[7.5,5,5.3],"faces":{"north":{"uv":[7.5,9,8.5,9.5],"texture":"#0"},"east":{"uv":[7.5,9,8.5,9.5],"texture":"#0"},"south":{"uv":[7.5,9,8.5,9.5],"texture":"#0"},"west":{"uv":[7.5,9,8.5,9.5],"texture":"#0"},"up":{"uv":[7.5,9,8.5,9.5],"texture":"#0"},"down":{"uv":[7.5,9,8.5,9.5],"texture":"#0"}}},{"from":[5.5,4,5],"to":[7.5,5,6],"faces":{"north":{"uv":[5.5,9,6,9.5],"texture":"#0"},"east":{"uv":[5.5,9,6,9.5],"texture":"#0"},"south":{"uv":[5.5,9,6,9.5],"texture":"#0"},"west":{"uv":[5.5,9,6,9.5],"texture":"#0"},"up":{"uv":[5.5,9,6,9.5],"texture":"#0"},"down":{"uv":[5.5,9,6,9.5],"texture":"#0"}}},{"from":[5.5,4,6],"to":[7.5,5,7],"faces":{"north":{"uv":[5.5,9,6,9.5],"texture":"#0"},"east":{"uv":[5.5,9,6,9.5],"texture":"#0"},"south":{"uv":[5.5,9,6,9.5],"texture":"#0"},"west":{"uv":[5.5,9,6,9.5],"texture":"#0"},"up":{"uv":[5.5,9,6,9.5],"texture":"#0"},"down":{"uv":[5.5,9,6,9.5],"texture":"#0"}}},{"from":[3,4,4.5],"to":[5.5,5,5.5],"faces":{"north":{"uv":[6,9,7.5,9.5],"texture":"#0"},"east":{"uv":[6,9,7.5,9.5],"texture":"#0"},"south":{"uv":[6,9,7.5,9.5],"texture":"#0"},"west":{"uv":[6,9,7.5,9.5],"texture":"#0"},"up":{"uv":[6,9,7.5,9.5],"texture":"#0"},"down":{"uv":[6,9,7.5,9.5],"texture":"#0"}}},{"from":[3,4,5.5],"to":[5.5,5,6.5],"faces":{"north":{"uv":[6,9,7.5,9.5],"texture":"#0"},"east":{"uv":[6,9,7.5,9.5],"texture":"#0"},"south":{"uv":[6,9,7.5,9.5],"texture":"#0"},"west":{"uv":[6,9,7.5,9.5],"texture":"#0"},"up":{"uv":[6,9,7.5,9.5],"texture":"#0"},"down":{"uv":[6,9,7.5,9.5],"texture":"#0"}}},{"from":[2,6,4.5],"to":[11,7,6],"faces":{"north":{"uv":[5.5,8,10.5,8.5],"texture":"#0"},"east":{"uv":[5.5,9,6,9.5],"texture":"#0"},"south":{"uv":[5.5,9,10.5,9.5],"texture":"#0"},"west":{"uv":[10,9,10.5,9.5],"texture":"#0"},"up":{"uv":[5.5,8,10.5,8.5],"texture":"#0"},"down":{"uv":[5.5,9,10.5,9.5],"texture":"#0"}}},{"from":[10,5,4.5],"to":[11,6,6],"faces":{"north":{"uv":[5.5,8.5,6,9],"texture":"#0"},"east":{"uv":[5.5,9,6,9.5],"texture":"#0"},"south":{"uv":[5.5,9,10.5,9.5],"texture":"#0"},"west":{"uv":[10,9,10.5,9.5],"texture":"#0"},"up":{"uv":[0,0,8,1],"texture":"#missing"},"down":{"uv":[5.5,9,10.5,9.5],"texture":"#0"}}},{"from":[2,5,4.5],"to":[3,6,6],"faces":{"north":{"uv":[5.5,8.5,6,9],"texture":"#0"},"east":{"uv":[5.5,9,6,9.5],"texture":"#0"},"south":{"uv":[5.5,9,10.5,9.5],"texture":"#0"},"west":{"uv":[10,9,10.5,9.5],"texture":"#0"},"up":{"uv":[0,0,8,1],"texture":"#missing"},"down":{"uv":[5.5,9,10.5,9.5],"texture":"#0"}}},{"from":[3,5,5],"to":[10,6,6],"faces":{"north":{"uv":[6,8.5,10,9],"texture":"#0"},"east":{"uv":[5.5,9,6,9.5],"texture":"#0"},"south":{"uv":[6,8.5,10,9],"texture":"#0"},"west":{"uv":[10,9,10.5,9.5],"texture":"#0"},"up":{"uv":[0,0,8,1],"texture":"#missing"},"down":{"uv":[5.5,9,10.5,9.5],"texture":"#0"}}},{"from":[5.5,-0.3,3.6],"to":[7.5,4.2,5.9],"rotation":{"angle":0,"axis":"y","origin":[-15,7,10]},"faces":{"north":{"uv":[12,8.5,13,10],"texture":"#0"},"east":{"uv":[12,8.5,13,10],"texture":"#0"},"south":{"uv":[12,8.5,13,10],"texture":"#0"},"west":{"uv":[12,8.5,13,10],"texture":"#0"},"up":{"uv":[12,9,13,10],"texture":"#0"},"down":{"uv":[12,9,13,10],"texture":"#0"}}},{"from":[2,4,14],"to":[11,11,15],"faces":{"north":{"uv":[11,6,16,9.5],"texture":"#0"},"east":{"uv":[7.5,0,8,3.5],"texture":"#0"},"south":{"uv":[11,6,16,9.5],"texture":"#0"},"west":{"uv":[8,0,8.5,3.5],"texture":"#0"},"up":{"uv":[11,6,16,6.5],"texture":"#0"},"down":{"uv":[11,9,16,9.5],"texture":"#0"}}},{"from":[2.9,3,14],"to":[3.8,4,15],"faces":{"north":{"uv":[11.5,9.5,12,10],"texture":"#0"},"east":{"uv":[11.5,9.5,12,10],"texture":"#0"},"south":{"uv":[11.5,9.5,12,10],"texture":"#0"},"west":{"uv":[11.5,9.5,12,10],"texture":"#0"},"up":{"uv":[11.5,9.5,12,10],"texture":"#0"},"down":{"uv":[11.5,9.5,12,10],"texture":"#0"}}},{"from":[3.8,3,14],"to":[4.7,4,15],"faces":{"north":{"uv":[12,9.5,12.5,10],"texture":"#0"},"east":{"uv":[12,9.5,12.5,10],"texture":"#0"},"south":{"uv":[12,9.5,12.5,10],"texture":"#0"},"west":{"uv":[12,9.5,12.5,10],"texture":"#0"},"up":{"uv":[12,9.5,12.5,10],"texture":"#0"},"down":{"uv":[12,9.5,12.5,10],"texture":"#0"}}},{"from":[3.8,2,14],"to":[4.7,3,15],"faces":{"north":{"uv":[12,10,12.5,10.5],"texture":"#0"},"east":{"uv":[12,10,12.5,10.5],"texture":"#0"},"south":{"uv":[12,10,12.5,10.5],"texture":"#0"},"west":{"uv":[12,10,12.5,10.5],"texture":"#0"},"up":{"uv":[12,10,12.5,10.5],"texture":"#0"},"down":{"uv":[12,10,12.5,10.5],"texture":"#0"}}},{"from":[4.7,3,14],"to":[5.6,4,15],"faces":{"north":{"uv":[12.5,9.5,13,10],"texture":"#0"},"east":{"uv":[12.5,9.5,13,10],"texture":"#0"},"south":{"uv":[12.5,9.5,13,10],"texture":"#0"},"west":{"uv":[12.5,9.5,13,10],"texture":"#0"},"up":{"uv":[12.5,9.5,13,10],"texture":"#0"},"down":{"uv":[12.5,9.5,13,10],"texture":"#0"}}},{"from":[4.7,2,14],"to":[5.6,3,15],"faces":{"north":{"uv":[12.5,10,13,10.5],"texture":"#0"},"east":{"uv":[12.5,10,13,10.5],"texture":"#0"},"south":{"uv":[12.5,10,13,10.5],"texture":"#0"},"west":{"uv":[12.5,10,13,10.5],"texture":"#0"},"up":{"uv":[12.5,10,13,10.5],"texture":"#0"},"down":{"uv":[12.5,10,13,10.5],"texture":"#0"}}},{"from":[5.6,3,14],"to":[6.5,4,15],"faces":{"north":{"uv":[13,9.5,13.5,10],"texture":"#0"},"east":{"uv":[13,9.5,13.5,10],"texture":"#0"},"south":{"uv":[13,9.5,13.5,10],"texture":"#0"},"west":{"uv":[13,9.5,13.5,10],"texture":"#0"},"up":{"uv":[13,9.5,13.5,10],"texture":"#0"},"down":{"uv":[13,9.5,13.5,10],"texture":"#0"}}},{"from":[5.6,2,14],"to":[6.5,3,15],"faces":{"north":{"uv":[13,10,13.5,10.5],"texture":"#0"},"east":{"uv":[13,10,13.5,10.5],"texture":"#0"},"south":{"uv":[13,10,13.5,10.5],"texture":"#0"},"west":{"uv":[13,10,13.5,10.5],"texture":"#0"},"up":{"uv":[13,10,13.5,10.5],"texture":"#0"},"down":{"uv":[13,10,13.5,10.5],"texture":"#0"}}},{"from":[5.6,1,14],"to":[6.5,2,15],"faces":{"north":{"uv":[13,10.5,13.5,11],"texture":"#0"},"east":{"uv":[13,10.5,13.5,11],"texture":"#0"},"south":{"uv":[13,10.5,13.5,11],"texture":"#0"},"west":{"uv":[13,10.5,13.5,11],"texture":"#0"},"up":{"uv":[13,10.5,13.5,11],"texture":"#0"},"down":{"uv":[13,10.5,13.5,11],"texture":"#0"}}},{"from":[6.5,3,14],"to":[7.4,4,15],"faces":{"north":{"uv":[13.5,9.5,14,10],"texture":"#0"},"east":{"uv":[13.5,9.5,14,10],"texture":"#0"},"south":{"uv":[13.5,9.5,14,10],"texture":"#0"},"west":{"uv":[13.5,9.5,14,10],"texture":"#0"},"up":{"uv":[13.5,9.5,14,10],"texture":"#0"},"down":{"uv":[13.5,9.5,14,10],"texture":"#0"}}},{"from":[6.5,2,14],"to":[7.4,3,15],"faces":{"north":{"uv":[13.5,10,14,10.5],"texture":"#0"},"east":{"uv":[13.5,10,14,10.5],"texture":"#0"},"south":{"uv":[13.5,10,14,10.5],"texture":"#0"},"west":{"uv":[13.5,10,14,10.5],"texture":"#0"},"up":{"uv":[13.5,10,14,10.5],"texture":"#0"},"down":{"uv":[13.5,10,14,10.5],"texture":"#0"}}},{"from":[6.5,1,14],"to":[7.4,2,15],"faces":{"north":{"uv":[13.5,10.5,14,11],"texture":"#0"},"east":{"uv":[13.5,10.5,14,11],"texture":"#0"},"south":{"uv":[13.5,10.5,14,11],"texture":"#0"},"west":{"uv":[13.5,10.5,14,11],"texture":"#0"},"up":{"uv":[13.5,10.5,14,11],"texture":"#0"},"down":{"uv":[13.5,10.5,14,11],"texture":"#0"}}},{"from":[7.4,3,14],"to":[8.3,4,15],"faces":{"north":{"uv":[14,9.5,14.5,10],"texture":"#0"},"east":{"uv":[14,9.5,14.5,10],"texture":"#0"},"south":{"uv":[14,9.5,14.5,10],"texture":"#0"},"west":{"uv":[14,9.5,14.5,10],"texture":"#0"},"up":{"uv":[14,9.5,14.5,10],"texture":"#0"},"down":{"uv":[14,9.5,14.5,10],"texture":"#0"}}},{"from":[7.4,2,14],"to":[8.3,3,15],"faces":{"north":{"uv":[14,10,14.5,10.5],"texture":"#0"},"east":{"uv":[14,10,14.5,10.5],"texture":"#0"},"south":{"uv":[14,10,14.5,10.5],"texture":"#0"},"west":{"uv":[14,10,14.5,10.5],"texture":"#0"},"up":{"uv":[14,10,14.5,10.5],"texture":"#0"},"down":{"uv":[14,10,14.5,10.5],"texture":"#0"}}},{"from":[8.3,3,14],"to":[9.2,4,15],"faces":{"north":{"uv":[14.5,9.5,15,10],"texture":"#0"},"east":{"uv":[14.5,9.5,15,10],"texture":"#0"},"south":{"uv":[14.5,9.5,15,10],"texture":"#0"},"west":{"uv":[14.5,9.5,15,10],"texture":"#0"},"up":{"uv":[14.5,9.5,15,10],"texture":"#0"},"down":{"uv":[14.5,9.5,15,10],"texture":"#0"}}},{"from":[8.3,2,14],"to":[9.2,3,15],"faces":{"north":{"uv":[14.5,10,15,10.5],"texture":"#0"},"east":{"uv":[14.5,10,15,10.5],"texture":"#0"},"south":{"uv":[14.5,10,15,10.5],"texture":"#0"},"west":{"uv":[14.5,10,15,10.5],"texture":"#0"},"up":{"uv":[14.5,10,15,10.5],"texture":"#0"},"down":{"uv":[14.5,10,15,10.5],"texture":"#0"}}},{"from":[9.2,3,14],"to":[10.1,4,15],"faces":{"north":{"uv":[15,9.5,15.5,10],"texture":"#0"},"east":{"uv":[15,9.5,15.5,10],"texture":"#0"},"south":{"uv":[15,9.5,15.5,10],"texture":"#0"},"west":{"uv":[15,9.5,15.5,10],"texture":"#0"},"up":{"uv":[15,9.5,15.5,10],"texture":"#0"},"down":{"uv":[15,9.5,15.5,10],"texture":"#0"}}},{"from":[3,11,14],"to":[10,12,15],"faces":{"north":{"uv":[11.5,5.5,15.5,6],"texture":"#0"},"east":{"uv":[11.5,5.5,12,6],"texture":"#0"},"south":{"uv":[11.5,5.5,15.5,6],"texture":"#0"},"west":{"uv":[11.5,5.5,12,6],"texture":"#0"},"up":{"uv":[11.5,5.5,15.5,6],"texture":"#0"},"down":{"uv":[11.5,5.5,15.5,6],"texture":"#0"}}},{"from":[2,11,6],"to":[11,12,14],"faces":{"north":{"uv":[5.5,4,10.5,4.5],"texture":"#0"},"east":{"uv":[5.5,4,9,4.5],"texture":"#0"},"south":{"uv":[5.5,4,10.5,4.5],"texture":"#0"},"west":{"uv":[5.5,0.5,9,1],"texture":"#0"},"up":{"uv":[5.5,0.5,10.5,4],"texture":"#0"},"down":{"uv":[5.5,0.5,10.5,4.5],"texture":"#0"}}},{"from":[6,9,4.5],"to":[7,16,5.5],"faces":{"north":{"uv":[0,12.5,0.5,16],"texture":"#0"},"east":{"uv":[0,13,0.5,16],"texture":"#0"},"south":{"uv":[0,12.5,0.5,16],"texture":"#0"},"west":{"uv":[0,12.5,0.5,16],"texture":"#0"},"up":{"uv":[0,12.5,0.5,13],"texture":"#0"},"down":{"uv":[0,12.5,0.5,16],"texture":"#0"}}},{"from":[6,9,5.5],"to":[7,16,6.5],"faces":{"north":{"uv":[0.5,12,1,16],"texture":"#0"},"east":{"uv":[0.5,13,1,16],"texture":"#0"},"south":{"uv":[0.5,12,1,16],"texture":"#0"},"west":{"uv":[0.5,12,1,16],"texture":"#0"},"up":{"uv":[0.5,12,1,12.5],"texture":"#0"},"down":{"uv":[0.5,12,1,16],"texture":"#0"}}},{"from":[6,9,6.5],"to":[7,16,7.5],"faces":{"north":{"uv":[1,12.5,1.5,16],"texture":"#0"},"east":{"uv":[1,13,1.5,16],"texture":"#0"},"south":{"uv":[1,12.5,1.5,16],"texture":"#0"},"west":{"uv":[1,12.5,1.5,16],"texture":"#0"},"up":{"uv":[1,12.5,1.5,13],"texture":"#0"},"down":{"uv":[1,12.5,1.5,16],"texture":"#0"}}},{"from":[6,9,9.5],"to":[7,15,10.5],"faces":{"north":{"uv":[2.5,13.5,3,16],"texture":"#0"},"east":{"uv":[2.5,13.5,3,16],"texture":"#0"},"south":{"uv":[2.5,13.5,3,16],"texture":"#0"},"west":{"uv":[2.5,13.5,3,16],"texture":"#0"},"up":{"uv":[2.5,13.5,3,14],"texture":"#0"},"down":{"uv":[2.5,13.5,3,16],"texture":"#0"}}},{"from":[6,9,8.5],"to":[7,15,9.5],"faces":{"north":{"uv":[2.5,13.5,3,16],"texture":"#0"},"east":{"uv":[2.5,13.5,3,16],"texture":"#0"},"south":{"uv":[2.5,13.5,3,16],"texture":"#0"},"west":{"uv":[2.5,13.5,3,16],"texture":"#0"},"up":{"uv":[2.5,13.5,3,14],"texture":"#0"},"down":{"uv":[2.5,13.5,3,16],"texture":"#0"}}},{"from":[6,9,7.5],"to":[7,15,8.5],"faces":{"north":{"uv":[2.5,13.5,3,16],"texture":"#0"},"east":{"uv":[2.5,13.5,3,16],"texture":"#0"},"south":{"uv":[2.5,13.5,3,16],"texture":"#0"},"west":{"uv":[2.5,13.5,3,16],"texture":"#0"},"up":{"uv":[2.5,13.5,3,14],"texture":"#0"},"down":{"uv":[2.5,13.5,3,16],"texture":"#0"}}},{"from":[6,9,10.5],"to":[7,15,11.5],"faces":{"north":{"uv":[3,13.5,3.5,16],"texture":"#0"},"east":{"uv":[3,13.5,3.5,16],"texture":"#0"},"south":{"uv":[3,13.5,3.5,16],"texture":"#0"},"west":{"uv":[3,13.5,3.5,16],"texture":"#0"},"up":{"uv":[3,13.5,3.5,14],"texture":"#0"},"down":{"uv":[3,13.5,3.5,16],"texture":"#0"}}},{"from":[6,9,11.5],"to":[7,15,12.5],"faces":{"north":{"uv":[3.5,13.5,4,16],"texture":"#0"},"east":{"uv":[3.5,13.5,4,16],"texture":"#0"},"south":{"uv":[3.5,13.5,4,16],"texture":"#0"},"west":{"uv":[3.5,13.5,4,16],"texture":"#0"},"up":{"uv":[3.5,13.5,4,14],"texture":"#0"},"down":{"uv":[3.5,13.5,4,16],"texture":"#0"}}},{"from":[6,9,12.5],"to":[7,14,13.5],"faces":{"north":{"uv":[4,14,4.5,16],"texture":"#0"},"east":{"uv":[4,14,4.5,16],"texture":"#0"},"south":{"uv":[4,14,4.5,16],"texture":"#0"},"west":{"uv":[4,14,4.5,16],"texture":"#0"},"up":{"uv":[4,14,4.5,14.5],"texture":"#0"},"down":{"uv":[4,14,4.5,16],"texture":"#0"}}},{"from":[6,9,13.5],"to":[7,14,14.5],"faces":{"north":{"uv":[4.5,14,5,16],"texture":"#0"},"east":{"uv":[4.5,14,5,16],"texture":"#0"},"south":{"uv":[4.5,14,5,16],"texture":"#0"},"west":{"uv":[4.5,14,5,16],"texture":"#0"},"up":{"uv":[4.5,14,5,14.5],"texture":"#0"},"down":{"uv":[4.5,14,5,16],"texture":"#0"}}},{"from":[5,11,5.5],"to":[7,12.5,14.5],"faces":{"north":{"uv":[4.5,9.5,5,10],"texture":"#0"},"east":{"uv":[4.5,5.5,5,10],"texture":"#0"},"south":{"uv":[4.5,9.5,5,10],"texture":"#0"},"west":{"uv":[4.5,9.5,5,10],"texture":"#0"},"up":{"uv":[2.5,5.5,3,9.5],"texture":"#0"},"down":{"uv":[4.5,5.5,5,10],"texture":"#0"}}},{"from":[7,11,5.5],"to":[8,12.5,14.5],"faces":{"north":{"uv":[4.5,9.5,5,10],"texture":"#0"},"east":{"uv":[2.5,5.5,3,6],"texture":"#0"},"south":{"uv":[4.5,9.5,5,10],"texture":"#0"},"west":{"uv":[4.5,9.5,5,10],"texture":"#0"},"up":{"uv":[2.5,5.5,3,9.5],"texture":"#0"},"down":{"uv":[4.5,5.5,5,10],"texture":"#0"}}},{"from":[10,2,6],"to":[11,11,7],"faces":{"north":{"uv":[0,5.5,0.5,10.5],"texture":"#0"},"east":{"uv":[0,5.5,0.5,10],"texture":"#0"},"south":{"uv":[0,5.5,0.5,10.5],"texture":"#0"},"west":{"uv":[0,5.5,0.5,10.5],"texture":"#0"},"up":{"uv":[0,5.5,0.5,6],"texture":"#0"},"down":{"uv":[0,10,0.5,10.5],"texture":"#0"}}},{"from":[10,3,7],"to":[11,11,8],"faces":{"north":{"uv":[0.5,5.5,1,10],"texture":"#0"},"east":{"uv":[0.5,5.5,1,9.5],"texture":"#0"},"south":{"uv":[0.5,5.5,1,10],"texture":"#0"},"west":{"uv":[0.5,5.5,1,10],"texture":"#0"},"up":{"uv":[0.5,5.5,1,10],"texture":"#0"},"down":{"uv":[0.5,9.5,1,10],"texture":"#0"}}},{"from":[10,4,8],"to":[11,11,9],"faces":{"north":{"uv":[1,5.5,1.5,9.5],"texture":"#0"},"east":{"uv":[1,5.5,1.5,9],"texture":"#0"},"south":{"uv":[1,5.5,1.5,9.5],"texture":"#0"},"west":{"uv":[1,5.5,1.5,9.5],"texture":"#0"},"up":{"uv":[1,5.5,1.5,9.5],"texture":"#0"},"down":{"uv":[1,9,1.5,9.5],"texture":"#0"}}},{"from":[10,3,8],"to":[11,4,9],"faces":{"north":{"uv":[1,5.5,1.5,6],"texture":"#0"},"east":{"uv":[1,5.5,1.5,6],"texture":"#0"},"south":{"uv":[1,5.5,1.5,6],"texture":"#0"},"west":{"uv":[1,5.5,1.5,6],"texture":"#0"},"up":{"uv":[1,5.5,1.5,6],"texture":"#0"},"down":{"uv":[1,5.5,1.5,6],"texture":"#0"}}},{"from":[10,4,9],"to":[11,11,10],"faces":{"north":{"uv":[1.5,5.5,2,9.5],"texture":"#0"},"east":{"uv":[1.5,5.5,2,9],"texture":"#0"},"south":{"uv":[1.5,5.5,2,9.5],"texture":"#0"},"west":{"uv":[1.5,5.5,2,9.5],"texture":"#0"},"up":{"uv":[1.5,5.5,2,9.5],"texture":"#0"},"down":{"uv":[1.5,9,2,9.5],"texture":"#0"}}},{"from":[10,3,11],"to":[11,11,12],"faces":{"north":{"uv":[3.5,5.5,4,9],"texture":"#0"},"east":{"uv":[3.5,5.5,4,9.5],"texture":"#0"},"south":{"uv":[3.5,5.5,4,9],"texture":"#0"},"west":{"uv":[3.5,5.5,4,9],"texture":"#0"},"up":{"uv":[3.5,5.5,4,9],"texture":"#0"},"down":{"uv":[3.5,8.5,4,9],"texture":"#0"}}},{"from":[10,2,12],"to":[11,11,13],"faces":{"north":{"uv":[8,0,8.5,5],"texture":"#0"},"east":{"uv":[0.5,5.5,1,10],"texture":"#0"},"south":{"uv":[8,0,8.5,5],"texture":"#0"},"west":{"uv":[8,0,8.5,5],"texture":"#0"},"up":{"uv":[8,0,8.5,0.5],"texture":"#0"},"down":{"uv":[8,0,8.5,5],"texture":"#0"}}},{"from":[10,1,13],"to":[11,11,14],"faces":{"north":{"uv":[5.5,6,6,11],"texture":"#0"},"east":{"uv":[0,5.5,0.5,10.5],"texture":"#0"},"south":{"uv":[5.5,6,6,11],"texture":"#0"},"west":{"uv":[5.5,6,6,11.5],"texture":"#0"},"up":{"uv":[5.5,6,6,11],"texture":"#0"},"down":{"uv":[5.5,10.5,6,11],"texture":"#0"}}},{"from":[10,4,10],"to":[11,11,11],"faces":{"north":{"uv":[2,5.5,2.5,9.5],"texture":"#0"},"east":{"uv":[2,5.5,2.5,9],"texture":"#0"},"south":{"uv":[2,5.5,2.5,9.5],"texture":"#0"},"west":{"uv":[2,5.5,2.5,9.5],"texture":"#0"},"up":{"uv":[2,5.5,2.5,9.5],"texture":"#0"},"down":{"uv":[2,9,2.5,9.5],"texture":"#0"}}},{"from":[2,2,6],"to":[3,11,7],"faces":{"north":{"uv":[0,5.5,0.5,10],"texture":"#0"},"east":{"uv":[0,5.5,0.5,10],"texture":"#0"},"south":{"uv":[0,5.5,0.5,10],"texture":"#0"},"west":{"uv":[0,5.5,0.5,10],"texture":"#0"},"up":{"uv":[0,5.5,0.5,10],"texture":"#0"},"down":{"uv":[0,9.5,0.5,10],"texture":"#0"}}},{"from":[2,3,7],"to":[3,11,8],"faces":{"north":{"uv":[0.5,5.5,1,9.5],"texture":"#0"},"east":{"uv":[0.5,5.5,1,9.5],"texture":"#0"},"south":{"uv":[0.5,5.5,1,9.5],"texture":"#0"},"west":{"uv":[0.5,5.5,1,9.5],"texture":"#0"},"up":{"uv":[0.5,5.5,1,9.5],"texture":"#0"},"down":{"uv":[0.5,9,1,9.5],"texture":"#0"}}},{"from":[2,4,8],"to":[3,11,9],"faces":{"north":{"uv":[1,5.5,1.5,9],"texture":"#0"},"east":{"uv":[1,5.5,1.5,9],"texture":"#0"},"south":{"uv":[1,5.5,1.5,9],"texture":"#0"},"west":{"uv":[1,5.5,1.5,9],"texture":"#0"},"up":{"uv":[1,5.5,1.5,9],"texture":"#0"},"down":{"uv":[1,5.5,1.5,9],"texture":"#0"}}},{"from":[2,3,8],"to":[3,4,9],"faces":{"north":{"uv":[1,5.5,1.5,6],"texture":"#0"},"east":{"uv":[1,5.5,1.5,6],"texture":"#0"},"south":{"uv":[1,5.5,1.5,6],"texture":"#0"},"west":{"uv":[1,5.5,1.5,6],"texture":"#0"},"up":{"uv":[1,5.5,1.5,6],"texture":"#0"},"down":{"uv":[1,5.5,1.5,6],"texture":"#0"}}},{"from":[2,4,9],"to":[3,11,10],"faces":{"north":{"uv":[1.5,5.5,2,9],"texture":"#0"},"east":{"uv":[1.5,5.5,2,9],"texture":"#0"},"south":{"uv":[1.5,5.5,2,9],"texture":"#0"},"west":{"uv":[1.5,5.5,2,9],"texture":"#0"},"up":{"uv":[1.5,5.5,2,9],"texture":"#0"},"down":{"uv":[1.5,8.5,2,9],"texture":"#0"}}},{"from":[2,3,11],"to":[3,11,12],"faces":{"north":{"uv":[3.5,5.5,4,9.5],"texture":"#0"},"east":{"uv":[3.5,5.5,4,9.5],"texture":"#0"},"south":{"uv":[3.5,5.5,4,9.5],"texture":"#0"},"west":{"uv":[3.5,5.5,4,9.5],"texture":"#0"},"up":{"uv":[3.5,5.5,4,9.5],"texture":"#0"},"down":{"uv":[3.5,9,4,9.5],"texture":"#0"}}},{"from":[2,2,12],"to":[3,11,13],"faces":{"north":{"uv":[0.5,5.5,1,10],"texture":"#0"},"east":{"uv":[0.5,5.5,1,10],"texture":"#0"},"south":{"uv":[0.5,5.5,1,10],"texture":"#0"},"west":{"uv":[0.5,5.5,1,10],"texture":"#0"},"up":{"uv":[0.5,5.5,1,10],"texture":"#0"},"down":{"uv":[0.5,10,1,10.5],"texture":"#0"}}},{"from":[2,1,13],"to":[3,11,14],"faces":{"north":{"uv":[0,5.5,0.5,10.5],"texture":"#0"},"east":{"uv":[0,5.5,0.5,10.5],"texture":"#0"},"south":{"uv":[0,5.5,0.5,10.5],"texture":"#0"},"west":{"uv":[0,5.5,0.5,10.5],"texture":"#0"},"up":{"uv":[0,5.5,0.5,10.5],"texture":"#0"},"down":{"uv":[0,10,0.5,10.5],"texture":"#0"}}},{"from":[2,4,10],"to":[3,11,11],"faces":{"north":{"uv":[2,5.5,2.5,9],"texture":"#0"},"east":{"uv":[2,5.5,2.5,9],"texture":"#0"},"south":{"uv":[2,5.5,2.5,9],"texture":"#0"},"west":{"uv":[2,5.5,2.5,9],"texture":"#0"},"up":{"uv":[2,5.5,2.5,9],"texture":"#0"},"down":{"uv":[2,8.5,2.5,9],"texture":"#0"}}}],"gui_light":"front"}