{"display":{"thirdperson_righthand":{"rotation":[36.75,13.75,0],"translation":[0.25,-0.5,-0.75],"scale":[0.4,0.4,0.4]},"thirdperson_lefthand":{"rotation":[22.5,13.75,0],"translation":[0.25,-1.25,-0.75],"scale":[0.4,0.4,0.4]},"firstperson_righthand":{"rotation":[-153.34,53.46,163.01],"translation":[0.25,1.25,-0.5],"scale":[0.7,0.7,0.7]},"firstperson_lefthand":{"rotation":[-131.38,23.61,150.46],"translation":[0,2.5,0.5],"scale":[0.7,0.7,0.7]},"ground":{"translation":[0,2,0],"scale":[0.7,0.7,0.7]},"gui":{"rotation":[-141.27,21.23,179.23],"translation":[0,1,0],"scale":[0.8,0.8,0.8]},"head":{"translation":[0,6.39,0],"scale":[1.6,1.6,1.6]}},"texture_size":[64,64],"textures":{"0":"item/charcoal/9","particle":"item/charcoal/9"},"elements":[{"from":[4,8,4],"to":[5,10,12],"rotation":{"angle":0,"axis":"y","origin":[3,0,4]},"faces":{"north":{"uv":[3.75,2,4,2.5],"texture":"#0"},"east":{"uv":[4,2,6,4.5],"texture":"#0"},"south":{"uv":[6,2,6.25,4.5],"texture":"#0"},"west":{"uv":[4,2,6,2.5],"texture":"#0"},"up":{"uv":[3.75,0,4,2],"texture":"#0"},"down":{"uv":[5.75,0,6,2],"texture":"#0"}}},{"from":[11,8,4],"to":[12,10,12],"rotation":{"angle":0,"axis":"y","origin":[3,0,4]},"faces":{"north":{"uv":[2,2,2.25,2.5],"texture":"#0"},"east":{"uv":[0,2,2,2.5],"texture":"#0"},"south":{"uv":[7.75,2,8,4.5],"texture":"#0"},"west":{"uv":[0,2,2,2.5],"texture":"#0"},"up":{"uv":[2,0,2.25,2],"texture":"#0"},"down":{"uv":[4,0,4.25,2],"texture":"#0"}}},{"from":[7,8,4],"to":[9,10,5],"rotation":{"angle":0,"axis":"y","origin":[3,0,4]},"faces":{"north":{"uv":[2.75,2,3.25,2.5],"texture":"#0"},"east":{"uv":[5.75,0,6,0.25],"texture":"#0"},"south":{"uv":[5.75,0,6,0.25],"texture":"#0"},"west":{"uv":[5.75,0,6,0.25],"texture":"#0"},"up":{"uv":[2.75,1.75,3.25,2],"texture":"#0"},"down":{"uv":[5.75,0,6,0.25],"texture":"#0"}}},{"from":[5,8,4],"to":[7,10,5],"rotation":{"angle":0,"axis":"y","origin":[3,0,4]},"faces":{"north":{"uv":[3.25,2,3.75,2.5],"texture":"#0"},"east":{"uv":[5.75,0,6,0.25],"texture":"#0"},"south":{"uv":[5.75,0,6,0.25],"texture":"#0"},"west":{"uv":[5.75,0,6,0.25],"texture":"#0"},"up":{"uv":[3.25,1.75,3.75,2],"texture":"#0"},"down":{"uv":[5.75,0,6,0.25],"texture":"#0"}}},{"from":[9,8,4],"to":[11,10,5],"rotation":{"angle":0,"axis":"y","origin":[3,0,4]},"faces":{"north":{"uv":[2.25,2,2.75,2.5],"texture":"#0"},"east":{"uv":[5.75,0,6,0.25],"texture":"#0"},"south":{"uv":[5.75,0,6,0.25],"texture":"#0"},"west":{"uv":[5.75,0,6,0.25],"texture":"#0"},"up":{"uv":[2.25,1.75,2.75,2],"rotation":180,"texture":"#0"},"down":{"uv":[5.75,0,6,0.25],"texture":"#0"}}},{"from":[5,8,5],"to":[11,10,12],"rotation":{"angle":0,"axis":"y","origin":[3,0,4]},"faces":{"north":{"uv":[5.75,0,6,0.25],"texture":"#0"},"east":{"uv":[5.75,0,6,0.25],"texture":"#0"},"south":{"uv":[6.25,2,7.75,2.5],"texture":"#0"},"west":{"uv":[5.75,0,6,0.25],"texture":"#0"},"up":{"uv":[2.25,0,3.75,0.25],"texture":"#0"},"down":{"uv":[5,1.75,5.25,2],"rotation":180,"texture":"#0"}}},{"name":"Nose","from":[7,-1,2],"to":[9,3,4],"rotation":{"angle":0,"axis":"y","origin":[3,0,4]},"faces":{"north":{"uv":[6.5,0.5,7,1.5],"texture":"#0"},"east":{"uv":[6,0.5,6.5,1.5],"texture":"#0"},"south":{"uv":[7.5,0.5,8,1.5],"texture":"#0"},"west":{"uv":[7,0.5,7.5,1.5],"texture":"#0"},"up":{"uv":[6.5,0,7,0.5],"texture":"#0"},"down":{"uv":[7,0,7.5,0.5],"texture":"#0"}}},{"name":"Nose W.","from":[7,0.1,1.8],"to":[8,1.1,2],"rotation":{"angle":0,"axis":"y","origin":[3,0,4]},"faces":{"north":{"uv":[0.25,0.25,0.5,0.5],"texture":"#0"},"east":{"uv":[0,0.25,0.25,0.5],"texture":"#0"},"south":{"uv":[0.75,0.25,1,0.5],"texture":"#0"},"west":{"uv":[0.5,0.25,0.75,0.5],"texture":"#0"},"up":{"uv":[0.25,0,0.5,0.25],"texture":"#0"},"down":{"uv":[0.5,0,0.75,0.25],"texture":"#0"}}},{"from":[3,9,3],"to":[13,11,13],"rotation":{"angle":0,"axis":"y","origin":[3,0,4]},"faces":{"north":{"uv":[2.5,7,5,7.5],"texture":"#0"},"east":{"uv":[0.25,7.25,2.25,7.5],"texture":"#0"},"south":{"uv":[7.75,7.25,9.75,7.5],"texture":"#0"},"west":{"uv":[5.25,7.25,7.25,7.5],"texture":"#0"},"up":{"uv":[2.75,4.75,4.75,6.75],"texture":"#0"},"down":{"uv":[5,4.5,7.5,7],"texture":"#0"}}},{"from":[4.5,11,4.5],"to":[11.5,15,11.5],"rotation":{"angle":0,"axis":"y","origin":[3,0,4]},"faces":{"north":{"uv":[1.75,9.25,3.5,10.25],"texture":"#0"},"east":{"uv":[0,9.25,1.75,10.25],"texture":"#0"},"south":{"uv":[5.25,9.25,7,10.25],"texture":"#0"},"west":{"uv":[3.5,9.25,5.25,10.25],"texture":"#0"},"up":{"uv":[1.75,7.5,3.5,9.25],"texture":"#0"},"down":{"uv":[3.5,7.5,5.25,9.25],"texture":"#0"}}},{"from":[6,12,11],"to":[10,16,15],"rotation":{"angle":-22.5,"axis":"x","origin":[3,0,4]},"faces":{"north":{"uv":[1,11.25,2,12.25],"texture":"#0"},"east":{"uv":[0,11.25,1,12.25],"texture":"#0"},"south":{"uv":[3,11.25,4,12.25],"texture":"#0"},"west":{"uv":[2,11.25,3,12.25],"texture":"#0"},"up":{"uv":[1,10.25,2,11.25],"texture":"#0"},"down":{"uv":[2,10.25,3,11.25],"texture":"#0"}}},{"from":[7.5,11.6,17.4],"to":[8.5,13.6,18.4],"rotation":{"angle":-45,"axis":"x","origin":[3,0,4]},"faces":{"north":{"uv":[0.25,12.5,0.5,13],"texture":"#0"},"east":{"uv":[0,12.5,0.25,13],"texture":"#0"},"south":{"uv":[0.75,12.5,1,13],"texture":"#0"},"west":{"uv":[0.5,12.5,0.75,13],"texture":"#0"},"up":{"uv":[0.25,12.25,0.5,12.5],"texture":"#0"},"down":{"uv":[0.5,12.25,0.75,12.5],"texture":"#0"}}},{"from":[6.5,11,4.3],"to":[9.5,14,4.5],"rotation":{"angle":0,"axis":"y","origin":[3,0,4]},"faces":{"north":{"uv":[2.25,9.5,3,10.25],"texture":"#0"},"east":{"uv":[2.25,9.5,2.5,10.25],"texture":"#0"},"south":{"uv":[2.25,9.5,3,10.25],"texture":"#0"},"west":{"uv":[2.75,9.5,3,10.25],"texture":"#0"},"up":{"uv":[2.25,9.5,3,9.75],"texture":"#0"},"down":{"uv":[2.25,10,3,10.25],"texture":"#0"}}},{"from":[9.5,12,4.3],"to":[10.5,13,4.5],"rotation":{"angle":0,"axis":"y","origin":[3,0,4]},"faces":{"north":{"uv":[2,9.75,2.25,10],"texture":"#0"},"east":{"uv":[2,9.75,2.25,10],"texture":"#0"},"south":{"uv":[2,9.75,2.25,10],"texture":"#0"},"west":{"uv":[2,9.75,2.25,10],"texture":"#0"},"up":{"uv":[2,9.75,2.25,10],"texture":"#0"},"down":{"uv":[2,9.75,2.25,10],"texture":"#0"}}},{"from":[5.5,12,4.3],"to":[6.5,13,4.5],"rotation":{"angle":0,"axis":"y","origin":[3,0,4]},"faces":{"north":{"uv":[3,9.75,3.25,10],"texture":"#0"},"east":{"uv":[3,9.75,3.25,10],"texture":"#0"},"south":{"uv":[3,9.75,3.25,10],"texture":"#0"},"west":{"uv":[3,9.75,3.25,10],"texture":"#0"},"up":{"uv":[3,9.75,3.25,10],"texture":"#0"},"down":{"uv":[3,9.75,3.25,10],"texture":"#0"}}}]}