{"display":{"thirdperson_righthand":{"rotation":[-89.35,60.42,133.12],"translation":[2.25,-5.5,-5.5],"scale":[0.4,0.4,0.4]},"thirdperson_lefthand":{"rotation":[16.32,-55.38,-43.98],"translation":[-2.5,-3.25,-6],"scale":[0.4,0.4,0.4]},"firstperson_righthand":{"rotation":[0,115.25,0],"translation":[0,-6.75,1.5],"scale":[0.67773,0.57422,0.63867]},"firstperson_lefthand":{"rotation":[0,-53.5,0],"translation":[0,-5.5,1.25],"scale":[0.67969,0.51172,0.58203]},"ground":{"translation":[0,-11.5,0],"scale":[0.67188,0.76172,0.76953]},"gui":{"rotation":[0,-123.25,0],"translation":[0,-18,0]},"head":{"rotation":[0,90,0],"translation":[0,-24.15,0],"scale":[1.61,1.61,1.61]},"fixed":{"rotation":[0,94,0],"translation":[0,-18.25,0]}},"texture_size":[32,32],"textures":{"0":"item/flint/8","particle":"item/flint/8"},"elements":[{"name":"back2H","from":[12,22,7],"to":[13,24,9],"rotation":{"angle":0,"axis":"y","origin":[12,36,18]},"faces":{"north":{"uv":[2,6,2.5,7],"texture":"#0"},"east":{"uv":[1.5,6,2.5,7],"texture":"#0"},"south":{"uv":[1.5,6,2,7],"texture":"#0"},"west":{"uv":[1.5,6,2.5,7],"texture":"#0"},"up":{"uv":[1.5,6,2.5,6.5],"rotation":270,"texture":"#0"},"down":{"uv":[1.5,6.5,2.5,7],"rotation":270,"texture":"#0"}}},{"name":"back2H","from":[4,27,12],"to":[5,28,13],"rotation":{"angle":0,"axis":"y","origin":[12,36,18]},"faces":{"north":{"uv":[4,4,4.5,4.5],"texture":"#0"},"east":{"uv":[4,4,4.5,4.5],"texture":"#0"},"south":{"uv":[4,4,4.5,4.5],"texture":"#0"},"west":{"uv":[4,4,4.5,4.5],"texture":"#0"},"up":{"uv":[4,4,4.5,4.5],"texture":"#0"},"down":{"uv":[4,4,4.5,4.5],"texture":"#0"}}},{"name":"back2H","from":[5,27,12],"to":[6,28,13],"rotation":{"angle":0,"axis":"y","origin":[12,36,18]},"faces":{"north":{"uv":[4.5,4,5,4.5],"texture":"#0"},"east":{"uv":[4.5,4,5,4.5],"texture":"#0"},"south":{"uv":[4.5,4,5,4.5],"texture":"#0"},"west":{"uv":[4.5,4,5,4.5],"texture":"#0"},"up":{"uv":[4.5,4,5,4.5],"texture":"#0"},"down":{"uv":[4.5,4,5,4.5],"texture":"#0"}}},{"name":"back2H","from":[6,27,12],"to":[7,28,13],"rotation":{"angle":0,"axis":"y","origin":[12,36,18]},"faces":{"north":{"uv":[5,4,5.5,4.5],"texture":"#0"},"east":{"uv":[5,4,5.5,4.5],"texture":"#0"},"south":{"uv":[5,4,5.5,4.5],"texture":"#0"},"west":{"uv":[5,4,5.5,4.5],"texture":"#0"},"up":{"uv":[5,4,5.5,4.5],"texture":"#0"},"down":{"uv":[5,4,5.5,4.5],"texture":"#0"}}},{"name":"back2H","from":[7,27,12],"to":[8,28,13],"rotation":{"angle":0,"axis":"y","origin":[12,36,18]},"faces":{"north":{"uv":[5.5,4,6,4.5],"texture":"#0"},"east":{"uv":[5.5,4,6,4.5],"texture":"#0"},"south":{"uv":[5.5,4,6,4.5],"texture":"#0"},"west":{"uv":[5.5,4,6,4.5],"texture":"#0"},"up":{"uv":[5.5,4,6,4.5],"texture":"#0"},"down":{"uv":[5.5,4,6,4.5],"texture":"#0"}}},{"name":"back2H","from":[8,27,12],"to":[9,28,13],"rotation":{"angle":0,"axis":"y","origin":[12,36,18]},"faces":{"north":{"uv":[6,4,6.5,4.5],"texture":"#0"},"east":{"uv":[6,4,6.5,4.5],"texture":"#0"},"south":{"uv":[6,4,6.5,4.5],"texture":"#0"},"west":{"uv":[6,4,6.5,4.5],"texture":"#0"},"up":{"uv":[6,4,6.5,4.5],"texture":"#0"},"down":{"uv":[6,4,6.5,4.5],"texture":"#0"}}},{"name":"back2H","from":[9,27,12],"to":[10,28,13],"rotation":{"angle":0,"axis":"y","origin":[12,36,18]},"faces":{"north":{"uv":[6.5,4,7,4.5],"texture":"#0"},"east":{"uv":[6.5,4,7,4.5],"texture":"#0"},"south":{"uv":[6.5,4,7,4.5],"texture":"#0"},"west":{"uv":[6.5,4,7,4.5],"texture":"#0"},"up":{"uv":[6.5,4,7,4.5],"texture":"#0"},"down":{"uv":[6.5,4,7,4.5],"texture":"#0"}}},{"name":"back2H","from":[10,27,12],"to":[11,28,13],"rotation":{"angle":0,"axis":"y","origin":[12,36,18]},"faces":{"north":{"uv":[7,4,7.5,4.5],"texture":"#0"},"east":{"uv":[7,4,7.5,4.5],"texture":"#0"},"south":{"uv":[7,4,7.5,4.5],"texture":"#0"},"west":{"uv":[7,4,7.5,4.5],"texture":"#0"},"up":{"uv":[7,4,7.5,4.5],"texture":"#0"},"down":{"uv":[7,4,7.5,4.5],"texture":"#0"}}},{"name":"back2H","from":[11,27,12],"to":[12,28,13],"rotation":{"angle":0,"axis":"y","origin":[12,36,18]},"faces":{"north":{"uv":[7,4,7.5,4.5],"texture":"#0"},"east":{"uv":[7,4,7.5,4.5],"texture":"#0"},"south":{"uv":[7,4,7.5,4.5],"texture":"#0"},"west":{"uv":[7,4,7.5,4.5],"texture":"#0"},"up":{"uv":[7,4,7.5,4.5],"texture":"#0"},"down":{"uv":[7,4,7.5,4.5],"texture":"#0"}}},{"name":"back2H","from":[12,27,12],"to":[13,28,13],"rotation":{"angle":0,"axis":"y","origin":[12,36,18]},"faces":{"north":{"uv":[7.5,4,8,4.5],"texture":"#0"},"east":{"uv":[0,4,0.5,4.5],"texture":"#0"},"south":{"uv":[7.5,4,8,4.5],"texture":"#0"},"west":{"uv":[7.5,4,8,4.5],"texture":"#0"},"up":{"uv":[7.5,4,8,4.5],"texture":"#0"},"down":{"uv":[7.5,4,8,4.5],"texture":"#0"}}},{"name":"back2H","from":[4,25,12],"to":[5,26,13],"rotation":{"angle":0,"axis":"y","origin":[12,36,18]},"faces":{"north":{"uv":[4,5,4.5,5.5],"texture":"#0"},"east":{"uv":[4,5,4.5,5.5],"texture":"#0"},"south":{"uv":[4,5,4.5,5.5],"texture":"#0"},"west":{"uv":[7.5,1.5,8,2],"texture":"#0"},"up":{"uv":[4,5,4.5,5.5],"texture":"#0"},"down":{"uv":[4,5,4.5,5.5],"texture":"#0"}}},{"name":"back2H","from":[4,24,12],"to":[5,25,13],"rotation":{"angle":0,"axis":"y","origin":[12,36,18]},"faces":{"north":{"uv":[7.5,1.5,8,2],"texture":"#0"},"east":{"uv":[7.5,1.5,8,2],"texture":"#0"},"south":{"uv":[4,5,4.5,5.5],"texture":"#0"},"west":{"uv":[7.5,1.5,8,2],"texture":"#0"},"up":{"uv":[7.5,1.5,8,2],"texture":"#0"},"down":{"uv":[7.5,1.5,8,2],"texture":"#0"}}},{"name":"back2H","from":[5,25,12],"to":[6,26,13],"rotation":{"angle":0,"axis":"y","origin":[12,36,18]},"faces":{"north":{"uv":[5,5,5.5,5.5],"texture":"#0"},"east":{"uv":[5,5,5.5,5.5],"texture":"#0"},"south":{"uv":[4.5,5,5,5.5],"texture":"#0"},"west":{"uv":[5,5,5.5,5.5],"texture":"#0"},"up":{"uv":[5,5,5.5,5.5],"texture":"#0"},"down":{"uv":[5,5,5.5,5.5],"texture":"#0"}}},{"name":"back2H","from":[6,25,12],"to":[7,26,13],"rotation":{"angle":0,"axis":"y","origin":[12,36,18]},"faces":{"north":{"uv":[5,5,5.5,5.5],"texture":"#0"},"east":{"uv":[5,5,5.5,5.5],"texture":"#0"},"south":{"uv":[5,5,5.5,5.5],"texture":"#0"},"west":{"uv":[5,5,5.5,5.5],"texture":"#0"},"up":{"uv":[5,5,5.5,5.5],"texture":"#0"},"down":{"uv":[5,5,5.5,5.5],"texture":"#0"}}},{"name":"back2H","from":[7,25,12],"to":[8,26,13],"rotation":{"angle":0,"axis":"y","origin":[12,36,18]},"faces":{"north":{"uv":[5.5,5,6,5.5],"texture":"#0"},"east":{"uv":[5.5,5,6,5.5],"texture":"#0"},"south":{"uv":[5.5,5,6,5.5],"texture":"#0"},"west":{"uv":[5.5,5,6,5.5],"texture":"#0"},"up":{"uv":[5.5,5,6,5.5],"texture":"#0"},"down":{"uv":[5.5,5,6,5.5],"texture":"#0"}}},{"name":"back2H","from":[8,25,12],"to":[9,26,13],"rotation":{"angle":0,"axis":"y","origin":[12,36,18]},"faces":{"north":{"uv":[6,5,6.5,5.5],"texture":"#0"},"east":{"uv":[6,5,6.5,5.5],"texture":"#0"},"south":{"uv":[6,5,6.5,5.5],"texture":"#0"},"west":{"uv":[6,5,6.5,5.5],"texture":"#0"},"up":{"uv":[6,5,6.5,5.5],"texture":"#0"},"down":{"uv":[6,5,6.5,5.5],"texture":"#0"}}},{"name":"back2H","from":[9,25,12],"to":[10,26,13],"rotation":{"angle":0,"axis":"y","origin":[12,36,18]},"faces":{"north":{"uv":[6.5,5,7,5.5],"texture":"#0"},"east":{"uv":[6.5,5,7,5.5],"texture":"#0"},"south":{"uv":[6.5,5,7,5.5],"texture":"#0"},"west":{"uv":[6.5,5,7,5.5],"texture":"#0"},"up":{"uv":[6.5,5,7,5.5],"texture":"#0"},"down":{"uv":[6.5,5,7,5.5],"texture":"#0"}}},{"name":"back2H","from":[10,25,12],"to":[11,26,13],"rotation":{"angle":0,"axis":"y","origin":[12,36,18]},"faces":{"north":{"uv":[6.5,5,7,5.5],"texture":"#0"},"east":{"uv":[6.5,5,7,5.5],"texture":"#0"},"south":{"uv":[6.5,5,7,5.5],"texture":"#0"},"west":{"uv":[6.5,5,7,5.5],"texture":"#0"},"up":{"uv":[6.5,5,7,5.5],"texture":"#0"},"down":{"uv":[6.5,5,7,5.5],"texture":"#0"}}},{"name":"back2H","from":[11,25,12],"to":[12,26,13],"rotation":{"angle":0,"axis":"y","origin":[12,36,18]},"faces":{"north":{"uv":[6.5,5,7,5.5],"texture":"#0"},"east":{"uv":[6.5,5,7,5.5],"texture":"#0"},"south":{"uv":[6.5,5,7,5.5],"texture":"#0"},"west":{"uv":[6.5,5,7,5.5],"texture":"#0"},"up":{"uv":[6.5,5,7,5.5],"texture":"#0"},"down":{"uv":[6.5,5,7,5.5],"texture":"#0"}}},{"name":"back2H","from":[12,25,12],"to":[13,26,13],"rotation":{"angle":0,"axis":"y","origin":[12,36,18]},"faces":{"north":{"uv":[7.5,5,8,5.5],"texture":"#0"},"east":{"uv":[0,5,0.5,5.5],"texture":"#0"},"south":{"uv":[7.5,5,8,5.5],"texture":"#0"},"west":{"uv":[7.5,5,8,5.5],"texture":"#0"},"up":{"uv":[7.5,5,8,5.5],"texture":"#0"},"down":{"uv":[7.5,5,8,5.5],"texture":"#0"}}},{"name":"back2H","from":[4,26,12],"to":[5,27,13],"rotation":{"angle":0,"axis":"y","origin":[12,36,18]},"faces":{"north":{"uv":[4,4.5,4.5,5],"texture":"#0"},"east":{"uv":[4,4.5,4.5,5],"texture":"#0"},"south":{"uv":[4,4.5,4.5,5],"texture":"#0"},"west":{"uv":[7.5,0.5,8,1],"texture":"#0"},"up":{"uv":[4,4.5,4.5,5],"texture":"#0"},"down":{"uv":[4,4.5,4.5,5],"texture":"#0"}}},{"name":"back2H","from":[5,26,12],"to":[6,27,13],"rotation":{"angle":0,"axis":"y","origin":[12,36,18]},"faces":{"north":{"uv":[4.5,4.5,5,5],"texture":"#0"},"east":{"uv":[4.5,4.5,5,5],"texture":"#0"},"south":{"uv":[4.5,4.5,5,5],"texture":"#0"},"west":{"uv":[4.5,4.5,5,5],"texture":"#0"},"up":{"uv":[4.5,4.5,5,5],"texture":"#0"},"down":{"uv":[4.5,4.5,5,5],"texture":"#0"}}},{"name":"back2H","from":[6,26,12],"to":[7,27,13],"rotation":{"angle":0,"axis":"y","origin":[12,36,18]},"faces":{"north":{"uv":[5,4.5,5.5,5],"texture":"#0"},"east":{"uv":[5,4.5,5.5,5],"texture":"#0"},"south":{"uv":[5,4.5,5.5,5],"texture":"#0"},"west":{"uv":[5,4.5,5.5,5],"texture":"#0"},"up":{"uv":[5,4.5,5.5,5],"texture":"#0"},"down":{"uv":[5,4.5,5.5,5],"texture":"#0"}}},{"name":"back2H","from":[7,26,12],"to":[8,27,13],"rotation":{"angle":0,"axis":"y","origin":[12,36,18]},"faces":{"north":{"uv":[5.5,4.5,6,5],"texture":"#0"},"east":{"uv":[5.5,4.5,6,5],"texture":"#0"},"south":{"uv":[5.5,4.5,6,5],"texture":"#0"},"west":{"uv":[5.5,4.5,6,5],"texture":"#0"},"up":{"uv":[5.5,4.5,6,5],"texture":"#0"},"down":{"uv":[5.5,4.5,6,5],"texture":"#0"}}},{"name":"back2H","from":[8,26,12],"to":[9,27,13],"rotation":{"angle":0,"axis":"y","origin":[12,36,18]},"faces":{"north":{"uv":[6,4.5,6.5,5],"texture":"#0"},"east":{"uv":[6,4.5,6.5,5],"texture":"#0"},"south":{"uv":[6,4.5,6.5,5],"texture":"#0"},"west":{"uv":[6,4.5,6.5,5],"texture":"#0"},"up":{"uv":[6,4.5,6.5,5],"texture":"#0"},"down":{"uv":[6,4.5,6.5,5],"texture":"#0"}}},{"name":"back2H","from":[9,26,12],"to":[10,27,13],"rotation":{"angle":0,"axis":"y","origin":[12,36,18]},"faces":{"north":{"uv":[6.5,4.5,7,5],"texture":"#0"},"east":{"uv":[6.5,4.5,7,5],"texture":"#0"},"south":{"uv":[6.5,4.5,7,5],"texture":"#0"},"west":{"uv":[6.5,4.5,7,5],"texture":"#0"},"up":{"uv":[6.5,4.5,7,5],"texture":"#0"},"down":{"uv":[6.5,4.5,7,5],"texture":"#0"}}},{"name":"back2H","from":[10,26,12],"to":[11,27,13],"rotation":{"angle":0,"axis":"y","origin":[12,36,18]},"faces":{"north":{"uv":[7,4.5,7.5,5],"texture":"#0"},"east":{"uv":[7,4.5,7.5,5],"texture":"#0"},"south":{"uv":[7,4.5,7.5,5],"texture":"#0"},"west":{"uv":[7,4.5,7.5,5],"texture":"#0"},"up":{"uv":[7,4.5,7.5,5],"texture":"#0"},"down":{"uv":[7,4.5,7.5,5],"texture":"#0"}}},{"name":"back2H","from":[11,26,12],"to":[12,27,13],"rotation":{"angle":0,"axis":"y","origin":[12,36,18]},"faces":{"north":{"uv":[7,4.5,7.5,5],"texture":"#0"},"east":{"uv":[7,4.5,7.5,5],"texture":"#0"},"south":{"uv":[7,4.5,7.5,5],"texture":"#0"},"west":{"uv":[7,4.5,7.5,5],"texture":"#0"},"up":{"uv":[7,4.5,7.5,5],"texture":"#0"},"down":{"uv":[7,4.5,7.5,5],"texture":"#0"}}},{"name":"back2H","from":[12,26,12],"to":[13,27,13],"rotation":{"angle":0,"axis":"y","origin":[12,36,18]},"faces":{"north":{"uv":[7.5,4.5,8,5],"texture":"#0"},"east":{"uv":[0,4.5,0.5,5],"texture":"#0"},"south":{"uv":[7.5,4.5,8,5],"texture":"#0"},"west":{"uv":[7.5,4.5,8,5],"texture":"#0"},"up":{"uv":[7.5,4.5,8,5],"texture":"#0"},"down":{"uv":[7.5,4.5,8,5],"texture":"#0"}}},{"name":"back2H","from":[10,24,12],"to":[11,25,13],"rotation":{"angle":0,"axis":"y","origin":[12,36,18]},"faces":{"north":{"uv":[7,5.5,7.5,6],"texture":"#0"},"east":{"uv":[7,5.5,7.5,6],"texture":"#0"},"south":{"uv":[7,5.5,7.5,6],"texture":"#0"},"west":{"uv":[7,5.5,7.5,6],"texture":"#0"},"up":{"uv":[7,5.5,7.5,6],"texture":"#0"},"down":{"uv":[7,5.5,7.5,6],"texture":"#0"}}},{"name":"back2H","from":[11,24,12],"to":[12,25,13],"rotation":{"angle":0,"axis":"y","origin":[12,36,18]},"faces":{"north":{"uv":[7,5.5,7.5,6],"texture":"#0"},"east":{"uv":[7,5.5,7.5,6],"texture":"#0"},"south":{"uv":[7,5.5,7.5,6],"texture":"#0"},"west":{"uv":[7,5.5,7.5,6],"texture":"#0"},"up":{"uv":[7,5.5,7.5,6],"texture":"#0"},"down":{"uv":[7,5.5,7.5,6],"texture":"#0"}}},{"name":"back2H","from":[12,24,12],"to":[13,25,13],"rotation":{"angle":0,"axis":"y","origin":[12,36,18]},"faces":{"north":{"uv":[7.5,5.5,8,6],"texture":"#0"},"east":{"uv":[0,5.5,0.5,6],"texture":"#0"},"south":{"uv":[7.5,5.5,8,6],"texture":"#0"},"west":{"uv":[7.5,5.5,8,6],"texture":"#0"},"up":{"uv":[7.5,5.5,8,6],"texture":"#0"},"down":{"uv":[7.5,5.5,8,6],"texture":"#0"}}},{"name":"back2H","from":[12,23,12],"to":[13,24,13],"rotation":{"angle":0,"axis":"y","origin":[12,36,18]},"faces":{"north":{"uv":[0,6,0.5,6.5],"texture":"#0"},"east":{"uv":[0,6,0.5,6.5],"texture":"#0"},"south":{"uv":[0,6,0.5,6.5],"texture":"#0"},"west":{"uv":[0,6,0.5,6.5],"texture":"#0"},"up":{"uv":[0,6,0.5,6.5],"texture":"#0"},"down":{"uv":[0,6,0.5,6.5],"texture":"#0"}}},{"name":"back2H","from":[9,24,12],"to":[10,25,13],"rotation":{"angle":0,"axis":"y","origin":[12,36,18]},"faces":{"north":{"uv":[6.5,5.5,7,6],"texture":"#0"},"east":{"uv":[6.5,5.5,7,6],"texture":"#0"},"south":{"uv":[6.5,5.5,7,6],"texture":"#0"},"west":{"uv":[6.5,5.5,7,6],"texture":"#0"},"up":{"uv":[6.5,5.5,7,6],"texture":"#0"},"down":{"uv":[6.5,5.5,7,6],"texture":"#0"}}},{"name":"back2H","from":[4,23,12],"to":[5,24,13],"rotation":{"angle":0,"axis":"y","origin":[12,36,18]},"faces":{"north":{"uv":[4,6,4.5,6.5],"texture":"#0"},"east":{"uv":[4,6,4.5,6.5],"texture":"#0"},"south":{"uv":[4,6,4.5,6.5],"texture":"#0"},"west":{"uv":[7.5,2,8,2.5],"texture":"#0"},"up":{"uv":[4,6,4.5,6.5],"texture":"#0"},"down":{"uv":[4,6,4.5,6.5],"texture":"#0"}}},{"name":"back2H","from":[4,22,12],"to":[5,23,13],"rotation":{"angle":0,"axis":"y","origin":[12,36,18]},"faces":{"north":{"uv":[4,6,4.5,6.5],"texture":"#0"},"east":{"uv":[4,6,4.5,6.5],"texture":"#0"},"south":{"uv":[4,6,4.5,6.5],"texture":"#0"},"west":{"uv":[7.5,2.5,8,3],"texture":"#0"},"up":{"uv":[4,6,4.5,6.5],"texture":"#0"},"down":{"uv":[4,6,4.5,6.5],"texture":"#0"}}},{"name":"back2H","from":[7,21,12],"to":[8,22,13],"rotation":{"angle":0,"axis":"y","origin":[12,36,18]},"faces":{"north":{"uv":[5.5,7,6,7.5],"texture":"#0"},"east":{"uv":[5.5,7,6,7.5],"texture":"#0"},"south":{"uv":[5.5,7,6,7.5],"texture":"#0"},"west":{"uv":[5.5,7,6,7.5],"texture":"#0"},"up":{"uv":[5.5,7,6,7.5],"texture":"#0"},"down":{"uv":[5.5,7,6,7.5],"texture":"#0"}}},{"name":"back2H","from":[7,22,12],"to":[8,23,13],"rotation":{"angle":0,"axis":"y","origin":[12,36,18]},"faces":{"north":{"uv":[5.5,6.5,6,7],"texture":"#0"},"east":{"uv":[5.5,6.5,6,7],"texture":"#0"},"south":{"uv":[5.5,6.5,6,7],"texture":"#0"},"west":{"uv":[5.5,6.5,6,7],"texture":"#0"},"up":{"uv":[5.5,6.5,6,7],"texture":"#0"},"down":{"uv":[5.5,6.5,6,7],"texture":"#0"}}},{"name":"back2H","from":[7,24,12],"to":[8,25,13],"rotation":{"angle":0,"axis":"y","origin":[12,36,18]},"faces":{"north":{"uv":[5.5,5.5,6,6],"texture":"#0"},"east":{"uv":[5.5,5.5,6,6],"texture":"#0"},"south":{"uv":[5.5,5.5,6,6],"texture":"#0"},"west":{"uv":[5.5,5.5,6,6],"texture":"#0"},"up":{"uv":[5.5,5.5,6,6],"texture":"#0"},"down":{"uv":[5.5,5.5,6,6],"texture":"#0"}}},{"name":"back2H","from":[7,23,12],"to":[8,24,13],"rotation":{"angle":0,"axis":"y","origin":[12,36,18]},"faces":{"north":{"uv":[5.5,6,6,6.5],"texture":"#0"},"east":{"uv":[5.5,6,6,6.5],"texture":"#0"},"south":{"uv":[5.5,6,6,6.5],"texture":"#0"},"west":{"uv":[5.5,6,6,6.5],"texture":"#0"},"up":{"uv":[5.5,6,6,6.5],"texture":"#0"},"down":{"uv":[5.5,6,6,6.5],"texture":"#0"}}},{"name":"back2H","from":[5,23,12],"to":[6,24,13],"rotation":{"angle":0,"axis":"y","origin":[12,36,18]},"faces":{"north":{"uv":[4.5,6,5,6.5],"texture":"#0"},"east":{"uv":[4.5,6,5,6.5],"texture":"#0"},"south":{"uv":[4.5,6,5,6.5],"texture":"#0"},"west":{"uv":[4.5,6,5,6.5],"texture":"#0"},"up":{"uv":[4.5,6,5,6.5],"texture":"#0"},"down":{"uv":[4.5,6,5,6.5],"texture":"#0"}}},{"name":"back2H","from":[6,23,12],"to":[7,24,13],"rotation":{"angle":0,"axis":"y","origin":[12,36,18]},"faces":{"north":{"uv":[4.5,6,5,6.5],"texture":"#0"},"east":{"uv":[4.5,6,5,6.5],"texture":"#0"},"south":{"uv":[5,6,5.5,6.5],"texture":"#0"},"west":{"uv":[4.5,6,5,6.5],"texture":"#0"},"up":{"uv":[4.5,6,5,6.5],"texture":"#0"},"down":{"uv":[4.5,6,5,6.5],"texture":"#0"}}},{"name":"back2H","from":[6,24,12],"to":[7,25,13],"rotation":{"angle":0,"axis":"y","origin":[12,36,18]},"faces":{"north":{"uv":[5,5.5,5.5,6],"texture":"#0"},"east":{"uv":[5,5.5,5.5,6],"texture":"#0"},"south":{"uv":[5,5.5,5.5,6],"texture":"#0"},"west":{"uv":[5,5.5,5.5,6],"texture":"#0"},"up":{"uv":[5,5.5,5.5,6],"texture":"#0"},"down":{"uv":[5,5.5,5.5,6],"texture":"#0"}}},{"name":"back2H","from":[5,24,12],"to":[6,25,13],"rotation":{"angle":0,"axis":"y","origin":[12,36,18]},"faces":{"north":{"uv":[4.5,5.5,5,6],"texture":"#0"},"east":{"uv":[4.5,5.5,5,6],"texture":"#0"},"south":{"uv":[4.5,5.5,5,6],"texture":"#0"},"west":{"uv":[4.5,5.5,5,6],"texture":"#0"},"up":{"uv":[4.5,5.5,5,6],"texture":"#0"},"down":{"uv":[4.5,5.5,5,6],"texture":"#0"}}},{"name":"side2.1H","from":[5,29,12],"to":[8,30,13],"rotation":{"angle":0,"axis":"y","origin":[13,37,19]},"faces":{"north":{"uv":[8,3.5,9.5,4],"texture":"#0"},"east":{"uv":[10,7,10.5,7.5],"texture":"#0"},"south":{"uv":[8,4,9.5,4.5],"texture":"#0"},"west":{"uv":[10,7.5,10.5,8],"texture":"#0"},"up":{"uv":[9.5,5,8,4.5],"texture":"#0"},"down":{"uv":[9.5,5,8,5.5],"texture":"#0"}}},{"name":"side2.2H","from":[5,30,12],"to":[7,31,13],"rotation":{"angle":0,"axis":"y","origin":[13,38,19]},"faces":{"north":{"uv":[8,7.5,9,8],"texture":"#0"},"east":{"uv":[10,6,10.5,6.5],"texture":"#0"},"south":{"uv":[8,8.5,9,9],"texture":"#0"},"west":{"uv":[10,6.5,10.5,7],"texture":"#0"},"up":{"uv":[9,9.5,8,9],"texture":"#0"},"down":{"uv":[10,9,9,9.5],"texture":"#0"}}},{"name":"back2H","from":[3,28,10],"to":[4,29,11],"rotation":{"angle":0,"axis":"y","origin":[12,36,18]},"faces":{"north":{"uv":[8.5,10,9,10.5],"texture":"#0"},"east":{"uv":[8.5,10,9,10.5],"texture":"#0"},"south":{"uv":[8.5,10,9,10.5],"texture":"#0"},"west":{"uv":[8.5,10,9,10.5],"texture":"#0"},"up":{"uv":[8.5,10,9,10.5],"texture":"#0"},"down":{"uv":[8.5,10,9,10.5],"texture":"#0"}}},{"name":"back1H","from":[3,28,5],"to":[4,29,6],"rotation":{"angle":0,"axis":"y","origin":[12,36,13]},"faces":{"north":{"uv":[9.5,5,10,5.5],"texture":"#0"},"east":{"uv":[9.5,5,10,5.5],"texture":"#0"},"south":{"uv":[9.5,5,10,5.5],"texture":"#0"},"west":{"uv":[9.5,5,10,5.5],"texture":"#0"},"up":{"uv":[9.5,5,10,5.5],"texture":"#0"},"down":{"uv":[9.5,5,10,5.5],"texture":"#0"}}},{"name":"side2.3H","from":[5,31,12],"to":[6,32,13],"rotation":{"angle":0,"axis":"y","origin":[13,39,19]},"faces":{"north":{"uv":[10,10,10.5,10.5],"texture":"#0"},"east":{"uv":[10,3.5,10.5,4],"texture":"#0"},"south":{"uv":[10,4,10.5,4.5],"texture":"#0"},"west":{"uv":[10,4.5,10.5,5],"texture":"#0"},"up":{"uv":[10.5,5.5,10,5],"texture":"#0"},"down":{"uv":[10.5,5.5,10,6],"texture":"#0"}}},{"name":"side2.0H","from":[5,28,12],"to":[10,29,13],"rotation":{"angle":0,"axis":"y","origin":[13,36,19]},"faces":{"north":{"uv":[8,8,10.5,8.5],"texture":"#0"},"east":{"uv":[10,8.5,10.5,9],"texture":"#0"},"south":{"uv":[8,0,10.5,0.5],"texture":"#0"},"west":{"uv":[10,9,10.5,9.5],"texture":"#0"},"up":{"uv":[10.5,1,8,0.5],"texture":"#0"},"down":{"uv":[10.5,0,8,0.5],"texture":"#0"}}},{"name":"side1.2H","from":[5,30,3],"to":[7,31,4],"rotation":{"angle":0,"axis":"y","origin":[13,38,12]},"faces":{"north":{"uv":[9,7.5,10,8],"texture":"#0"},"east":{"uv":[10.5,0.5,11,1],"texture":"#0"},"south":{"uv":[9,8.5,10,9],"texture":"#0"},"west":{"uv":[10.5,1,11,1.5],"texture":"#0"},"up":{"uv":[9,10,8,9.5],"texture":"#0"},"down":{"uv":[10,9.5,9,10],"texture":"#0"}}},{"name":"side1.3H","from":[5,31,3],"to":[6,32,4],"rotation":{"angle":0,"axis":"y","origin":[13,39,12]},"faces":{"north":{"uv":[10,9.5,10.5,10],"texture":"#0"},"east":{"uv":[8,10.5,8.5,11],"texture":"#0"},"south":{"uv":[8.5,10.5,9,11],"texture":"#0"},"west":{"uv":[9,10.5,9.5,11],"texture":"#0"},"up":{"uv":[10,11,9.5,10.5],"texture":"#0"},"down":{"uv":[10.5,10.5,10,11],"texture":"#0"}}},{"name":"side1.1H","from":[5,29,3],"to":[8,30,4],"rotation":{"angle":0,"axis":"y","origin":[13,37,12]},"faces":{"north":{"uv":[8,5.5,9.5,6],"texture":"#0"},"east":{"uv":[10.5,10.5,11,11],"texture":"#0"},"south":{"uv":[8,6,9.5,6.5],"texture":"#0"},"west":{"uv":[10.5,0,11,0.5],"texture":"#0"},"up":{"uv":[9.5,7,8,6.5],"texture":"#0"},"down":{"uv":[9.5,7,8,7.5],"texture":"#0"}}},{"name":"side1.0H","from":[5,28,3],"to":[10,29,4],"rotation":{"angle":0,"axis":"y","origin":[13,36,12]},"faces":{"north":{"uv":[8,1.5,10.5,2],"texture":"#0"},"east":{"uv":[10.5,1.5,11,2],"texture":"#0"},"south":{"uv":[8,2,10.5,2.5],"texture":"#0"},"west":{"uv":[10.5,2,11,2.5],"texture":"#0"},"up":{"uv":[10.5,3,8,2.5],"texture":"#0"},"down":{"uv":[10.5,1.5,8,2],"texture":"#0"}}},{"name":"back2H","from":[4,27,3],"to":[5,28,4],"rotation":{"angle":0,"axis":"y","origin":[12,36,18]},"faces":{"north":{"uv":[4,4,4.5,4.5],"texture":"#0"},"east":{"uv":[4,4,4.5,4.5],"texture":"#0"},"south":{"uv":[4,4,4.5,4.5],"texture":"#0"},"west":{"uv":[4,0,4.5,0.5],"texture":"#0"},"up":{"uv":[4,4,4.5,4.5],"texture":"#0"},"down":{"uv":[4,4,4.5,4.5],"texture":"#0"}}},{"name":"back2H","from":[5,27,3],"to":[6,28,4],"rotation":{"angle":0,"axis":"y","origin":[12,36,18]},"faces":{"north":{"uv":[4.5,4,5,4.5],"texture":"#0"},"east":{"uv":[4.5,4,5,4.5],"texture":"#0"},"south":{"uv":[4.5,4,5,4.5],"texture":"#0"},"west":{"uv":[4.5,4,5,4.5],"texture":"#0"},"up":{"uv":[4.5,4,5,4.5],"texture":"#0"},"down":{"uv":[4.5,4,5,4.5],"texture":"#0"}}},{"name":"back2H","from":[6,27,3],"to":[7,28,4],"rotation":{"angle":0,"axis":"y","origin":[12,36,18]},"faces":{"north":{"uv":[5,4,5.5,4.5],"texture":"#0"},"east":{"uv":[5,4,5.5,4.5],"texture":"#0"},"south":{"uv":[5,4,5.5,4.5],"texture":"#0"},"west":{"uv":[5,4,5.5,4.5],"texture":"#0"},"up":{"uv":[5,4,5.5,4.5],"texture":"#0"},"down":{"uv":[5,4,5.5,4.5],"texture":"#0"}}},{"name":"back2H","from":[7,27,3],"to":[8,28,4],"rotation":{"angle":0,"axis":"y","origin":[12,36,18]},"faces":{"north":{"uv":[5.5,4,6,4.5],"texture":"#0"},"east":{"uv":[5.5,4,6,4.5],"texture":"#0"},"south":{"uv":[5.5,4,6,4.5],"texture":"#0"},"west":{"uv":[5.5,4,6,4.5],"texture":"#0"},"up":{"uv":[5.5,4,6,4.5],"texture":"#0"},"down":{"uv":[5.5,4,6,4.5],"texture":"#0"}}},{"name":"back2H","from":[8,27,3],"to":[9,28,4],"rotation":{"angle":0,"axis":"y","origin":[12,36,18]},"faces":{"north":{"uv":[6,4,6.5,4.5],"texture":"#0"},"east":{"uv":[6,4,6.5,4.5],"texture":"#0"},"south":{"uv":[6,4,6.5,4.5],"texture":"#0"},"west":{"uv":[6,4,6.5,4.5],"texture":"#0"},"up":{"uv":[6,4,6.5,4.5],"texture":"#0"},"down":{"uv":[6,4,6.5,4.5],"texture":"#0"}}},{"name":"back2H","from":[9,27,3],"to":[10,28,4],"rotation":{"angle":0,"axis":"y","origin":[12,36,18]},"faces":{"north":{"uv":[6.5,4,7,4.5],"texture":"#0"},"east":{"uv":[6.5,4,7,4.5],"texture":"#0"},"south":{"uv":[6.5,4,7,4.5],"texture":"#0"},"west":{"uv":[6.5,4,7,4.5],"texture":"#0"},"up":{"uv":[6.5,4,7,4.5],"texture":"#0"},"down":{"uv":[6.5,4,7,4.5],"texture":"#0"}}},{"name":"back2H","from":[10,27,3],"to":[11,28,4],"rotation":{"angle":0,"axis":"y","origin":[12,36,18]},"faces":{"north":{"uv":[7,4,7.5,4.5],"texture":"#0"},"east":{"uv":[7,4,7.5,4.5],"texture":"#0"},"south":{"uv":[7,4,7.5,4.5],"texture":"#0"},"west":{"uv":[7,4,7.5,4.5],"texture":"#0"},"up":{"uv":[7,4,7.5,4.5],"texture":"#0"},"down":{"uv":[7,4,7.5,4.5],"texture":"#0"}}},{"name":"back2H","from":[11,27,3],"to":[12,28,4],"rotation":{"angle":0,"axis":"y","origin":[12,36,18]},"faces":{"north":{"uv":[7.5,4,8,4.5],"texture":"#0"},"east":{"uv":[3.5,4,4,4.5],"texture":"#0"},"south":{"uv":[7.5,4,8,4.5],"texture":"#0"},"west":{"uv":[7.5,4,8,4.5],"texture":"#0"},"up":{"uv":[7.5,4,8,4.5],"texture":"#0"},"down":{"uv":[7.5,4,8,4.5],"texture":"#0"}}},{"name":"back2H","from":[12,27,3],"to":[13,28,4],"rotation":{"angle":0,"axis":"y","origin":[12,36,18]},"faces":{"north":{"uv":[7.5,4,8,4.5],"texture":"#0"},"east":{"uv":[3.5,4,4,4.5],"texture":"#0"},"south":{"uv":[7.5,4,8,4.5],"texture":"#0"},"west":{"uv":[7.5,4,8,4.5],"texture":"#0"},"up":{"uv":[7.5,4,8,4.5],"texture":"#0"},"down":{"uv":[7.5,4,8,4.5],"texture":"#0"}}},{"name":"back2H","from":[11,27,3],"to":[12,28,4],"rotation":{"angle":0,"axis":"y","origin":[12,36,18]},"faces":{"north":{"uv":[7.5,4,8,4.5],"texture":"#0"},"east":{"uv":[3.5,4,4,4.5],"texture":"#0"},"south":{"uv":[7.5,4,8,4.5],"texture":"#0"},"west":{"uv":[7.5,4,8,4.5],"texture":"#0"},"up":{"uv":[7.5,4,8,4.5],"texture":"#0"},"down":{"uv":[7.5,4,8,4.5],"texture":"#0"}}},{"name":"back2H","from":[4,25,3],"to":[5,26,4],"rotation":{"angle":0,"axis":"y","origin":[12,36,18]},"faces":{"north":{"uv":[4,5,4.5,5.5],"texture":"#0"},"east":{"uv":[4,5,4.5,5.5],"texture":"#0"},"south":{"uv":[4,5,4.5,5.5],"texture":"#0"},"west":{"uv":[4,1,4.5,1.5],"texture":"#0"},"up":{"uv":[4,5,4.5,5.5],"texture":"#0"},"down":{"uv":[4,5,4.5,5.5],"texture":"#0"}}},{"name":"back2H","from":[4,24,3],"to":[5,25,4],"rotation":{"angle":0,"axis":"y","origin":[12,36,18]},"faces":{"north":{"uv":[4,5.5,4.5,6],"texture":"#0"},"east":{"uv":[4,5.5,4.5,6],"texture":"#0"},"south":{"uv":[4,5.5,4.5,6],"texture":"#0"},"west":{"uv":[4,1.5,4.5,2],"texture":"#0"},"up":{"uv":[4,5.5,4.5,6],"texture":"#0"},"down":{"uv":[4,5.5,4.5,6],"texture":"#0"}}},{"name":"back2H","from":[5,25,3],"to":[6,26,4],"rotation":{"angle":0,"axis":"y","origin":[12,36,18]},"faces":{"north":{"uv":[5,5,5.5,5.5],"texture":"#0"},"east":{"uv":[5,5,5.5,5.5],"texture":"#0"},"south":{"uv":[4.5,5,5,5.5],"texture":"#0"},"west":{"uv":[5,5,5.5,5.5],"texture":"#0"},"up":{"uv":[5,5,5.5,5.5],"texture":"#0"},"down":{"uv":[5,5,5.5,5.5],"texture":"#0"}}},{"name":"back2H","from":[6,25,3],"to":[7,26,4],"rotation":{"angle":0,"axis":"y","origin":[12,36,18]},"faces":{"north":{"uv":[5,5,5.5,5.5],"texture":"#0"},"east":{"uv":[5,5,5.5,5.5],"texture":"#0"},"south":{"uv":[5,5,5.5,5.5],"texture":"#0"},"west":{"uv":[5,5,5.5,5.5],"texture":"#0"},"up":{"uv":[5,5,5.5,5.5],"texture":"#0"},"down":{"uv":[5,5,5.5,5.5],"texture":"#0"}}},{"name":"back2H","from":[7,25,3],"to":[8,26,4],"rotation":{"angle":0,"axis":"y","origin":[12,36,18]},"faces":{"north":{"uv":[5.5,5,6,5.5],"texture":"#0"},"east":{"uv":[5.5,5,6,5.5],"texture":"#0"},"south":{"uv":[5.5,5,6,5.5],"texture":"#0"},"west":{"uv":[5.5,5,6,5.5],"texture":"#0"},"up":{"uv":[5.5,5,6,5.5],"texture":"#0"},"down":{"uv":[5.5,5,6,5.5],"texture":"#0"}}},{"name":"back2H","from":[8,25,3],"to":[9,26,4],"rotation":{"angle":0,"axis":"y","origin":[12,36,18]},"faces":{"north":{"uv":[6,5,6.5,5.5],"texture":"#0"},"east":{"uv":[6,5,6.5,5.5],"texture":"#0"},"south":{"uv":[6,5,6.5,5.5],"texture":"#0"},"west":{"uv":[6,5,6.5,5.5],"texture":"#0"},"up":{"uv":[6,5,6.5,5.5],"texture":"#0"},"down":{"uv":[6,5,6.5,5.5],"texture":"#0"}}},{"name":"back2H","from":[9,25,3],"to":[10,26,4],"rotation":{"angle":0,"axis":"y","origin":[12,36,18]},"faces":{"north":{"uv":[6.5,5,7,5.5],"texture":"#0"},"east":{"uv":[6.5,5,7,5.5],"texture":"#0"},"south":{"uv":[6.5,5,7,5.5],"texture":"#0"},"west":{"uv":[6.5,5,7,5.5],"texture":"#0"},"up":{"uv":[6.5,5,7,5.5],"texture":"#0"},"down":{"uv":[6.5,5,7,5.5],"texture":"#0"}}},{"name":"back2H","from":[10,25,3],"to":[11,26,4],"rotation":{"angle":0,"axis":"y","origin":[12,36,18]},"faces":{"north":{"uv":[6.5,5,7,5.5],"texture":"#0"},"east":{"uv":[6.5,5,7,5.5],"texture":"#0"},"south":{"uv":[6.5,5,7,5.5],"texture":"#0"},"west":{"uv":[6.5,5,7,5.5],"texture":"#0"},"up":{"uv":[6.5,5,7,5.5],"texture":"#0"},"down":{"uv":[6.5,5,7,5.5],"texture":"#0"}}},{"name":"back2H","from":[11,25,3],"to":[12,26,4],"rotation":{"angle":0,"axis":"y","origin":[12,36,18]},"faces":{"north":{"uv":[5,5,5.5,5.5],"texture":"#0"},"east":{"uv":[3.5,5,4,5.5],"texture":"#0"},"south":{"uv":[7.5,5,8,5.5],"texture":"#0"},"west":{"uv":[7.5,5,8,5.5],"texture":"#0"},"up":{"uv":[7.5,5,8,5.5],"texture":"#0"},"down":{"uv":[7.5,5,8,5.5],"texture":"#0"}}},{"name":"back2H","from":[12,25,3],"to":[13,26,4],"rotation":{"angle":0,"axis":"y","origin":[12,36,18]},"faces":{"north":{"uv":[7.5,5,8,5.5],"texture":"#0"},"east":{"uv":[3.5,5,4,5.5],"texture":"#0"},"south":{"uv":[7.5,5,8,5.5],"texture":"#0"},"west":{"uv":[7.5,5,8,5.5],"texture":"#0"},"up":{"uv":[7.5,5,8,5.5],"texture":"#0"},"down":{"uv":[7.5,5,8,5.5],"texture":"#0"}}},{"name":"back2H","from":[4,26,3],"to":[5,27,4],"rotation":{"angle":0,"axis":"y","origin":[12,36,18]},"faces":{"north":{"uv":[4,4.5,4.5,5],"texture":"#0"},"east":{"uv":[4,4.5,4.5,5],"texture":"#0"},"south":{"uv":[4,4.5,4.5,5],"texture":"#0"},"west":{"uv":[4,0.5,4.5,1],"texture":"#0"},"up":{"uv":[4,4.5,4.5,5],"texture":"#0"},"down":{"uv":[4,4.5,4.5,5],"texture":"#0"}}},{"name":"back2H","from":[5,26,3],"to":[6,27,4],"rotation":{"angle":0,"axis":"y","origin":[12,36,18]},"faces":{"north":{"uv":[4.5,4.5,5,5],"texture":"#0"},"east":{"uv":[4.5,4.5,5,5],"texture":"#0"},"south":{"uv":[4.5,4.5,5,5],"texture":"#0"},"west":{"uv":[4.5,4.5,5,5],"texture":"#0"},"up":{"uv":[4.5,4.5,5,5],"texture":"#0"},"down":{"uv":[4.5,4.5,5,5],"texture":"#0"}}},{"name":"back2H","from":[6,26,3],"to":[7,27,4],"rotation":{"angle":0,"axis":"y","origin":[12,36,18]},"faces":{"north":{"uv":[5,4.5,5.5,5],"texture":"#0"},"east":{"uv":[5,4.5,5.5,5],"texture":"#0"},"south":{"uv":[5,4.5,5.5,5],"texture":"#0"},"west":{"uv":[5,4.5,5.5,5],"texture":"#0"},"up":{"uv":[5,4.5,5.5,5],"texture":"#0"},"down":{"uv":[5,4.5,5.5,5],"texture":"#0"}}},{"name":"back2H","from":[7,26,3],"to":[8,27,4],"rotation":{"angle":0,"axis":"y","origin":[12,36,18]},"faces":{"north":{"uv":[5.5,4.5,6,5],"texture":"#0"},"east":{"uv":[5.5,4.5,6,5],"texture":"#0"},"south":{"uv":[5.5,4.5,6,5],"texture":"#0"},"west":{"uv":[5.5,4.5,6,5],"texture":"#0"},"up":{"uv":[5.5,4.5,6,5],"texture":"#0"},"down":{"uv":[5.5,4.5,6,5],"texture":"#0"}}},{"name":"back2H","from":[8,26,3],"to":[9,27,4],"rotation":{"angle":0,"axis":"y","origin":[12,36,18]},"faces":{"north":{"uv":[6,4.5,6.5,5],"texture":"#0"},"east":{"uv":[6,4.5,6.5,5],"texture":"#0"},"south":{"uv":[6,4.5,6.5,5],"texture":"#0"},"west":{"uv":[6,4.5,6.5,5],"texture":"#0"},"up":{"uv":[6,4.5,6.5,5],"texture":"#0"},"down":{"uv":[6,4.5,6.5,5],"texture":"#0"}}},{"name":"back2H","from":[9,26,3],"to":[10,27,4],"rotation":{"angle":0,"axis":"y","origin":[12,36,18]},"faces":{"north":{"uv":[6.5,4.5,7,5],"texture":"#0"},"east":{"uv":[6.5,4.5,7,5],"texture":"#0"},"south":{"uv":[6.5,4.5,7,5],"texture":"#0"},"west":{"uv":[6.5,4.5,7,5],"texture":"#0"},"up":{"uv":[6.5,4.5,7,5],"texture":"#0"},"down":{"uv":[6.5,4.5,7,5],"texture":"#0"}}},{"name":"back2H","from":[10,26,3],"to":[11,27,4],"rotation":{"angle":0,"axis":"y","origin":[12,36,18]},"faces":{"north":{"uv":[7,4.5,7.5,5],"texture":"#0"},"east":{"uv":[7,4.5,7.5,5],"texture":"#0"},"south":{"uv":[7,4.5,7.5,5],"texture":"#0"},"west":{"uv":[7,4.5,7.5,5],"texture":"#0"},"up":{"uv":[7,4.5,7.5,5],"texture":"#0"},"down":{"uv":[7,4.5,7.5,5],"texture":"#0"}}},{"name":"back2H","from":[12,26,3],"to":[13,27,4],"rotation":{"angle":0,"axis":"y","origin":[12,36,18]},"faces":{"north":{"uv":[7.5,4.5,8,5],"texture":"#0"},"east":{"uv":[3.5,4.5,4,5],"texture":"#0"},"south":{"uv":[7.5,4.5,8,5],"texture":"#0"},"west":{"uv":[7.5,4.5,8,5],"texture":"#0"},"up":{"uv":[7.5,4.5,8,5],"texture":"#0"},"down":{"uv":[7.5,4.5,8,5],"texture":"#0"}}},{"name":"back2H","from":[11,26,3],"to":[12,27,4],"rotation":{"angle":0,"axis":"y","origin":[12,36,18]},"faces":{"north":{"uv":[6,4.5,6.5,5],"texture":"#0"},"east":{"uv":[3.5,4.5,4,5],"texture":"#0"},"south":{"uv":[7.5,4.5,8,5],"texture":"#0"},"west":{"uv":[7.5,4.5,8,5],"texture":"#0"},"up":{"uv":[7.5,4.5,8,5],"texture":"#0"},"down":{"uv":[7.5,4.5,8,5],"texture":"#0"}}},{"name":"back2H","from":[10,24,3],"to":[11,25,4],"rotation":{"angle":0,"axis":"y","origin":[12,36,18]},"faces":{"north":{"uv":[7,5.5,7.5,6],"texture":"#0"},"east":{"uv":[7,5.5,7.5,6],"texture":"#0"},"south":{"uv":[7,5.5,7.5,6],"texture":"#0"},"west":{"uv":[7,5.5,7.5,6],"texture":"#0"},"up":{"uv":[7,5.5,7.5,6],"texture":"#0"},"down":{"uv":[7,5.5,7.5,6],"texture":"#0"}}},{"name":"back2H","from":[11,24,3],"to":[12,25,4],"rotation":{"angle":0,"axis":"y","origin":[12,36,18]},"faces":{"north":{"uv":[7.5,5.5,8,6],"texture":"#0"},"east":{"uv":[3.5,5.5,4,6],"texture":"#0"},"south":{"uv":[7.5,5.5,8,6],"texture":"#0"},"west":{"uv":[7.5,5.5,8,6],"texture":"#0"},"up":{"uv":[7.5,5.5,8,6],"texture":"#0"},"down":{"uv":[7.5,5.5,8,6],"texture":"#0"}}},{"name":"back2H","from":[12,24,3],"to":[13,25,4],"rotation":{"angle":0,"axis":"y","origin":[12,36,18]},"faces":{"north":{"uv":[7.5,5.5,8,6],"texture":"#0"},"east":{"uv":[3.5,5.5,4,6],"texture":"#0"},"south":{"uv":[7.5,5.5,8,6],"texture":"#0"},"west":{"uv":[7.5,5.5,8,6],"texture":"#0"},"up":{"uv":[7.5,5.5,8,6],"texture":"#0"},"down":{"uv":[7.5,5.5,8,6],"texture":"#0"}}},{"name":"back2H","from":[11,23,3],"to":[12,24,4],"rotation":{"angle":0,"axis":"y","origin":[12,36,18]},"faces":{"north":{"uv":[3.5,6,4,6.5],"texture":"#0"},"east":{"uv":[3.5,6,4,6.5],"texture":"#0"},"south":{"uv":[3.5,6,4,6.5],"texture":"#0"},"west":{"uv":[3.5,6,4,6.5],"texture":"#0"},"up":{"uv":[3.5,6,4,6.5],"texture":"#0"},"down":{"uv":[3.5,6,4,6.5],"texture":"#0"}}},{"name":"back2H","from":[12,23,3],"to":[13,24,4],"rotation":{"angle":0,"axis":"y","origin":[12,36,18]},"faces":{"north":{"uv":[3.5,6,4,6.5],"texture":"#0"},"east":{"uv":[3.5,6,4,6.5],"texture":"#0"},"south":{"uv":[3.5,6,4,6.5],"texture":"#0"},"west":{"uv":[3.5,6,4,6.5],"texture":"#0"},"up":{"uv":[3.5,6,4,6.5],"texture":"#0"},"down":{"uv":[3.5,6,4,6.5],"texture":"#0"}}},{"name":"back2H","from":[9,24,3],"to":[10,25,4],"rotation":{"angle":0,"axis":"y","origin":[12,36,18]},"faces":{"north":{"uv":[6.5,5.5,7,6],"texture":"#0"},"east":{"uv":[6.5,5.5,7,6],"texture":"#0"},"south":{"uv":[6.5,5.5,7,6],"texture":"#0"},"west":{"uv":[6.5,5.5,7,6],"texture":"#0"},"up":{"uv":[6.5,5.5,7,6],"texture":"#0"},"down":{"uv":[6.5,5.5,7,6],"texture":"#0"}}},{"name":"back2H","from":[4,23,3],"to":[5,24,4],"rotation":{"angle":0,"axis":"y","origin":[12,36,18]},"faces":{"north":{"uv":[4,6,4.5,6.5],"texture":"#0"},"east":{"uv":[4,6,4.5,6.5],"texture":"#0"},"south":{"uv":[4,6,4.5,6.5],"texture":"#0"},"west":{"uv":[4,2,4.5,2.5],"texture":"#0"},"up":{"uv":[4,6,4.5,6.5],"texture":"#0"},"down":{"uv":[4,6,4.5,6.5],"texture":"#0"}}},{"name":"back2H","from":[4,22,3],"to":[5,23,4],"rotation":{"angle":0,"axis":"y","origin":[12,36,18]},"faces":{"north":{"uv":[4,6,4.5,6.5],"texture":"#0"},"east":{"uv":[4,6,4.5,6.5],"texture":"#0"},"south":{"uv":[4,6,4.5,6.5],"texture":"#0"},"west":{"uv":[4,2.5,4.5,3],"texture":"#0"},"up":{"uv":[4,6,4.5,6.5],"texture":"#0"},"down":{"uv":[4,6,4.5,6.5],"texture":"#0"}}},{"name":"back2H","from":[7,21,3],"to":[8,22,4],"rotation":{"angle":0,"axis":"y","origin":[12,36,18]},"faces":{"north":{"uv":[5.5,7,6,7.5],"texture":"#0"},"east":{"uv":[5.5,7,6,7.5],"texture":"#0"},"south":{"uv":[5.5,7,6,7.5],"texture":"#0"},"west":{"uv":[5.5,7,6,7.5],"texture":"#0"},"up":{"uv":[5.5,7,6,7.5],"texture":"#0"},"down":{"uv":[5.5,7,6,7.5],"texture":"#0"}}},{"name":"back2H","from":[7,22,3],"to":[8,23,4],"rotation":{"angle":0,"axis":"y","origin":[12,36,18]},"faces":{"north":{"uv":[5.5,6.5,6,7],"texture":"#0"},"east":{"uv":[5.5,6.5,6,7],"texture":"#0"},"south":{"uv":[5.5,6.5,6,7],"texture":"#0"},"west":{"uv":[5.5,6.5,6,7],"texture":"#0"},"up":{"uv":[5.5,6.5,6,7],"texture":"#0"},"down":{"uv":[5.5,6.5,6,7],"texture":"#0"}}},{"name":"back2H","from":[7,24,3],"to":[8,25,4],"rotation":{"angle":0,"axis":"y","origin":[12,36,18]},"faces":{"north":{"uv":[5.5,5.5,6,6],"texture":"#0"},"east":{"uv":[5.5,5.5,6,6],"texture":"#0"},"south":{"uv":[5.5,5.5,6,6],"texture":"#0"},"west":{"uv":[5.5,5.5,6,6],"texture":"#0"},"up":{"uv":[5.5,5.5,6,6],"texture":"#0"},"down":{"uv":[5.5,5.5,6,6],"texture":"#0"}}},{"name":"back2H","from":[7,23,3],"to":[8,24,4],"rotation":{"angle":0,"axis":"y","origin":[12,36,18]},"faces":{"north":{"uv":[5.5,6,6,6.5],"texture":"#0"},"east":{"uv":[5.5,6,6,6.5],"texture":"#0"},"south":{"uv":[5.5,6,6,6.5],"texture":"#0"},"west":{"uv":[5.5,6,6,6.5],"texture":"#0"},"up":{"uv":[5.5,6,6,6.5],"texture":"#0"},"down":{"uv":[5.5,6,6,6.5],"texture":"#0"}}},{"name":"back2H","from":[5,23,3],"to":[6,24,4],"rotation":{"angle":0,"axis":"y","origin":[12,36,18]},"faces":{"north":{"uv":[4.5,6,5,6.5],"texture":"#0"},"east":{"uv":[4.5,6,5,6.5],"texture":"#0"},"south":{"uv":[4.5,6,5,6.5],"texture":"#0"},"west":{"uv":[4.5,6,5,6.5],"texture":"#0"},"up":{"uv":[4.5,6,5,6.5],"texture":"#0"},"down":{"uv":[4.5,6,5,6.5],"texture":"#0"}}},{"name":"back2H","from":[6,23,3],"to":[7,24,4],"rotation":{"angle":0,"axis":"y","origin":[12,36,18]},"faces":{"north":{"uv":[4.5,6,5,6.5],"texture":"#0"},"east":{"uv":[4.5,6,5,6.5],"texture":"#0"},"south":{"uv":[5,6,5.5,6.5],"texture":"#0"},"west":{"uv":[4.5,6,5,6.5],"texture":"#0"},"up":{"uv":[4.5,6,5,6.5],"texture":"#0"},"down":{"uv":[4.5,6,5,6.5],"texture":"#0"}}},{"name":"back2H","from":[6,24,3],"to":[7,25,4],"rotation":{"angle":0,"axis":"y","origin":[12,36,18]},"faces":{"north":{"uv":[5,5.5,5.5,6],"texture":"#0"},"east":{"uv":[5,5.5,5.5,6],"texture":"#0"},"south":{"uv":[5,5.5,5.5,6],"texture":"#0"},"west":{"uv":[5,5.5,5.5,6],"texture":"#0"},"up":{"uv":[5,5.5,5.5,6],"texture":"#0"},"down":{"uv":[5,5.5,5.5,6],"texture":"#0"}}},{"name":"back2H","from":[5,24,3],"to":[6,25,4],"rotation":{"angle":0,"axis":"y","origin":[12,36,18]},"faces":{"north":{"uv":[4.5,5.5,5,6],"texture":"#0"},"east":{"uv":[4.5,5.5,5,6],"texture":"#0"},"south":{"uv":[4.5,5.5,5,6],"texture":"#0"},"west":{"uv":[4.5,5.5,5,6],"texture":"#0"},"up":{"uv":[4.5,5.5,5,6],"texture":"#0"},"down":{"uv":[4.5,5.5,5,6],"texture":"#0"}}},{"name":"back2H","from":[3,20,6],"to":[4,21,10],"rotation":{"angle":0,"axis":"y","origin":[12,36,18]},"faces":{"north":{"uv":[5.5,3.5,6,4],"texture":"#0"},"east":{"uv":[5.5,3.5,6.5,4],"texture":"#0"},"south":{"uv":[6,3.5,6.5,4],"texture":"#0"},"west":{"uv":[5.5,3.5,6.5,4],"texture":"#0"},"up":{"uv":[5.5,3.5,6.5,4],"texture":"#0"},"down":{"uv":[5.5,3.5,6.5,4],"rotation":270,"texture":"#0"}}},{"name":"back2H","from":[3,21,5],"to":[4,22,11],"rotation":{"angle":0,"axis":"y","origin":[12,36,18]},"faces":{"north":{"uv":[5,3,5.5,3.5],"texture":"#0"},"east":{"uv":[5,3,7,3.5],"texture":"#0"},"south":{"uv":[6.5,3,7,3.5],"texture":"#0"},"west":{"uv":[5,3,7,3.5],"texture":"#0"},"up":{"uv":[5,3,7,3.5],"texture":"#0"},"down":{"uv":[5,3,7,3.5],"rotation":270,"texture":"#0"}}},{"name":"back2H","from":[3,22,5],"to":[4,28,11],"rotation":{"angle":0,"axis":"y","origin":[12,36,18]},"faces":{"north":{"uv":[4.5,0,5,3],"texture":"#0"},"east":{"uv":[4.5,0,7.5,3],"texture":"#0"},"south":{"uv":[7,0,7.5,3],"texture":"#0"},"west":{"uv":[4.5,0,7.5,3],"texture":"#0"},"up":{"uv":[4.5,0,5.5,0.5],"texture":"#0"},"down":{"uv":[4.5,2.5,7.5,3],"rotation":270,"texture":"#0"}}},{"name":"back2H","from":[3,22,3],"to":[4,28,4],"rotation":{"angle":0,"axis":"y","origin":[12,36,18]},"faces":{"north":{"uv":[4,0,4.5,3],"texture":"#0"},"east":{"uv":[4,0,4.5,3],"texture":"#0"},"south":{"uv":[4,0,4.5,3],"texture":"#0"},"west":{"uv":[4,0,4.5,3],"texture":"#0"},"up":{"uv":[4,0,4.5,0.5],"texture":"#0"},"down":{"uv":[4,0,4.5,0.5],"texture":"#0"}}},{"name":"back2H","from":[3,22,4],"to":[4,28,5],"rotation":{"angle":0,"axis":"y","origin":[12,36,18]},"faces":{"north":{"uv":[4.5,0,5,3],"texture":"#0"},"east":{"uv":[4.5,0,7.5,3],"texture":"#0"},"south":{"uv":[7,0,7.5,3],"texture":"#0"},"west":{"uv":[4.5,0,5,3],"texture":"#0"},"up":{"uv":[4.5,0,5.5,0.5],"texture":"#0"},"down":{"uv":[7,2.5,7.5,3],"rotation":270,"texture":"#0"}}},{"name":"back2H","from":[3,22,12],"to":[4,28,13],"rotation":{"angle":0,"axis":"y","origin":[12,36,18]},"faces":{"north":{"uv":[4.5,0,5,3],"texture":"#0"},"east":{"uv":[4.5,0,7.5,3],"texture":"#0"},"south":{"uv":[7,0,7.5,3],"texture":"#0"},"west":{"uv":[4,0,4.5,3],"texture":"#0"},"up":{"uv":[4.5,0,5.5,0.5],"texture":"#0"},"down":{"uv":[7,2.5,7.5,3],"rotation":270,"texture":"#0"}}},{"name":"back2H","from":[3,22,11],"to":[4,28,12],"rotation":{"angle":0,"axis":"y","origin":[12,36,18]},"faces":{"north":{"uv":[4.5,0,5,3],"texture":"#0"},"east":{"uv":[4.5,0,7.5,3],"texture":"#0"},"south":{"uv":[7,0,7.5,3],"texture":"#0"},"west":{"uv":[7,0,7.5,3],"texture":"#0"},"up":{"uv":[4.5,0,5.5,0.5],"texture":"#0"},"down":{"uv":[7,2.5,7.5,3],"rotation":270,"texture":"#0"}}},{"name":"back2H","from":[12,27,10],"to":[13,28,11],"rotation":{"angle":0,"axis":"y","origin":[12,36,18]},"faces":{"north":{"uv":[0.5,4,1,4.5],"texture":"#0"},"east":{"uv":[0.5,4,1,4.5],"texture":"#0"},"south":{"uv":[0.5,4,1,4.5],"texture":"#0"},"west":{"uv":[0.5,4,1,4.5],"texture":"#0"},"up":{"uv":[0.5,4,1,4.5],"texture":"#0"},"down":{"uv":[0.5,4,1,4.5],"texture":"#0"}}},{"name":"back2H","from":[12,27,11],"to":[13,28,12],"rotation":{"angle":0,"axis":"y","origin":[12,36,18]},"faces":{"north":{"uv":[0,4,0.5,4.5],"texture":"#0"},"east":{"uv":[0,4,0.5,4.5],"texture":"#0"},"south":{"uv":[0,4,0.5,4.5],"texture":"#0"},"west":{"uv":[0,4,0.5,4.5],"texture":"#0"},"up":{"uv":[0,4,0.5,4.5],"texture":"#0"},"down":{"uv":[0,4,0.5,4.5],"texture":"#0"}}},{"name":"back2H","from":[12,26,11],"to":[13,27,12],"rotation":{"angle":0,"axis":"y","origin":[12,36,18]},"faces":{"north":{"uv":[0,4.5,0.5,5],"texture":"#0"},"east":{"uv":[0.5,4.5,1,5],"texture":"#0"},"south":{"uv":[0,4.5,0.5,5],"texture":"#0"},"west":{"uv":[0,4.5,0.5,5],"texture":"#0"},"up":{"uv":[0,4.5,0.5,5],"texture":"#0"},"down":{"uv":[0,4.5,0.5,5],"texture":"#0"}}},{"name":"back2H","from":[12,25,11],"to":[13,26,12],"rotation":{"angle":0,"axis":"y","origin":[12,36,18]},"faces":{"north":{"uv":[0,5,0.5,5.5],"texture":"#0"},"east":{"uv":[1,5,1.5,5.5],"texture":"#0"},"south":{"uv":[0,5,0.5,5.5],"texture":"#0"},"west":{"uv":[0,5,0.5,5.5],"texture":"#0"},"up":{"uv":[0,5,0.5,5.5],"texture":"#0"},"down":{"uv":[0,5,0.5,5.5],"texture":"#0"}}},{"name":"back2H","from":[12,24,11],"to":[13,25,12],"rotation":{"angle":0,"axis":"y","origin":[12,36,18]},"faces":{"north":{"uv":[0,5.5,0.5,6],"texture":"#0"},"east":{"uv":[0,5.5,0.5,6],"texture":"#0"},"south":{"uv":[0,5.5,0.5,6],"texture":"#0"},"west":{"uv":[0,5.5,0.5,6],"texture":"#0"},"up":{"uv":[0,5.5,0.5,6],"texture":"#0"},"down":{"uv":[0,5.5,0.5,6],"texture":"#0"}}},{"name":"back2H","from":[12,23,11],"to":[13,24,12],"rotation":{"angle":0,"axis":"y","origin":[12,36,18]},"faces":{"north":{"uv":[0,6,0.5,6.5],"texture":"#0"},"east":{"uv":[0,6,0.5,6.5],"texture":"#0"},"south":{"uv":[0,6,0.5,6.5],"texture":"#0"},"west":{"uv":[0,6,0.5,6.5],"texture":"#0"},"up":{"uv":[0,6,0.5,6.5],"texture":"#0"},"down":{"uv":[0,6,0.5,6.5],"texture":"#0"}}},{"name":"back2H","from":[12,24,5],"to":[13,27,11],"rotation":{"angle":0,"axis":"y","origin":[12,36,18]},"faces":{"north":{"uv":[0.5,4.5,3.5,6],"texture":"#0"},"east":{"uv":[0.5,4.5,3.5,6],"texture":"#0"},"south":{"uv":[0.5,5.5,3.5,6],"texture":"#0"},"west":{"uv":[0.5,4.5,3.5,6],"texture":"#0"},"up":{"uv":[0.5,4.5,3.5,5],"texture":"#0"},"down":{"uv":[0.5,5.5,3.5,6],"rotation":270,"texture":"#0"}}},{"name":"back2H","from":[12,27,9],"to":[13,28,10],"rotation":{"angle":0,"axis":"y","origin":[12,36,18]},"faces":{"north":{"uv":[1,4,1.5,4.5],"texture":"#0"},"east":{"uv":[1,4,1.5,4.5],"texture":"#0"},"south":{"uv":[1,4,1.5,4.5],"texture":"#0"},"west":{"uv":[1,4,1.5,4.5],"texture":"#0"},"up":{"uv":[1,4,1.5,4.5],"texture":"#0"},"down":{"uv":[1,4,1.5,4.5],"texture":"#0"}}},{"name":"back2H","from":[12,27,8],"to":[13,28,9],"rotation":{"angle":0,"axis":"y","origin":[12,36,18]},"faces":{"north":{"uv":[1.5,4,2,4.5],"texture":"#0"},"east":{"uv":[1.5,4,2,4.5],"texture":"#0"},"south":{"uv":[1.5,4,2,4.5],"texture":"#0"},"west":{"uv":[1.5,4,2,4.5],"texture":"#0"},"up":{"uv":[1.5,4,2,4.5],"texture":"#0"},"down":{"uv":[1.5,4,2,4.5],"texture":"#0"}}},{"name":"back2H","from":[12,27,7],"to":[13,28,8],"rotation":{"angle":0,"axis":"y","origin":[12,36,18]},"faces":{"north":{"uv":[2,4,2.5,4.5],"texture":"#0"},"east":{"uv":[2,4,2.5,4.5],"texture":"#0"},"south":{"uv":[2,4,2.5,4.5],"texture":"#0"},"west":{"uv":[2,4,2.5,4.5],"texture":"#0"},"up":{"uv":[2,4,2.5,4.5],"texture":"#0"},"down":{"uv":[2,4,2.5,4.5],"texture":"#0"}}},{"name":"back2H","from":[12,27,6],"to":[13,28,7],"rotation":{"angle":0,"axis":"y","origin":[12,36,18]},"faces":{"north":{"uv":[2.5,4,3,4.5],"texture":"#0"},"east":{"uv":[2.5,4,3,4.5],"texture":"#0"},"south":{"uv":[2.5,4,3,4.5],"texture":"#0"},"west":{"uv":[2.5,4,3,4.5],"texture":"#0"},"up":{"uv":[2.5,4,3,4.5],"texture":"#0"},"down":{"uv":[2.5,4,3,4.5],"texture":"#0"}}},{"name":"back2H","from":[12,27,5],"to":[13,28,6],"rotation":{"angle":0,"axis":"y","origin":[12,36,18]},"faces":{"north":{"uv":[3,4,3.5,4.5],"texture":"#0"},"east":{"uv":[3,4,3.5,4.5],"texture":"#0"},"south":{"uv":[3,4,3.5,4.5],"texture":"#0"},"west":{"uv":[3,4,3.5,4.5],"texture":"#0"},"up":{"uv":[3,4,3.5,4.5],"texture":"#0"},"down":{"uv":[3,4,3.5,4.5],"texture":"#0"}}},{"name":"back2H","from":[12,27,4],"to":[13,28,5],"rotation":{"angle":0,"axis":"y","origin":[12,36,18]},"faces":{"north":{"uv":[3,4,3.5,4.5],"texture":"#0"},"east":{"uv":[3.5,4,4,4.5],"texture":"#0"},"south":{"uv":[3,4,3.5,4.5],"texture":"#0"},"west":{"uv":[3,4,3.5,4.5],"texture":"#0"},"up":{"uv":[3,4,3.5,4.5],"texture":"#0"},"down":{"uv":[3,4,3.5,4.5],"texture":"#0"}}},{"name":"back2H","from":[12,26,4],"to":[13,27,5],"rotation":{"angle":0,"axis":"y","origin":[12,36,18]},"faces":{"north":{"uv":[3.5,4.5,4,5],"texture":"#0"},"east":{"uv":[3,4.5,3.5,5],"texture":"#0"},"south":{"uv":[3.5,4.5,4,5],"texture":"#0"},"west":{"uv":[3.5,4.5,4,5],"texture":"#0"},"up":{"uv":[3.5,4.5,4,5],"texture":"#0"},"down":{"uv":[3.5,4.5,4,5],"texture":"#0"}}},{"name":"back2H","from":[12,25,4],"to":[13,26,5],"rotation":{"angle":0,"axis":"y","origin":[12,36,18]},"faces":{"north":{"uv":[3.5,5,4,5.5],"texture":"#0"},"east":{"uv":[3,5,3.5,5.5],"texture":"#0"},"south":{"uv":[3.5,5,4,5.5],"texture":"#0"},"west":{"uv":[3.5,5,4,5.5],"texture":"#0"},"up":{"uv":[3.5,5,4,5.5],"texture":"#0"},"down":{"uv":[3.5,5,4,5.5],"texture":"#0"}}},{"name":"back2H","from":[12,24,4],"to":[13,25,5],"rotation":{"angle":0,"axis":"y","origin":[12,36,18]},"faces":{"north":{"uv":[3.5,5.5,4,6],"texture":"#0"},"east":{"uv":[3,5.5,3.5,6],"texture":"#0"},"south":{"uv":[3.5,5.5,4,6],"texture":"#0"},"west":{"uv":[3.5,5.5,4,6],"texture":"#0"},"up":{"uv":[3.5,5.5,4,6],"texture":"#0"},"down":{"uv":[3.5,5.5,4,6],"texture":"#0"}}},{"name":"back2H","from":[12,23,4],"to":[13,24,5],"rotation":{"angle":0,"axis":"y","origin":[12,36,18]},"faces":{"north":{"uv":[3.5,6,4,6.5],"texture":"#0"},"east":{"uv":[3.5,6,4,6.5],"texture":"#0"},"south":{"uv":[3.5,6,4,6.5],"texture":"#0"},"west":{"uv":[3.5,6,4,6.5],"texture":"#0"},"up":{"uv":[3.5,6,4,6.5],"texture":"#0"},"down":{"uv":[3.5,6,4,6.5],"texture":"#0"}}},{"name":"back2H","from":[12,27,6],"to":[13,28,7],"rotation":{"angle":0,"axis":"y","origin":[12,36,18]},"faces":{"north":{"uv":[1.5,4,2,4.5],"texture":"#0"},"east":{"uv":[2.5,4,3,4.5],"texture":"#0"},"south":{"uv":[1.5,4,2,4.5],"texture":"#0"},"west":{"uv":[1.5,4,2,4.5],"texture":"#0"},"up":{"uv":[1.5,4,2,4.5],"texture":"#0"},"down":{"uv":[1.5,4,2,4.5],"texture":"#0"}}},{"from":[11,19,4],"to":[12,22,12],"faces":{"north":{"uv":[12,14.5,12.5,16],"texture":"#0"},"east":{"uv":[8,14.5,12,16],"texture":"#0"},"south":{"uv":[7.5,14.5,8,16],"texture":"#0"},"west":{"uv":[0,0,4,1.5],"texture":"#0"},"up":{"uv":[9.5,11,10,15],"texture":"#0"},"down":{"uv":[3.5,12,4,16],"texture":"#0"}}},{"from":[11,22,4],"to":[12,29,5],"faces":{"north":{"uv":[12,11,12.5,14.5],"texture":"#0"},"east":{"uv":[11.5,11,12,14.5],"texture":"#0"},"south":{"uv":[11.5,11,12,14.5],"texture":"#0"},"west":{"uv":[0,0,0.5,3.5],"texture":"#missing"},"up":{"uv":[15.5,10.5,16,11],"texture":"#0"},"down":{"uv":[0,0,0.5,0.5],"texture":"#missing"}}},{"from":[11,22,11],"to":[12,29,12],"faces":{"north":{"uv":[8,11,8.5,14.5],"texture":"#0"},"east":{"uv":[8,11,8.5,14.5],"texture":"#0"},"south":{"uv":[7.5,11,8,14.5],"texture":"#0"},"west":{"uv":[0,0,0.5,3.5],"texture":"#missing"},"up":{"uv":[12,10.5,12.5,11],"texture":"#0"},"down":{"uv":[0,0,0.5,0.5],"texture":"#missing"}}},{"from":[11,22,7],"to":[12,29,9],"faces":{"north":{"uv":[10,11,10.5,14.5],"texture":"#0"},"east":{"uv":[9.5,11,10.5,14.5],"texture":"#0"},"south":{"uv":[9.5,11,10,14.5],"texture":"#0"},"west":{"uv":[0,0,1,3.5],"texture":"#missing"},"up":{"uv":[13.5,10.5,14.5,11],"texture":"#0"},"down":{"uv":[0,0,0.5,1],"texture":"#missing"}}},{"from":[11,24,5],"to":[12,29,7],"faces":{"north":{"uv":[0,0,0.5,2.5],"texture":"#missing"},"east":{"uv":[10.5,11,11.5,13.5],"texture":"#0"},"south":{"uv":[0,0,0.5,2.5],"texture":"#missing"},"west":{"uv":[0,0,1,2.5],"texture":"#missing"},"up":{"uv":[14.5,10,15,11],"texture":"#0"},"down":{"uv":[10,11.5,10.5,12.5],"texture":"#0"}}},{"from":[11,24,9],"to":[12,29,11],"faces":{"north":{"uv":[0,0,0.5,2.5],"texture":"#missing"},"east":{"uv":[8.5,11,9.5,13.5],"texture":"#0"},"south":{"uv":[0,0,0.5,2.5],"texture":"#missing"},"west":{"uv":[0,0,1,2.5],"texture":"#missing"},"up":{"uv":[12.5,10.5,13.5,11],"rotation":270,"texture":"#0"},"down":{"uv":[10,11.5,9.5,12.5],"texture":"#0"}}},{"from":[11,22,5],"to":[11.98,24,11],"faces":{"north":{"uv":[14.5,0.5,15,1],"texture":"#0"},"east":{"uv":[14.5,0.5,15,1],"texture":"#0"},"south":{"uv":[14.5,0.5,15,1],"texture":"#0"},"west":{"uv":[14.5,0.5,15,1],"texture":"#0"},"up":{"uv":[14.5,0.5,15,1],"texture":"#0"},"down":{"uv":[14.5,0.5,15,1],"texture":"#0"}}},{"from":[11,22.9,5],"to":[12,24,7],"faces":{"north":{"uv":[10.5,13.5,11,14],"texture":"#0"},"east":{"uv":[10.5,13.5,11.5,14],"texture":"#0"},"south":{"uv":[11,13.5,11.5,14],"texture":"#0"},"west":{"uv":[10.5,13.5,11.5,14],"texture":"#0"},"up":{"uv":[10.5,13.5,11.5,14],"texture":"#0"},"down":{"uv":[10.5,13.5,11.5,14],"texture":"#0"}}},{"from":[11,22.9,9],"to":[12,24,11],"faces":{"north":{"uv":[8.5,13.5,9,14],"texture":"#0"},"east":{"uv":[8.5,13.5,9.5,14],"texture":"#0"},"south":{"uv":[9,13.5,9.5,14],"texture":"#0"},"west":{"uv":[8.5,13.5,9.5,14],"texture":"#0"},"up":{"uv":[8.5,13.5,9.5,14],"texture":"#0"},"down":{"uv":[8.5,13.5,9.5,14],"texture":"#0"}}},{"from":[11,22.1,6],"to":[12,22.9,7],"faces":{"north":{"uv":[12.5,0.5,13,1],"texture":"#0"},"east":{"uv":[12.5,0.5,13,1],"texture":"#0"},"south":{"uv":[12.5,0.5,13,1],"texture":"#0"},"west":{"uv":[12.5,0.5,13,1],"texture":"#0"},"up":{"uv":[12.5,0.5,13,1],"texture":"#0"},"down":{"uv":[12.5,0.5,13,1],"texture":"#0"}}},{"from":[11,22.1,9],"to":[12,22.9,10],"faces":{"north":{"uv":[12.5,0.5,13,1],"texture":"#0"},"east":{"uv":[12.5,0.5,13,1],"texture":"#0"},"south":{"uv":[12.5,0.5,13,1],"texture":"#0"},"west":{"uv":[12.5,0.5,13,1],"texture":"#0"},"up":{"uv":[12.5,0.5,13,1],"texture":"#0"},"down":{"uv":[12.5,0.5,13,1],"texture":"#0"}}},{"from":[12,23.1,4],"to":[12.1,24.1,7],"faces":{"north":{"uv":[11.5,7.5,12,8],"texture":"#0"},"east":{"uv":[10.5,7.5,12,8],"texture":"#0"},"south":{"uv":[10.5,7.5,11,8],"texture":"#0"},"west":{"uv":[10.5,7.5,12,8],"rotation":180,"texture":"#0"},"up":{"uv":[10.5,7.5,12,8],"rotation":90,"texture":"#0"},"down":{"uv":[10.5,7.5,12,8],"rotation":90,"texture":"#0"}}},{"from":[12,24,4],"to":[12.1,25,6],"faces":{"north":{"uv":[11,7,11.5,7.5],"texture":"#0"},"east":{"uv":[11,7,12,7.5],"texture":"#0"},"south":{"uv":[11,7,11.5,7.5],"texture":"#0"},"west":{"uv":[11,7,12,7.5],"texture":"#0"},"up":{"uv":[11,7,12,7.5],"rotation":90,"texture":"#0"},"down":{"uv":[0,0,0.05,1],"texture":"#missing"}}},{"from":[12,23.1,9],"to":[12.1,24.1,12],"faces":{"north":{"uv":[11.5,9,12,9.5],"texture":"#0"},"east":{"uv":[10.5,9,12,9.5],"texture":"#0"},"south":{"uv":[10.5,9,11,9.5],"texture":"#0"},"west":{"uv":[10.5,9,12,9.5],"rotation":180,"texture":"#0"},"up":{"uv":[10.5,9,12,9.5],"rotation":90,"texture":"#0"},"down":{"uv":[10.5,9,12,9.5],"rotation":90,"texture":"#0"}}},{"from":[12,24,10],"to":[12.1,25,12],"faces":{"north":{"uv":[10.5,8.5,11,9],"texture":"#0"},"east":{"uv":[10.5,8.5,11.5,9],"texture":"#0"},"south":{"uv":[10.5,8.5,11,9],"texture":"#0"},"west":{"uv":[10.5,8.5,11.5,9],"texture":"#0"},"up":{"uv":[10.5,8.5,11.5,9],"rotation":90,"texture":"#0"},"down":{"uv":[0,0,0.05,1],"texture":"#missing"}}},{"from":[4,19,4],"to":[11,29,12],"faces":{"north":{"uv":[12.5,11,16,16],"texture":"#0"},"east":{"uv":[8,11,12,16],"texture":"#0"},"south":{"uv":[4,11,7.5,16],"texture":"#0"},"west":{"uv":[12,2,16,7],"texture":"#0"},"up":{"uv":[12,7,16,10.5],"rotation":270,"texture":"#0"},"down":{"uv":[0,12,3.5,16],"texture":"#0"}}},{"from":[12,18,7],"to":[14,22,9],"faces":{"north":{"uv":[6,9,7,11],"texture":"#0"},"east":{"uv":[5,9,6,11],"texture":"#0"},"south":{"uv":[4,9,5,11],"texture":"#0"},"west":{"uv":[7,9,8,11],"texture":"#0"},"up":{"uv":[5,8,6,9],"texture":"#0"},"down":{"uv":[6,8,7,9],"texture":"#0"}}}],"gui_light":"front"}