{"display":{"thirdperson_righthand":{"rotation":[0,45,0],"scale":[0.3,0.3,0.3]},"thirdperson_lefthand":{"rotation":[0,45,0],"scale":[0.3,0.3,0.3]},"firstperson_righthand":{"rotation":[0,45,0],"scale":[0.3,0.3,0.3]},"firstperson_lefthand":{"rotation":[0,45,0],"scale":[0.3,0.3,0.3]},"ground":{"scale":[4,4,4]},"gui":{"rotation":[0,135,0],"translation":[0,-1,0],"scale":[0.6,0.6,0.6]},"head":{"translation":[0,-12,0],"scale":[4,4,4]},"fixed":{"translation":[0,0,-2]}},"gui_light":"front","textures":{"0":"item/flint/9","1":"item/flint/yellowstone","2":"item/flint/redstone","particle":"item/flint/9"},"elements":[{"from":[2,0,-12],"to":[6,4,-8],"faces":{"north":{"uv":[0,0,8,8],"texture":"#0"},"east":{"uv":[0,0,8,8],"texture":"#0"},"south":{"uv":[0,0,8,8],"texture":"#0"},"west":{"uv":[0,0,8,8],"texture":"#0"},"up":{"uv":[0,0,8,8],"texture":"#0"},"down":{"uv":[0,0,8,8],"texture":"#0"}}},{"from":[2,0,-4],"to":[6,4,0],"faces":{"north":{"uv":[8,0,16,8],"texture":"#0"},"east":{"uv":[8,0,16,8],"texture":"#0"},"south":{"uv":[8,0,16,8],"texture":"#0"},"west":{"uv":[8,0,16,8],"texture":"#0"},"up":{"uv":[8,0,16,8],"texture":"#0"},"down":{"uv":[8,0,16,8],"texture":"#0"}}},{"from":[2,4,-12],"to":[6,8,-8],"faces":{"north":{"uv":[8,0,16,8],"texture":"#0"},"east":{"uv":[8,0,16,8],"texture":"#0"},"south":{"uv":[8,0,16,8],"texture":"#0"},"west":{"uv":[8,0,16,8],"texture":"#0"},"up":{"uv":[8,0,16,8],"texture":"#0"},"down":{"uv":[8,0,16,8],"texture":"#0"}}},{"from":[2,4,-4],"to":[6,8,0],"faces":{"north":{"uv":[8,0,16,8],"texture":"#0"},"east":{"uv":[8,0,16,8],"texture":"#0"},"south":{"uv":[8,0,16,8],"texture":"#0"},"west":{"uv":[8,0,16,8],"texture":"#0"},"up":{"uv":[8,0,16,8],"texture":"#0"},"down":{"uv":[8,0,16,8],"texture":"#0"}}},{"from":[2,4,12],"to":[6,8,16],"faces":{"north":{"uv":[8,0,16,8],"texture":"#0"},"east":{"uv":[8,0,16,8],"texture":"#0"},"south":{"uv":[8,0,16,8],"texture":"#0"},"west":{"uv":[8,0,16,8],"texture":"#0"},"up":{"uv":[8,0,16,8],"texture":"#0"},"down":{"uv":[8,0,16,8],"texture":"#0"}}},{"from":[6,0,-12],"to":[10,4,-8],"faces":{"north":{"uv":[0,0,16,16],"texture":"#1"},"east":{"uv":[0,0,16,16],"texture":"#1"},"south":{"uv":[0,0,16,16],"texture":"#1"},"west":{"uv":[0,0,16,16],"texture":"#1"},"up":{"uv":[0,0,16,16],"texture":"#1"},"down":{"uv":[0,0,16,16],"texture":"#1"}}},{"from":[6,0,-4],"to":[10,4,0],"faces":{"north":{"uv":[8,0,16,8],"texture":"#0"},"east":{"uv":[8,0,16,8],"texture":"#0"},"south":{"uv":[8,0,16,8],"texture":"#0"},"west":{"uv":[8,0,16,8],"texture":"#0"},"up":{"uv":[8,0,16,8],"texture":"#0"},"down":{"uv":[8,0,16,8],"texture":"#0"}}},{"from":[6,4,-12],"to":[10,8,-8],"faces":{"north":{"uv":[8,0,16,8],"texture":"#0"},"east":{"uv":[8,0,16,8],"texture":"#0"},"south":{"uv":[8,0,16,8],"texture":"#0"},"west":{"uv":[8,0,16,8],"texture":"#0"},"up":{"uv":[8,0,16,8],"texture":"#0"},"down":{"uv":[8,0,16,8],"texture":"#0"}}},{"from":[6,4,-4],"to":[10,8,0],"faces":{"north":{"uv":[8,0,16,8],"texture":"#0"},"east":{"uv":[8,0,16,8],"texture":"#0"},"south":{"uv":[8,0,16,8],"texture":"#0"},"west":{"uv":[8,0,16,8],"texture":"#0"},"up":{"uv":[8,0,16,8],"texture":"#0"},"down":{"uv":[8,0,16,8],"texture":"#0"}}},{"from":[6,4,12],"to":[10,8,16],"faces":{"north":{"uv":[8,0,16,8],"texture":"#0"},"east":{"uv":[8,0,16,8],"texture":"#0"},"south":{"uv":[8,0,16,8],"texture":"#0"},"west":{"uv":[8,0,16,8],"texture":"#0"},"up":{"uv":[8,0,16,8],"texture":"#0"},"down":{"uv":[8,0,16,8],"texture":"#0"}}},{"from":[10,0,-12],"to":[14,4,-8],"faces":{"north":{"uv":[0,0,8,8],"texture":"#0"},"east":{"uv":[0,0,8,8],"texture":"#0"},"south":{"uv":[0,0,8,8],"texture":"#0"},"west":{"uv":[0,0,8,8],"texture":"#0"},"up":{"uv":[0,0,8,8],"texture":"#0"},"down":{"uv":[0,0,8,8],"texture":"#0"}}},{"from":[10,0,-4],"to":[14,4,0],"faces":{"north":{"uv":[8,0,16,8],"texture":"#0"},"east":{"uv":[8,0,16,8],"texture":"#0"},"south":{"uv":[8,0,16,8],"texture":"#0"},"west":{"uv":[8,0,16,8],"texture":"#0"},"up":{"uv":[8,0,16,8],"texture":"#0"},"down":{"uv":[8,0,16,8],"texture":"#0"}}},{"from":[10,4,-12],"to":[14,8,-8],"faces":{"north":{"uv":[8,0,16,8],"texture":"#0"},"east":{"uv":[8,0,16,8],"texture":"#0"},"south":{"uv":[8,0,16,8],"texture":"#0"},"west":{"uv":[8,0,16,8],"texture":"#0"},"up":{"uv":[8,0,16,8],"texture":"#0"},"down":{"uv":[8,0,16,8],"texture":"#0"}}},{"from":[10,4,-4],"to":[14,8,0],"faces":{"north":{"uv":[8,0,16,8],"texture":"#0"},"east":{"uv":[8,0,16,8],"texture":"#0"},"south":{"uv":[8,0,16,8],"texture":"#0"},"west":{"uv":[8,0,16,8],"texture":"#0"},"up":{"uv":[8,0,16,8],"texture":"#0"},"down":{"uv":[8,0,16,8],"texture":"#0"}}},{"from":[10,4,12],"to":[14,8,16],"faces":{"north":{"uv":[8,0,16,8],"texture":"#0"},"east":{"uv":[8,0,16,8],"texture":"#0"},"south":{"uv":[8,0,16,8],"texture":"#0"},"west":{"uv":[8,0,16,8],"texture":"#0"},"up":{"uv":[8,0,16,8],"texture":"#0"},"down":{"uv":[8,0,16,8],"texture":"#0"}}},{"from":[10,0,-8],"to":[14,4,-4],"faces":{"north":{"uv":[0,8,8,16],"texture":"#0"},"east":{"uv":[0,8,8,16],"rotation":90,"texture":"#0"},"south":{"uv":[0,8,8,16],"texture":"#0"},"west":{"uv":[0,8,8,16],"rotation":270,"texture":"#0"},"up":{"uv":[0,8,8,16],"texture":"#0"},"down":{"uv":[0,8,8,16],"rotation":180,"texture":"#0"}}},{"from":[10,0,0],"to":[14,4,4],"faces":{"north":{"uv":[0,8,8,16],"texture":"#0"},"east":{"uv":[0,8,8,16],"rotation":90,"texture":"#0"},"south":{"uv":[0,8,8,16],"texture":"#0"},"west":{"uv":[0,8,8,16],"rotation":270,"texture":"#0"},"up":{"uv":[0,8,8,16],"texture":"#0"},"down":{"uv":[0,8,8,16],"rotation":180,"texture":"#0"}}},{"from":[10,4,-8],"to":[14,8,-4],"faces":{"north":{"uv":[0,8,8,16],"texture":"#0"},"east":{"uv":[0,8,8,16],"rotation":90,"texture":"#0"},"south":{"uv":[0,8,8,16],"texture":"#0"},"west":{"uv":[0,8,8,16],"rotation":270,"texture":"#0"},"up":{"uv":[0,8,8,16],"texture":"#0"},"down":{"uv":[0,8,8,16],"rotation":180,"texture":"#0"}}},{"from":[10,4,0],"to":[14,8,4],"faces":{"north":{"uv":[0,8,8,16],"texture":"#0"},"east":{"uv":[0,8,8,16],"rotation":90,"texture":"#0"},"south":{"uv":[0,8,8,16],"texture":"#0"},"west":{"uv":[0,8,8,16],"rotation":270,"texture":"#0"},"up":{"uv":[0,8,8,16],"texture":"#0"},"down":{"uv":[0,8,8,16],"rotation":180,"texture":"#0"}}},{"from":[6,0,-8],"to":[10,4,-4],"faces":{"north":{"uv":[0,8,8,16],"texture":"#0"},"east":{"uv":[0,8,8,16],"rotation":90,"texture":"#0"},"south":{"uv":[0,8,8,16],"texture":"#0"},"west":{"uv":[0,8,8,16],"rotation":270,"texture":"#0"},"up":{"uv":[0,8,8,16],"texture":"#0"},"down":{"uv":[0,8,8,16],"rotation":180,"texture":"#0"}}},{"from":[6,0,0],"to":[10,4,4],"faces":{"north":{"uv":[0,8,8,16],"texture":"#0"},"east":{"uv":[0,8,8,16],"rotation":90,"texture":"#0"},"south":{"uv":[0,8,8,16],"texture":"#0"},"west":{"uv":[0,8,8,16],"rotation":270,"texture":"#0"},"up":{"uv":[0,8,8,16],"texture":"#0"},"down":{"uv":[0,8,8,16],"rotation":180,"texture":"#0"}}},{"from":[6,4,-8],"to":[10,8,-4],"faces":{"north":{"uv":[0,8,8,16],"texture":"#0"},"east":{"uv":[0,8,8,16],"rotation":90,"texture":"#0"},"south":{"uv":[0,8,8,16],"texture":"#0"},"west":{"uv":[0,8,8,16],"rotation":270,"texture":"#0"},"up":{"uv":[0,8,8,16],"texture":"#0"},"down":{"uv":[0,8,8,16],"rotation":180,"texture":"#0"}}},{"from":[6,4,0],"to":[10,8,4],"faces":{"north":{"uv":[0,8,8,16],"texture":"#0"},"east":{"uv":[0,8,8,16],"rotation":90,"texture":"#0"},"south":{"uv":[0,8,8,16],"texture":"#0"},"west":{"uv":[0,8,8,16],"rotation":270,"texture":"#0"},"up":{"uv":[0,8,8,16],"texture":"#0"},"down":{"uv":[0,8,8,16],"rotation":180,"texture":"#0"}}},{"from":[2,0,-8],"to":[6,4,-4],"faces":{"north":{"uv":[0,8,8,16],"texture":"#0"},"east":{"uv":[0,8,8,16],"rotation":90,"texture":"#0"},"south":{"uv":[0,8,8,16],"texture":"#0"},"west":{"uv":[0,8,8,16],"rotation":270,"texture":"#0"},"up":{"uv":[0,8,8,16],"texture":"#0"},"down":{"uv":[0,8,8,16],"rotation":180,"texture":"#0"}}},{"from":[2,0,0],"to":[6,4,4],"faces":{"north":{"uv":[0,8,8,16],"texture":"#0"},"east":{"uv":[0,8,8,16],"rotation":90,"texture":"#0"},"south":{"uv":[0,8,8,16],"texture":"#0"},"west":{"uv":[0,8,8,16],"rotation":270,"texture":"#0"},"up":{"uv":[0,8,8,16],"texture":"#0"},"down":{"uv":[0,8,8,16],"rotation":180,"texture":"#0"}}},{"from":[2,0,8],"to":[6,4,12],"faces":{"north":{"uv":[0,0,8,8],"rotation":270,"texture":"#0"},"east":{"uv":[0,0,8,8],"rotation":270,"texture":"#0"},"south":{"uv":[0,0,8,8],"rotation":270,"texture":"#0"},"west":{"uv":[0,0,8,8],"rotation":270,"texture":"#0"},"up":{"uv":[0,0,8,8],"rotation":270,"texture":"#0"},"down":{"uv":[0,0,8,8],"rotation":270,"texture":"#0"}}},{"from":[2,0,4],"to":[6,4,8],"faces":{"north":{"uv":[8,0,16,8],"rotation":270,"texture":"#0"},"east":{"uv":[8,0,16,8],"rotation":270,"texture":"#0"},"south":{"uv":[8,0,16,8],"rotation":270,"texture":"#0"},"west":{"uv":[8,0,16,8],"rotation":270,"texture":"#0"},"up":{"uv":[8,0,16,8],"rotation":270,"texture":"#0"},"down":{"uv":[8,0,16,8],"rotation":270,"texture":"#0"}}},{"from":[2,4,4],"to":[6,8,8],"faces":{"north":{"uv":[8,0,16,8],"rotation":270,"texture":"#0"},"east":{"uv":[8,0,16,8],"rotation":270,"texture":"#0"},"south":{"uv":[8,0,16,8],"rotation":270,"texture":"#0"},"west":{"uv":[8,0,16,8],"rotation":270,"texture":"#0"},"up":{"uv":[8,0,16,8],"rotation":270,"texture":"#0"},"down":{"uv":[8,0,16,8],"rotation":270,"texture":"#0"}}},{"from":[6,16,4],"to":[10,20,8],"faces":{"north":{"uv":[8,0,16,8],"rotation":270,"texture":"#0"},"east":{"uv":[8,0,16,8],"rotation":270,"texture":"#0"},"south":{"uv":[8,0,16,8],"rotation":270,"texture":"#0"},"west":{"uv":[8,0,16,8],"rotation":270,"texture":"#0"},"up":{"uv":[8,0,16,8],"rotation":270,"texture":"#0"},"down":{"uv":[8,0,16,8],"rotation":270,"texture":"#0"}}},{"from":[10,12,8],"to":[14,16,12],"faces":{"north":{"uv":[8,0,16,8],"rotation":270,"texture":"#0"},"east":{"uv":[8,0,16,8],"rotation":270,"texture":"#0"},"south":{"uv":[8,0,16,8],"rotation":270,"texture":"#0"},"west":{"uv":[8,0,16,8],"rotation":270,"texture":"#0"},"up":{"uv":[8,0,16,8],"rotation":270,"texture":"#0"},"down":{"uv":[8,0,16,8],"rotation":270,"texture":"#0"}}},{"from":[10,20,8],"to":[14,24,12],"faces":{"north":{"uv":[8,0,16,8],"rotation":270,"texture":"#0"},"east":{"uv":[8,0,16,8],"rotation":270,"texture":"#0"},"south":{"uv":[8,0,16,8],"rotation":270,"texture":"#0"},"west":{"uv":[8,0,16,8],"rotation":270,"texture":"#0"},"up":{"uv":[8,0,16,8],"rotation":270,"texture":"#0"},"down":{"uv":[8,0,16,8],"rotation":270,"texture":"#0"}}},{"from":[10,28,8],"to":[14,32,12],"faces":{"north":{"uv":[8,0,16,8],"rotation":270,"texture":"#0"},"east":{"uv":[8,0,16,8],"rotation":270,"texture":"#0"},"south":{"uv":[8,0,16,8],"rotation":270,"texture":"#0"},"west":{"uv":[8,0,16,8],"rotation":270,"texture":"#0"},"up":{"uv":[8,0,16,8],"rotation":270,"texture":"#0"},"down":{"uv":[8,0,16,8],"rotation":270,"texture":"#0"}}},{"from":[10,16,8],"to":[14,20,12],"faces":{"north":{"uv":[0,0,8,8],"rotation":270,"texture":"#0"},"east":{"uv":[0,0,8,8],"rotation":270,"texture":"#0"},"south":{"uv":[0,0,8,8],"rotation":270,"texture":"#0"},"west":{"uv":[0,0,8,8],"rotation":270,"texture":"#0"},"up":{"uv":[0,0,8,8],"rotation":270,"texture":"#0"},"down":{"uv":[0,0,8,8],"rotation":270,"texture":"#0"}}},{"from":[2,12,8],"to":[6,16,12],"faces":{"north":{"uv":[8,0,16,8],"rotation":270,"texture":"#0"},"east":{"uv":[8,0,16,8],"rotation":270,"texture":"#0"},"south":{"uv":[8,0,16,8],"rotation":270,"texture":"#0"},"west":{"uv":[8,0,16,8],"rotation":270,"texture":"#0"},"up":{"uv":[8,0,16,8],"rotation":270,"texture":"#0"},"down":{"uv":[8,0,16,8],"rotation":270,"texture":"#0"}}},{"from":[2,20,8],"to":[6,24,12],"faces":{"north":{"uv":[8,0,16,8],"rotation":270,"texture":"#0"},"east":{"uv":[8,0,16,8],"rotation":270,"texture":"#0"},"south":{"uv":[8,0,16,8],"rotation":270,"texture":"#0"},"west":{"uv":[8,0,16,8],"rotation":270,"texture":"#0"},"up":{"uv":[8,0,16,8],"rotation":270,"texture":"#0"},"down":{"uv":[8,0,16,8],"rotation":270,"texture":"#0"}}},{"from":[2,28,8],"to":[6,32,12],"faces":{"north":{"uv":[8,0,16,8],"rotation":270,"texture":"#0"},"east":{"uv":[8,0,16,8],"rotation":270,"texture":"#0"},"south":{"uv":[8,0,16,8],"rotation":270,"texture":"#0"},"west":{"uv":[8,0,16,8],"rotation":270,"texture":"#0"},"up":{"uv":[8,0,16,8],"rotation":270,"texture":"#0"},"down":{"uv":[8,0,16,8],"rotation":270,"texture":"#0"}}},{"from":[2,16,8],"to":[6,20,12],"faces":{"north":{"uv":[0,0,8,8],"rotation":270,"texture":"#0"},"east":{"uv":[0,0,8,8],"rotation":270,"texture":"#0"},"south":{"uv":[0,0,8,8],"rotation":270,"texture":"#0"},"west":{"uv":[0,0,8,8],"rotation":270,"texture":"#0"},"up":{"uv":[0,0,8,8],"rotation":270,"texture":"#0"},"down":{"uv":[0,0,8,8],"rotation":270,"texture":"#0"}}},{"from":[6,12,8],"to":[10,16,12],"faces":{"north":{"uv":[8,0,16,8],"rotation":270,"texture":"#0"},"east":{"uv":[8,0,16,8],"rotation":270,"texture":"#0"},"south":{"uv":[8,0,16,8],"rotation":270,"texture":"#0"},"west":{"uv":[8,0,16,8],"rotation":270,"texture":"#0"},"up":{"uv":[8,0,16,8],"rotation":270,"texture":"#0"},"down":{"uv":[8,0,16,8],"rotation":270,"texture":"#0"}}},{"from":[6,20,8],"to":[10,24,12],"faces":{"north":{"uv":[8,0,16,8],"rotation":270,"texture":"#0"},"east":{"uv":[8,0,16,8],"rotation":270,"texture":"#0"},"south":{"uv":[8,0,16,8],"rotation":270,"texture":"#0"},"west":{"uv":[8,0,16,8],"rotation":270,"texture":"#0"},"up":{"uv":[8,0,16,8],"rotation":270,"texture":"#0"},"down":{"uv":[8,0,16,8],"rotation":270,"texture":"#0"}}},{"from":[6,28,4],"to":[10,32,8],"faces":{"north":{"uv":[8,0,16,8],"rotation":270,"texture":"#0"},"east":{"uv":[8,0,16,8],"rotation":270,"texture":"#0"},"south":{"uv":[8,0,16,8],"rotation":270,"texture":"#0"},"west":{"uv":[8,0,16,8],"rotation":270,"texture":"#0"},"up":{"uv":[8,0,16,8],"rotation":270,"texture":"#0"},"down":{"uv":[8,0,16,8],"rotation":270,"texture":"#0"}}},{"from":[6,28,8],"to":[10,32,12],"faces":{"north":{"uv":[0,0,16,16],"rotation":270,"texture":"#2"},"east":{"uv":[0,0,16,16],"rotation":270,"texture":"#2"},"south":{"uv":[0,0,16,16],"rotation":270,"texture":"#2"},"west":{"uv":[0,0,16,16],"rotation":270,"texture":"#2"},"up":{"uv":[0,0,16,16],"rotation":270,"texture":"#2"},"down":{"uv":[0,0,16,16],"rotation":270,"texture":"#2"}}},{"from":[6,16,8],"to":[10,20,12],"faces":{"north":{"uv":[0,0,8,8],"rotation":270,"texture":"#0"},"east":{"uv":[0,0,8,8],"rotation":270,"texture":"#0"},"south":{"uv":[0,0,8,8],"rotation":270,"texture":"#0"},"west":{"uv":[0,0,8,8],"rotation":270,"texture":"#0"},"up":{"uv":[0,0,8,8],"rotation":270,"texture":"#0"},"down":{"uv":[0,0,8,8],"rotation":270,"texture":"#0"}}},{"from":[2,0,12],"to":[6,4,16],"faces":{"north":{"uv":[0,0,8,8],"rotation":270,"texture":"#0"},"east":{"uv":[0,0,8,8],"rotation":270,"texture":"#0"},"south":{"uv":[0,0,8,8],"rotation":270,"texture":"#0"},"west":{"uv":[0,0,8,8],"rotation":270,"texture":"#0"},"up":{"uv":[0,0,8,8],"rotation":270,"texture":"#0"},"down":{"uv":[0,0,8,8],"rotation":270,"texture":"#0"}}},{"from":[6,0,8],"to":[10,4,12],"faces":{"north":{"uv":[0,0,8,8],"rotation":270,"texture":"#0"},"east":{"uv":[0,0,8,8],"rotation":270,"texture":"#0"},"south":{"uv":[0,0,8,8],"rotation":270,"texture":"#0"},"west":{"uv":[0,0,8,8],"rotation":270,"texture":"#0"},"up":{"uv":[0,0,8,8],"rotation":270,"texture":"#0"},"down":{"uv":[0,0,8,8],"rotation":270,"texture":"#0"}}},{"from":[6,0,4],"to":[10,4,8],"faces":{"north":{"uv":[8,0,16,8],"rotation":270,"texture":"#0"},"east":{"uv":[8,0,16,8],"rotation":270,"texture":"#0"},"south":{"uv":[8,0,16,8],"rotation":270,"texture":"#0"},"west":{"uv":[8,0,16,8],"rotation":270,"texture":"#0"},"up":{"uv":[8,0,16,8],"rotation":270,"texture":"#0"},"down":{"uv":[8,0,16,8],"rotation":270,"texture":"#0"}}},{"from":[6,4,4],"to":[10,8,8],"faces":{"north":{"uv":[0,0,16,16],"rotation":270,"texture":"#2"},"east":{"uv":[0,0,16,16],"rotation":270,"texture":"#2"},"south":{"uv":[0,0,16,16],"rotation":270,"texture":"#2"},"west":{"uv":[0,0,16,16],"rotation":270,"texture":"#2"},"up":{"uv":[0,0,16,16],"rotation":270,"texture":"#2"},"down":{"uv":[0,0,16,16],"rotation":270,"texture":"#2"}}},{"from":[6,4,8],"to":[10,8,12],"faces":{"north":{"uv":[0,0,16,16],"rotation":270,"texture":"#2"},"east":{"uv":[0,0,16,16],"rotation":270,"texture":"#2"},"south":{"uv":[0,0,16,16],"rotation":270,"texture":"#2"},"west":{"uv":[0,0,16,16],"rotation":270,"texture":"#2"},"up":{"uv":[0,0,16,16],"rotation":270,"texture":"#2"},"down":{"uv":[0,0,16,16],"rotation":270,"texture":"#2"}}},{"from":[10,4,8],"to":[14,8,12],"faces":{"north":{"uv":[0,0,16,16],"rotation":270,"texture":"#2"},"east":{"uv":[0,0,16,16],"rotation":270,"texture":"#2"},"south":{"uv":[0,0,16,16],"rotation":270,"texture":"#2"},"west":{"uv":[0,0,16,16],"rotation":270,"texture":"#2"},"up":{"uv":[0,0,16,16],"rotation":270,"texture":"#2"},"down":{"uv":[0,0,16,16],"rotation":270,"texture":"#2"}}},{"from":[2,4,8],"to":[6,8,12],"faces":{"north":{"uv":[0,0,16,16],"rotation":270,"texture":"#2"},"east":{"uv":[0,0,16,16],"rotation":270,"texture":"#2"},"south":{"uv":[0,0,16,16],"rotation":270,"texture":"#2"},"west":{"uv":[0,0,16,16],"rotation":270,"texture":"#2"},"up":{"uv":[0,0,16,16],"rotation":270,"texture":"#2"},"down":{"uv":[0,0,16,16],"rotation":270,"texture":"#2"}}},{"from":[2,8,8],"to":[6,12,12],"faces":{"north":{"uv":[0,8,8,16],"rotation":180,"texture":"#0"},"east":{"uv":[0,8,8,16],"rotation":180,"texture":"#0"},"south":{"uv":[0,8,8,16],"rotation":180,"texture":"#0"},"west":{"uv":[0,8,8,16],"rotation":180,"texture":"#0"},"up":{"uv":[0,8,8,16],"rotation":180,"texture":"#0"},"down":{"uv":[0,8,8,16],"rotation":180,"texture":"#0"}}},{"from":[6,8,8],"to":[10,12,12],"faces":{"north":{"uv":[0,8,8,16],"rotation":180,"texture":"#0"},"east":{"uv":[0,8,8,16],"rotation":180,"texture":"#0"},"south":{"uv":[0,8,8,16],"rotation":180,"texture":"#0"},"west":{"uv":[0,8,8,16],"rotation":180,"texture":"#0"},"up":{"uv":[0,8,8,16],"rotation":180,"texture":"#0"},"down":{"uv":[0,8,8,16],"rotation":180,"texture":"#0"}}},{"from":[6,8,4],"to":[10,12,8],"faces":{"north":{"uv":[0,8,8,16],"rotation":180,"texture":"#0"},"east":{"uv":[0,8,8,16],"rotation":180,"texture":"#0"},"south":{"uv":[0,8,8,16],"rotation":180,"texture":"#0"},"west":{"uv":[0,8,8,16],"rotation":180,"texture":"#0"},"up":{"uv":[0,8,8,16],"rotation":180,"texture":"#0"},"down":{"uv":[0,8,8,16],"rotation":180,"texture":"#0"}}},{"from":[6,12,4],"to":[10,16,8],"faces":{"north":{"uv":[0,0,16,16],"rotation":180,"texture":"#1"},"east":{"uv":[0,0,16,16],"rotation":180,"texture":"#1"},"south":{"uv":[0,0,16,16],"rotation":180,"texture":"#1"},"west":{"uv":[0,0,16,16],"rotation":180,"texture":"#1"},"up":{"uv":[0,0,16,16],"rotation":180,"texture":"#1"},"down":{"uv":[0,0,16,16],"rotation":180,"texture":"#1"}}},{"from":[6,20,4],"to":[10,24,8],"faces":{"north":{"uv":[0,0,16,16],"rotation":180,"texture":"#1"},"east":{"uv":[0,0,16,16],"rotation":180,"texture":"#1"},"south":{"uv":[0,0,16,16],"rotation":180,"texture":"#1"},"west":{"uv":[0,0,16,16],"rotation":180,"texture":"#1"},"up":{"uv":[0,0,16,16],"rotation":180,"texture":"#1"},"down":{"uv":[0,0,16,16],"rotation":180,"texture":"#1"}}},{"from":[6,24,4],"to":[10,28,8],"faces":{"north":{"uv":[0,8,8,16],"rotation":180,"texture":"#0"},"east":{"uv":[0,8,8,16],"rotation":180,"texture":"#0"},"south":{"uv":[0,8,8,16],"rotation":180,"texture":"#0"},"west":{"uv":[0,8,8,16],"rotation":180,"texture":"#0"},"up":{"uv":[0,8,8,16],"rotation":180,"texture":"#0"},"down":{"uv":[0,8,8,16],"rotation":180,"texture":"#0"}}},{"from":[6,24,8],"to":[10,28,12],"faces":{"north":{"uv":[0,8,8,16],"rotation":180,"texture":"#0"},"east":{"uv":[0,8,8,16],"rotation":180,"texture":"#0"},"south":{"uv":[0,8,8,16],"rotation":180,"texture":"#0"},"west":{"uv":[0,8,8,16],"rotation":180,"texture":"#0"},"up":{"uv":[0,8,8,16],"rotation":180,"texture":"#0"},"down":{"uv":[0,8,8,16],"rotation":180,"texture":"#0"}}},{"from":[2,24,8],"to":[6,28,12],"faces":{"north":{"uv":[0,8,8,16],"rotation":180,"texture":"#0"},"east":{"uv":[0,8,8,16],"rotation":180,"texture":"#0"},"south":{"uv":[0,8,8,16],"rotation":180,"texture":"#0"},"west":{"uv":[0,8,8,16],"rotation":180,"texture":"#0"},"up":{"uv":[0,8,8,16],"rotation":180,"texture":"#0"},"down":{"uv":[0,8,8,16],"rotation":180,"texture":"#0"}}},{"from":[10,24,8],"to":[14,28,12],"faces":{"north":{"uv":[0,8,8,16],"rotation":180,"texture":"#0"},"east":{"uv":[0,8,8,16],"rotation":180,"texture":"#0"},"south":{"uv":[0,8,8,16],"rotation":180,"texture":"#0"},"west":{"uv":[0,8,8,16],"rotation":180,"texture":"#0"},"up":{"uv":[0,8,8,16],"rotation":180,"texture":"#0"},"down":{"uv":[0,8,8,16],"rotation":180,"texture":"#0"}}},{"from":[10,8,8],"to":[14,12,12],"faces":{"north":{"uv":[0,8,8,16],"rotation":180,"texture":"#0"},"east":{"uv":[0,8,8,16],"rotation":180,"texture":"#0"},"south":{"uv":[0,8,8,16],"rotation":180,"texture":"#0"},"west":{"uv":[0,8,8,16],"rotation":180,"texture":"#0"},"up":{"uv":[0,8,8,16],"rotation":180,"texture":"#0"},"down":{"uv":[0,8,8,16],"rotation":180,"texture":"#0"}}},{"from":[6,0,12],"to":[10,4,16],"faces":{"north":{"uv":[0,0,8,8],"rotation":270,"texture":"#0"},"east":{"uv":[0,0,8,8],"rotation":270,"texture":"#0"},"south":{"uv":[0,0,8,8],"rotation":270,"texture":"#0"},"west":{"uv":[0,0,8,8],"rotation":270,"texture":"#0"},"up":{"uv":[0,0,8,8],"rotation":270,"texture":"#0"},"down":{"uv":[0,0,8,8],"rotation":270,"texture":"#0"}}},{"from":[10,0,8],"to":[14,4,12],"faces":{"north":{"uv":[0,0,8,8],"rotation":270,"texture":"#0"},"east":{"uv":[0,0,8,8],"rotation":270,"texture":"#0"},"south":{"uv":[0,0,8,8],"rotation":270,"texture":"#0"},"west":{"uv":[0,0,8,8],"rotation":270,"texture":"#0"},"up":{"uv":[0,0,8,8],"rotation":270,"texture":"#0"},"down":{"uv":[0,0,8,8],"rotation":270,"texture":"#0"}}},{"from":[10,0,4],"to":[14,4,8],"faces":{"north":{"uv":[8,0,16,8],"rotation":270,"texture":"#0"},"east":{"uv":[8,0,16,8],"rotation":270,"texture":"#0"},"south":{"uv":[8,0,16,8],"rotation":270,"texture":"#0"},"west":{"uv":[8,0,16,8],"rotation":270,"texture":"#0"},"up":{"uv":[8,0,16,8],"rotation":270,"texture":"#0"},"down":{"uv":[8,0,16,8],"rotation":270,"texture":"#0"}}},{"from":[10,4,4],"to":[14,8,8],"faces":{"north":{"uv":[8,0,16,8],"rotation":270,"texture":"#0"},"east":{"uv":[8,0,16,8],"rotation":270,"texture":"#0"},"south":{"uv":[8,0,16,8],"rotation":270,"texture":"#0"},"west":{"uv":[8,0,16,8],"rotation":270,"texture":"#0"},"up":{"uv":[8,0,16,8],"rotation":270,"texture":"#0"},"down":{"uv":[8,0,16,8],"rotation":270,"texture":"#0"}}},{"from":[10,0,12],"to":[14,4,16],"faces":{"north":{"uv":[0,0,8,8],"rotation":270,"texture":"#0"},"east":{"uv":[0,0,8,8],"rotation":270,"texture":"#0"},"south":{"uv":[0,0,8,8],"rotation":270,"texture":"#0"},"west":{"uv":[0,0,8,8],"rotation":270,"texture":"#0"},"up":{"uv":[0,0,8,8],"rotation":270,"texture":"#0"},"down":{"uv":[0,0,8,8],"rotation":270,"texture":"#0"}}},{"from":[2,4,-8],"to":[6,8,-4],"faces":{"north":{"uv":[0,8,8,16],"texture":"#0"},"east":{"uv":[0,8,8,16],"rotation":90,"texture":"#0"},"south":{"uv":[0,8,8,16],"texture":"#0"},"west":{"uv":[0,8,8,16],"rotation":270,"texture":"#0"},"up":{"uv":[0,8,8,16],"texture":"#0"},"down":{"uv":[0,8,8,16],"rotation":180,"texture":"#0"}}},{"from":[2,4,0],"to":[6,8,4],"faces":{"north":{"uv":[0,8,8,16],"texture":"#0"},"east":{"uv":[0,8,8,16],"rotation":90,"texture":"#0"},"south":{"uv":[0,8,8,16],"texture":"#0"},"west":{"uv":[0,8,8,16],"rotation":270,"texture":"#0"},"up":{"uv":[0,8,8,16],"texture":"#0"},"down":{"uv":[0,8,8,16],"rotation":180,"texture":"#0"}}}]}