{"parent":"minecraft:item/generated","textures":{"layer0":"minecraft:item/gunpowder"},"overrides":[{"predicate":{"custom_model_data":1},"model":"item/gunpowder/1"},{"predicate":{"custom_model_data":2},"model":"item/gunpowder/2"},{"predicate":{"custom_model_data":3},"model":"item/gunpowder/3"},{"predicate":{"custom_model_data":4},"model":"item/gunpowder/4"},{"predicate":{"custom_model_data":5},"model":"item/gunpowder/5"},{"predicate":{"custom_model_data":6},"model":"item/gunpowder/6"},{"predicate":{"custom_model_data":7},"model":"item/gunpowder/7"},{"predicate":{"custom_model_data":8},"model":"item/gunpowder/8"},{"predicate":{"custom_model_data":9},"model":"item/gunpowder/9"},{"predicate":{"custom_model_data":10},"model":"item/gunpowder/10"},{"predicate":{"custom_model_data":11},"model":"item/gunpowder/11"},{"predicate":{"custom_model_data":12},"model":"item/gunpowder/12"},{"predicate":{"custom_model_data":13},"model":"item/gunpowder/13"},{"predicate":{"custom_model_data":14},"model":"item/gunpowder/14"},{"predicate":{"custom_model_data":15},"model":"item/gunpowder/15"},{"predicate":{"custom_model_data":16},"model":"item/gunpowder/16"},{"predicate":{"custom_model_data":17},"model":"item/gunpowder/17"},{"predicate":{"custom_model_data":18},"model":"item/gunpowder/18"},{"predicate":{"custom_model_data":19},"model":"item/gunpowder/19"}]}