{"gui_light":"front","textures":{"0":"item/iron_hoe","particle":"item/iron_hoe"},"overrides":[{"predicate":{"custom_model_data":1},"model":"item/iron_hoe"},{"predicate":{"custom_model_data":2},"model":"item/iron_hoe/2"},{"predicate":{"custom_model_data":3},"model":"item/iron_hoe/3"}],"elements":[{"from":[7.3,0,0],"to":[8.7,1,1],"faces":{"north":{"uv":[2,14,3,15],"texture":"#0"},"east":{"uv":[2,14,3,15],"texture":"#0"},"south":{"uv":[2,14,3,15],"texture":"#0"},"west":{"uv":[2,14,3,15],"texture":"#0"},"up":{"uv":[2,14,3,15],"texture":"#0"},"down":{"uv":[2,14,3,15],"texture":"#0"}}},{"from":[7.5,0,1],"to":[8.5,1,2],"faces":{"north":{"uv":[3,14,4,15],"texture":"#0"},"east":{"uv":[3,14,4,15],"texture":"#0"},"south":{"uv":[3,14,4,15],"texture":"#0"},"west":{"uv":[3,14,4,15],"texture":"#0"},"up":{"uv":[3,14,4,15],"texture":"#0"},"down":{"uv":[3,14,4,15],"texture":"#0"}}},{"from":[7.5,1,2],"to":[8.5,2,3],"faces":{"north":{"uv":[4,13,5,14],"texture":"#0"},"east":{"uv":[4,13,5,14],"texture":"#0"},"south":{"uv":[4,13,5,14],"texture":"#0"},"west":{"uv":[4,13,5,14],"texture":"#0"},"up":{"uv":[4,13,5,14],"texture":"#0"},"down":{"uv":[4,13,5,14],"texture":"#0"}}},{"from":[7.5,2,3],"to":[8.5,3,4],"faces":{"north":{"uv":[5,12,6,13],"texture":"#0"},"east":{"uv":[5,12,6,13],"texture":"#0"},"south":{"uv":[5,12,6,13],"texture":"#0"},"west":{"uv":[5,12,6,13],"texture":"#0"},"up":{"uv":[5,12,6,13],"texture":"#0"},"down":{"uv":[5,12,6,13],"texture":"#0"}}},{"from":[7.5,3,4],"to":[8.5,4,5],"faces":{"north":{"uv":[6,11,7,12],"texture":"#0"},"east":{"uv":[6,11,7,12],"texture":"#0"},"south":{"uv":[6,11,7,12],"texture":"#0"},"west":{"uv":[6,11,7,12],"texture":"#0"},"up":{"uv":[6,11,7,12],"texture":"#0"},"down":{"uv":[6,11,7,12],"texture":"#0"}}},{"from":[7.5,4,5],"to":[8.5,5,6],"faces":{"north":{"uv":[7,10,8,11],"texture":"#0"},"east":{"uv":[7,10,8,11],"texture":"#0"},"south":{"uv":[7,10,8,11],"texture":"#0"},"west":{"uv":[7,10,8,11],"texture":"#0"},"up":{"uv":[7,10,8,11],"texture":"#0"},"down":{"uv":[7,10,8,11],"texture":"#0"}}},{"from":[7.5,5,6],"to":[8.5,6,7],"faces":{"north":{"uv":[8,9,9,10],"texture":"#0"},"east":{"uv":[8,9,9,10],"texture":"#0"},"south":{"uv":[8,9,9,10],"texture":"#0"},"west":{"uv":[8,9,9,10],"texture":"#0"},"up":{"uv":[8,9,9,10],"texture":"#0"},"down":{"uv":[8,9,9,10],"texture":"#0"}}},{"from":[7.5,6,7],"to":[8.5,7,8],"faces":{"north":{"uv":[9,8,10,9],"texture":"#0"},"east":{"uv":[9,8,10,9],"texture":"#0"},"south":{"uv":[9,8,10,9],"texture":"#0"},"west":{"uv":[9,8,10,9],"texture":"#0"},"up":{"uv":[9,8,10,9],"texture":"#0"},"down":{"uv":[9,8,10,9],"texture":"#0"}}},{"from":[7.5,7,8],"to":[8.5,8,9],"faces":{"north":{"uv":[10,7,11,8],"texture":"#0"},"east":{"uv":[10,7,11,8],"texture":"#0"},"south":{"uv":[10,7,11,8],"texture":"#0"},"west":{"uv":[10,7,11,8],"texture":"#0"},"up":{"uv":[10,7,11,8],"texture":"#0"},"down":{"uv":[10,7,11,8],"texture":"#0"}}},{"from":[7.5,8,9],"to":[8.5,9,10],"faces":{"north":{"uv":[11,6,12,7],"texture":"#0"},"east":{"uv":[11,6,12,7],"texture":"#0"},"south":{"uv":[11,6,12,7],"texture":"#0"},"west":{"uv":[11,6,12,7],"texture":"#0"},"up":{"uv":[11,6,12,7],"texture":"#0"},"down":{"uv":[11,6,12,7],"texture":"#0"}}},{"from":[7.5,8,10],"to":[8.5,9,11],"faces":{"north":{"uv":[12,6,13,7],"texture":"#0"},"east":{"uv":[12,6,13,7],"texture":"#0"},"south":{"uv":[12,6,13,7],"texture":"#0"},"west":{"uv":[12,6,13,7],"texture":"#0"},"up":{"uv":[12,6,13,7],"texture":"#0"},"down":{"uv":[12,6,13,7],"texture":"#0"}}},{"from":[7.5,9,11],"to":[8.5,10,12],"faces":{"north":{"uv":[13,5,14,6],"texture":"#0"},"east":{"uv":[13,5,14,6],"texture":"#0"},"south":{"uv":[13,5,14,6],"texture":"#0"},"west":{"uv":[13,5,14,6],"texture":"#0"},"up":{"uv":[13,5,14,6],"texture":"#0"},"down":{"uv":[13,5,14,6],"texture":"#0"}}},{"from":[7.5,1,0],"to":[8.5,2,1],"faces":{"north":{"uv":[2,13,3,14],"texture":"#0"},"east":{"uv":[2,13,3,14],"texture":"#0"},"south":{"uv":[2,13,3,14],"texture":"#0"},"west":{"uv":[2,13,3,14],"texture":"#0"},"up":{"uv":[2,13,3,14],"texture":"#0"},"down":{"uv":[2,13,3,14],"texture":"#0"}}},{"from":[7.3,1,1],"to":[8.7,2,2],"faces":{"north":{"uv":[3,13,4,14],"texture":"#0"},"east":{"uv":[3,13,4,14],"texture":"#0"},"south":{"uv":[3,13,4,14],"texture":"#0"},"west":{"uv":[3,13,4,14],"texture":"#0"},"up":{"uv":[3,13,4,14],"texture":"#0"},"down":{"uv":[3,13,4,14],"texture":"#0"}}},{"from":[7.3,2,2],"to":[8.7,3,3],"faces":{"north":{"uv":[4,12,5,13],"texture":"#0"},"east":{"uv":[4,12,5,13],"texture":"#0"},"south":{"uv":[4,12,5,13],"texture":"#0"},"west":{"uv":[4,12,5,13],"texture":"#0"},"up":{"uv":[4,12,5,13],"texture":"#0"},"down":{"uv":[4,12,5,13],"texture":"#0"}}},{"from":[7.3,3,3],"to":[8.7,4,4],"faces":{"north":{"uv":[5,11,6,12],"texture":"#0"},"east":{"uv":[5,11,6,12],"texture":"#0"},"south":{"uv":[5,11,6,12],"texture":"#0"},"west":{"uv":[5,11,6,12],"texture":"#0"},"up":{"uv":[5,11,6,12],"texture":"#0"},"down":{"uv":[5,11,6,12],"texture":"#0"}}},{"from":[7.3,4,4],"to":[8.7,5,5],"faces":{"north":{"uv":[6,10,7,11],"texture":"#0"},"east":{"uv":[6,10,7,11],"texture":"#0"},"south":{"uv":[6,10,7,11],"texture":"#0"},"west":{"uv":[6,10,7,11],"texture":"#0"},"up":{"uv":[6,10,7,11],"texture":"#0"},"down":{"uv":[6,10,7,11],"texture":"#0"}}},{"from":[7.3,5,5],"to":[8.7,6,6],"faces":{"north":{"uv":[7,9,8,10],"texture":"#0"},"east":{"uv":[7,9,8,10],"texture":"#0"},"south":{"uv":[7,9,8,10],"texture":"#0"},"west":{"uv":[7,9,8,10],"texture":"#0"},"up":{"uv":[7,9,8,10],"texture":"#0"},"down":{"uv":[7,9,8,10],"texture":"#0"}}},{"from":[7.3,6,6],"to":[8.7,7,7],"faces":{"north":{"uv":[8,8,9,9],"texture":"#0"},"east":{"uv":[8,8,9,9],"texture":"#0"},"south":{"uv":[8,8,9,9],"texture":"#0"},"west":{"uv":[8,8,9,9],"texture":"#0"},"up":{"uv":[8,8,9,9],"texture":"#0"},"down":{"uv":[8,8,9,9],"texture":"#0"}}},{"from":[7.3,7,7],"to":[8.7,8,8],"faces":{"north":{"uv":[9,7,10,8],"texture":"#0"},"east":{"uv":[9,7,10,8],"texture":"#0"},"south":{"uv":[9,7,10,8],"texture":"#0"},"west":{"uv":[9,7,10,8],"texture":"#0"},"up":{"uv":[9,7,10,8],"texture":"#0"},"down":{"uv":[9,7,10,8],"texture":"#0"}}},{"from":[7.3,8,8],"to":[8.7,9,9],"faces":{"north":{"uv":[10,6,11,7],"texture":"#0"},"east":{"uv":[10,6,11,7],"texture":"#0"},"south":{"uv":[10,6,11,7],"texture":"#0"},"west":{"uv":[10,6,11,7],"texture":"#0"},"up":{"uv":[10,6,11,7],"texture":"#0"},"down":{"uv":[10,6,11,7],"texture":"#0"}}},{"from":[7.2,9,9],"to":[8.8,10,10],"faces":{"north":{"uv":[11,5,12,6],"texture":"#0"},"east":{"uv":[11,5,12,6],"texture":"#0"},"south":{"uv":[11,5,12,6],"texture":"#0"},"west":{"uv":[11,5,12,6],"texture":"#0"},"up":{"uv":[11,5,12,6],"texture":"#0"},"down":{"uv":[11,5,12,6],"texture":"#0"}}},{"from":[7.2,9,10],"to":[8.8,10,11],"faces":{"north":{"uv":[12,5,13,6],"texture":"#0"},"east":{"uv":[12,5,13,6],"texture":"#0"},"south":{"uv":[12,5,13,6],"texture":"#0"},"west":{"uv":[12,5,13,6],"texture":"#0"},"up":{"uv":[12,5,13,6],"texture":"#0"},"down":{"uv":[12,5,13,6],"texture":"#0"}}},{"from":[7.5,10,11],"to":[8.5,11,12],"faces":{"north":{"uv":[13,4,14,5],"texture":"#0"},"east":{"uv":[13,4,14,5],"texture":"#0"},"south":{"uv":[13,4,14,5],"texture":"#0"},"west":{"uv":[13,4,14,5],"texture":"#0"},"up":{"uv":[13,4,14,5],"texture":"#0"},"down":{"uv":[13,4,14,5],"texture":"#0"}}},{"from":[7.5,2,1],"to":[8.5,3,2],"faces":{"north":{"uv":[3,12,4,13],"texture":"#0"},"east":{"uv":[3,12,4,13],"texture":"#0"},"south":{"uv":[3,12,4,13],"texture":"#0"},"west":{"uv":[3,12,4,13],"texture":"#0"},"up":{"uv":[3,12,4,13],"texture":"#0"},"down":{"uv":[3,12,4,13],"texture":"#0"}}},{"from":[7.5,3,2],"to":[8.5,4,3],"faces":{"north":{"uv":[4,11,5,12],"texture":"#0"},"east":{"uv":[4,11,5,12],"texture":"#0"},"south":{"uv":[4,11,5,12],"texture":"#0"},"west":{"uv":[4,11,5,12],"texture":"#0"},"up":{"uv":[4,11,5,12],"texture":"#0"},"down":{"uv":[4,11,5,12],"texture":"#0"}}},{"from":[7.5,4,3],"to":[8.5,5,4],"faces":{"north":{"uv":[5,10,6,11],"texture":"#0"},"east":{"uv":[5,10,6,11],"texture":"#0"},"south":{"uv":[5,10,6,11],"texture":"#0"},"west":{"uv":[5,10,6,11],"texture":"#0"},"up":{"uv":[5,10,6,11],"texture":"#0"},"down":{"uv":[5,10,6,11],"texture":"#0"}}},{"from":[7.5,5,4],"to":[8.5,6,5],"faces":{"north":{"uv":[6,9,7,10],"texture":"#0"},"east":{"uv":[6,9,7,10],"texture":"#0"},"south":{"uv":[6,9,7,10],"texture":"#0"},"west":{"uv":[6,9,7,10],"texture":"#0"},"up":{"uv":[6,9,7,10],"texture":"#0"},"down":{"uv":[6,9,7,10],"texture":"#0"}}},{"from":[7.5,6,5],"to":[8.5,7,6],"faces":{"north":{"uv":[7,8,8,9],"texture":"#0"},"east":{"uv":[7,8,8,9],"texture":"#0"},"south":{"uv":[7,8,8,9],"texture":"#0"},"west":{"uv":[7,8,8,9],"texture":"#0"},"up":{"uv":[7,8,8,9],"texture":"#0"},"down":{"uv":[7,8,8,9],"texture":"#0"}}},{"from":[7.5,7,6],"to":[8.5,8,7],"faces":{"north":{"uv":[8,7,9,8],"texture":"#0"},"east":{"uv":[8,7,9,8],"texture":"#0"},"south":{"uv":[8,7,9,8],"texture":"#0"},"west":{"uv":[8,7,9,8],"texture":"#0"},"up":{"uv":[8,7,9,8],"texture":"#0"},"down":{"uv":[8,7,9,8],"texture":"#0"}}},{"from":[7.5,8,7],"to":[8.5,9,8],"faces":{"north":{"uv":[9,6,10,7],"texture":"#0"},"east":{"uv":[9,6,10,7],"texture":"#0"},"south":{"uv":[9,6,10,7],"texture":"#0"},"west":{"uv":[9,6,10,7],"texture":"#0"},"up":{"uv":[9,6,10,7],"texture":"#0"},"down":{"uv":[9,6,10,7],"texture":"#0"}}},{"from":[7.5,9,8],"to":[8.5,10,9],"faces":{"north":{"uv":[10,5,11,6],"texture":"#0"},"east":{"uv":[10,5,11,6],"texture":"#0"},"south":{"uv":[10,5,11,6],"texture":"#0"},"west":{"uv":[10,5,11,6],"texture":"#0"},"up":{"uv":[10,5,11,6],"texture":"#0"},"down":{"uv":[10,5,11,6],"texture":"#0"}}},{"from":[7.2,10,9],"to":[8.8,11,10],"faces":{"north":{"uv":[11,4,12,5],"texture":"#0"},"east":{"uv":[11,4,12,5],"texture":"#0"},"south":{"uv":[11,4,12,5],"texture":"#0"},"west":{"uv":[11,4,12,5],"texture":"#0"},"up":{"uv":[11,4,12,5],"texture":"#0"},"down":{"uv":[11,4,12,5],"texture":"#0"}}},{"from":[7.2,10,8],"to":[8.8,11,9],"faces":{"north":{"uv":[10,4,11,5],"texture":"#0"},"east":{"uv":[10,4,11,5],"texture":"#0"},"south":{"uv":[10,4,11,5],"texture":"#0"},"west":{"uv":[10,4,11,5],"texture":"#0"},"up":{"uv":[10,4,11,5],"texture":"#0"},"down":{"uv":[10,4,11,5],"texture":"#0"}}},{"from":[7.5,10,7],"to":[8.5,11,8],"faces":{"north":{"uv":[9,4,10,5],"texture":"#0"},"east":{"uv":[9,4,10,5],"texture":"#0"},"south":{"uv":[9,4,10,5],"texture":"#0"},"west":{"uv":[9,4,10,5],"texture":"#0"},"up":{"uv":[9,4,10,5],"texture":"#0"},"down":{"uv":[9,4,10,5],"texture":"#0"}}},{"from":[7.5,11,9],"to":[8.5,12,10],"faces":{"north":{"uv":[11,3,12,4],"texture":"#0"},"east":{"uv":[11,3,12,4],"texture":"#0"},"south":{"uv":[11,3,12,4],"texture":"#0"},"west":{"uv":[11,3,12,4],"texture":"#0"},"up":{"uv":[11,3,12,4],"texture":"#0"},"down":{"uv":[11,3,12,4],"texture":"#0"}}},{"from":[7.2,11,8],"to":[8.8,12,9],"faces":{"north":{"uv":[10,3,11,4],"texture":"#0"},"east":{"uv":[10,3,11,4],"texture":"#0"},"south":{"uv":[10,3,11,4],"texture":"#0"},"west":{"uv":[10,3,11,4],"texture":"#0"},"up":{"uv":[10,3,11,4],"texture":"#0"},"down":{"uv":[10,3,11,4],"texture":"#0"}}},{"from":[7.5,12,8],"to":[8.5,13,9],"faces":{"north":{"uv":[10,2,11,3],"texture":"#0"},"east":{"uv":[10,2,11,3],"texture":"#0"},"south":{"uv":[10,2,11,3],"texture":"#0"},"west":{"uv":[10,2,11,3],"texture":"#0"},"up":{"uv":[10,2,11,3],"texture":"#0"},"down":{"uv":[10,2,11,3],"texture":"#0"}}},{"from":[7.5,13,7],"to":[8.5,14,8],"faces":{"north":{"uv":[9,1,10,2],"texture":"#0"},"east":{"uv":[9,1,10,2],"texture":"#0"},"south":{"uv":[9,1,10,2],"texture":"#0"},"west":{"uv":[9,1,10,2],"texture":"#0"},"up":{"uv":[9,1,10,2],"texture":"#0"},"down":{"uv":[9,1,10,2],"texture":"#0"}}},{"from":[7.2,11,7],"to":[8.8,12,8],"faces":{"north":{"uv":[9,3,10,4],"texture":"#0"},"east":{"uv":[9,3,10,4],"texture":"#0"},"south":{"uv":[9,3,10,4],"texture":"#0"},"west":{"uv":[9,3,10,4],"texture":"#0"},"up":{"uv":[9,3,10,4],"texture":"#0"},"down":{"uv":[9,3,10,4],"texture":"#0"}}},{"from":[7.2,12,7],"to":[8.8,13,8],"faces":{"north":{"uv":[9,2,10,3],"texture":"#0"},"east":{"uv":[9,2,10,3],"texture":"#0"},"south":{"uv":[9,2,10,3],"texture":"#0"},"west":{"uv":[9,2,10,3],"texture":"#0"},"up":{"uv":[9,2,10,3],"texture":"#0"},"down":{"uv":[9,2,10,3],"texture":"#0"}}},{"from":[7.5,13,6],"to":[8.5,14,7],"faces":{"north":{"uv":[8,1,9,2],"texture":"#0"},"east":{"uv":[8,1,9,2],"texture":"#0"},"south":{"uv":[8,1,9,2],"texture":"#0"},"west":{"uv":[8,1,9,2],"texture":"#0"},"up":{"uv":[8,1,9,2],"texture":"#0"},"down":{"uv":[8,1,9,2],"texture":"#0"}}},{"from":[7.2,12,6],"to":[8.8,13,7],"faces":{"north":{"uv":[8,2,9,3],"texture":"#0"},"east":{"uv":[8,2,9,3],"texture":"#0"},"south":{"uv":[8,2,9,3],"texture":"#0"},"west":{"uv":[8,2,9,3],"texture":"#0"},"up":{"uv":[8,2,9,3],"texture":"#0"},"down":{"uv":[8,2,9,3],"texture":"#0"}}},{"from":[7.5,11,6],"to":[8.5,12,7],"faces":{"north":{"uv":[8,3,9,4],"texture":"#0"},"east":{"uv":[8,3,9,4],"texture":"#0"},"south":{"uv":[8,3,9,4],"texture":"#0"},"west":{"uv":[8,3,9,4],"texture":"#0"},"up":{"uv":[8,3,9,4],"texture":"#0"},"down":{"uv":[8,3,9,4],"texture":"#0"}}},{"from":[7.5,13,5],"to":[8.5,14,6],"faces":{"north":{"uv":[7,1,8,2],"texture":"#0"},"east":{"uv":[7,1,8,2],"texture":"#0"},"south":{"uv":[7,1,8,2],"texture":"#0"},"west":{"uv":[7,1,8,2],"texture":"#0"},"up":{"uv":[7,1,8,2],"texture":"#0"},"down":{"uv":[7,1,8,2],"texture":"#0"}}},{"from":[7.2,12,5],"to":[8.8,13,6],"faces":{"north":{"uv":[7,2,8,3],"texture":"#0"},"east":{"uv":[7,2,8,3],"texture":"#0"},"south":{"uv":[7,2,8,3],"texture":"#0"},"west":{"uv":[7,2,8,3],"texture":"#0"},"up":{"uv":[7,2,8,3],"texture":"#0"},"down":{"uv":[7,2,8,3],"texture":"#0"}}},{"from":[7.5,12,4],"to":[8.5,13,5],"faces":{"north":{"uv":[6,2,7,3],"texture":"#0"},"east":{"uv":[6,2,7,3],"texture":"#0"},"south":{"uv":[6,2,7,3],"texture":"#0"},"west":{"uv":[6,2,7,3],"texture":"#0"},"up":{"uv":[6,2,7,3],"texture":"#0"},"down":{"uv":[6,2,7,3],"texture":"#0"}}},{"from":[7.5,11,5],"to":[8.5,12,6],"faces":{"north":{"uv":[7,3,8,4],"texture":"#0"},"east":{"uv":[7,3,8,4],"texture":"#0"},"south":{"uv":[7,3,8,4],"texture":"#0"},"west":{"uv":[7,3,8,4],"texture":"#0"},"up":{"uv":[7,3,8,4],"texture":"#0"},"down":{"uv":[7,3,8,4],"texture":"#0"}}},{"from":[7.3,10,10],"to":[8.7,11,11],"faces":{"north":{"uv":[12,4,13,5],"texture":"#0"},"east":{"uv":[12,4,13,5],"texture":"#0"},"south":{"uv":[12,4,13,5],"texture":"#0"},"west":{"uv":[12,4,13,5],"texture":"#0"},"up":{"uv":[12,4,13,5],"texture":"#0"},"down":{"uv":[12,4,13,5],"texture":"#0"}}},{"from":[7.5,11,10],"to":[8.5,12,11],"faces":{"north":{"uv":[12,3,13,4],"texture":"#0"},"east":{"uv":[12,3,13,4],"texture":"#0"},"south":{"uv":[12,3,13,4],"texture":"#0"},"west":{"uv":[12,3,13,4],"texture":"#0"},"up":{"uv":[12,3,13,4],"texture":"#0"},"down":{"uv":[12,3,13,4],"texture":"#0"}}},{"from":[7.3,11,11],"to":[8.7,12,12],"faces":{"north":{"uv":[13,3,14,4],"texture":"#0"},"east":{"uv":[13,3,14,4],"texture":"#0"},"south":{"uv":[13,3,14,4],"texture":"#0"},"west":{"uv":[13,3,14,4],"texture":"#0"},"up":{"uv":[13,3,14,4],"texture":"#0"},"down":{"uv":[13,3,14,4],"texture":"#0"}}}],"display":{"thirdperson_righthand":{"rotation":[-45,0,0],"translation":[0,5,0]},"thirdperson_lefthand":{"rotation":[-45,0,0],"translation":[0,5,0]},"firstperson_righthand":{"rotation":[-45,0,0],"translation":[0,5,0]},"firstperson_lefthand":{"rotation":[-45,0,0],"translation":[0,5,0]},"ground":{"scale":[0.6,0.6,0.6]},"gui":{"rotation":[0,90,0],"translation":[2,1,0]},"head":{"rotation":[135,0,0],"translation":[0,-4.5,0],"scale":[1.6,1.6,1.6]},"fixed":{"rotation":[0,-90,0],"translation":[-2,1.75,0]}}}