{"gui_light":"front","textures":{"0":"minecraft:item/stone_axe","particle":"item/stone_axe"},"overrides":[{"predicate":{"custom_model_data":1},"model":"item/stone_axe"},{"predicate":{"custom_model_data":2},"model":"item/stone_axe/2"},{"predicate":{"custom_model_data":3},"model":"item/stone_axe/3"}],"elements":[{"from":[4,0,5],"to":[5,1,6],"rotation":{"angle":0,"axis":"y","origin":[12,8,13]},"faces":{"north":{"uv":[6,11,7,12],"texture":"#0"},"east":{"uv":[6,11,7,12],"texture":"#0"},"south":{"uv":[6,11,7,12],"texture":"#0"},"west":{"uv":[6,11,7,12],"texture":"#0"},"up":{"uv":[6,11,7,12],"texture":"#0"},"down":{"uv":[6,11,7,12],"texture":"#0"}}},{"from":[10,0,5],"to":[11,1,6],"rotation":{"angle":0,"axis":"y","origin":[18,8,13]},"faces":{"north":{"uv":[6,5,7,6],"texture":"#0"},"east":{"uv":[6,5,7,6],"texture":"#0"},"south":{"uv":[6,5,7,6],"texture":"#0"},"west":{"uv":[6,5,7,6],"texture":"#0"},"up":{"uv":[6,5,7,6],"texture":"#0"},"down":{"uv":[6,5,7,6],"texture":"#0"}}},{"from":[1,0,2],"to":[2,1,3],"rotation":{"angle":0,"axis":"y","origin":[9,8,10]},"faces":{"north":{"uv":[3,14,4,15],"texture":"#0"},"east":{"uv":[3,14,4,15],"texture":"#0"},"south":{"uv":[3,14,4,15],"texture":"#0"},"west":{"uv":[3,14,4,15],"texture":"#0"},"up":{"uv":[3,14,4,15],"texture":"#0"},"down":{"uv":[3,14,4,15],"texture":"#0"}}},{"from":[7,0,10],"to":[8,1,12],"rotation":{"angle":0,"axis":"y","origin":[15,8,18]},"faces":{"north":{"uv":[12,8,13,9],"texture":"#0"},"east":{"uv":[12,8,13,9],"texture":"#0"},"south":{"uv":[12,8,13,9],"texture":"#0"},"west":{"uv":[12,8,13,9],"texture":"#0"},"up":{"uv":[12,8,13,9],"texture":"#0"},"down":{"uv":[12,8,13,9],"texture":"#0"}}},{"from":[3,0,4],"to":[4,1,5],"rotation":{"angle":0,"axis":"y","origin":[11,8,12]},"faces":{"north":{"uv":[5,12,6,13],"texture":"#0"},"east":{"uv":[5,12,6,13],"texture":"#0"},"south":{"uv":[5,12,6,13],"texture":"#0"},"west":{"uv":[5,12,6,13],"texture":"#0"},"up":{"uv":[5,12,6,13],"texture":"#0"},"down":{"uv":[5,12,6,13],"texture":"#0"}}},{"from":[2,0,3],"to":[3,1,4],"rotation":{"angle":0,"axis":"y","origin":[10,8,11]},"faces":{"north":{"uv":[5,12,6,13],"texture":"#0"},"east":{"uv":[5,12,6,13],"texture":"#0"},"south":{"uv":[5,12,6,13],"texture":"#0"},"west":{"uv":[5,12,6,13],"texture":"#0"},"up":{"uv":[5,12,6,13],"texture":"#0"},"down":{"uv":[5,12,6,13],"texture":"#0"}}},{"from":[7,0,8],"to":[8,1,9],"rotation":{"angle":0,"axis":"y","origin":[15,8,16]},"faces":{"north":{"uv":[9,8,10,9],"texture":"#0"},"east":{"uv":[9,8,10,9],"texture":"#0"},"south":{"uv":[9,8,10,9],"texture":"#0"},"west":{"uv":[9,8,10,9],"texture":"#0"},"up":{"uv":[9,8,10,9],"texture":"#0"},"down":{"uv":[9,8,10,9],"texture":"#0"}}},{"from":[5,0,6],"to":[6,1,7],"rotation":{"angle":0,"axis":"y","origin":[13,8,14]},"faces":{"north":{"uv":[7,10,8,11],"texture":"#0"},"east":{"uv":[7,10,8,11],"texture":"#0"},"south":{"uv":[7,10,8,11],"texture":"#0"},"west":{"uv":[7,10,8,11],"texture":"#0"},"up":{"uv":[7,10,8,11],"texture":"#0"},"down":{"uv":[7,10,8,11],"texture":"#0"}}},{"from":[14,0,8],"to":[15,1,10],"rotation":{"angle":0,"axis":"y","origin":[22,8,16]},"faces":{"north":{"uv":[9,1,10,2],"texture":"#0"},"east":{"uv":[9,1,10,2],"texture":"#0"},"south":{"uv":[9,1,10,2],"texture":"#0"},"west":{"uv":[9,1,10,2],"texture":"#0"},"up":{"uv":[9,1,10,2],"texture":"#0"},"down":{"uv":[9,1,10,2],"texture":"#0"}}},{"from":[8,0,9],"to":[9,1,10],"rotation":{"angle":0,"axis":"y","origin":[16,8,17]},"faces":{"north":{"uv":[10,7,11,8],"texture":"#0"},"east":{"uv":[10,7,11,8],"texture":"#0"},"south":{"uv":[10,7,11,8],"texture":"#0"},"west":{"uv":[10,7,11,8],"texture":"#0"},"up":{"uv":[10,7,11,8],"texture":"#0"},"down":{"uv":[10,7,11,8],"texture":"#0"}}},{"from":[12,0,6],"to":[13,1,7],"rotation":{"angle":0,"axis":"y","origin":[20,8,14]},"faces":{"north":{"uv":[7,3,8,4],"texture":"#0"},"east":{"uv":[7,3,8,4],"texture":"#0"},"south":{"uv":[7,3,8,4],"texture":"#0"},"west":{"uv":[7,3,8,4],"texture":"#0"},"up":{"uv":[7,3,8,4],"texture":"#0"},"down":{"uv":[7,3,8,4],"texture":"#0"}}},{"from":[11,0,5],"to":[12,1,6],"rotation":{"angle":0,"axis":"y","origin":[19,8,13]},"faces":{"north":{"uv":[6,4,7,5],"texture":"#0"},"east":{"uv":[6,4,7,5],"texture":"#0"},"south":{"uv":[6,4,7,5],"texture":"#0"},"west":{"uv":[6,4,7,5],"texture":"#0"},"up":{"uv":[6,4,7,5],"texture":"#0"},"down":{"uv":[6,4,7,5],"texture":"#0"}}},{"from":[13,0,7],"to":[14,1,8],"rotation":{"angle":0,"axis":"y","origin":[21,8,15]},"faces":{"north":{"uv":[8,2,9,3],"texture":"#0"},"east":{"uv":[8,2,9,3],"texture":"#0"},"south":{"uv":[8,2,9,3],"texture":"#0"},"west":{"uv":[8,2,9,3],"texture":"#0"},"up":{"uv":[8,2,9,3],"texture":"#0"},"down":{"uv":[8,2,9,3],"texture":"#0"}}},{"from":[12,0,10],"to":[14,1,11],"rotation":{"angle":0,"axis":"y","origin":[21,8,17]},"faces":{"north":{"uv":[11,2,12,3],"texture":"#0"},"east":{"uv":[11,2,12,3],"texture":"#0"},"south":{"uv":[11,2,12,3],"texture":"#0"},"west":{"uv":[11,2,12,3],"texture":"#0"},"up":{"uv":[11,2,12,3],"texture":"#0"},"down":{"uv":[11,2,12,3],"texture":"#0"}}},{"from":[9,0,6],"to":[10,1,8],"rotation":{"angle":0,"axis":"y","origin":[17,8,14]},"faces":{"north":{"uv":[8,6,9,7],"texture":"#0"},"east":{"uv":[8,6,9,7],"texture":"#0"},"south":{"uv":[8,6,9,7],"texture":"#0"},"west":{"uv":[8,6,9,7],"texture":"#0"},"up":{"uv":[8,6,9,7],"texture":"#0"},"down":{"uv":[8,6,9,7],"texture":"#0"}}},{"from":[3,0,2],"to":[4,1,3],"rotation":{"angle":0,"axis":"y","origin":[11,8,10]},"faces":{"north":{"uv":[4,11,5,12],"texture":"#0"},"east":{"uv":[4,11,5,12],"texture":"#0"},"south":{"uv":[4,11,5,12],"texture":"#0"},"west":{"uv":[4,11,5,12],"texture":"#0"},"up":{"uv":[4,11,5,12],"texture":"#0"},"down":{"uv":[4,11,5,12],"texture":"#0"}}},{"from":[4,0,3],"to":[5,1,4],"rotation":{"angle":0,"axis":"y","origin":[12,8,11]},"faces":{"north":{"uv":[4,11,5,12],"texture":"#0"},"east":{"uv":[4,11,5,12],"texture":"#0"},"south":{"uv":[4,11,5,12],"texture":"#0"},"west":{"uv":[4,11,5,12],"texture":"#0"},"up":{"uv":[4,11,5,12],"texture":"#0"},"down":{"uv":[4,11,5,12],"texture":"#0"}}},{"from":[8,0,7],"to":[9,1,8],"rotation":{"angle":0,"axis":"y","origin":[16,8,15]},"faces":{"north":{"uv":[8,7,9,8],"texture":"#0"},"east":{"uv":[8,7,9,8],"texture":"#0"},"south":{"uv":[8,7,9,8],"texture":"#0"},"west":{"uv":[8,7,9,8],"texture":"#0"},"up":{"uv":[8,7,9,8],"texture":"#0"},"down":{"uv":[8,7,9,8],"texture":"#0"}}},{"from":[2,0,1],"to":[3,1,2],"rotation":{"angle":0,"axis":"y","origin":[10,8,9]},"faces":{"north":{"uv":[2,13,3,14],"texture":"#0"},"east":{"uv":[2,13,3,14],"texture":"#0"},"south":{"uv":[2,13,3,14],"texture":"#0"},"west":{"uv":[2,13,3,14],"texture":"#0"},"up":{"uv":[2,13,3,14],"texture":"#0"},"down":{"uv":[2,13,3,14],"texture":"#0"}}},{"from":[10,0,11],"to":[11,1,12],"rotation":{"angle":0,"axis":"y","origin":[18,8,19]},"faces":{"north":{"uv":[12,5,13,6],"texture":"#0"},"east":{"uv":[12,5,13,6],"texture":"#0"},"south":{"uv":[12,5,13,6],"texture":"#0"},"west":{"uv":[12,5,13,6],"texture":"#0"},"up":{"uv":[12,5,13,6],"texture":"#0"},"down":{"uv":[12,5,13,6],"texture":"#0"}}},{"from":[5,0,4],"to":[6,1,5],"rotation":{"angle":0,"axis":"y","origin":[13,8,12]},"faces":{"north":{"uv":[6,9,7,10],"texture":"#0"},"east":{"uv":[6,9,7,10],"texture":"#0"},"south":{"uv":[6,9,7,10],"texture":"#0"},"west":{"uv":[6,9,7,10],"texture":"#0"},"up":{"uv":[6,9,7,10],"texture":"#0"},"down":{"uv":[6,9,7,10],"texture":"#0"}}},{"from":[7,0,6],"to":[8,1,7],"rotation":{"angle":0,"axis":"y","origin":[15,8,14]},"faces":{"north":{"uv":[4,11,5,12],"texture":"#0"},"east":{"uv":[4,11,5,12],"texture":"#0"},"south":{"uv":[4,11,5,12],"texture":"#0"},"west":{"uv":[4,11,5,12],"texture":"#0"},"up":{"uv":[4,11,5,12],"texture":"#0"},"down":{"uv":[4,11,5,12],"texture":"#0"}}},{"from":[6,0,5],"to":[7,1,6],"rotation":{"angle":0,"axis":"y","origin":[14,8,13]},"faces":{"north":{"uv":[4,11,5,12],"texture":"#0"},"east":{"uv":[4,11,5,12],"texture":"#0"},"south":{"uv":[4,11,5,12],"texture":"#0"},"west":{"uv":[4,11,5,12],"texture":"#0"},"up":{"uv":[4,11,5,12],"texture":"#0"},"down":{"uv":[4,11,5,12],"texture":"#0"}}},{"from":[2,-0.3,2],"to":[3,1.3,3],"rotation":{"angle":0,"axis":"y","origin":[10,8,10]},"faces":{"north":{"uv":[3,13,4,14],"texture":"#0"},"east":{"uv":[3,13,4,14],"texture":"#0"},"south":{"uv":[3,13,4,14],"texture":"#0"},"west":{"uv":[3,13,4,14],"texture":"#0"},"up":{"uv":[3,13,4,14],"texture":"#0"},"down":{"uv":[3,13,4,14],"texture":"#0"}}},{"from":[11,0,10],"to":[12,1,11],"rotation":{"angle":0,"axis":"y","origin":[19,8,18]},"faces":{"north":{"uv":[11,4,12,5],"texture":"#0"},"east":{"uv":[11,4,12,5],"texture":"#0"},"south":{"uv":[11,4,12,5],"texture":"#0"},"west":{"uv":[11,4,12,5],"texture":"#0"},"up":{"uv":[11,4,12,5],"texture":"#0"},"down":{"uv":[11,4,12,5],"texture":"#0"}}},{"from":[9,0,8],"to":[10,1,9],"rotation":{"angle":0,"axis":"y","origin":[17,8,16]},"faces":{"north":{"uv":[9,6,10,7],"texture":"#0"},"east":{"uv":[9,6,10,7],"texture":"#0"},"south":{"uv":[9,6,10,7],"texture":"#0"},"west":{"uv":[9,6,10,7],"texture":"#0"},"up":{"uv":[9,6,10,7],"texture":"#0"},"down":{"uv":[9,6,10,7],"texture":"#0"}}},{"from":[12,-0.5,8],"to":[13,1.5,9],"rotation":{"angle":0,"axis":"y","origin":[20,8,16]},"faces":{"north":{"uv":[9,4,10,5],"texture":"#0"},"east":{"uv":[9,4,10,5],"texture":"#0"},"south":{"uv":[9,4,10,5],"texture":"#0"},"west":{"uv":[9,4,10,5],"texture":"#0"},"up":{"uv":[9,4,10,5],"texture":"#0"},"down":{"uv":[9,4,10,5],"texture":"#0"}}},{"from":[9,-0.5,10],"to":[10,1.5,11],"rotation":{"angle":0,"axis":"y","origin":[17,8,18]},"faces":{"north":{"uv":[11,6,12,7],"texture":"#0"},"east":{"uv":[11,6,12,7],"texture":"#0"},"south":{"uv":[11,6,12,7],"texture":"#0"},"west":{"uv":[11,6,12,7],"texture":"#0"},"up":{"uv":[11,6,12,7],"texture":"#0"},"down":{"uv":[11,6,12,7],"texture":"#0"}}},{"from":[8,-0.5,10],"to":[9,1.5,12],"rotation":{"angle":0,"axis":"y","origin":[16,8,18]},"faces":{"north":{"uv":[12,6,13,7],"texture":"#0"},"east":{"uv":[12,6,13,7],"texture":"#0"},"south":{"uv":[12,6,13,7],"texture":"#0"},"west":{"uv":[12,6,13,7],"texture":"#0"},"up":{"uv":[12,6,13,7],"texture":"#0"},"down":{"uv":[12,6,13,7],"texture":"#0"}}},{"from":[5,-0.3,5],"to":[6,1.3,6],"rotation":{"angle":0,"axis":"y","origin":[13,8,13]},"faces":{"north":{"uv":[6,10,7,11],"texture":"#0"},"east":{"uv":[6,10,7,11],"texture":"#0"},"south":{"uv":[6,10,7,11],"texture":"#0"},"west":{"uv":[6,10,7,11],"texture":"#0"},"up":{"uv":[6,10,7,11],"texture":"#0"},"down":{"uv":[6,10,7,11],"texture":"#0"}}},{"from":[9,-0.5,11],"to":[10,1.5,12],"rotation":{"angle":0,"axis":"y","origin":[17,8,18]},"faces":{"north":{"uv":[12,6,13,7],"texture":"#0"},"east":{"uv":[12,6,13,7],"texture":"#0"},"south":{"uv":[12,6,13,7],"texture":"#0"},"west":{"uv":[12,6,13,7],"texture":"#0"},"up":{"uv":[12,6,13,7],"texture":"#0"},"down":{"uv":[12,6,13,7],"texture":"#0"}}},{"from":[11,-0.5,7],"to":[12,1.5,10],"rotation":{"angle":0,"axis":"y","origin":[19,8,16]},"faces":{"north":{"uv":[9,4,10,5],"texture":"#0"},"east":{"uv":[9,4,10,5],"texture":"#0"},"south":{"uv":[9,4,10,5],"texture":"#0"},"west":{"uv":[9,4,10,5],"texture":"#0"},"up":{"uv":[9,4,10,5],"texture":"#0"},"down":{"uv":[9,4,10,5],"texture":"#0"}}},{"from":[9,-0.5,9],"to":[10,1.5,10],"rotation":{"angle":0,"axis":"y","origin":[17,8,16]},"faces":{"north":{"uv":[10,6,11,7],"texture":"#0"},"east":{"uv":[10,6,11,7],"texture":"#0"},"south":{"uv":[10,6,11,7],"texture":"#0"},"west":{"uv":[10,6,11,7],"texture":"#0"},"up":{"uv":[10,6,11,7],"texture":"#0"},"down":{"uv":[10,6,11,7],"texture":"#0"}}},{"from":[12,-0.5,7],"to":[13,1.5,8],"rotation":{"angle":0,"axis":"y","origin":[19,8,15]},"faces":{"north":{"uv":[7,4,8,5],"texture":"#0"},"east":{"uv":[7,4,8,5],"texture":"#0"},"south":{"uv":[7,4,8,5],"texture":"#0"},"west":{"uv":[7,4,8,5],"texture":"#0"},"up":{"uv":[7,4,8,5],"texture":"#0"},"down":{"uv":[7,4,8,5],"texture":"#0"}}},{"from":[13,-0.5,8],"to":[14,1.5,10],"rotation":{"angle":0,"axis":"y","origin":[20,8,16]},"faces":{"north":{"uv":[9,2,10,3],"texture":"#0"},"east":{"uv":[9,2,10,3],"texture":"#0"},"south":{"uv":[9,2,10,3],"texture":"#0"},"west":{"uv":[9,2,10,3],"texture":"#0"},"up":{"uv":[9,2,10,3],"texture":"#0"},"down":{"uv":[9,2,10,3],"texture":"#0"}}},{"from":[10,-0.5,8],"to":[11,1.5,9],"rotation":{"angle":0,"axis":"y","origin":[18,8,16]},"faces":{"north":{"uv":[9,4,10,5],"texture":"#0"},"east":{"uv":[9,4,10,5],"texture":"#0"},"south":{"uv":[9,4,10,5],"texture":"#0"},"west":{"uv":[9,4,10,5],"texture":"#0"},"up":{"uv":[9,4,10,5],"texture":"#0"},"down":{"uv":[9,4,10,5],"texture":"#0"}}},{"from":[10,-0.5,7],"to":[11,1.5,8],"rotation":{"angle":0,"axis":"y","origin":[18,8,15]},"faces":{"north":{"uv":[8,5,9,6],"texture":"#0"},"east":{"uv":[8,5,9,6],"texture":"#0"},"south":{"uv":[8,5,9,6],"texture":"#0"},"west":{"uv":[8,5,9,6],"texture":"#0"},"up":{"uv":[8,5,9,6],"texture":"#0"},"down":{"uv":[8,5,9,6],"texture":"#0"}}},{"from":[7,-0.3,7],"to":[8,1.3,8],"rotation":{"angle":0,"axis":"y","origin":[15,8,15]},"faces":{"north":{"uv":[8,8,9,9],"texture":"#0"},"east":{"uv":[8,8,9,9],"texture":"#0"},"south":{"uv":[8,8,9,9],"texture":"#0"},"west":{"uv":[8,8,9,9],"texture":"#0"},"up":{"uv":[8,8,9,9],"texture":"#0"},"down":{"uv":[8,8,9,9],"texture":"#0"}}},{"from":[10,-0.5,6],"to":[12,1.5,7],"rotation":{"angle":0,"axis":"y","origin":[18,8,14]},"faces":{"north":{"uv":[7,5,8,6],"texture":"#0"},"east":{"uv":[7,5,8,6],"texture":"#0"},"south":{"uv":[7,5,8,6],"texture":"#0"},"west":{"uv":[7,5,8,6],"texture":"#0"},"up":{"uv":[7,5,8,6],"texture":"#0"},"down":{"uv":[7,5,8,6],"texture":"#0"}}},{"from":[10,-0.5,9],"to":[11,1.5,10],"rotation":{"angle":0,"axis":"y","origin":[18,8,17]},"faces":{"north":{"uv":[10,5,11,6],"texture":"#0"},"east":{"uv":[10,5,11,6],"texture":"#0"},"south":{"uv":[10,5,11,6],"texture":"#0"},"west":{"uv":[10,5,11,6],"texture":"#0"},"up":{"uv":[10,5,11,6],"texture":"#0"},"down":{"uv":[10,5,11,6],"texture":"#0"}}},{"from":[1,-0.3,1],"to":[2,1.3,2],"rotation":{"angle":0,"axis":"y","origin":[9,8,9]},"faces":{"north":{"uv":[2,14,3,15],"texture":"#0"},"east":{"uv":[2,14,3,15],"texture":"#0"},"south":{"uv":[2,14,3,15],"texture":"#0"},"west":{"uv":[2,14,3,15],"texture":"#0"},"up":{"uv":[2,14,3,15],"texture":"#0"},"down":{"uv":[2,14,3,15],"texture":"#0"}}},{"from":[4,-0.3,4],"to":[5,1.3,5],"rotation":{"angle":0,"axis":"y","origin":[12,8,12]},"faces":{"north":{"uv":[5,11,6,12],"texture":"#0"},"east":{"uv":[5,11,6,12],"texture":"#0"},"south":{"uv":[5,11,6,12],"texture":"#0"},"west":{"uv":[5,11,6,12],"texture":"#0"},"up":{"uv":[5,11,6,12],"texture":"#0"},"down":{"uv":[5,11,6,12],"texture":"#0"}}},{"from":[6,-0.3,6],"to":[7,1.3,7],"rotation":{"angle":0,"axis":"y","origin":[14,8,14]},"faces":{"north":{"uv":[7,9,8,10],"texture":"#0"},"east":{"uv":[7,9,8,10],"texture":"#0"},"south":{"uv":[7,9,8,10],"texture":"#0"},"west":{"uv":[7,9,8,10],"texture":"#0"},"up":{"uv":[7,9,8,10],"texture":"#0"},"down":{"uv":[7,9,8,10],"texture":"#0"}}},{"from":[11,-0.3,11],"to":[12,1.3,12],"rotation":{"angle":0,"axis":"y","origin":[19,8,19]},"faces":{"north":{"uv":[12,4,13,5],"texture":"#0"},"east":{"uv":[12,4,13,5],"texture":"#0"},"south":{"uv":[12,4,13,5],"texture":"#0"},"west":{"uv":[12,4,13,5],"texture":"#0"},"up":{"uv":[12,4,13,5],"texture":"#0"},"down":{"uv":[12,4,13,5],"texture":"#0"}}},{"from":[12,-0.5,9],"to":[13,1.5,10],"rotation":{"angle":0,"axis":"y","origin":[20,8,17]},"faces":{"north":{"uv":[10,3,11,4],"texture":"#0"},"east":{"uv":[10,3,11,4],"texture":"#0"},"south":{"uv":[10,3,11,4],"texture":"#0"},"west":{"uv":[10,3,11,4],"texture":"#0"},"up":{"uv":[10,3,11,4],"texture":"#0"},"down":{"uv":[10,3,11,4],"texture":"#0"}}},{"from":[6,0,7],"to":[7,1,8],"rotation":{"angle":0,"axis":"y","origin":[14,8,15]},"faces":{"north":{"uv":[8,9,9,10],"texture":"#0"},"east":{"uv":[8,9,9,10],"texture":"#0"},"south":{"uv":[8,9,9,10],"texture":"#0"},"west":{"uv":[8,9,9,10],"texture":"#0"},"up":{"uv":[8,9,9,10],"texture":"#0"},"down":{"uv":[8,9,9,10],"texture":"#0"}}},{"from":[3,-0.3,3],"to":[4,1.3,4],"rotation":{"angle":0,"axis":"y","origin":[11,8,11]},"faces":{"north":{"uv":[4,12,5,13],"texture":"#0"},"east":{"uv":[4,12,5,13],"texture":"#0"},"south":{"uv":[4,12,5,13],"texture":"#0"},"west":{"uv":[4,12,5,13],"texture":"#0"},"up":{"uv":[4,12,5,13],"texture":"#0"},"down":{"uv":[4,12,5,13],"texture":"#0"}}},{"from":[8,-0.3,8],"to":[9,1.3,9],"rotation":{"angle":0,"axis":"y","origin":[16,8,16]},"faces":{"north":{"uv":[9,7,10,8],"texture":"#0"},"east":{"uv":[9,7,10,8],"texture":"#0"},"south":{"uv":[9,7,10,8],"texture":"#0"},"west":{"uv":[9,7,10,8],"texture":"#0"},"up":{"uv":[9,7,10,8],"texture":"#0"},"down":{"uv":[9,7,10,8],"texture":"#0"}}},{"from":[10,-0.5,10],"to":[11,1.5,11],"rotation":{"angle":0,"axis":"y","origin":[18,8,17]},"faces":{"north":{"uv":[11,5,12,6],"texture":"#0"},"east":{"uv":[11,5,12,6],"texture":"#0"},"south":{"uv":[11,5,12,6],"texture":"#0"},"west":{"uv":[11,5,12,6],"texture":"#0"},"up":{"uv":[11,5,12,6],"texture":"#0"},"down":{"uv":[11,5,12,6],"texture":"#0"}}},{"from":[8,0,12],"to":[10,1,13],"rotation":{"angle":0,"axis":"y","origin":[16,8,19]},"faces":{"north":{"uv":[13,6,14,7],"texture":"#0"},"east":{"uv":[13,6,14,7],"texture":"#0"},"south":{"uv":[13,6,14,7],"texture":"#0"},"west":{"uv":[13,6,14,7],"texture":"#0"},"up":{"uv":[13,6,14,7],"texture":"#0"},"down":{"uv":[13,6,14,7],"texture":"#0"}}}],"display":{"thirdperson_righthand":{"rotation":[-33,0,92.25],"translation":[-8,4.75,2.25]},"thirdperson_lefthand":{"rotation":[-37.75,0,-90.75],"translation":[7.25,4,1.5]},"firstperson_righthand":{"rotation":[-32.5,0,92.25],"translation":[-3.5,4.25,-1.25]},"firstperson_lefthand":{"rotation":[-41.75,-0.5,-84.25],"translation":[12,5,-3.25]},"ground":{"rotation":[-81.75,0,0],"scale":[0.6,0.6,0.6]},"gui":{"rotation":[0.5,89.5,85],"translation":[0.25,0.75,0]},"head":{"rotation":[45,0,-90],"translation":[11.25,-6,0],"scale":[1.6,1.6,1.6]},"fixed":{"rotation":[-90,-90,0],"translation":[-0.75,0.75,-7.5]}}}