{"gui_light":"front","textures":{"0":"item/stone_shovel","particle":"item/stone_shovel"},"overrides":[{"predicate":{"custom_model_data":1},"model":"item/stone_shovel"}],"elements":[{"from":[2,2,7.5],"to":[3,4,8.5],"rotation":{"angle":0,"axis":"y","origin":[10,10,8]},"faces":{"north":{"uv":[2,13,3,14],"texture":"#0"},"east":{"uv":[2,13,3,14],"texture":"#0"},"south":{"uv":[2,13,3,14],"texture":"#0"},"west":{"uv":[2,13,3,14],"texture":"#0"},"up":{"uv":[2,13,3,14],"texture":"#0"},"down":{"uv":[2,13,3,14],"texture":"#0"}}},{"from":[3,3,7.5],"to":[4,4,8.5],"rotation":{"angle":0,"axis":"y","origin":[11,10,8]},"faces":{"north":{"uv":[2,13,3,14],"texture":"#0"},"east":{"uv":[2,13,3,14],"texture":"#0"},"south":{"uv":[2,13,3,14],"texture":"#0"},"west":{"uv":[2,13,3,14],"texture":"#0"},"up":{"uv":[2,13,3,14],"texture":"#0"},"down":{"uv":[2,13,3,14],"texture":"#0"}}},{"from":[4,4,7.5],"to":[5,5,8.5],"rotation":{"angle":0,"axis":"y","origin":[12,11,8]},"faces":{"north":{"uv":[4,11,5,12],"texture":"#0"},"east":{"uv":[4,11,5,12],"texture":"#0"},"south":{"uv":[4,11,5,12],"texture":"#0"},"west":{"uv":[4,11,5,12],"texture":"#0"},"up":{"uv":[4,11,5,12],"texture":"#0"},"down":{"uv":[4,11,5,12],"texture":"#0"}}},{"from":[5,5,7.5],"to":[6,6,8.5],"rotation":{"angle":0,"axis":"y","origin":[13,12,8]},"faces":{"north":{"uv":[4,11,5,12],"texture":"#0"},"east":{"uv":[4,11,5,12],"texture":"#0"},"south":{"uv":[4,11,5,12],"texture":"#0"},"west":{"uv":[4,11,5,12],"texture":"#0"},"up":{"uv":[4,11,5,12],"texture":"#0"},"down":{"uv":[4,11,5,12],"texture":"#0"}}},{"from":[6,6,7.5],"to":[7,7,8.5],"rotation":{"angle":0,"axis":"y","origin":[14,13,8]},"faces":{"north":{"uv":[4,11,5,12],"texture":"#0"},"east":{"uv":[4,11,5,12],"texture":"#0"},"south":{"uv":[4,11,5,12],"texture":"#0"},"west":{"uv":[4,11,5,12],"texture":"#0"},"up":{"uv":[4,11,5,12],"texture":"#0"},"down":{"uv":[4,11,5,12],"texture":"#0"}}},{"from":[7,7,7.5],"to":[8,8,8.5],"rotation":{"angle":0,"axis":"y","origin":[15,14,8]},"faces":{"north":{"uv":[4,11,5,12],"texture":"#0"},"east":{"uv":[4,11,5,12],"texture":"#0"},"south":{"uv":[4,11,5,12],"texture":"#0"},"west":{"uv":[4,11,5,12],"texture":"#0"},"up":{"uv":[4,11,5,12],"texture":"#0"},"down":{"uv":[4,11,5,12],"texture":"#0"}}},{"from":[8,8,7.5],"to":[9,9,8.5],"rotation":{"angle":0,"axis":"y","origin":[16,15,8]},"faces":{"north":{"uv":[4,11,5,12],"texture":"#0"},"east":{"uv":[4,11,5,12],"texture":"#0"},"south":{"uv":[4,11,5,12],"texture":"#0"},"west":{"uv":[4,11,5,12],"texture":"#0"},"up":{"uv":[4,11,5,12],"texture":"#0"},"down":{"uv":[4,11,5,12],"texture":"#0"}}},{"from":[9,9,7.5],"to":[10,10,8.5],"rotation":{"angle":0,"axis":"y","origin":[17,16,8]},"faces":{"north":{"uv":[4,11,5,12],"texture":"#0"},"east":{"uv":[4,11,5,12],"texture":"#0"},"south":{"uv":[4,11,5,12],"texture":"#0"},"west":{"uv":[4,11,5,12],"texture":"#0"},"up":{"uv":[4,11,5,12],"texture":"#0"},"down":{"uv":[4,11,5,12],"texture":"#0"}}},{"from":[8,10,7.5],"to":[9,11,8.5],"rotation":{"angle":0,"axis":"y","origin":[16,17,8]},"faces":{"north":{"uv":[8,5,9,6],"texture":"#0"},"east":{"uv":[8,5,9,6],"texture":"#0"},"south":{"uv":[8,5,9,6],"texture":"#0"},"west":{"uv":[8,5,9,6],"texture":"#0"},"up":{"uv":[8,5,9,6],"texture":"#0"},"down":{"uv":[8,5,9,6],"texture":"#0"}}},{"from":[9,11,7.5],"to":[10,12,8.5],"rotation":{"angle":0,"axis":"y","origin":[17,18,8]},"faces":{"north":{"uv":[8,5,9,6],"texture":"#0"},"east":{"uv":[8,5,9,6],"texture":"#0"},"south":{"uv":[8,5,9,6],"texture":"#0"},"west":{"uv":[8,5,9,6],"texture":"#0"},"up":{"uv":[8,5,9,6],"texture":"#0"},"down":{"uv":[8,5,9,6],"texture":"#0"}}},{"from":[10,12,7.5],"to":[11,13,8.5],"rotation":{"angle":0,"axis":"y","origin":[18,19,8]},"faces":{"north":{"uv":[8,5,9,6],"texture":"#0"},"east":{"uv":[8,5,9,6],"texture":"#0"},"south":{"uv":[8,5,9,6],"texture":"#0"},"west":{"uv":[8,5,9,6],"texture":"#0"},"up":{"uv":[8,5,9,6],"texture":"#0"},"down":{"uv":[8,5,9,6],"texture":"#0"}}},{"from":[11,13,7.5],"to":[14,14,8.5],"rotation":{"angle":0,"axis":"y","origin":[19,20,8]},"faces":{"north":{"uv":[8,5,9,6],"texture":"#0"},"east":{"uv":[8,5,9,6],"texture":"#0"},"south":{"uv":[8,5,9,6],"texture":"#0"},"west":{"uv":[8,5,9,6],"texture":"#0"},"up":{"uv":[8,5,9,6],"texture":"#0"},"down":{"uv":[8,5,9,6],"texture":"#0"}}},{"from":[3,2,7.2],"to":[4,3,8.8],"rotation":{"angle":0,"axis":"y","origin":[11,9,8]},"faces":{"north":{"uv":[3,13,4,14],"texture":"#0"},"east":{"uv":[3,13,4,14],"texture":"#0"},"south":{"uv":[3,13,4,14],"texture":"#0"},"west":{"uv":[3,13,4,14],"texture":"#0"},"up":{"uv":[3,13,4,14],"texture":"#0"},"down":{"uv":[3,13,4,14],"texture":"#0"}}},{"from":[10,9,7.2],"to":[11,10,8.8],"rotation":{"angle":0,"axis":"y","origin":[18,16,8]},"faces":{"north":{"uv":[10,6,11,7],"texture":"#0"},"east":{"uv":[10,6,11,7],"texture":"#0"},"south":{"uv":[10,6,11,7],"texture":"#0"},"west":{"uv":[10,6,11,7],"texture":"#0"},"up":{"uv":[10,6,11,7],"texture":"#0"},"down":{"uv":[10,6,11,7],"texture":"#0"}}},{"from":[11,10,7.2],"to":[12,11,8.8],"rotation":{"angle":0,"axis":"y","origin":[19,17,8]},"faces":{"north":{"uv":[11,5,12,6],"texture":"#0"},"east":{"uv":[11,5,12,6],"texture":"#0"},"south":{"uv":[11,5,12,6],"texture":"#0"},"west":{"uv":[11,5,12,6],"texture":"#0"},"up":{"uv":[11,5,12,6],"texture":"#0"},"down":{"uv":[11,5,12,6],"texture":"#0"}}},{"from":[12,10,7.2],"to":[13,12,8.8],"rotation":{"angle":0,"axis":"y","origin":[20,17,8]},"faces":{"north":{"uv":[12,5,13,6],"texture":"#0"},"east":{"uv":[12,5,13,6],"texture":"#0"},"south":{"uv":[12,5,13,6],"texture":"#0"},"west":{"uv":[12,5,13,6],"texture":"#0"},"up":{"uv":[12,5,13,6],"texture":"#0"},"down":{"uv":[12,5,13,6],"texture":"#0"}}},{"from":[11,9,7.2],"to":[12,10,8.8],"rotation":{"angle":0,"axis":"y","origin":[19,16,8]},"faces":{"north":{"uv":[11,6,12,7],"texture":"#0"},"east":{"uv":[11,6,12,7],"texture":"#0"},"south":{"uv":[11,6,12,7],"texture":"#0"},"west":{"uv":[11,6,12,7],"texture":"#0"},"up":{"uv":[11,6,12,7],"texture":"#0"},"down":{"uv":[11,6,12,7],"texture":"#0"}}},{"from":[10,10,7.2],"to":[11,11,8.8],"rotation":{"angle":0,"axis":"y","origin":[18,17,8]},"faces":{"north":{"uv":[10,5,11,6],"texture":"#0"},"east":{"uv":[10,5,11,6],"texture":"#0"},"south":{"uv":[10,5,11,6],"texture":"#0"},"west":{"uv":[10,5,11,6],"texture":"#0"},"up":{"uv":[10,5,11,6],"texture":"#0"},"down":{"uv":[10,5,11,6],"texture":"#0"}}},{"from":[11,11,7.2],"to":[12,12,8.8],"rotation":{"angle":0,"axis":"y","origin":[19,18,8]},"faces":{"north":{"uv":[11,4,12,5],"texture":"#0"},"east":{"uv":[11,4,12,5],"texture":"#0"},"south":{"uv":[11,4,12,5],"texture":"#0"},"west":{"uv":[11,4,12,5],"texture":"#0"},"up":{"uv":[11,4,12,5],"texture":"#0"},"down":{"uv":[11,4,12,5],"texture":"#0"}}},{"from":[10,11,7.2],"to":[11,12,8.8],"rotation":{"angle":0,"axis":"y","origin":[18,18,8]},"faces":{"north":{"uv":[10,4,11,5],"texture":"#0"},"east":{"uv":[10,4,11,5],"texture":"#0"},"south":{"uv":[10,4,11,5],"texture":"#0"},"west":{"uv":[10,4,11,5],"texture":"#0"},"up":{"uv":[10,4,11,5],"texture":"#0"},"down":{"uv":[10,4,11,5],"texture":"#0"}}},{"from":[11,12,7.2],"to":[14,13,8.8],"rotation":{"angle":0,"axis":"y","origin":[19,19,8]},"faces":{"north":{"uv":[10,4,11,5],"texture":"#0"},"east":{"uv":[10,4,11,5],"texture":"#0"},"south":{"uv":[10,4,11,5],"texture":"#0"},"west":{"uv":[10,4,11,5],"texture":"#0"},"up":{"uv":[10,4,11,5],"texture":"#0"},"down":{"uv":[10,4,11,5],"texture":"#0"}}},{"from":[9,10,7.2],"to":[10,11,8.8],"rotation":{"angle":0,"axis":"y","origin":[17,17,8]},"faces":{"north":{"uv":[9,5,10,6],"texture":"#0"},"east":{"uv":[9,5,10,6],"texture":"#0"},"south":{"uv":[9,5,10,6],"texture":"#0"},"west":{"uv":[9,5,10,6],"texture":"#0"},"up":{"uv":[9,5,10,6],"texture":"#0"},"down":{"uv":[9,5,10,6],"texture":"#0"}}},{"from":[11,8,7.2],"to":[12,9,8.8],"rotation":{"angle":0,"axis":"y","origin":[19,15,8]},"faces":{"north":{"uv":[11,7,12,8],"texture":"#0"},"east":{"uv":[11,7,12,8],"texture":"#0"},"south":{"uv":[11,7,12,8],"texture":"#0"},"west":{"uv":[11,7,12,8],"texture":"#0"},"up":{"uv":[11,7,12,8],"texture":"#0"},"down":{"uv":[11,7,12,8],"texture":"#0"}}},{"from":[12,9,7.2],"to":[13,10,8.8],"rotation":{"angle":0,"axis":"y","origin":[20,16,8]},"faces":{"north":{"uv":[11,7,12,8],"texture":"#0"},"east":{"uv":[11,7,12,8],"texture":"#0"},"south":{"uv":[11,7,12,8],"texture":"#0"},"west":{"uv":[11,7,12,8],"texture":"#0"},"up":{"uv":[11,7,12,8],"texture":"#0"},"down":{"uv":[11,7,12,8],"texture":"#0"}}},{"from":[13,10,7.2],"to":[14,12,8.8],"rotation":{"angle":0,"axis":"y","origin":[21,17,8]},"faces":{"north":{"uv":[11,7,12,8],"texture":"#0"},"east":{"uv":[11,7,12,8],"texture":"#0"},"south":{"uv":[11,7,12,8],"texture":"#0"},"west":{"uv":[11,7,12,8],"texture":"#0"},"up":{"uv":[11,7,12,8],"texture":"#0"},"down":{"uv":[11,7,12,8],"texture":"#0"}}},{"from":[4,3,7.3],"to":[5,4,8.7],"rotation":{"angle":0,"axis":"y","origin":[12,10,8]},"faces":{"north":{"uv":[4,12,5,13],"texture":"#0"},"east":{"uv":[4,12,5,13],"texture":"#0"},"south":{"uv":[4,12,5,13],"texture":"#0"},"west":{"uv":[4,12,5,13],"texture":"#0"},"up":{"uv":[4,12,5,13],"texture":"#0"},"down":{"uv":[4,12,5,13],"texture":"#0"}}},{"from":[5,4,7.3],"to":[6,5,8.7],"rotation":{"angle":0,"axis":"y","origin":[13,11,8]},"faces":{"north":{"uv":[5,11,6,12],"texture":"#0"},"east":{"uv":[5,11,6,12],"texture":"#0"},"south":{"uv":[5,11,6,12],"texture":"#0"},"west":{"uv":[5,11,6,12],"texture":"#0"},"up":{"uv":[5,11,6,12],"texture":"#0"},"down":{"uv":[5,11,6,12],"texture":"#0"}}},{"from":[6,5,7.3],"to":[7,6,8.7],"rotation":{"angle":0,"axis":"y","origin":[14,12,8]},"faces":{"north":{"uv":[6,10,7,11],"texture":"#0"},"east":{"uv":[6,10,7,11],"texture":"#0"},"south":{"uv":[6,10,7,11],"texture":"#0"},"west":{"uv":[6,10,7,11],"texture":"#0"},"up":{"uv":[6,10,7,11],"texture":"#0"},"down":{"uv":[6,10,7,11],"texture":"#0"}}},{"from":[7,6,7.3],"to":[8,7,8.7],"rotation":{"angle":0,"axis":"y","origin":[15,13,8]},"faces":{"north":{"uv":[7,9,8,10],"texture":"#0"},"east":{"uv":[7,9,8,10],"texture":"#0"},"south":{"uv":[7,9,8,10],"texture":"#0"},"west":{"uv":[7,9,8,10],"texture":"#0"},"up":{"uv":[7,9,8,10],"texture":"#0"},"down":{"uv":[7,9,8,10],"texture":"#0"}}},{"from":[8,7,7.3],"to":[9,8,8.7],"rotation":{"angle":0,"axis":"y","origin":[16,14,8]},"faces":{"north":{"uv":[8,8,9,9],"texture":"#0"},"east":{"uv":[8,8,9,9],"texture":"#0"},"south":{"uv":[8,8,9,9],"texture":"#0"},"west":{"uv":[8,8,9,9],"texture":"#0"},"up":{"uv":[8,8,9,9],"texture":"#0"},"down":{"uv":[8,8,9,9],"texture":"#0"}}},{"from":[9,8,7.3],"to":[10,9,8.7],"rotation":{"angle":0,"axis":"y","origin":[17,15,8]},"faces":{"north":{"uv":[9,7,10,8],"texture":"#0"},"east":{"uv":[9,7,10,8],"texture":"#0"},"south":{"uv":[9,7,10,8],"texture":"#0"},"west":{"uv":[9,7,10,8],"texture":"#0"},"up":{"uv":[9,7,10,8],"texture":"#0"},"down":{"uv":[9,7,10,8],"texture":"#0"}}},{"from":[3,1,7.5],"to":[4,2,8.5],"rotation":{"angle":0,"axis":"y","origin":[11,8,8]},"faces":{"north":{"uv":[3,14,4,15],"texture":"#0"},"east":{"uv":[3,14,4,15],"texture":"#0"},"south":{"uv":[3,14,4,15],"texture":"#0"},"west":{"uv":[3,14,4,15],"texture":"#0"},"up":{"uv":[3,14,4,15],"texture":"#0"},"down":{"uv":[3,14,4,15],"texture":"#0"}}},{"from":[5,3,7.5],"to":[6,4,8.5],"rotation":{"angle":0,"axis":"y","origin":[13,10,8]},"faces":{"north":{"uv":[3,14,4,15],"texture":"#0"},"east":{"uv":[3,14,4,15],"texture":"#0"},"south":{"uv":[3,14,4,15],"texture":"#0"},"west":{"uv":[3,14,4,15],"texture":"#0"},"up":{"uv":[3,14,4,15],"texture":"#0"},"down":{"uv":[3,14,4,15],"texture":"#0"}}},{"from":[6,4,7.5],"to":[7,5,8.5],"rotation":{"angle":0,"axis":"y","origin":[14,11,8]},"faces":{"north":{"uv":[3,14,4,15],"texture":"#0"},"east":{"uv":[3,14,4,15],"texture":"#0"},"south":{"uv":[3,14,4,15],"texture":"#0"},"west":{"uv":[3,14,4,15],"texture":"#0"},"up":{"uv":[3,14,4,15],"texture":"#0"},"down":{"uv":[3,14,4,15],"texture":"#0"}}},{"from":[7,5,7.5],"to":[8,6,8.5],"rotation":{"angle":0,"axis":"y","origin":[15,12,8]},"faces":{"north":{"uv":[3,14,4,15],"texture":"#0"},"east":{"uv":[3,14,4,15],"texture":"#0"},"south":{"uv":[3,14,4,15],"texture":"#0"},"west":{"uv":[3,14,4,15],"texture":"#0"},"up":{"uv":[3,14,4,15],"texture":"#0"},"down":{"uv":[3,14,4,15],"texture":"#0"}}},{"from":[8,6,7.5],"to":[9,7,8.5],"rotation":{"angle":0,"axis":"y","origin":[16,13,8]},"faces":{"north":{"uv":[3,14,4,15],"texture":"#0"},"east":{"uv":[3,14,4,15],"texture":"#0"},"south":{"uv":[3,14,4,15],"texture":"#0"},"west":{"uv":[3,14,4,15],"texture":"#0"},"up":{"uv":[3,14,4,15],"texture":"#0"},"down":{"uv":[3,14,4,15],"texture":"#0"}}},{"from":[9,7,7.5],"to":[10,8,8.5],"rotation":{"angle":0,"axis":"y","origin":[17,14,8]},"faces":{"north":{"uv":[3,14,4,15],"texture":"#0"},"east":{"uv":[3,14,4,15],"texture":"#0"},"south":{"uv":[3,14,4,15],"texture":"#0"},"west":{"uv":[3,14,4,15],"texture":"#0"},"up":{"uv":[3,14,4,15],"texture":"#0"},"down":{"uv":[3,14,4,15],"texture":"#0"}}},{"from":[11,7,7.5],"to":[12,8,8.5],"rotation":{"angle":0,"axis":"y","origin":[19,14,8]},"faces":{"north":{"uv":[11,8,12,9],"texture":"#0"},"east":{"uv":[11,8,12,9],"texture":"#0"},"south":{"uv":[11,8,12,9],"texture":"#0"},"west":{"uv":[11,8,12,9],"texture":"#0"},"up":{"uv":[11,8,12,9],"texture":"#0"},"down":{"uv":[11,8,12,9],"texture":"#0"}}},{"from":[12,8,7.5],"to":[13,9,8.5],"rotation":{"angle":0,"axis":"y","origin":[20,15,8]},"faces":{"north":{"uv":[11,8,12,9],"texture":"#0"},"east":{"uv":[11,8,12,9],"texture":"#0"},"south":{"uv":[11,8,12,9],"texture":"#0"},"west":{"uv":[11,8,12,9],"texture":"#0"},"up":{"uv":[11,8,12,9],"texture":"#0"},"down":{"uv":[11,8,12,9],"texture":"#0"}}},{"from":[13,9,7.5],"to":[14,10,8.5],"rotation":{"angle":0,"axis":"y","origin":[21,16,8]},"faces":{"north":{"uv":[11,8,12,9],"texture":"#0"},"east":{"uv":[11,8,12,9],"texture":"#0"},"south":{"uv":[11,8,12,9],"texture":"#0"},"west":{"uv":[11,8,12,9],"texture":"#0"},"up":{"uv":[11,8,12,9],"texture":"#0"},"down":{"uv":[11,8,12,9],"texture":"#0"}}},{"from":[14,10,7.5],"to":[15,13,8.5],"rotation":{"angle":0,"axis":"y","origin":[22,17,8]},"faces":{"north":{"uv":[11,8,12,9],"texture":"#0"},"east":{"uv":[11,8,12,9],"texture":"#0"},"south":{"uv":[11,8,12,9],"texture":"#0"},"west":{"uv":[11,8,12,9],"texture":"#0"},"up":{"uv":[11,8,12,9],"texture":"#0"},"down":{"uv":[11,8,12,9],"texture":"#0"}}},{"from":[10,8,7.5],"to":[11,9,8.5],"rotation":{"angle":0,"axis":"y","origin":[18,15,8]},"faces":{"north":{"uv":[3,14,4,15],"texture":"#0"},"east":{"uv":[3,14,4,15],"texture":"#0"},"south":{"uv":[3,14,4,15],"texture":"#0"},"west":{"uv":[3,14,4,15],"texture":"#0"},"up":{"uv":[3,14,4,15],"texture":"#0"},"down":{"uv":[3,14,4,15],"texture":"#0"}}},{"from":[4,1,7.5],"to":[5,3,8.5],"rotation":{"angle":0,"axis":"y","origin":[12,8,8]},"faces":{"north":{"uv":[3,14,4,15],"texture":"#0"},"east":{"uv":[3,14,4,15],"texture":"#0"},"south":{"uv":[3,14,4,15],"texture":"#0"},"west":{"uv":[3,14,4,15],"texture":"#0"},"up":{"uv":[3,14,4,15],"texture":"#0"},"down":{"uv":[3,14,4,15],"texture":"#0"}}}],"display":{"thirdperson_righthand":{"rotation":[0,-90,45],"translation":[0,4,-1]},"thirdperson_lefthand":{"rotation":[0,90,-45],"translation":[0,4,-1]},"firstperson_righthand":{"rotation":[0,-90,45],"translation":[1,3,1],"scale":[0.85,0.85,0.85]},"firstperson_lefthand":{"rotation":[0,90,-45],"translation":[1,3,1],"scale":[0.85,0.85,0.85]},"head":{"rotation":[0,0,-135],"translation":[1,-4.5,0],"scale":[1.6,1.6,1.6]},"ground":{"scale":[0.6,0.6,0.6]}}}