{"gui_light":"front","textures":{"0":"item/wooden_sword","particle":"item/wooden_sword"},"overrides":[{"predicate":{"custom_model_data":1},"model":"item/wooden_sword"}],"elements":[{"from":[7.5,0,0],"to":[8.5,1,1],"faces":{"north":{"uv":[0,15,1,16],"texture":"#0"},"east":{"uv":[0,15,1,16],"texture":"#0"},"south":{"uv":[0,15,1,16],"texture":"#0"},"west":{"uv":[0,15,1,16],"texture":"#0"},"up":{"uv":[0,15,1,16],"texture":"#0"},"down":{"uv":[0,15,1,16],"texture":"#0"}}},{"from":[7.5,1,0],"to":[8.5,2,1],"faces":{"north":{"uv":[0,14,1,15],"texture":"#0"},"east":{"uv":[0,14,1,15],"texture":"#0"},"south":{"uv":[0,14,1,15],"texture":"#0"},"west":{"uv":[0,14,1,15],"texture":"#0"},"up":{"uv":[0,14,1,15],"texture":"#0"},"down":{"uv":[0,14,1,15],"texture":"#0"}}},{"from":[7.5,2,0],"to":[8.5,3,1],"faces":{"north":{"uv":[0,13,1,14],"texture":"#0"},"east":{"uv":[0,13,1,14],"texture":"#0"},"south":{"uv":[0,13,1,14],"texture":"#0"},"west":{"uv":[0,13,1,14],"texture":"#0"},"up":{"uv":[0,13,1,14],"texture":"#0"},"down":{"uv":[0,13,1,14],"texture":"#0"}}},{"from":[7.5,0,1],"to":[8.5,1,2],"faces":{"north":{"uv":[1,15,2,16],"texture":"#0"},"east":{"uv":[1,15,2,16],"texture":"#0"},"south":{"uv":[1,15,2,16],"texture":"#0"},"west":{"uv":[1,15,2,16],"texture":"#0"},"up":{"uv":[1,15,2,16],"texture":"#0"},"down":{"uv":[1,15,2,16],"texture":"#0"}}},{"from":[7.3,1,1],"to":[8.7,2,2],"faces":{"north":{"uv":[1,14,2,15],"texture":"#0"},"east":{"uv":[1,14,2,15],"texture":"#0"},"south":{"uv":[1,14,2,15],"texture":"#0"},"west":{"uv":[1,14,2,15],"texture":"#0"},"up":{"uv":[1,14,2,15],"texture":"#0"},"down":{"uv":[1,14,2,15],"texture":"#0"}}},{"from":[7.5,2,1],"to":[8.5,3,2],"faces":{"north":{"uv":[1,13,2,14],"texture":"#0"},"east":{"uv":[1,13,2,14],"texture":"#0"},"south":{"uv":[1,13,2,14],"texture":"#0"},"west":{"uv":[1,13,2,14],"texture":"#0"},"up":{"uv":[1,13,2,14],"texture":"#0"},"down":{"uv":[1,13,2,14],"texture":"#0"}}},{"from":[7.5,0,2],"to":[8.5,1,3],"faces":{"north":{"uv":[2,15,3,16],"texture":"#0"},"east":{"uv":[2,15,3,16],"texture":"#0"},"south":{"uv":[2,15,3,16],"texture":"#0"},"west":{"uv":[2,15,3,16],"texture":"#0"},"up":{"uv":[2,15,3,16],"texture":"#0"},"down":{"uv":[2,15,3,16],"texture":"#0"}}},{"from":[7.5,2,3],"to":[8.5,3,4],"faces":{"north":{"uv":[3,13,4,14],"texture":"#0"},"east":{"uv":[3,13,4,14],"texture":"#0"},"south":{"uv":[3,13,4,14],"texture":"#0"},"west":{"uv":[3,13,4,14],"texture":"#0"},"up":{"uv":[3,13,4,14],"texture":"#0"},"down":{"uv":[3,13,4,14],"texture":"#0"}}},{"from":[7.5,3,4],"to":[8.5,4,5],"faces":{"north":{"uv":[4,12,5,13],"texture":"#0"},"east":{"uv":[4,12,5,13],"texture":"#0"},"south":{"uv":[4,12,5,13],"texture":"#0"},"west":{"uv":[4,12,5,13],"texture":"#0"},"up":{"uv":[4,12,5,13],"texture":"#0"},"down":{"uv":[4,12,5,13],"texture":"#0"}}},{"from":[7.5,4,5],"to":[8.5,5,6],"faces":{"north":{"uv":[5,11,6,12],"texture":"#0"},"east":{"uv":[5,11,6,12],"texture":"#0"},"south":{"uv":[5,11,6,12],"texture":"#0"},"west":{"uv":[5,11,6,12],"texture":"#0"},"up":{"uv":[5,11,6,12],"texture":"#0"},"down":{"uv":[5,11,6,12],"texture":"#0"}}},{"from":[7.3,4,6],"to":[8.7,5,7],"faces":{"north":{"uv":[6,11,7,12],"texture":"#0"},"east":{"uv":[6,11,7,12],"texture":"#0"},"south":{"uv":[6,11,7,12],"texture":"#0"},"west":{"uv":[6,11,7,12],"texture":"#0"},"up":{"uv":[6,11,7,12],"texture":"#0"},"down":{"uv":[6,11,7,12],"texture":"#0"}}},{"from":[7.5,3,6],"to":[8.5,4,7],"faces":{"north":{"uv":[6,12,7,13],"texture":"#0"},"east":{"uv":[6,12,7,13],"texture":"#0"},"south":{"uv":[6,12,7,13],"texture":"#0"},"west":{"uv":[6,12,7,13],"texture":"#0"},"up":{"uv":[6,12,7,13],"texture":"#0"},"down":{"uv":[6,12,7,13],"texture":"#0"}}},{"from":[7.3,4,7],"to":[8.7,5,8],"faces":{"north":{"uv":[7,11,8,12],"texture":"#0"},"east":{"uv":[7,11,8,12],"texture":"#0"},"south":{"uv":[7,11,8,12],"texture":"#0"},"west":{"uv":[7,11,8,12],"texture":"#0"},"up":{"uv":[7,11,8,12],"texture":"#0"},"down":{"uv":[7,11,8,12],"texture":"#0"}}},{"from":[7.5,3,7],"to":[8.5,4,8],"faces":{"north":{"uv":[7,12,8,13],"texture":"#0"},"east":{"uv":[7,12,8,13],"texture":"#0"},"south":{"uv":[7,12,8,13],"texture":"#0"},"west":{"uv":[7,12,8,13],"texture":"#0"},"up":{"uv":[7,12,8,13],"texture":"#0"},"down":{"uv":[7,12,8,13],"texture":"#0"}}},{"from":[7.5,4,8],"to":[8.5,5,9],"faces":{"north":{"uv":[8,11,9,12],"texture":"#0"},"east":{"uv":[8,11,9,12],"texture":"#0"},"south":{"uv":[8,11,9,12],"texture":"#0"},"west":{"uv":[8,11,9,12],"texture":"#0"},"up":{"uv":[8,11,9,12],"texture":"#0"},"down":{"uv":[8,11,9,12],"texture":"#0"}}},{"from":[7.3,3,8],"to":[8.7,4,9],"faces":{"north":{"uv":[8,12,9,13],"texture":"#0"},"east":{"uv":[8,12,9,13],"texture":"#0"},"south":{"uv":[8,12,9,13],"texture":"#0"},"west":{"uv":[8,12,9,13],"texture":"#0"},"up":{"uv":[8,12,9,13],"texture":"#0"},"down":{"uv":[8,12,9,13],"texture":"#0"}}},{"from":[7.5,2,8],"to":[8.5,3,9],"faces":{"north":{"uv":[8,13,9,14],"texture":"#0"},"east":{"uv":[8,13,9,14],"texture":"#0"},"south":{"uv":[8,13,9,14],"texture":"#0"},"west":{"uv":[8,13,9,14],"texture":"#0"},"up":{"uv":[8,13,9,14],"texture":"#0"},"down":{"uv":[8,13,9,14],"texture":"#0"}}},{"from":[7.5,2,9],"to":[8.5,3,10],"faces":{"north":{"uv":[9,13,10,14],"texture":"#0"},"east":{"uv":[9,13,10,14],"texture":"#0"},"south":{"uv":[9,13,10,14],"texture":"#0"},"west":{"uv":[9,13,10,14],"texture":"#0"},"up":{"uv":[9,13,10,14],"texture":"#0"},"down":{"uv":[9,13,10,14],"texture":"#0"}}},{"from":[7.5,3,9],"to":[8.5,4,10],"faces":{"north":{"uv":[9,12,10,13],"texture":"#0"},"east":{"uv":[9,12,10,13],"texture":"#0"},"south":{"uv":[9,12,10,13],"texture":"#0"},"west":{"uv":[9,12,10,13],"texture":"#0"},"up":{"uv":[9,12,10,13],"texture":"#0"},"down":{"uv":[9,12,10,13],"texture":"#0"}}},{"from":[7.5,1,2],"to":[8.5,2,3],"faces":{"north":{"uv":[2,14,3,15],"texture":"#0"},"east":{"uv":[2,14,3,15],"texture":"#0"},"south":{"uv":[2,14,3,15],"texture":"#0"},"west":{"uv":[2,14,3,15],"texture":"#0"},"up":{"uv":[2,14,3,15],"texture":"#0"},"down":{"uv":[2,14,3,15],"texture":"#0"}}},{"from":[7.3,3,3],"to":[8.7,4,4],"faces":{"north":{"uv":[3,12,4,13],"texture":"#0"},"east":{"uv":[3,12,4,13],"texture":"#0"},"south":{"uv":[3,12,4,13],"texture":"#0"},"west":{"uv":[3,12,4,13],"texture":"#0"},"up":{"uv":[3,12,4,13],"texture":"#0"},"down":{"uv":[3,12,4,13],"texture":"#0"}}},{"from":[7.3,4,4],"to":[8.7,5,5],"faces":{"north":{"uv":[4,11,5,12],"texture":"#0"},"east":{"uv":[4,11,5,12],"texture":"#0"},"south":{"uv":[4,11,5,12],"texture":"#0"},"west":{"uv":[4,11,5,12],"texture":"#0"},"up":{"uv":[4,11,5,12],"texture":"#0"},"down":{"uv":[4,11,5,12],"texture":"#0"}}},{"from":[7.3,5,5],"to":[8.7,6,6],"faces":{"north":{"uv":[5,10,6,11],"texture":"#0"},"east":{"uv":[5,10,6,11],"texture":"#0"},"south":{"uv":[5,10,6,11],"texture":"#0"},"west":{"uv":[5,10,6,11],"texture":"#0"},"up":{"uv":[5,10,6,11],"texture":"#0"},"down":{"uv":[5,10,6,11],"texture":"#0"}}},{"from":[7.5,5,6],"to":[8.5,6,7],"faces":{"north":{"uv":[6,10,7,11],"texture":"#0"},"east":{"uv":[6,10,7,11],"texture":"#0"},"south":{"uv":[6,10,7,11],"texture":"#0"},"west":{"uv":[6,10,7,11],"texture":"#0"},"up":{"uv":[6,10,7,11],"texture":"#0"},"down":{"uv":[6,10,7,11],"texture":"#0"}}},{"from":[7.5,5,7],"to":[8.5,6,8],"faces":{"north":{"uv":[7,10,8,11],"texture":"#0"},"east":{"uv":[7,10,8,11],"texture":"#0"},"south":{"uv":[7,10,8,11],"texture":"#0"},"west":{"uv":[7,10,8,11],"texture":"#0"},"up":{"uv":[7,10,8,11],"texture":"#0"},"down":{"uv":[7,10,8,11],"texture":"#0"}}},{"from":[7.3,2,2],"to":[8.7,3,3],"faces":{"north":{"uv":[2,13,3,14],"texture":"#0"},"east":{"uv":[2,13,3,14],"texture":"#0"},"south":{"uv":[2,13,3,14],"texture":"#0"},"west":{"uv":[2,13,3,14],"texture":"#0"},"up":{"uv":[2,13,3,14],"texture":"#0"},"down":{"uv":[2,13,3,14],"texture":"#0"}}},{"from":[7.5,3,2],"to":[8.5,4,3],"faces":{"north":{"uv":[2,12,3,13],"texture":"#0"},"east":{"uv":[2,12,3,13],"texture":"#0"},"south":{"uv":[2,12,3,13],"texture":"#0"},"west":{"uv":[2,12,3,13],"texture":"#0"},"up":{"uv":[2,12,3,13],"texture":"#0"},"down":{"uv":[2,12,3,13],"texture":"#0"}}},{"from":[7.5,4,3],"to":[8.5,5,4],"faces":{"north":{"uv":[3,11,4,12],"texture":"#0"},"east":{"uv":[3,11,4,12],"texture":"#0"},"south":{"uv":[3,11,4,12],"texture":"#0"},"west":{"uv":[3,11,4,12],"texture":"#0"},"up":{"uv":[3,11,4,12],"texture":"#0"},"down":{"uv":[3,11,4,12],"texture":"#0"}}},{"from":[7.5,5,4],"to":[8.5,6,5],"faces":{"north":{"uv":[4,10,5,11],"texture":"#0"},"east":{"uv":[4,10,5,11],"texture":"#0"},"south":{"uv":[4,10,5,11],"texture":"#0"},"west":{"uv":[4,10,5,11],"texture":"#0"},"up":{"uv":[4,10,5,11],"texture":"#0"},"down":{"uv":[4,10,5,11],"texture":"#0"}}},{"from":[7.3,6,4],"to":[8.7,7,5],"faces":{"north":{"uv":[4,9,5,10],"texture":"#0"},"east":{"uv":[4,9,5,10],"texture":"#0"},"south":{"uv":[4,9,5,10],"texture":"#0"},"west":{"uv":[4,9,5,10],"texture":"#0"},"up":{"uv":[4,9,5,10],"texture":"#0"},"down":{"uv":[4,9,5,10],"texture":"#0"}}},{"from":[7.5,6,3],"to":[8.5,7,4],"faces":{"north":{"uv":[3,9,4,10],"texture":"#0"},"east":{"uv":[3,9,4,10],"texture":"#0"},"south":{"uv":[3,9,4,10],"texture":"#0"},"west":{"uv":[3,9,4,10],"texture":"#0"},"up":{"uv":[3,9,4,10],"texture":"#0"},"down":{"uv":[3,9,4,10],"texture":"#0"}}},{"from":[7.5,7,3],"to":[8.5,8,4],"faces":{"north":{"uv":[3,8,4,9],"texture":"#0"},"east":{"uv":[3,8,4,9],"texture":"#0"},"south":{"uv":[3,8,4,9],"texture":"#0"},"west":{"uv":[3,8,4,9],"texture":"#0"},"up":{"uv":[3,8,4,9],"texture":"#0"},"down":{"uv":[3,8,4,9],"texture":"#0"}}},{"from":[7.3,8,3],"to":[8.7,9,4],"faces":{"north":{"uv":[3,7,4,8],"texture":"#0"},"east":{"uv":[3,7,4,8],"texture":"#0"},"south":{"uv":[3,7,4,8],"texture":"#0"},"west":{"uv":[3,7,4,8],"texture":"#0"},"up":{"uv":[3,7,4,8],"texture":"#0"},"down":{"uv":[3,7,4,8],"texture":"#0"}}},{"from":[7.5,9,3],"to":[8.5,10,4],"faces":{"north":{"uv":[3,6,4,7],"texture":"#0"},"east":{"uv":[3,6,4,7],"texture":"#0"},"south":{"uv":[3,6,4,7],"texture":"#0"},"west":{"uv":[3,6,4,7],"texture":"#0"},"up":{"uv":[3,6,4,7],"texture":"#0"},"down":{"uv":[3,6,4,7],"texture":"#0"}}},{"from":[7.5,9,2],"to":[8.5,10,3],"faces":{"north":{"uv":[2,6,3,7],"texture":"#0"},"east":{"uv":[2,6,3,7],"texture":"#0"},"south":{"uv":[2,6,3,7],"texture":"#0"},"west":{"uv":[2,6,3,7],"texture":"#0"},"up":{"uv":[2,6,3,7],"texture":"#0"},"down":{"uv":[2,6,3,7],"texture":"#0"}}},{"from":[7.5,8,2],"to":[8.5,9,3],"faces":{"north":{"uv":[2,7,3,8],"texture":"#0"},"east":{"uv":[2,7,3,8],"texture":"#0"},"south":{"uv":[2,7,3,8],"texture":"#0"},"west":{"uv":[2,7,3,8],"texture":"#0"},"up":{"uv":[2,7,3,8],"texture":"#0"},"down":{"uv":[2,7,3,8],"texture":"#0"}}},{"from":[7.5,6,5],"to":[8.5,7,6],"faces":{"north":{"uv":[5,9,6,10],"texture":"#0"},"east":{"uv":[5,9,6,10],"texture":"#0"},"south":{"uv":[5,9,6,10],"texture":"#0"},"west":{"uv":[5,9,6,10],"texture":"#0"},"up":{"uv":[5,9,6,10],"texture":"#0"},"down":{"uv":[5,9,6,10],"texture":"#0"}}},{"from":[7.5,7,5],"to":[8.5,8,6],"faces":{"north":{"uv":[5,8,6,9],"texture":"#0"},"east":{"uv":[5,8,6,9],"texture":"#0"},"south":{"uv":[5,8,6,9],"texture":"#0"},"west":{"uv":[5,8,6,9],"texture":"#0"},"up":{"uv":[5,8,6,9],"texture":"#0"},"down":{"uv":[5,8,6,9],"texture":"#0"}}},{"from":[7.3,7,4],"to":[8.7,8,5],"faces":{"north":{"uv":[4,8,5,9],"texture":"#0"},"east":{"uv":[4,8,5,9],"texture":"#0"},"south":{"uv":[4,8,5,9],"texture":"#0"},"west":{"uv":[4,8,5,9],"texture":"#0"},"up":{"uv":[4,8,5,9],"texture":"#0"},"down":{"uv":[4,8,5,9],"texture":"#0"}}},{"from":[7.5,8,4],"to":[8.5,9,5],"faces":{"north":{"uv":[4,7,5,8],"texture":"#0"},"east":{"uv":[4,7,5,8],"texture":"#0"},"south":{"uv":[4,7,5,8],"texture":"#0"},"west":{"uv":[4,7,5,8],"texture":"#0"},"up":{"uv":[4,7,5,8],"texture":"#0"},"down":{"uv":[4,7,5,8],"texture":"#0"}}},{"from":[7.2,6,6],"to":[8.8,7,7],"faces":{"north":{"uv":[6,9,7,10],"texture":"#0"},"east":{"uv":[6,9,7,10],"texture":"#0"},"south":{"uv":[6,9,7,10],"texture":"#0"},"west":{"uv":[6,9,7,10],"texture":"#0"},"up":{"uv":[6,9,7,10],"texture":"#0"},"down":{"uv":[6,9,7,10],"texture":"#0"}}},{"from":[7.2,7,6],"to":[8.8,8,7],"faces":{"north":{"uv":[6,8,7,9],"texture":"#0"},"east":{"uv":[6,8,7,9],"texture":"#0"},"south":{"uv":[6,8,7,9],"texture":"#0"},"west":{"uv":[6,8,7,9],"texture":"#0"},"up":{"uv":[6,8,7,9],"texture":"#0"},"down":{"uv":[6,8,7,9],"texture":"#0"}}},{"from":[7.5,8,6],"to":[8.5,9,7],"faces":{"north":{"uv":[6,7,7,8],"texture":"#0"},"east":{"uv":[6,7,7,8],"texture":"#0"},"south":{"uv":[6,7,7,8],"texture":"#0"},"west":{"uv":[6,7,7,8],"texture":"#0"},"up":{"uv":[6,7,7,8],"texture":"#0"},"down":{"uv":[6,7,7,8],"texture":"#0"}}},{"from":[7.2,6,7],"to":[8.8,7,8],"faces":{"north":{"uv":[7,9,8,10],"texture":"#0"},"east":{"uv":[7,9,8,10],"texture":"#0"},"south":{"uv":[7,9,8,10],"texture":"#0"},"west":{"uv":[7,9,8,10],"texture":"#0"},"up":{"uv":[7,9,8,10],"texture":"#0"},"down":{"uv":[7,9,8,10],"texture":"#0"}}},{"from":[7.2,7,7],"to":[8.8,8,8],"faces":{"north":{"uv":[7,8,8,9],"texture":"#0"},"east":{"uv":[7,8,8,9],"texture":"#0"},"south":{"uv":[7,8,8,9],"texture":"#0"},"west":{"uv":[7,8,8,9],"texture":"#0"},"up":{"uv":[7,8,8,9],"texture":"#0"},"down":{"uv":[7,8,8,9],"texture":"#0"}}},{"from":[7.2,8,7],"to":[8.8,9,8],"faces":{"north":{"uv":[7,7,8,8],"texture":"#0"},"east":{"uv":[7,7,8,8],"texture":"#0"},"south":{"uv":[7,7,8,8],"texture":"#0"},"west":{"uv":[7,7,8,8],"texture":"#0"},"up":{"uv":[7,7,8,8],"texture":"#0"},"down":{"uv":[7,7,8,8],"texture":"#0"}}},{"from":[7.5,6,8],"to":[8.5,7,9],"faces":{"north":{"uv":[8,9,9,10],"texture":"#0"},"east":{"uv":[8,9,9,10],"texture":"#0"},"south":{"uv":[8,9,9,10],"texture":"#0"},"west":{"uv":[8,9,9,10],"texture":"#0"},"up":{"uv":[8,9,9,10],"texture":"#0"},"down":{"uv":[8,9,9,10],"texture":"#0"}}},{"from":[7.5,7,9],"to":[8.5,8,10],"faces":{"north":{"uv":[9,8,10,9],"texture":"#0"},"east":{"uv":[9,8,10,9],"texture":"#0"},"south":{"uv":[9,8,10,9],"texture":"#0"},"west":{"uv":[9,8,10,9],"texture":"#0"},"up":{"uv":[9,8,10,9],"texture":"#0"},"down":{"uv":[9,8,10,9],"texture":"#0"}}},{"from":[7.5,8,10],"to":[8.5,9,11],"faces":{"north":{"uv":[10,7,11,8],"texture":"#0"},"east":{"uv":[10,7,11,8],"texture":"#0"},"south":{"uv":[10,7,11,8],"texture":"#0"},"west":{"uv":[10,7,11,8],"texture":"#0"},"up":{"uv":[10,7,11,8],"texture":"#0"},"down":{"uv":[10,7,11,8],"texture":"#0"}}},{"from":[7.5,9,11],"to":[8.5,10,12],"faces":{"north":{"uv":[11,6,12,7],"texture":"#0"},"east":{"uv":[11,6,12,7],"texture":"#0"},"south":{"uv":[11,6,12,7],"texture":"#0"},"west":{"uv":[11,6,12,7],"texture":"#0"},"up":{"uv":[11,6,12,7],"texture":"#0"},"down":{"uv":[11,6,12,7],"texture":"#0"}}},{"from":[7.5,10,12],"to":[8.5,11,13],"faces":{"north":{"uv":[12,5,13,6],"texture":"#0"},"east":{"uv":[12,5,13,6],"texture":"#0"},"south":{"uv":[12,5,13,6],"texture":"#0"},"west":{"uv":[12,5,13,6],"texture":"#0"},"up":{"uv":[12,5,13,6],"texture":"#0"},"down":{"uv":[12,5,13,6],"texture":"#0"}}},{"from":[7.5,11,13],"to":[8.5,12,14],"faces":{"north":{"uv":[13,4,14,5],"texture":"#0"},"east":{"uv":[13,4,14,5],"texture":"#0"},"south":{"uv":[13,4,14,5],"texture":"#0"},"west":{"uv":[13,4,14,5],"texture":"#0"},"up":{"uv":[13,4,14,5],"texture":"#0"},"down":{"uv":[13,4,14,5],"texture":"#0"}}},{"from":[7.5,12,14],"to":[8.5,13,15],"faces":{"north":{"uv":[14,3,15,4],"texture":"#0"},"east":{"uv":[14,3,15,4],"texture":"#0"},"south":{"uv":[14,3,15,4],"texture":"#0"},"west":{"uv":[14,3,15,4],"texture":"#0"},"up":{"uv":[14,3,15,4],"texture":"#0"},"down":{"uv":[14,3,15,4],"texture":"#0"}}},{"from":[7.5,13,15],"to":[8.5,14,16],"faces":{"north":{"uv":[15,2,16,3],"texture":"#0"},"east":{"uv":[15,2,16,3],"texture":"#0"},"south":{"uv":[15,2,16,3],"texture":"#0"},"west":{"uv":[15,2,16,3],"texture":"#0"},"up":{"uv":[15,2,16,3],"texture":"#0"},"down":{"uv":[15,2,16,3],"texture":"#0"}}},{"from":[7.2,7,8],"to":[8.8,8,9],"faces":{"north":{"uv":[8,8,9,9],"texture":"#0"},"east":{"uv":[8,8,9,9],"texture":"#0"},"south":{"uv":[8,8,9,9],"texture":"#0"},"west":{"uv":[8,8,9,9],"texture":"#0"},"up":{"uv":[8,8,9,9],"texture":"#0"},"down":{"uv":[8,8,9,9],"texture":"#0"}}},{"from":[7.2,8,9],"to":[8.8,9,10],"faces":{"north":{"uv":[9,7,10,8],"texture":"#0"},"east":{"uv":[9,7,10,8],"texture":"#0"},"south":{"uv":[9,7,10,8],"texture":"#0"},"west":{"uv":[9,7,10,8],"texture":"#0"},"up":{"uv":[9,7,10,8],"texture":"#0"},"down":{"uv":[9,7,10,8],"texture":"#0"}}},{"from":[7.2,9,10],"to":[8.8,10,11],"faces":{"north":{"uv":[10,6,11,7],"texture":"#0"},"east":{"uv":[10,6,11,7],"texture":"#0"},"south":{"uv":[10,6,11,7],"texture":"#0"},"west":{"uv":[10,6,11,7],"texture":"#0"},"up":{"uv":[10,6,11,7],"texture":"#0"},"down":{"uv":[10,6,11,7],"texture":"#0"}}},{"from":[7.2,10,11],"to":[8.8,11,12],"faces":{"north":{"uv":[11,5,12,6],"texture":"#0"},"east":{"uv":[11,5,12,6],"texture":"#0"},"south":{"uv":[11,5,12,6],"texture":"#0"},"west":{"uv":[11,5,12,6],"texture":"#0"},"up":{"uv":[11,5,12,6],"texture":"#0"},"down":{"uv":[11,5,12,6],"texture":"#0"}}},{"from":[7.2,11,12],"to":[8.8,12,13],"faces":{"north":{"uv":[12,4,13,5],"texture":"#0"},"east":{"uv":[12,4,13,5],"texture":"#0"},"south":{"uv":[12,4,13,5],"texture":"#0"},"west":{"uv":[12,4,13,5],"texture":"#0"},"up":{"uv":[12,4,13,5],"texture":"#0"},"down":{"uv":[12,4,13,5],"texture":"#0"}}},{"from":[7.2,12,13],"to":[8.8,13,14],"faces":{"north":{"uv":[13,3,14,4],"texture":"#0"},"east":{"uv":[13,3,14,4],"texture":"#0"},"south":{"uv":[13,3,14,4],"texture":"#0"},"west":{"uv":[13,3,14,4],"texture":"#0"},"up":{"uv":[13,3,14,4],"texture":"#0"},"down":{"uv":[13,3,14,4],"texture":"#0"}}},{"from":[7.2,13,14],"to":[8.8,14,15],"faces":{"north":{"uv":[14,2,15,3],"texture":"#0"},"east":{"uv":[14,2,15,3],"texture":"#0"},"south":{"uv":[14,2,15,3],"texture":"#0"},"west":{"uv":[14,2,15,3],"texture":"#0"},"up":{"uv":[14,2,15,3],"texture":"#0"},"down":{"uv":[14,2,15,3],"texture":"#0"}}},{"from":[7.5,14,15],"to":[8.5,15,16],"faces":{"north":{"uv":[15,1,16,2],"texture":"#0"},"east":{"uv":[15,1,16,2],"texture":"#0"},"south":{"uv":[15,1,16,2],"texture":"#0"},"west":{"uv":[15,1,16,2],"texture":"#0"},"up":{"uv":[15,1,16,2],"texture":"#0"},"down":{"uv":[15,1,16,2],"texture":"#0"}}},{"from":[7.2,8,8],"to":[8.8,9,9],"faces":{"north":{"uv":[8,7,9,8],"texture":"#0"},"east":{"uv":[8,7,9,8],"texture":"#0"},"south":{"uv":[8,7,9,8],"texture":"#0"},"west":{"uv":[8,7,9,8],"texture":"#0"},"up":{"uv":[8,7,9,8],"texture":"#0"},"down":{"uv":[8,7,9,8],"texture":"#0"}}},{"from":[7.2,9,9],"to":[8.8,10,10],"faces":{"north":{"uv":[9,6,10,7],"texture":"#0"},"east":{"uv":[9,6,10,7],"texture":"#0"},"south":{"uv":[9,6,10,7],"texture":"#0"},"west":{"uv":[9,6,10,7],"texture":"#0"},"up":{"uv":[9,6,10,7],"texture":"#0"},"down":{"uv":[9,6,10,7],"texture":"#0"}}},{"from":[7.2,9,8],"to":[8.8,10,9],"faces":{"north":{"uv":[8,6,9,7],"texture":"#0"},"east":{"uv":[8,6,9,7],"texture":"#0"},"south":{"uv":[8,6,9,7],"texture":"#0"},"west":{"uv":[8,6,9,7],"texture":"#0"},"up":{"uv":[8,6,9,7],"texture":"#0"},"down":{"uv":[8,6,9,7],"texture":"#0"}}},{"from":[7.5,9,7],"to":[8.5,10,8],"faces":{"north":{"uv":[7,6,8,7],"texture":"#0"},"east":{"uv":[7,6,8,7],"texture":"#0"},"south":{"uv":[7,6,8,7],"texture":"#0"},"west":{"uv":[7,6,8,7],"texture":"#0"},"up":{"uv":[7,6,8,7],"texture":"#0"},"down":{"uv":[7,6,8,7],"texture":"#0"}}},{"from":[7.2,10,10],"to":[8.8,11,11],"faces":{"north":{"uv":[10,5,11,6],"texture":"#0"},"east":{"uv":[10,5,11,6],"texture":"#0"},"south":{"uv":[10,5,11,6],"texture":"#0"},"west":{"uv":[10,5,11,6],"texture":"#0"},"up":{"uv":[10,5,11,6],"texture":"#0"},"down":{"uv":[10,5,11,6],"texture":"#0"}}},{"from":[7.2,10,9],"to":[8.8,11,10],"faces":{"north":{"uv":[9,5,10,6],"texture":"#0"},"east":{"uv":[9,5,10,6],"texture":"#0"},"south":{"uv":[9,5,10,6],"texture":"#0"},"west":{"uv":[9,5,10,6],"texture":"#0"},"up":{"uv":[9,5,10,6],"texture":"#0"},"down":{"uv":[9,5,10,6],"texture":"#0"}}},{"from":[7.5,10,8],"to":[8.5,11,9],"faces":{"north":{"uv":[8,5,9,6],"texture":"#0"},"east":{"uv":[8,5,9,6],"texture":"#0"},"south":{"uv":[8,5,9,6],"texture":"#0"},"west":{"uv":[8,5,9,6],"texture":"#0"},"up":{"uv":[8,5,9,6],"texture":"#0"},"down":{"uv":[8,5,9,6],"texture":"#0"}}},{"from":[7.2,11,11],"to":[8.8,12,12],"faces":{"north":{"uv":[11,4,12,5],"texture":"#0"},"east":{"uv":[11,4,12,5],"texture":"#0"},"south":{"uv":[11,4,12,5],"texture":"#0"},"west":{"uv":[11,4,12,5],"texture":"#0"},"up":{"uv":[11,4,12,5],"texture":"#0"},"down":{"uv":[11,4,12,5],"texture":"#0"}}},{"from":[7.2,11,10],"to":[8.8,12,11],"faces":{"north":{"uv":[10,4,11,5],"texture":"#0"},"east":{"uv":[10,4,11,5],"texture":"#0"},"south":{"uv":[10,4,11,5],"texture":"#0"},"west":{"uv":[10,4,11,5],"texture":"#0"},"up":{"uv":[10,4,11,5],"texture":"#0"},"down":{"uv":[10,4,11,5],"texture":"#0"}}},{"from":[7.5,11,9],"to":[8.5,12,10],"faces":{"north":{"uv":[9,4,10,5],"texture":"#0"},"east":{"uv":[9,4,10,5],"texture":"#0"},"south":{"uv":[9,4,10,5],"texture":"#0"},"west":{"uv":[9,4,10,5],"texture":"#0"},"up":{"uv":[9,4,10,5],"texture":"#0"},"down":{"uv":[9,4,10,5],"texture":"#0"}}},{"from":[7.2,12,12],"to":[8.8,13,13],"faces":{"north":{"uv":[12,3,13,4],"texture":"#0"},"east":{"uv":[12,3,13,4],"texture":"#0"},"south":{"uv":[12,3,13,4],"texture":"#0"},"west":{"uv":[12,3,13,4],"texture":"#0"},"up":{"uv":[12,3,13,4],"texture":"#0"},"down":{"uv":[12,3,13,4],"texture":"#0"}}},{"from":[7.2,12,11],"to":[8.8,13,12],"faces":{"north":{"uv":[11,3,12,4],"texture":"#0"},"east":{"uv":[11,3,12,4],"texture":"#0"},"south":{"uv":[11,3,12,4],"texture":"#0"},"west":{"uv":[11,3,12,4],"texture":"#0"},"up":{"uv":[11,3,12,4],"texture":"#0"},"down":{"uv":[11,3,12,4],"texture":"#0"}}},{"from":[7.5,12,10],"to":[8.5,13,11],"faces":{"north":{"uv":[10,3,11,4],"texture":"#0"},"east":{"uv":[10,3,11,4],"texture":"#0"},"south":{"uv":[10,3,11,4],"texture":"#0"},"west":{"uv":[10,3,11,4],"texture":"#0"},"up":{"uv":[10,3,11,4],"texture":"#0"},"down":{"uv":[10,3,11,4],"texture":"#0"}}},{"from":[7.2,13,13],"to":[8.8,14,14],"faces":{"north":{"uv":[13,2,14,3],"texture":"#0"},"east":{"uv":[13,2,14,3],"texture":"#0"},"south":{"uv":[13,2,14,3],"texture":"#0"},"west":{"uv":[13,2,14,3],"texture":"#0"},"up":{"uv":[13,2,14,3],"texture":"#0"},"down":{"uv":[13,2,14,3],"texture":"#0"}}},{"from":[7.2,13,12],"to":[8.8,14,13],"faces":{"north":{"uv":[12,2,13,3],"texture":"#0"},"east":{"uv":[12,2,13,3],"texture":"#0"},"south":{"uv":[12,2,13,3],"texture":"#0"},"west":{"uv":[12,2,13,3],"texture":"#0"},"up":{"uv":[12,2,13,3],"texture":"#0"},"down":{"uv":[12,2,13,3],"texture":"#0"}}},{"from":[7.5,13,11],"to":[8.5,14,12],"faces":{"north":{"uv":[11,2,12,3],"texture":"#0"},"east":{"uv":[11,2,12,3],"texture":"#0"},"south":{"uv":[11,2,12,3],"texture":"#0"},"west":{"uv":[11,2,12,3],"texture":"#0"},"up":{"uv":[11,2,12,3],"texture":"#0"},"down":{"uv":[11,2,12,3],"texture":"#0"}}},{"from":[7.2,14,14],"to":[8.8,15,15],"faces":{"north":{"uv":[14,1,15,2],"texture":"#0"},"east":{"uv":[14,1,15,2],"texture":"#0"},"south":{"uv":[14,1,15,2],"texture":"#0"},"west":{"uv":[14,1,15,2],"texture":"#0"},"up":{"uv":[14,1,15,2],"texture":"#0"},"down":{"uv":[14,1,15,2],"texture":"#0"}}},{"from":[7.2,14,13],"to":[8.8,15,14],"faces":{"north":{"uv":[13,1,14,2],"texture":"#0"},"east":{"uv":[13,1,14,2],"texture":"#0"},"south":{"uv":[13,1,14,2],"texture":"#0"},"west":{"uv":[13,1,14,2],"texture":"#0"},"up":{"uv":[13,1,14,2],"texture":"#0"},"down":{"uv":[13,1,14,2],"texture":"#0"}}},{"from":[7.5,14,12],"to":[8.5,15,13],"faces":{"north":{"uv":[12,1,13,2],"texture":"#0"},"east":{"uv":[12,1,13,2],"texture":"#0"},"south":{"uv":[12,1,13,2],"texture":"#0"},"west":{"uv":[12,1,13,2],"texture":"#0"},"up":{"uv":[12,1,13,2],"texture":"#0"},"down":{"uv":[12,1,13,2],"texture":"#0"}}},{"from":[7.5,15,15],"to":[8.5,16,16],"faces":{"north":{"uv":[15,0,16,1],"texture":"#0"},"east":{"uv":[15,0,16,1],"texture":"#0"},"south":{"uv":[15,0,16,1],"texture":"#0"},"west":{"uv":[15,0,16,1],"texture":"#0"},"up":{"uv":[15,0,16,1],"texture":"#0"},"down":{"uv":[15,0,16,1],"texture":"#0"}}},{"from":[7.5,15,14],"to":[8.5,16,15],"faces":{"north":{"uv":[14,0,15,1],"texture":"#0"},"east":{"uv":[14,0,15,1],"texture":"#0"},"south":{"uv":[14,0,15,1],"texture":"#0"},"west":{"uv":[14,0,15,1],"texture":"#0"},"up":{"uv":[14,0,15,1],"texture":"#0"},"down":{"uv":[14,0,15,1],"texture":"#0"}}},{"from":[7.5,15,13],"to":[8.5,16,14],"faces":{"north":{"uv":[13,0,14,1],"texture":"#0"},"east":{"uv":[13,0,14,1],"texture":"#0"},"south":{"uv":[13,0,14,1],"texture":"#0"},"west":{"uv":[13,0,14,1],"texture":"#0"},"up":{"uv":[13,0,14,1],"texture":"#0"},"down":{"uv":[13,0,14,1],"texture":"#0"}}}],"display":{"thirdperson_righthand":{"rotation":[-45,0,0],"translation":[0,4.5,0]},"thirdperson_lefthand":{"rotation":[-45,0,0],"translation":[0,4.5,0]},"firstperson_righthand":{"rotation":[-45,0,0],"translation":[0,4.5,0]},"firstperson_lefthand":{"rotation":[-45,0,0],"translation":[0,4.5,0]},"ground":{"scale":[0.6,0.6,0.6]},"gui":{"rotation":[0,90,0]},"head":{"rotation":[135,0,0],"translation":[0,-4.5,0],"scale":[1.6,1.6,1.6]},"fixed":{"rotation":[0,-90,0]}}}