{"display":{"thirdperson_righthand":{"rotation":[47.75,0,0],"translation":[-6.25,6.5,-2.5]},"thirdperson_lefthand":{"rotation":[47.75,0,0],"translation":[-4.25,6.5,-2.5]},"firstperson_righthand":{"translation":[0,-0.25,0],"scale":[0.7,0.7,0.7]},"firstperson_lefthand":{"translation":[0,-0.25,0],"scale":[0.7,0.7,0.7]},"ground":{"scale":[0.6,0.6,0.6]},"gui":{"rotation":[26.5,-16.5,0],"scale":[0.7,0.7,0.7]}},"gui_light":"front","textures":{"0":"item/diamond_ore/1","particle":"item/diamond_ore/1"},"elements":[{"from":[0,0,0],"to":[16,16,16],"faces":{"north":{"uv":[0,8,8,16],"texture":"#0"},"east":{"uv":[0,8,8,16],"texture":"#0"},"south":{"uv":[0,8,8,16],"texture":"#0"},"west":{"uv":[0,8,8,16],"texture":"#0"},"up":{"uv":[8,8,16,16],"texture":"#0"},"down":{"uv":[0,0,8,8],"texture":"#0"}}}]}