{"display":{"thirdperson_righthand":{"rotation":[-38.5,0,92.25],"translation":[-6.25,-2.25,-0.25],"scale":[1,0.8,1]},"thirdperson_lefthand":{"rotation":[-38,0,-90.75],"translation":[5.25,-2.25,-0.25],"scale":[1,0.8,1]},"firstperson_righthand":{"rotation":[-32.5,0,92.25],"translation":[-2.25,-2.25,-1.25],"scale":[0.7,0.6,0.7]},"firstperson_lefthand":{"rotation":[-37.5,-0.5,-84.25],"translation":[10.75,-0.25,-3],"scale":[0.7,0.6,0.7]},"ground":{"rotation":[-81.75,0,0],"translation":[0,0,-2.75],"scale":[0.45,0.45,0.45]},"gui":{"rotation":[0.5,89.5,85],"translation":[-3.25,-2.75,0],"scale":[0.6,0.6,0.6]},"head":{"rotation":[-46.27,0.84,-90],"translation":[12.5,-2.25,2.5],"scale":[1.65,1.65,1.65]},"fixed":{"rotation":[-90,-90,0],"translation":[2.75,-2.75,-4.75],"scale":[0.6,0.6,0.6]}},"texture_size":[32,32],"textures":{"0":"item/iron_axe/2","particle":"item/iron_axe/2"},"elements":[{"from":[0,0,0],"to":[1,1,2],"faces":{"north":{"uv":[0.5,15,1.5,15.5],"texture":"#0"},"east":{"uv":[0.5,15,1.5,15.5],"texture":"#0"},"south":{"uv":[0.5,15,1.5,15.5],"texture":"#0"},"west":{"uv":[0.5,15,1.5,15.5],"texture":"#0"},"up":{"uv":[0.5,15,1.5,15.5],"texture":"#0"},"down":{"uv":[0.5,15,1.5,15.5],"texture":"#0"}}},{"from":[6,0,4],"to":[7,1,6],"rotation":{"angle":0,"axis":"y","origin":[14,8,12]},"faces":{"north":{"uv":[2.5,12,3.5,12.5],"texture":"#0"},"east":{"uv":[2.5,12,3.5,12.5],"texture":"#0"},"south":{"uv":[2.5,12,3.5,12.5],"texture":"#0"},"west":{"uv":[2.5,12,3.5,12.5],"texture":"#0"},"up":{"uv":[2.5,12,3.5,12.5],"texture":"#0"},"down":{"uv":[2.5,12,3.5,12.5],"texture":"#0"}}},{"from":[1,0,0],"to":[2,1,1],"rotation":{"angle":0,"axis":"y","origin":[9,8,8]},"faces":{"north":{"uv":[0.5,14.5,1,15],"texture":"#0"},"east":{"uv":[0.5,14.5,1,15],"texture":"#0"},"south":{"uv":[0.5,14.5,1,15],"texture":"#0"},"west":{"uv":[0.5,14.5,1,15],"texture":"#0"},"up":{"uv":[0.5,14.5,1,15],"texture":"#0"},"down":{"uv":[0.5,14.5,1,15],"texture":"#0"}}},{"from":[4,0,2],"to":[5,1,3],"rotation":{"angle":0,"axis":"y","origin":[12,8,10]},"faces":{"north":{"uv":[0.5,14.5,1,15],"texture":"#0"},"east":{"uv":[0.5,14.5,1,15],"texture":"#0"},"south":{"uv":[0.5,14.5,1,15],"texture":"#0"},"west":{"uv":[0.5,14.5,1,15],"texture":"#0"},"up":{"uv":[0.5,14.5,1,15],"texture":"#0"},"down":{"uv":[0.5,14.5,1,15],"texture":"#0"}}},{"from":[1,0,2],"to":[2,1,3],"rotation":{"angle":0,"axis":"y","origin":[9,8,10]},"faces":{"north":{"uv":[0.5,14.5,1,15],"texture":"#0"},"east":{"uv":[0.5,14.5,1,15],"texture":"#0"},"south":{"uv":[0.5,14.5,1,15],"texture":"#0"},"west":{"uv":[0.5,14.5,1,15],"texture":"#0"},"up":{"uv":[0.5,14.5,1,15],"texture":"#0"},"down":{"uv":[0.5,14.5,1,15],"texture":"#0"}}},{"from":[5,0,3],"to":[6,1,4],"rotation":{"angle":0,"axis":"y","origin":[13,8,11]},"faces":{"north":{"uv":[0.5,14.5,1,15],"texture":"#0"},"east":{"uv":[0.5,14.5,1,15],"texture":"#0"},"south":{"uv":[0.5,14.5,1,15],"texture":"#0"},"west":{"uv":[0.5,14.5,1,15],"texture":"#0"},"up":{"uv":[0.5,14.5,1,15],"texture":"#0"},"down":{"uv":[0.5,14.5,1,15],"texture":"#0"}}},{"from":[7,0,6],"to":[8,1,7],"rotation":{"angle":0,"axis":"y","origin":[15,8,14]},"faces":{"north":{"uv":[3.5,11.5,4,12],"texture":"#0"},"east":{"uv":[3.5,11.5,4,12],"texture":"#0"},"south":{"uv":[3.5,11.5,4,12],"texture":"#0"},"west":{"uv":[3.5,11.5,4,12],"texture":"#0"},"up":{"uv":[3.5,11.5,4,12],"texture":"#0"},"down":{"uv":[3.5,11.5,4,12],"texture":"#0"}}},{"from":[6,0,7],"to":[7,1,8],"rotation":{"angle":0,"axis":"y","origin":[14,8,15]},"faces":{"north":{"uv":[4,12,4.5,12.5],"texture":"#0"},"east":{"uv":[4,12,4.5,12.5],"texture":"#0"},"south":{"uv":[4,12,4.5,12.5],"texture":"#0"},"west":{"uv":[4,12,4.5,12.5],"texture":"#0"},"up":{"uv":[4,12,4.5,12.5],"texture":"#0"},"down":{"uv":[4,12,4.5,12.5],"texture":"#0"}}},{"from":[7,0,8],"to":[8,1,9],"rotation":{"angle":0,"axis":"y","origin":[15,8,16]},"faces":{"north":{"uv":[4,12,4.5,12.5],"texture":"#0"},"east":{"uv":[4,12,4.5,12.5],"texture":"#0"},"south":{"uv":[4,12,4.5,12.5],"texture":"#0"},"west":{"uv":[4,12,4.5,12.5],"texture":"#0"},"up":{"uv":[4,12,4.5,12.5],"texture":"#0"},"down":{"uv":[4,12,4.5,12.5],"texture":"#0"}}},{"from":[8,0,9],"to":[9,1,10],"rotation":{"angle":0,"axis":"y","origin":[16,8,17]},"faces":{"north":{"uv":[4,12,4.5,12.5],"texture":"#0"},"east":{"uv":[4,12,4.5,12.5],"texture":"#0"},"south":{"uv":[4,12,4.5,12.5],"texture":"#0"},"west":{"uv":[4,12,4.5,12.5],"texture":"#0"},"up":{"uv":[4,12,4.5,12.5],"texture":"#0"},"down":{"uv":[4,12,4.5,12.5],"texture":"#0"}}},{"from":[9,0,10],"to":[10,1,11],"rotation":{"angle":0,"axis":"y","origin":[17,8,18]},"faces":{"north":{"uv":[4,12,4.5,12.5],"texture":"#0"},"east":{"uv":[4,12,4.5,12.5],"texture":"#0"},"south":{"uv":[4,12,4.5,12.5],"texture":"#0"},"west":{"uv":[4,12,4.5,12.5],"texture":"#0"},"up":{"uv":[4,12,4.5,12.5],"texture":"#0"},"down":{"uv":[4,12,4.5,12.5],"texture":"#0"}}},{"from":[10,0,11],"to":[11,1,12],"rotation":{"angle":0,"axis":"y","origin":[18,8,19]},"faces":{"north":{"uv":[4,12,4.5,12.5],"texture":"#0"},"east":{"uv":[4,12,4.5,12.5],"texture":"#0"},"south":{"uv":[4,12,4.5,12.5],"texture":"#0"},"west":{"uv":[4,12,4.5,12.5],"texture":"#0"},"up":{"uv":[4,12,4.5,12.5],"texture":"#0"},"down":{"uv":[4,12,4.5,12.5],"texture":"#0"}}},{"from":[11,0,12],"to":[12,1,13],"rotation":{"angle":0,"axis":"y","origin":[19,8,20]},"faces":{"north":{"uv":[4,12,4.5,12.5],"texture":"#0"},"east":{"uv":[4,12,4.5,12.5],"texture":"#0"},"south":{"uv":[4,12,4.5,12.5],"texture":"#0"},"west":{"uv":[4,12,4.5,12.5],"texture":"#0"},"up":{"uv":[4,12,4.5,12.5],"texture":"#0"},"down":{"uv":[4,12,4.5,12.5],"texture":"#0"}}},{"from":[12,0,13],"to":[13,1,14],"rotation":{"angle":0,"axis":"y","origin":[20,8,21]},"faces":{"north":{"uv":[4,12,4.5,12.5],"texture":"#0"},"east":{"uv":[4,12,4.5,12.5],"texture":"#0"},"south":{"uv":[4,12,4.5,12.5],"texture":"#0"},"west":{"uv":[4,12,4.5,12.5],"texture":"#0"},"up":{"uv":[4,12,4.5,12.5],"texture":"#0"},"down":{"uv":[4,12,4.5,12.5],"texture":"#0"}}},{"from":[13,0,14],"to":[14,1,15],"rotation":{"angle":0,"axis":"y","origin":[21,8,22]},"faces":{"north":{"uv":[4,12,4.5,12.5],"texture":"#0"},"east":{"uv":[4,12,4.5,12.5],"texture":"#0"},"south":{"uv":[4,12,4.5,12.5],"texture":"#0"},"west":{"uv":[4,12,4.5,12.5],"texture":"#0"},"up":{"uv":[4,12,4.5,12.5],"texture":"#0"},"down":{"uv":[4,12,4.5,12.5],"texture":"#0"}}},{"from":[14,0,15],"to":[15,1,16],"rotation":{"angle":0,"axis":"y","origin":[22,8,23]},"faces":{"north":{"uv":[4,12,4.5,12.5],"texture":"#0"},"east":{"uv":[4,12,4.5,12.5],"texture":"#0"},"south":{"uv":[4,12,4.5,12.5],"texture":"#0"},"west":{"uv":[4,12,4.5,12.5],"texture":"#0"},"up":{"uv":[4,12,4.5,12.5],"texture":"#0"},"down":{"uv":[4,12,4.5,12.5],"texture":"#0"}}},{"from":[15,0,16],"to":[16,1,17],"rotation":{"angle":0,"axis":"y","origin":[23,8,24]},"faces":{"north":{"uv":[4,12,4.5,12.5],"texture":"#0"},"east":{"uv":[4,12,4.5,12.5],"texture":"#0"},"south":{"uv":[4,12,4.5,12.5],"texture":"#0"},"west":{"uv":[4,12,4.5,12.5],"texture":"#0"},"up":{"uv":[4,12,4.5,12.5],"texture":"#0"},"down":{"uv":[4,12,4.5,12.5],"texture":"#0"}}},{"from":[16,0,17],"to":[17,1,18],"rotation":{"angle":0,"axis":"y","origin":[24,8,25]},"faces":{"north":{"uv":[4,12,4.5,12.5],"texture":"#0"},"east":{"uv":[4,12,4.5,12.5],"texture":"#0"},"south":{"uv":[4,12,4.5,12.5],"texture":"#0"},"west":{"uv":[4,12,4.5,12.5],"texture":"#0"},"up":{"uv":[4,12,4.5,12.5],"texture":"#0"},"down":{"uv":[4,12,4.5,12.5],"texture":"#0"}}},{"from":[17,0,18],"to":[18,1,19],"rotation":{"angle":0,"axis":"y","origin":[25,8,26]},"faces":{"north":{"uv":[4,12,4.5,12.5],"texture":"#0"},"east":{"uv":[4,12,4.5,12.5],"texture":"#0"},"south":{"uv":[4,12,4.5,12.5],"texture":"#0"},"west":{"uv":[4,12,4.5,12.5],"texture":"#0"},"up":{"uv":[4,12,4.5,12.5],"texture":"#0"},"down":{"uv":[4,12,4.5,12.5],"texture":"#0"}}},{"from":[18,0,19],"to":[19,1,20],"rotation":{"angle":0,"axis":"y","origin":[26,8,27]},"faces":{"north":{"uv":[4,12,4.5,12.5],"texture":"#0"},"east":{"uv":[4,12,4.5,12.5],"texture":"#0"},"south":{"uv":[4,12,4.5,12.5],"texture":"#0"},"west":{"uv":[4,12,4.5,12.5],"texture":"#0"},"up":{"uv":[4,12,4.5,12.5],"texture":"#0"},"down":{"uv":[4,12,4.5,12.5],"texture":"#0"}}},{"from":[19,0,20],"to":[20,1,21],"rotation":{"angle":0,"axis":"y","origin":[27,8,28]},"faces":{"north":{"uv":[4,12,4.5,12.5],"texture":"#0"},"east":{"uv":[4,12,4.5,12.5],"texture":"#0"},"south":{"uv":[4,12,4.5,12.5],"texture":"#0"},"west":{"uv":[4,12,4.5,12.5],"texture":"#0"},"up":{"uv":[4,12,4.5,12.5],"texture":"#0"},"down":{"uv":[4,12,4.5,12.5],"texture":"#0"}}},{"from":[20,0,21],"to":[21,1,22],"rotation":{"angle":0,"axis":"y","origin":[28,8,29]},"faces":{"north":{"uv":[4,12,4.5,12.5],"texture":"#0"},"east":{"uv":[4,12,4.5,12.5],"texture":"#0"},"south":{"uv":[4,12,4.5,12.5],"texture":"#0"},"west":{"uv":[4,12,4.5,12.5],"texture":"#0"},"up":{"uv":[4,12,4.5,12.5],"texture":"#0"},"down":{"uv":[4,12,4.5,12.5],"texture":"#0"}}},{"from":[21,0,22],"to":[22,1,23],"rotation":{"angle":0,"axis":"y","origin":[29,8,30]},"faces":{"north":{"uv":[4,12,4.5,12.5],"texture":"#0"},"east":{"uv":[4,12,4.5,12.5],"texture":"#0"},"south":{"uv":[4,12,4.5,12.5],"texture":"#0"},"west":{"uv":[4,12,4.5,12.5],"texture":"#0"},"up":{"uv":[4,12,4.5,12.5],"texture":"#0"},"down":{"uv":[4,12,4.5,12.5],"texture":"#0"}}},{"from":[23,0,18],"to":[24,1,19],"rotation":{"angle":0,"axis":"y","origin":[31,8,26]},"faces":{"north":{"uv":[9.5,3.5,10,4],"texture":"#0"},"east":{"uv":[9.5,3.5,10,4],"texture":"#0"},"south":{"uv":[9.5,3.5,10,4],"texture":"#0"},"west":{"uv":[9.5,3.5,10,4],"texture":"#0"},"up":{"uv":[9.5,3.5,10,4],"texture":"#0"},"down":{"uv":[9.5,3.5,10,4],"texture":"#0"}}},{"from":[24,0,18],"to":[25,1,19],"rotation":{"angle":0,"axis":"y","origin":[32,8,26]},"faces":{"north":{"uv":[9.5,3,10,3.5],"texture":"#0"},"east":{"uv":[9.5,3,10,3.5],"texture":"#0"},"south":{"uv":[9.5,3,10,3.5],"texture":"#0"},"west":{"uv":[9.5,3,10,3.5],"texture":"#0"},"up":{"uv":[9.5,3,10,3.5],"texture":"#0"},"down":{"uv":[9.5,3,10,3.5],"texture":"#0"}}},{"from":[25,0,19],"to":[26,1,20],"rotation":{"angle":0,"axis":"y","origin":[33,8,27]},"faces":{"north":{"uv":[9.5,3,10,3.5],"texture":"#0"},"east":{"uv":[9.5,3,10,3.5],"texture":"#0"},"south":{"uv":[9.5,3,10,3.5],"texture":"#0"},"west":{"uv":[9.5,3,10,3.5],"texture":"#0"},"up":{"uv":[9.5,3,10,3.5],"texture":"#0"},"down":{"uv":[9.5,3,10,3.5],"texture":"#0"}}},{"from":[26,0,20],"to":[27,1,21],"rotation":{"angle":0,"axis":"y","origin":[34,8,28]},"faces":{"north":{"uv":[9.5,3,10,3.5],"texture":"#0"},"east":{"uv":[9.5,3,10,3.5],"texture":"#0"},"south":{"uv":[9.5,3,10,3.5],"texture":"#0"},"west":{"uv":[9.5,3,10,3.5],"texture":"#0"},"up":{"uv":[9.5,3,10,3.5],"texture":"#0"},"down":{"uv":[9.5,3,10,3.5],"texture":"#0"}}},{"from":[27,0,21],"to":[28,1,23],"rotation":{"angle":0,"axis":"y","origin":[35,8,29]},"faces":{"north":{"uv":[9.5,3,10,3.5],"texture":"#0"},"east":{"uv":[9.5,3,10,3.5],"texture":"#0"},"south":{"uv":[9.5,3,10,3.5],"texture":"#0"},"west":{"uv":[9.5,3,10,3.5],"texture":"#0"},"up":{"uv":[9.5,3,10,3.5],"texture":"#0"},"down":{"uv":[9.5,3,10,3.5],"texture":"#0"}}},{"from":[25,0,23],"to":[27,1,24],"rotation":{"angle":0,"axis":"y","origin":[34,8,30]},"faces":{"north":{"uv":[9.5,3,10,3.5],"texture":"#0"},"east":{"uv":[9.5,3,10,3.5],"texture":"#0"},"south":{"uv":[9.5,3,10,3.5],"texture":"#0"},"west":{"uv":[9.5,3,10,3.5],"texture":"#0"},"up":{"uv":[9.5,3,10,3.5],"texture":"#0"},"down":{"uv":[9.5,3,10,3.5],"texture":"#0"}}},{"from":[20,0,23],"to":[21,1,25],"rotation":{"angle":0,"axis":"y","origin":[28,8,31]},"faces":{"north":{"uv":[12,5,12.5,5.5],"texture":"#0"},"east":{"uv":[12,5,12.5,5.5],"texture":"#0"},"south":{"uv":[12,5,12.5,5.5],"texture":"#0"},"west":{"uv":[12,5,12.5,5.5],"texture":"#0"},"up":{"uv":[12,5,12.5,5.5],"texture":"#0"},"down":{"uv":[12,5,12.5,5.5],"texture":"#0"}}},{"from":[21,0,25],"to":[23,1,26],"rotation":{"angle":0,"axis":"y","origin":[29,8,32]},"faces":{"north":{"uv":[13,4.5,13.5,5],"texture":"#0"},"east":{"uv":[13,4.5,13.5,5],"texture":"#0"},"south":{"uv":[13,4.5,13.5,5],"texture":"#0"},"west":{"uv":[13,4.5,13.5,5],"texture":"#0"},"up":{"uv":[13,4.5,13.5,5],"texture":"#0"},"down":{"uv":[13,4.5,13.5,5],"texture":"#0"}}},{"from":[22,0,19],"to":[23,1,21],"rotation":{"angle":0,"axis":"y","origin":[30,8,27]},"faces":{"north":{"uv":[10,4,10.5,4.5],"texture":"#0"},"east":{"uv":[10,4,10.5,4.5],"texture":"#0"},"south":{"uv":[10,4,10.5,4.5],"texture":"#0"},"west":{"uv":[10,4,10.5,4.5],"texture":"#0"},"up":{"uv":[10,4,10.5,4.5],"texture":"#0"},"down":{"uv":[10,4,10.5,4.5],"texture":"#0"}}},{"from":[8,0,7],"to":[9,1,8],"rotation":{"angle":0,"axis":"y","origin":[16,8,15]},"faces":{"north":{"uv":[3.5,11.5,4,12],"texture":"#0"},"east":{"uv":[3.5,11.5,4,12],"texture":"#0"},"south":{"uv":[3.5,11.5,4,12],"texture":"#0"},"west":{"uv":[3.5,11.5,4,12],"texture":"#0"},"up":{"uv":[3.5,11.5,4,12],"texture":"#0"},"down":{"uv":[3.5,11.5,4,12],"texture":"#0"}}},{"from":[9,0,8],"to":[10,1,9],"rotation":{"angle":0,"axis":"y","origin":[17,8,16]},"faces":{"north":{"uv":[3.5,11.5,4,12],"texture":"#0"},"east":{"uv":[3.5,11.5,4,12],"texture":"#0"},"south":{"uv":[3.5,11.5,4,12],"texture":"#0"},"west":{"uv":[3.5,11.5,4,12],"texture":"#0"},"up":{"uv":[3.5,11.5,4,12],"texture":"#0"},"down":{"uv":[3.5,11.5,4,12],"texture":"#0"}}},{"from":[10,0,9],"to":[11,1,10],"rotation":{"angle":0,"axis":"y","origin":[18,8,17]},"faces":{"north":{"uv":[3.5,11.5,4,12],"texture":"#0"},"east":{"uv":[3.5,11.5,4,12],"texture":"#0"},"south":{"uv":[3.5,11.5,4,12],"texture":"#0"},"west":{"uv":[3.5,11.5,4,12],"texture":"#0"},"up":{"uv":[3.5,11.5,4,12],"texture":"#0"},"down":{"uv":[3.5,11.5,4,12],"texture":"#0"}}},{"from":[11,0,10],"to":[12,1,11],"rotation":{"angle":0,"axis":"y","origin":[19,8,18]},"faces":{"north":{"uv":[3.5,11.5,4,12],"texture":"#0"},"east":{"uv":[3.5,11.5,4,12],"texture":"#0"},"south":{"uv":[3.5,11.5,4,12],"texture":"#0"},"west":{"uv":[3.5,11.5,4,12],"texture":"#0"},"up":{"uv":[3.5,11.5,4,12],"texture":"#0"},"down":{"uv":[3.5,11.5,4,12],"texture":"#0"}}},{"from":[12,0,11],"to":[13,1,12],"rotation":{"angle":0,"axis":"y","origin":[20,8,19]},"faces":{"north":{"uv":[3.5,11.5,4,12],"texture":"#0"},"east":{"uv":[3.5,11.5,4,12],"texture":"#0"},"south":{"uv":[3.5,11.5,4,12],"texture":"#0"},"west":{"uv":[3.5,11.5,4,12],"texture":"#0"},"up":{"uv":[3.5,11.5,4,12],"texture":"#0"},"down":{"uv":[3.5,11.5,4,12],"texture":"#0"}}},{"from":[13,0,12],"to":[14,1,13],"rotation":{"angle":0,"axis":"y","origin":[21,8,20]},"faces":{"north":{"uv":[3.5,11.5,4,12],"texture":"#0"},"east":{"uv":[3.5,11.5,4,12],"texture":"#0"},"south":{"uv":[3.5,11.5,4,12],"texture":"#0"},"west":{"uv":[3.5,11.5,4,12],"texture":"#0"},"up":{"uv":[3.5,11.5,4,12],"texture":"#0"},"down":{"uv":[3.5,11.5,4,12],"texture":"#0"}}},{"from":[14,0,13],"to":[15,1,14],"rotation":{"angle":0,"axis":"y","origin":[22,8,21]},"faces":{"north":{"uv":[3.5,11.5,4,12],"texture":"#0"},"east":{"uv":[3.5,11.5,4,12],"texture":"#0"},"south":{"uv":[3.5,11.5,4,12],"texture":"#0"},"west":{"uv":[3.5,11.5,4,12],"texture":"#0"},"up":{"uv":[3.5,11.5,4,12],"texture":"#0"},"down":{"uv":[3.5,11.5,4,12],"texture":"#0"}}},{"from":[15,0,14],"to":[16,1,15],"rotation":{"angle":0,"axis":"y","origin":[23,8,22]},"faces":{"north":{"uv":[3.5,11.5,4,12],"texture":"#0"},"east":{"uv":[3.5,11.5,4,12],"texture":"#0"},"south":{"uv":[3.5,11.5,4,12],"texture":"#0"},"west":{"uv":[3.5,11.5,4,12],"texture":"#0"},"up":{"uv":[3.5,11.5,4,12],"texture":"#0"},"down":{"uv":[3.5,11.5,4,12],"texture":"#0"}}},{"from":[16,0,15],"to":[17,1,16],"rotation":{"angle":0,"axis":"y","origin":[24,8,23]},"faces":{"north":{"uv":[3.5,11.5,4,12],"texture":"#0"},"east":{"uv":[3.5,11.5,4,12],"texture":"#0"},"south":{"uv":[3.5,11.5,4,12],"texture":"#0"},"west":{"uv":[3.5,11.5,4,12],"texture":"#0"},"up":{"uv":[3.5,11.5,4,12],"texture":"#0"},"down":{"uv":[3.5,11.5,4,12],"texture":"#0"}}},{"from":[17,0,16],"to":[18,1,17],"rotation":{"angle":0,"axis":"y","origin":[25,8,24]},"faces":{"north":{"uv":[3.5,11.5,4,12],"texture":"#0"},"east":{"uv":[3.5,11.5,4,12],"texture":"#0"},"south":{"uv":[3.5,11.5,4,12],"texture":"#0"},"west":{"uv":[3.5,11.5,4,12],"texture":"#0"},"up":{"uv":[3.5,11.5,4,12],"texture":"#0"},"down":{"uv":[3.5,11.5,4,12],"texture":"#0"}}},{"from":[18,0,17],"to":[19,1,18],"rotation":{"angle":0,"axis":"y","origin":[26,8,25]},"faces":{"north":{"uv":[3.5,11.5,4,12],"texture":"#0"},"east":{"uv":[3.5,11.5,4,12],"texture":"#0"},"south":{"uv":[3.5,11.5,4,12],"texture":"#0"},"west":{"uv":[3.5,11.5,4,12],"texture":"#0"},"up":{"uv":[3.5,11.5,4,12],"texture":"#0"},"down":{"uv":[3.5,11.5,4,12],"texture":"#0"}}},{"from":[19,0,18],"to":[20,1,19],"rotation":{"angle":0,"axis":"y","origin":[27,8,26]},"faces":{"north":{"uv":[3.5,11.5,4,12],"texture":"#0"},"east":{"uv":[3.5,11.5,4,12],"texture":"#0"},"south":{"uv":[3.5,11.5,4,12],"texture":"#0"},"west":{"uv":[3.5,11.5,4,12],"texture":"#0"},"up":{"uv":[3.5,11.5,4,12],"texture":"#0"},"down":{"uv":[3.5,11.5,4,12],"texture":"#0"}}},{"from":[20,0,19],"to":[21,1,20],"rotation":{"angle":0,"axis":"y","origin":[28,8,27]},"faces":{"north":{"uv":[3.5,11.5,4,12],"texture":"#0"},"east":{"uv":[3.5,11.5,4,12],"texture":"#0"},"south":{"uv":[3.5,11.5,4,12],"texture":"#0"},"west":{"uv":[3.5,11.5,4,12],"texture":"#0"},"up":{"uv":[3.5,11.5,4,12],"texture":"#0"},"down":{"uv":[3.5,11.5,4,12],"texture":"#0"}}},{"from":[21,0,20],"to":[22,1,21],"rotation":{"angle":0,"axis":"y","origin":[29,8,28]},"faces":{"north":{"uv":[3.5,11.5,4,12],"texture":"#0"},"east":{"uv":[3.5,11.5,4,12],"texture":"#0"},"south":{"uv":[3.5,11.5,4,12],"texture":"#0"},"west":{"uv":[3.5,11.5,4,12],"texture":"#0"},"up":{"uv":[3.5,11.5,4,12],"texture":"#0"},"down":{"uv":[3.5,11.5,4,12],"texture":"#0"}}},{"from":[24,0,23],"to":[25,1,24],"rotation":{"angle":0,"axis":"y","origin":[32,8,31]},"faces":{"north":{"uv":[12,3,12.5,3.5],"texture":"#0"},"east":{"uv":[12,3,12.5,3.5],"texture":"#0"},"south":{"uv":[12,3,12.5,3.5],"texture":"#0"},"west":{"uv":[12,3,12.5,3.5],"texture":"#0"},"up":{"uv":[12,3,12.5,3.5],"texture":"#0"},"down":{"uv":[12,3,12.5,3.5],"texture":"#0"}}},{"from":[23,0,24],"to":[24,1,25],"rotation":{"angle":0,"axis":"y","origin":[31,8,32]},"faces":{"north":{"uv":[12.5,3.5,13,4],"texture":"#0"},"east":{"uv":[12.5,3.5,13,4],"texture":"#0"},"south":{"uv":[12.5,3.5,13,4],"texture":"#0"},"west":{"uv":[12.5,3.5,13,4],"texture":"#0"},"up":{"uv":[12.5,3.5,13,4],"texture":"#0"},"down":{"uv":[12.5,3.5,13,4],"texture":"#0"}}},{"from":[22,0,21],"to":[23,1,22],"rotation":{"angle":0,"axis":"y","origin":[30,8,29]},"faces":{"north":{"uv":[11,4,11.5,4.5],"texture":"#0"},"east":{"uv":[11,4,11.5,4.5],"texture":"#0"},"south":{"uv":[11,4,11.5,4.5],"texture":"#0"},"west":{"uv":[11,4,11.5,4.5],"texture":"#0"},"up":{"uv":[11,4,11.5,4.5],"texture":"#0"},"down":{"uv":[11,4,11.5,4.5],"texture":"#0"}}},{"from":[2,0,4],"to":[3,1,5],"rotation":{"angle":0,"axis":"y","origin":[10,8,12]},"faces":{"north":{"uv":[0.5,14.5,1,15],"texture":"#0"},"east":{"uv":[0.5,14.5,1,15],"texture":"#0"},"south":{"uv":[0.5,14.5,1,15],"texture":"#0"},"west":{"uv":[0.5,14.5,1,15],"texture":"#0"},"up":{"uv":[0.5,14.5,1,15],"texture":"#0"},"down":{"uv":[0.5,14.5,1,15],"texture":"#0"}}},{"from":[2,0,3],"to":[3,1,4],"rotation":{"angle":0,"axis":"y","origin":[10,8,11]},"faces":{"north":{"uv":[2,14,2.5,14.5],"texture":"#0"},"east":{"uv":[2,14,2.5,14.5],"texture":"#0"},"south":{"uv":[2,14,2.5,14.5],"texture":"#0"},"west":{"uv":[2,14,2.5,14.5],"texture":"#0"},"up":{"uv":[2,14,2.5,14.5],"texture":"#0"},"down":{"uv":[2,14,2.5,14.5],"texture":"#0"}}},{"from":[3,0,5],"to":[4,1,6],"rotation":{"angle":0,"axis":"y","origin":[11,8,13]},"faces":{"north":{"uv":[3,13.5,3.5,14],"texture":"#0"},"east":{"uv":[3,13.5,3.5,14],"texture":"#0"},"south":{"uv":[3,13.5,3.5,14],"texture":"#0"},"west":{"uv":[3,13.5,3.5,14],"texture":"#0"},"up":{"uv":[3,13.5,3.5,14],"texture":"#0"},"down":{"uv":[3,13.5,3.5,14],"texture":"#0"}}},{"from":[2,0,1],"to":[4,1,2],"rotation":{"angle":0,"axis":"y","origin":[10,8,9]},"faces":{"north":{"uv":[0.5,14.5,1,15],"texture":"#0"},"east":{"uv":[0.5,14.5,1,15],"texture":"#0"},"south":{"uv":[0.5,14.5,1,15],"texture":"#0"},"west":{"uv":[0.5,14.5,1,15],"texture":"#0"},"up":{"uv":[0.5,14.5,1,15],"texture":"#0"},"down":{"uv":[0.5,14.5,1,15],"texture":"#0"}}},{"from":[4,0,6],"to":[6,1,7],"rotation":{"angle":0,"axis":"y","origin":[12,8,14]},"faces":{"north":{"uv":[3.5,13,4,13.5],"texture":"#0"},"east":{"uv":[3.5,13,4,13.5],"texture":"#0"},"south":{"uv":[3.5,13,4,13.5],"texture":"#0"},"west":{"uv":[3.5,13,4,13.5],"texture":"#0"},"up":{"uv":[3.5,13,4,13.5],"texture":"#0"},"down":{"uv":[3.5,13,4,13.5],"texture":"#0"}}},{"from":[6,-0.3,6],"to":[7,1.3,7],"rotation":{"angle":0,"axis":"y","origin":[14,8,14]},"faces":{"north":{"uv":[3.5,12,4,12.5],"texture":"#0"},"east":{"uv":[3.5,12,4,12.5],"texture":"#0"},"south":{"uv":[3.5,12,4,12.5],"texture":"#0"},"west":{"uv":[3.5,12,4,12.5],"texture":"#0"},"up":{"uv":[3.5,12,4,12.5],"texture":"#0"},"down":{"uv":[3.5,12,4,12.5],"texture":"#0"}}},{"from":[7,-0.3,7],"to":[8,1.3,8],"rotation":{"angle":0,"axis":"y","origin":[15,8,15]},"faces":{"north":{"uv":[4,11.5,4.5,12],"texture":"#0"},"east":{"uv":[4,11.5,4.5,12],"texture":"#0"},"south":{"uv":[4,11.5,4.5,12],"texture":"#0"},"west":{"uv":[4,11.5,4.5,12],"texture":"#0"},"up":{"uv":[4,11.5,4.5,12],"texture":"#0"},"down":{"uv":[4,11.5,4.5,12],"texture":"#0"}}},{"from":[13,-0.3,13],"to":[14,1.3,14],"rotation":{"angle":0,"axis":"y","origin":[21,8,21]},"faces":{"north":{"uv":[4,11.5,4.5,12],"texture":"#0"},"east":{"uv":[4,11.5,4.5,12],"texture":"#0"},"south":{"uv":[4,11.5,4.5,12],"texture":"#0"},"west":{"uv":[4,11.5,4.5,12],"texture":"#0"},"up":{"uv":[4,11.5,4.5,12],"texture":"#0"},"down":{"uv":[4,11.5,4.5,12],"texture":"#0"}}},{"from":[15,-0.3,15],"to":[16,1.3,16],"rotation":{"angle":0,"axis":"y","origin":[23,8,23]},"faces":{"north":{"uv":[4,11.5,4.5,12],"texture":"#0"},"east":{"uv":[4,11.5,4.5,12],"texture":"#0"},"south":{"uv":[4,11.5,4.5,12],"texture":"#0"},"west":{"uv":[4,11.5,4.5,12],"texture":"#0"},"up":{"uv":[4,11.5,4.5,12],"texture":"#0"},"down":{"uv":[4,11.5,4.5,12],"texture":"#0"}}},{"from":[16,-0.3,16],"to":[17,1.3,17],"rotation":{"angle":0,"axis":"y","origin":[24,8,24]},"faces":{"north":{"uv":[4,11.5,4.5,12],"texture":"#0"},"east":{"uv":[4,11.5,4.5,12],"texture":"#0"},"south":{"uv":[4,11.5,4.5,12],"texture":"#0"},"west":{"uv":[4,11.5,4.5,12],"texture":"#0"},"up":{"uv":[4,11.5,4.5,12],"texture":"#0"},"down":{"uv":[4,11.5,4.5,12],"texture":"#0"}}},{"from":[18,-0.3,18],"to":[19,1.3,19],"rotation":{"angle":0,"axis":"y","origin":[26,8,26]},"faces":{"north":{"uv":[4,11.5,4.5,12],"texture":"#0"},"east":{"uv":[4,11.5,4.5,12],"texture":"#0"},"south":{"uv":[4,11.5,4.5,12],"texture":"#0"},"west":{"uv":[4,11.5,4.5,12],"texture":"#0"},"up":{"uv":[4,11.5,4.5,12],"texture":"#0"},"down":{"uv":[4,11.5,4.5,12],"texture":"#0"}}},{"from":[21,-0.3,21],"to":[22,1.3,22],"rotation":{"angle":0,"axis":"y","origin":[29,8,29]},"faces":{"north":{"uv":[4,11.5,4.5,12],"texture":"#0"},"east":{"uv":[4,11.5,4.5,12],"texture":"#0"},"south":{"uv":[4,11.5,4.5,12],"texture":"#0"},"west":{"uv":[4,11.5,4.5,12],"texture":"#0"},"up":{"uv":[4,11.5,4.5,12],"texture":"#0"},"down":{"uv":[4,11.5,4.5,12],"texture":"#0"}}},{"from":[22,-0.5,23],"to":[23,1.5,24],"rotation":{"angle":0,"axis":"y","origin":[30,8,31]},"faces":{"north":{"uv":[11.5,3.5,12,4],"texture":"#0"},"east":{"uv":[11.5,3.5,12,4],"texture":"#0"},"south":{"uv":[11.5,3.5,12,4],"texture":"#0"},"west":{"uv":[11.5,3.5,12,4],"texture":"#0"},"up":{"uv":[11.5,3.5,12,4],"texture":"#0"},"down":{"uv":[11.5,3.5,12,4],"texture":"#0"}}},{"from":[21,-0.5,23],"to":[22,1.5,25],"rotation":{"angle":0,"axis":"y","origin":[29,8,31]},"faces":{"north":{"uv":[12.5,4.5,13,5],"texture":"#0"},"east":{"uv":[12.5,4.5,13,5],"texture":"#0"},"south":{"uv":[12.5,4.5,13,5],"texture":"#0"},"west":{"uv":[12.5,4.5,13,5],"texture":"#0"},"up":{"uv":[12.5,4.5,13,5],"texture":"#0"},"down":{"uv":[12.5,4.5,13,5],"texture":"#0"}}},{"from":[22,-0.5,22],"to":[23,1.5,23],"rotation":{"angle":0,"axis":"y","origin":[30,8,29]},"faces":{"north":{"uv":[11.5,4,12,4.5],"texture":"#0"},"east":{"uv":[11.5,4,12,4.5],"texture":"#0"},"south":{"uv":[11.5,4,12,4.5],"texture":"#0"},"west":{"uv":[11.5,4,12,4.5],"texture":"#0"},"up":{"uv":[11.5,4,12,4.5],"texture":"#0"},"down":{"uv":[11.5,4,12,4.5],"texture":"#0"}}},{"from":[23,-0.5,23],"to":[24,1.5,24],"rotation":{"angle":0,"axis":"y","origin":[31,8,30]},"faces":{"north":{"uv":[11.5,4,12,4.5],"texture":"#0"},"east":{"uv":[11.5,4,12,4.5],"texture":"#0"},"south":{"uv":[11.5,4,12,4.5],"texture":"#0"},"west":{"uv":[11.5,4,12,4.5],"texture":"#0"},"up":{"uv":[11.5,4,12,4.5],"texture":"#0"},"down":{"uv":[11.5,4,12,4.5],"texture":"#0"}}},{"from":[24,-0.5,20],"to":[25,1.5,23],"rotation":{"angle":0,"axis":"y","origin":[32,8,29]},"faces":{"north":{"uv":[11,3,11.5,3.5],"texture":"#0"},"east":{"uv":[11,3,11.5,3.5],"texture":"#0"},"south":{"uv":[11,3,11.5,3.5],"texture":"#0"},"west":{"uv":[11,3,11.5,3.5],"texture":"#0"},"up":{"uv":[11,3,11.5,3.5],"texture":"#0"},"down":{"uv":[11,3,11.5,3.5],"texture":"#0"}}},{"from":[22,-0.5,24],"to":[23,1.5,25],"rotation":{"angle":0,"axis":"y","origin":[30,8,31]},"faces":{"north":{"uv":[12.5,4.5,13,5],"texture":"#0"},"east":{"uv":[12.5,4.5,13,5],"texture":"#0"},"south":{"uv":[12.5,4.5,13,5],"texture":"#0"},"west":{"uv":[12.5,4.5,13,5],"texture":"#0"},"up":{"uv":[12.5,4.5,13,5],"texture":"#0"},"down":{"uv":[12.5,4.5,13,5],"texture":"#0"}}},{"from":[25,-0.5,21],"to":[26,1.5,22],"rotation":{"angle":0,"axis":"y","origin":[33,8,29]},"faces":{"north":{"uv":[11,3,11.5,3.5],"texture":"#0"},"east":{"uv":[11,3,11.5,3.5],"texture":"#0"},"south":{"uv":[11,3,11.5,3.5],"texture":"#0"},"west":{"uv":[11,3,11.5,3.5],"texture":"#0"},"up":{"uv":[11,3,11.5,3.5],"texture":"#0"},"down":{"uv":[11,3,11.5,3.5],"texture":"#0"}}},{"from":[23,-0.5,21],"to":[24,1.5,22],"rotation":{"angle":0,"axis":"y","origin":[31,8,29]},"faces":{"north":{"uv":[11,3,11.5,3.5],"texture":"#0"},"east":{"uv":[11,3,11.5,3.5],"texture":"#0"},"south":{"uv":[11,3,11.5,3.5],"texture":"#0"},"west":{"uv":[11,3,11.5,3.5],"texture":"#0"},"up":{"uv":[11,3,11.5,3.5],"texture":"#0"},"down":{"uv":[11,3,11.5,3.5],"texture":"#0"}}},{"from":[25,-0.5,22],"to":[26,1.5,23],"rotation":{"angle":0,"axis":"y","origin":[33,8,30]},"faces":{"north":{"uv":[11.5,2.5,12,3],"texture":"#0"},"east":{"uv":[11.5,2.5,12,3],"texture":"#0"},"south":{"uv":[11.5,2.5,12,3],"texture":"#0"},"west":{"uv":[11.5,2.5,12,3],"texture":"#0"},"up":{"uv":[11.5,2.5,12,3],"texture":"#0"},"down":{"uv":[11.5,2.5,12,3],"texture":"#0"}}},{"from":[23,-0.5,20],"to":[24,1.5,21],"rotation":{"angle":0,"axis":"y","origin":[31,8,28]},"faces":{"north":{"uv":[10.5,3.5,11,4],"texture":"#0"},"east":{"uv":[10.5,3.5,11,4],"texture":"#0"},"south":{"uv":[10.5,3.5,11,4],"texture":"#0"},"west":{"uv":[10.5,3.5,11,4],"texture":"#0"},"up":{"uv":[10.5,3.5,11,4],"texture":"#0"},"down":{"uv":[10.5,3.5,11,4],"texture":"#0"}}},{"from":[23,-0.5,22],"to":[24,1.5,23],"rotation":{"angle":0,"axis":"y","origin":[31,8,30]},"faces":{"north":{"uv":[11.5,3.5,12,4],"texture":"#0"},"east":{"uv":[11.5,3.5,12,4],"texture":"#0"},"south":{"uv":[11.5,3.5,12,4],"texture":"#0"},"west":{"uv":[11.5,3.5,12,4],"texture":"#0"},"up":{"uv":[11.5,3.5,12,4],"texture":"#0"},"down":{"uv":[11.5,3.5,12,4],"texture":"#0"}}},{"from":[26,-0.5,21],"to":[27,1.5,23],"rotation":{"angle":0,"axis":"y","origin":[33,8,29]},"faces":{"north":{"uv":[10,3,10.5,3.5],"texture":"#0"},"east":{"uv":[10,3,10.5,3.5],"texture":"#0"},"south":{"uv":[10,3,10.5,3.5],"texture":"#0"},"west":{"uv":[10,3,10.5,3.5],"texture":"#0"},"up":{"uv":[10,3,10.5,3.5],"texture":"#0"},"down":{"uv":[10,3,10.5,3.5],"texture":"#0"}}},{"from":[25,-0.5,20],"to":[26,1.5,21],"rotation":{"angle":0,"axis":"y","origin":[32,8,28]},"faces":{"north":{"uv":[10,3,10.5,3.5],"texture":"#0"},"east":{"uv":[10,3,10.5,3.5],"texture":"#0"},"south":{"uv":[10,3,10.5,3.5],"texture":"#0"},"west":{"uv":[10,3,10.5,3.5],"texture":"#0"},"up":{"uv":[10,3,10.5,3.5],"texture":"#0"},"down":{"uv":[10,3,10.5,3.5],"texture":"#0"}}},{"from":[23,-0.5,19],"to":[25,1.5,20],"rotation":{"angle":0,"axis":"y","origin":[31,8,27]},"faces":{"north":{"uv":[10,3,10.5,3.5],"texture":"#0"},"east":{"uv":[10,3,10.5,3.5],"texture":"#0"},"south":{"uv":[10,3,10.5,3.5],"texture":"#0"},"west":{"uv":[10,3,10.5,3.5],"texture":"#0"},"up":{"uv":[10,3,10.5,3.5],"texture":"#0"},"down":{"uv":[10,3,10.5,3.5],"texture":"#0"}}},{"from":[8,-0.3,8],"to":[9,1.3,9],"rotation":{"angle":0,"axis":"y","origin":[16,8,16]},"faces":{"north":{"uv":[4.5,11,5,11.5],"texture":"#0"},"east":{"uv":[4.5,11,5,11.5],"texture":"#0"},"south":{"uv":[4.5,11,5,11.5],"texture":"#0"},"west":{"uv":[4.5,11,5,11.5],"texture":"#0"},"up":{"uv":[4.5,11,5,11.5],"texture":"#0"},"down":{"uv":[4.5,11,5,11.5],"texture":"#0"}}},{"from":[9,-0.3,9],"to":[10,1.3,10],"rotation":{"angle":0,"axis":"y","origin":[17,8,17]},"faces":{"north":{"uv":[4.5,11,5,11.5],"texture":"#0"},"east":{"uv":[4.5,11,5,11.5],"texture":"#0"},"south":{"uv":[4.5,11,5,11.5],"texture":"#0"},"west":{"uv":[4.5,11,5,11.5],"texture":"#0"},"up":{"uv":[4.5,11,5,11.5],"texture":"#0"},"down":{"uv":[4.5,11,5,11.5],"texture":"#0"}}},{"from":[10,-0.3,10],"to":[11,1.3,11],"rotation":{"angle":0,"axis":"y","origin":[18,8,18]},"faces":{"north":{"uv":[4.5,11,5,11.5],"texture":"#0"},"east":{"uv":[4.5,11,5,11.5],"texture":"#0"},"south":{"uv":[4.5,11,5,11.5],"texture":"#0"},"west":{"uv":[4.5,11,5,11.5],"texture":"#0"},"up":{"uv":[4.5,11,5,11.5],"texture":"#0"},"down":{"uv":[4.5,11,5,11.5],"texture":"#0"}}},{"from":[11,-0.3,11],"to":[12,1.3,12],"rotation":{"angle":0,"axis":"y","origin":[19,8,19]},"faces":{"north":{"uv":[4.5,11,5,11.5],"texture":"#0"},"east":{"uv":[4.5,11,5,11.5],"texture":"#0"},"south":{"uv":[4.5,11,5,11.5],"texture":"#0"},"west":{"uv":[4.5,11,5,11.5],"texture":"#0"},"up":{"uv":[4.5,11,5,11.5],"texture":"#0"},"down":{"uv":[4.5,11,5,11.5],"texture":"#0"}}},{"from":[12,-0.3,12],"to":[13,1.3,13],"rotation":{"angle":0,"axis":"y","origin":[20,8,20]},"faces":{"north":{"uv":[4.5,11,5,11.5],"texture":"#0"},"east":{"uv":[4.5,11,5,11.5],"texture":"#0"},"south":{"uv":[4.5,11,5,11.5],"texture":"#0"},"west":{"uv":[4.5,11,5,11.5],"texture":"#0"},"up":{"uv":[4.5,11,5,11.5],"texture":"#0"},"down":{"uv":[4.5,11,5,11.5],"texture":"#0"}}},{"from":[14,-0.3,14],"to":[15,1.3,15],"rotation":{"angle":0,"axis":"y","origin":[22,8,22]},"faces":{"north":{"uv":[4.5,11,5,11.5],"texture":"#0"},"east":{"uv":[4.5,11,5,11.5],"texture":"#0"},"south":{"uv":[4.5,11,5,11.5],"texture":"#0"},"west":{"uv":[4.5,11,5,11.5],"texture":"#0"},"up":{"uv":[4.5,11,5,11.5],"texture":"#0"},"down":{"uv":[4.5,11,5,11.5],"texture":"#0"}}},{"from":[17,-0.3,17],"to":[18,1.3,18],"rotation":{"angle":0,"axis":"y","origin":[25,8,25]},"faces":{"north":{"uv":[4.5,11,5,11.5],"texture":"#0"},"east":{"uv":[4.5,11,5,11.5],"texture":"#0"},"south":{"uv":[4.5,11,5,11.5],"texture":"#0"},"west":{"uv":[4.5,11,5,11.5],"texture":"#0"},"up":{"uv":[4.5,11,5,11.5],"texture":"#0"},"down":{"uv":[4.5,11,5,11.5],"texture":"#0"}}},{"from":[19,-0.3,19],"to":[20,1.3,20],"rotation":{"angle":0,"axis":"y","origin":[27,8,27]},"faces":{"north":{"uv":[4.5,11,5,11.5],"texture":"#0"},"east":{"uv":[4.5,11,5,11.5],"texture":"#0"},"south":{"uv":[4.5,11,5,11.5],"texture":"#0"},"west":{"uv":[4.5,11,5,11.5],"texture":"#0"},"up":{"uv":[4.5,11,5,11.5],"texture":"#0"},"down":{"uv":[4.5,11,5,11.5],"texture":"#0"}}},{"from":[24,-0.3,24],"to":[25,1.3,25],"rotation":{"angle":0,"axis":"y","origin":[32,8,32]},"faces":{"north":{"uv":[12.5,3,13,3.5],"texture":"#0"},"east":{"uv":[12.5,3,13,3.5],"texture":"#0"},"south":{"uv":[12.5,3,13,3.5],"texture":"#0"},"west":{"uv":[12.5,3,13,3.5],"texture":"#0"},"up":{"uv":[12.5,3,13,3.5],"texture":"#0"},"down":{"uv":[12.5,3,13,3.5],"texture":"#0"}}},{"from":[20,-0.3,20],"to":[21,1.3,21],"rotation":{"angle":0,"axis":"y","origin":[28,8,28]},"faces":{"north":{"uv":[4.5,11,5,11.5],"texture":"#0"},"east":{"uv":[4.5,11,5,11.5],"texture":"#0"},"south":{"uv":[4.5,11,5,11.5],"texture":"#0"},"west":{"uv":[4.5,11,5,11.5],"texture":"#0"},"up":{"uv":[4.5,11,5,11.5],"texture":"#0"},"down":{"uv":[4.5,11,5,11.5],"texture":"#0"}}},{"from":[3,-0.5,4],"to":[6,1.5,5],"rotation":{"angle":0,"axis":"y","origin":[11,8,12]},"faces":{"north":{"uv":[2.5,12.5,3,14],"texture":"#0"},"east":{"uv":[2.5,12.5,3,14],"texture":"#0"},"south":{"uv":[2.5,12.5,3,14],"rotation":90,"texture":"#0"},"west":{"uv":[2.5,12.5,3,14],"texture":"#0"},"up":{"uv":[2.5,12.5,3,14],"rotation":90,"texture":"#0"},"down":{"uv":[2.5,12.5,3,14],"rotation":90,"texture":"#0"}}},{"from":[2,-0.5,2],"to":[4,1.5,3],"rotation":{"angle":0,"axis":"y","origin":[10,8,10]},"faces":{"north":{"uv":[1,14.5,1.5,15],"texture":"#0"},"east":{"uv":[1,14.5,1.5,15],"texture":"#0"},"south":{"uv":[1,14.5,1.5,15],"texture":"#0"},"west":{"uv":[1,14.5,1.5,15],"texture":"#0"},"up":{"uv":[1,14.5,1.5,15],"texture":"#0"},"down":{"uv":[1,14.5,1.5,15],"texture":"#0"}}},{"from":[3,-0.5,3],"to":[5,1.5,4],"rotation":{"angle":0,"axis":"y","origin":[11,8,11]},"faces":{"north":{"uv":[1,14.5,1.5,15],"texture":"#0"},"east":{"uv":[1,14.5,1.5,15],"texture":"#0"},"south":{"uv":[1,14.5,1.5,15],"texture":"#0"},"west":{"uv":[1,14.5,1.5,15],"texture":"#0"},"up":{"uv":[1,14.5,1.5,15],"texture":"#0"},"down":{"uv":[1,14.5,1.5,15],"texture":"#0"}}},{"from":[1,-0.5,1],"to":[2,1.5,2],"rotation":{"angle":0,"axis":"y","origin":[9,8,9]},"faces":{"north":{"uv":[1,14.5,1.5,15],"texture":"#0"},"east":{"uv":[1,14.5,1.5,15],"texture":"#0"},"south":{"uv":[1,14.5,1.5,15],"texture":"#0"},"west":{"uv":[1,14.5,1.5,15],"texture":"#0"},"up":{"uv":[1,14.5,1.5,15],"texture":"#0"},"down":{"uv":[1,14.5,1.5,15],"texture":"#0"}}},{"from":[4,-0.5,5],"to":[6,1.5,6],"rotation":{"angle":0,"axis":"y","origin":[11,8,13]},"faces":{"north":{"uv":[3,12.5,3.5,13.5],"rotation":90,"texture":"#0"},"east":{"uv":[3,12.5,3.5,13],"rotation":90,"texture":"#0"},"south":{"uv":[3,12.5,3.5,13.5],"rotation":90,"texture":"#0"},"west":{"uv":[3,13,3.5,13.5],"rotation":90,"texture":"#0"},"up":{"uv":[3,12.5,3.5,13.5],"rotation":90,"texture":"#0"},"down":{"uv":[3,12.5,3.5,13.5],"rotation":90,"texture":"#0"}}}],"gui_light":"front"}