{"display":{"thirdperson_righthand":{"rotation":[-57.5,0,0],"translation":[0,-0.75,0]},"thirdperson_lefthand":{"rotation":[-57.5,0,0],"translation":[0,-0.75,0]},"firstperson_righthand":{"rotation":[-64.25,0,0]},"firstperson_lefthand":{"rotation":[-64.25,0,0],"translation":[3.25,0,0]},"ground":{"translation":[0,1.75,0],"scale":[0.6,0.6,0.6]},"gui":{"rotation":[0,90,0],"translation":[-3,-3,0],"scale":[0.6,0.6,0.6]},"fixed":{"rotation":[0,-90,0],"translation":[3.25,-3,0],"scale":[0.6,0.6,0.6]}},"gui_light":"front","texture_size":[32,32],"textures":{"0":"item/iron_axe/4","particle":"item/iron_axe/4"},"elements":[{"from":[7.5,0,0],"to":[8.5,2,2],"rotation":{"angle":0,"axis":"y","origin":[14,8,8]},"faces":{"north":{"uv":[1,14.5,2,15],"texture":"#0"},"east":{"uv":[1,14.5,2,15],"texture":"#0"},"south":{"uv":[1,14.5,2,15],"texture":"#0"},"west":{"uv":[1,14.5,2,15],"texture":"#0"},"up":{"uv":[1,14.5,2,15],"texture":"#0"},"down":{"uv":[1,14.5,2,15],"texture":"#0"}}},{"from":[7.5,3,3],"to":[8.5,6,6],"rotation":{"angle":0,"axis":"y","origin":[14,12,11]},"faces":{"north":{"uv":[1,14.5,2,15],"texture":"#0"},"east":{"uv":[1,14.5,2,15],"texture":"#0"},"south":{"uv":[1,14.5,2,15],"texture":"#0"},"west":{"uv":[1,14.5,2,15],"texture":"#0"},"up":{"uv":[1,14.5,2,15],"texture":"#0"},"down":{"uv":[1,14.5,2,15],"texture":"#0"}}},{"from":[7.5,8,5],"to":[8.5,9,7],"rotation":{"angle":0,"axis":"y","origin":[14,15,12]},"faces":{"north":{"uv":[1,14.5,2,15],"texture":"#0"},"east":{"uv":[1,14.5,2,15],"texture":"#0"},"south":{"uv":[1,14.5,2,15],"texture":"#0"},"west":{"uv":[1,14.5,2,15],"texture":"#0"},"up":{"uv":[1,14.5,2,15],"texture":"#0"},"down":{"uv":[1,14.5,2,15],"texture":"#0"}}},{"from":[7.5,11,8],"to":[8.5,12,9],"rotation":{"angle":0,"axis":"y","origin":[14,18,14]},"faces":{"north":{"uv":[1,14.5,2,15],"texture":"#0"},"east":{"uv":[1,14.5,2,15],"texture":"#0"},"south":{"uv":[1,14.5,2,15],"texture":"#0"},"west":{"uv":[1,14.5,2,15],"texture":"#0"},"up":{"uv":[1,14.5,2,15],"texture":"#0"},"down":{"uv":[1,14.5,2,15],"texture":"#0"}}},{"from":[7.5,12,9],"to":[8.5,13,10],"rotation":{"angle":0,"axis":"y","origin":[14,19,15]},"faces":{"north":{"uv":[1,14.5,2,15],"texture":"#0"},"east":{"uv":[1,14.5,2,15],"texture":"#0"},"south":{"uv":[1,14.5,2,15],"texture":"#0"},"west":{"uv":[1,14.5,2,15],"texture":"#0"},"up":{"uv":[1,14.5,2,15],"texture":"#0"},"down":{"uv":[1,14.5,2,15],"texture":"#0"}}},{"from":[7.5,13,10],"to":[8.5,14,11],"rotation":{"angle":0,"axis":"y","origin":[14,20,16]},"faces":{"north":{"uv":[1,14.5,2,15],"texture":"#0"},"east":{"uv":[1,14.5,2,15],"texture":"#0"},"south":{"uv":[1,14.5,2,15],"texture":"#0"},"west":{"uv":[1,14.5,2,15],"texture":"#0"},"up":{"uv":[1,14.5,2,15],"texture":"#0"},"down":{"uv":[1,14.5,2,15],"texture":"#0"}}},{"from":[7.5,8,11],"to":[8.5,9,12],"rotation":{"angle":0,"axis":"y","origin":[14,15,17]},"faces":{"north":{"uv":[1,14.5,2,15],"texture":"#0"},"east":{"uv":[1,14.5,2,15],"texture":"#0"},"south":{"uv":[1,14.5,2,15],"texture":"#0"},"west":{"uv":[1,14.5,2,15],"texture":"#0"},"up":{"uv":[1,14.5,2,15],"texture":"#0"},"down":{"uv":[1,14.5,2,15],"texture":"#0"}}},{"from":[7.5,9,12],"to":[8.5,10,13],"rotation":{"angle":0,"axis":"y","origin":[14,16,18]},"faces":{"north":{"uv":[1,14.5,2,15],"texture":"#0"},"east":{"uv":[1,14.5,2,15],"texture":"#0"},"south":{"uv":[1,14.5,2,15],"texture":"#0"},"west":{"uv":[1,14.5,2,15],"texture":"#0"},"up":{"uv":[1,14.5,2,15],"texture":"#0"},"down":{"uv":[1,14.5,2,15],"texture":"#0"}}},{"from":[7.5,10,13],"to":[8.5,11,14],"rotation":{"angle":0,"axis":"y","origin":[14,17,19]},"faces":{"north":{"uv":[1,14.5,2,15],"texture":"#0"},"east":{"uv":[1,14.5,2,15],"texture":"#0"},"south":{"uv":[1,14.5,2,15],"texture":"#0"},"west":{"uv":[1,14.5,2,15],"texture":"#0"},"up":{"uv":[1,14.5,2,15],"texture":"#0"},"down":{"uv":[1,14.5,2,15],"texture":"#0"}}},{"from":[7.5,6,5],"to":[8.5,7,6],"rotation":{"angle":0,"axis":"y","origin":[14,13,11]},"faces":{"north":{"uv":[3.5,11.5,4,12],"texture":"#0"},"east":{"uv":[3.5,11.5,4,12],"texture":"#0"},"south":{"uv":[3.5,11.5,4,12],"texture":"#0"},"west":{"uv":[3.5,11.5,4,12],"texture":"#0"},"up":{"uv":[3.5,11.5,4,12],"texture":"#0"},"down":{"uv":[3.5,11.5,4,12],"texture":"#0"}}},{"from":[7.5,7,6],"to":[8.5,8,7],"rotation":{"angle":0,"axis":"y","origin":[14,14,12]},"faces":{"north":{"uv":[3.5,11.5,4,12],"texture":"#0"},"east":{"uv":[3.5,11.5,4,12],"texture":"#0"},"south":{"uv":[3.5,11.5,4,12],"texture":"#0"},"west":{"uv":[3.5,11.5,4,12],"texture":"#0"},"up":{"uv":[3.5,11.5,4,12],"texture":"#0"},"down":{"uv":[3.5,11.5,4,12],"texture":"#0"}}},{"from":[7.5,8,7],"to":[8.5,9,8],"rotation":{"angle":0,"axis":"y","origin":[14,15,13]},"faces":{"north":{"uv":[3.5,11.5,4,12],"texture":"#0"},"east":{"uv":[3.5,11.5,4,12],"texture":"#0"},"south":{"uv":[3.5,11.5,4,12],"texture":"#0"},"west":{"uv":[3.5,11.5,4,12],"texture":"#0"},"up":{"uv":[3.5,11.5,4,12],"texture":"#0"},"down":{"uv":[3.5,11.5,4,12],"texture":"#0"}}},{"from":[7.5,9,8],"to":[8.5,10,9],"rotation":{"angle":0,"axis":"y","origin":[14,16,14]},"faces":{"north":{"uv":[3.5,11.5,4,12],"texture":"#0"},"east":{"uv":[3.5,11.5,4,12],"texture":"#0"},"south":{"uv":[3.5,11.5,4,12],"texture":"#0"},"west":{"uv":[3.5,11.5,4,12],"texture":"#0"},"up":{"uv":[3.5,11.5,4,12],"texture":"#0"},"down":{"uv":[3.5,11.5,4,12],"texture":"#0"}}},{"from":[7.5,10,9],"to":[8.5,11,10],"rotation":{"angle":0,"axis":"y","origin":[14,17,15]},"faces":{"north":{"uv":[3.5,11.5,4,12],"texture":"#0"},"east":{"uv":[3.5,11.5,4,12],"texture":"#0"},"south":{"uv":[3.5,11.5,4,12],"texture":"#0"},"west":{"uv":[3.5,11.5,4,12],"texture":"#0"},"up":{"uv":[3.5,11.5,4,12],"texture":"#0"},"down":{"uv":[3.5,11.5,4,12],"texture":"#0"}}},{"from":[7.5,11,10],"to":[8.5,12,11],"rotation":{"angle":0,"axis":"y","origin":[14,18,16]},"faces":{"north":{"uv":[3.5,11.5,4,12],"texture":"#0"},"east":{"uv":[3.5,11.5,4,12],"texture":"#0"},"south":{"uv":[3.5,11.5,4,12],"texture":"#0"},"west":{"uv":[3.5,11.5,4,12],"texture":"#0"},"up":{"uv":[3.5,11.5,4,12],"texture":"#0"},"down":{"uv":[3.5,11.5,4,12],"texture":"#0"}}},{"from":[7.5,12,11],"to":[8.5,13,12],"rotation":{"angle":0,"axis":"y","origin":[14,19,17]},"faces":{"north":{"uv":[3.5,11.5,4,12],"texture":"#0"},"east":{"uv":[3.5,11.5,4,12],"texture":"#0"},"south":{"uv":[3.5,11.5,4,12],"texture":"#0"},"west":{"uv":[3.5,11.5,4,12],"texture":"#0"},"up":{"uv":[3.5,11.5,4,12],"texture":"#0"},"down":{"uv":[3.5,11.5,4,12],"texture":"#0"}}},{"from":[7.5,13,12],"to":[8.5,14,13],"rotation":{"angle":0,"axis":"y","origin":[14,20,18]},"faces":{"north":{"uv":[3.5,11.5,4,12],"texture":"#0"},"east":{"uv":[3.5,11.5,4,12],"texture":"#0"},"south":{"uv":[3.5,11.5,4,12],"texture":"#0"},"west":{"uv":[3.5,11.5,4,12],"texture":"#0"},"up":{"uv":[3.5,11.5,4,12],"texture":"#0"},"down":{"uv":[3.5,11.5,4,12],"texture":"#0"}}},{"from":[7.5,14,13],"to":[8.5,15,14],"rotation":{"angle":0,"axis":"y","origin":[14,21,19]},"faces":{"north":{"uv":[3.5,11.5,4,12],"texture":"#0"},"east":{"uv":[3.5,11.5,4,12],"texture":"#0"},"south":{"uv":[3.5,11.5,4,12],"texture":"#0"},"west":{"uv":[3.5,11.5,4,12],"texture":"#0"},"up":{"uv":[3.5,11.5,4,12],"texture":"#0"},"down":{"uv":[3.5,11.5,4,12],"texture":"#0"}}},{"from":[7.5,15,14],"to":[8.5,16,15],"rotation":{"angle":0,"axis":"y","origin":[14,22,20]},"faces":{"north":{"uv":[3.5,11.5,4,12],"texture":"#0"},"east":{"uv":[3.5,11.5,4,12],"texture":"#0"},"south":{"uv":[3.5,11.5,4,12],"texture":"#0"},"west":{"uv":[3.5,11.5,4,12],"texture":"#0"},"up":{"uv":[3.5,11.5,4,12],"texture":"#0"},"down":{"uv":[3.5,11.5,4,12],"texture":"#0"}}},{"from":[7.5,16,15],"to":[8.5,17,16],"rotation":{"angle":0,"axis":"y","origin":[14,23,21]},"faces":{"north":{"uv":[3.5,11.5,4,12],"texture":"#0"},"east":{"uv":[3.5,11.5,4,12],"texture":"#0"},"south":{"uv":[3.5,11.5,4,12],"texture":"#0"},"west":{"uv":[3.5,11.5,4,12],"texture":"#0"},"up":{"uv":[3.5,11.5,4,12],"texture":"#0"},"down":{"uv":[3.5,11.5,4,12],"texture":"#0"}}},{"from":[7.5,17,16],"to":[8.5,18,17],"rotation":{"angle":0,"axis":"y","origin":[14,24,22]},"faces":{"north":{"uv":[3.5,11.5,4,12],"texture":"#0"},"east":{"uv":[3.5,11.5,4,12],"texture":"#0"},"south":{"uv":[3.5,11.5,4,12],"texture":"#0"},"west":{"uv":[3.5,11.5,4,12],"texture":"#0"},"up":{"uv":[3.5,11.5,4,12],"texture":"#0"},"down":{"uv":[3.5,11.5,4,12],"texture":"#0"}}},{"from":[7.5,18,17],"to":[8.5,19,18],"rotation":{"angle":0,"axis":"y","origin":[14,25,23]},"faces":{"north":{"uv":[3.5,11.5,4,12],"texture":"#0"},"east":{"uv":[3.5,11.5,4,12],"texture":"#0"},"south":{"uv":[3.5,11.5,4,12],"texture":"#0"},"west":{"uv":[3.5,11.5,4,12],"texture":"#0"},"up":{"uv":[3.5,11.5,4,12],"texture":"#0"},"down":{"uv":[3.5,11.5,4,12],"texture":"#0"}}},{"from":[7.5,19,18],"to":[8.5,20,19],"rotation":{"angle":0,"axis":"y","origin":[14,26,24]},"faces":{"north":{"uv":[3.5,11.5,4,12],"texture":"#0"},"east":{"uv":[3.5,11.5,4,12],"texture":"#0"},"south":{"uv":[3.5,11.5,4,12],"texture":"#0"},"west":{"uv":[3.5,11.5,4,12],"texture":"#0"},"up":{"uv":[3.5,11.5,4,12],"texture":"#0"},"down":{"uv":[3.5,11.5,4,12],"texture":"#0"}}},{"from":[7.5,20,19],"to":[8.5,21,20],"rotation":{"angle":0,"axis":"y","origin":[14,27,25]},"faces":{"north":{"uv":[10.5,4.5,11,5],"texture":"#0"},"east":{"uv":[10.5,4.5,11,5],"texture":"#0"},"south":{"uv":[10.5,4.5,11,5],"texture":"#0"},"west":{"uv":[10.5,4.5,11,5],"texture":"#0"},"up":{"uv":[10.5,4.5,11,5],"texture":"#0"},"down":{"uv":[10.5,4.5,11,5],"texture":"#0"}}},{"from":[7.5,19,20],"to":[8.5,20,21],"rotation":{"angle":0,"axis":"y","origin":[14,26,26]},"faces":{"north":{"uv":[10.5,4.5,11,5],"texture":"#0"},"east":{"uv":[10.5,4.5,11,5],"texture":"#0"},"south":{"uv":[10.5,4.5,11,5],"texture":"#0"},"west":{"uv":[10.5,4.5,11,5],"texture":"#0"},"up":{"uv":[10.5,4.5,11,5],"texture":"#0"},"down":{"uv":[10.5,4.5,11,5],"texture":"#0"}}},{"from":[7.5,18,21],"to":[8.5,19,22],"rotation":{"angle":0,"axis":"y","origin":[14,25,27]},"faces":{"north":{"uv":[10.5,4.5,11,5],"texture":"#0"},"east":{"uv":[10.5,4.5,11,5],"texture":"#0"},"south":{"uv":[10.5,4.5,11,5],"texture":"#0"},"west":{"uv":[10.5,4.5,11,5],"texture":"#0"},"up":{"uv":[10.5,4.5,11,5],"texture":"#0"},"down":{"uv":[10.5,4.5,11,5],"texture":"#0"}}},{"from":[7.5,14,20],"to":[8.5,15,21],"rotation":{"angle":0,"axis":"y","origin":[14,21,26]},"faces":{"north":{"uv":[10.5,4.5,11,5],"texture":"#0"},"east":{"uv":[10.5,4.5,11,5],"texture":"#0"},"south":{"uv":[10.5,4.5,11,5],"texture":"#0"},"west":{"uv":[10.5,4.5,11,5],"texture":"#0"},"up":{"uv":[10.5,4.5,11,5],"texture":"#0"},"down":{"uv":[10.5,4.5,11,5],"texture":"#0"}}},{"from":[7.5,17,25],"to":[8.5,18,26],"rotation":{"angle":0,"axis":"y","origin":[14,24,31]},"faces":{"north":{"uv":[10.5,4.5,11,5],"texture":"#0"},"east":{"uv":[10.5,4.5,11,5],"texture":"#0"},"south":{"uv":[10.5,4.5,11,5],"texture":"#0"},"west":{"uv":[10.5,4.5,11,5],"texture":"#0"},"up":{"uv":[10.5,4.5,11,5],"texture":"#0"},"down":{"uv":[10.5,4.5,11,5],"texture":"#0"}}},{"from":[7.5,21,25],"to":[8.5,22,26],"rotation":{"angle":0,"axis":"y","origin":[14,28,31]},"faces":{"north":{"uv":[10.5,4.5,11,5],"texture":"#0"},"east":{"uv":[10.5,4.5,11,5],"texture":"#0"},"south":{"uv":[10.5,4.5,11,5],"texture":"#0"},"west":{"uv":[10.5,4.5,11,5],"texture":"#0"},"up":{"uv":[10.5,4.5,11,5],"texture":"#0"},"down":{"uv":[10.5,4.5,11,5],"texture":"#0"}}},{"from":[7.5,21,22],"to":[8.5,22,23],"rotation":{"angle":0,"axis":"y","origin":[14,28,28]},"faces":{"north":{"uv":[10.5,4.5,11,5],"texture":"#0"},"east":{"uv":[10.5,4.5,11,5],"texture":"#0"},"south":{"uv":[10.5,4.5,11,5],"texture":"#0"},"west":{"uv":[10.5,4.5,11,5],"texture":"#0"},"up":{"uv":[10.5,4.5,11,5],"texture":"#0"},"down":{"uv":[10.5,4.5,11,5],"texture":"#0"}}},{"from":[7.5,23,22],"to":[8.5,24,23],"rotation":{"angle":0,"axis":"y","origin":[14,30,28]},"faces":{"north":{"uv":[10.5,4.5,11,5],"texture":"#0"},"east":{"uv":[10.5,4.5,11,5],"texture":"#0"},"south":{"uv":[10.5,4.5,11,5],"texture":"#0"},"west":{"uv":[10.5,4.5,11,5],"texture":"#0"},"up":{"uv":[10.5,4.5,11,5],"texture":"#0"},"down":{"uv":[10.5,4.5,11,5],"texture":"#0"}}},{"from":[7.5,22,21],"to":[8.5,23,22],"rotation":{"angle":0,"axis":"y","origin":[14,29,27]},"faces":{"north":{"uv":[10.5,4.5,11,5],"texture":"#0"},"east":{"uv":[10.5,4.5,11,5],"texture":"#0"},"south":{"uv":[10.5,4.5,11,5],"texture":"#0"},"west":{"uv":[10.5,4.5,11,5],"texture":"#0"},"up":{"uv":[10.5,4.5,11,5],"texture":"#0"},"down":{"uv":[10.5,4.5,11,5],"texture":"#0"}}},{"from":[7.5,22,23],"to":[8.5,24,24],"rotation":{"angle":0,"axis":"y","origin":[14,29,29]},"faces":{"north":{"uv":[10.5,4.5,11,5],"texture":"#0"},"east":{"uv":[10.5,4.5,11,5],"texture":"#0"},"south":{"uv":[10.5,4.5,11,5],"texture":"#0"},"west":{"uv":[10.5,4.5,11,5],"texture":"#0"},"up":{"uv":[10.5,4.5,11,5],"texture":"#0"},"down":{"uv":[10.5,4.5,11,5],"texture":"#0"}}},{"from":[7.5,16,20],"to":[8.5,18,21],"rotation":{"angle":0,"axis":"y","origin":[14,24,26]},"faces":{"north":{"uv":[10.5,4.5,11,5],"texture":"#0"},"east":{"uv":[10.5,4.5,11,5],"texture":"#0"},"south":{"uv":[10.5,4.5,11,5],"texture":"#0"},"west":{"uv":[10.5,4.5,11,5],"texture":"#0"},"up":{"uv":[10.5,4.5,11,5],"texture":"#0"},"down":{"uv":[10.5,4.5,11,5],"texture":"#0"}}},{"from":[7.5,22,26],"to":[8.5,24,27],"rotation":{"angle":0,"axis":"y","origin":[14,30,32]},"faces":{"north":{"uv":[10.5,4.5,11,5],"texture":"#0"},"east":{"uv":[10.5,4.5,11,5],"texture":"#0"},"south":{"uv":[10.5,4.5,11,5],"texture":"#0"},"west":{"uv":[10.5,4.5,11,5],"texture":"#0"},"up":{"uv":[10.5,4.5,11,5],"texture":"#0"},"down":{"uv":[10.5,4.5,11,5],"texture":"#0"}}},{"from":[7.5,18,26],"to":[8.5,20,27],"rotation":{"angle":0,"axis":"y","origin":[14,26,32]},"faces":{"north":{"uv":[10.5,4.5,11,5],"texture":"#0"},"east":{"uv":[10.5,4.5,11,5],"texture":"#0"},"south":{"uv":[10.5,4.5,11,5],"texture":"#0"},"west":{"uv":[10.5,4.5,11,5],"texture":"#0"},"up":{"uv":[10.5,4.5,11,5],"texture":"#0"},"down":{"uv":[10.5,4.5,11,5],"texture":"#0"}}},{"from":[7.5,20,27],"to":[8.5,22,28],"rotation":{"angle":0,"axis":"y","origin":[14,28,33]},"faces":{"north":{"uv":[10.5,4.5,11,5],"texture":"#0"},"east":{"uv":[10.5,4.5,11,5],"texture":"#0"},"south":{"uv":[10.5,4.5,11,5],"texture":"#0"},"west":{"uv":[10.5,4.5,11,5],"texture":"#0"},"up":{"uv":[10.5,4.5,11,5],"texture":"#0"},"down":{"uv":[10.5,4.5,11,5],"texture":"#0"}}},{"from":[7.5,21,15],"to":[8.5,23,16],"rotation":{"angle":0,"axis":"y","origin":[14,29,21]},"faces":{"north":{"uv":[10.5,4.5,11,5],"texture":"#0"},"east":{"uv":[10.5,4.5,11,5],"texture":"#0"},"south":{"uv":[10.5,4.5,11,5],"texture":"#0"},"west":{"uv":[10.5,4.5,11,5],"texture":"#0"},"up":{"uv":[10.5,4.5,11,5],"texture":"#0"},"down":{"uv":[10.5,4.5,11,5],"texture":"#0"}}},{"from":[7.5,23,16],"to":[8.5,25,17],"rotation":{"angle":0,"axis":"y","origin":[14,31,22]},"faces":{"north":{"uv":[10.5,4.5,11,5],"texture":"#0"},"east":{"uv":[10.5,4.5,11,5],"texture":"#0"},"south":{"uv":[10.5,4.5,11,5],"texture":"#0"},"west":{"uv":[10.5,4.5,11,5],"texture":"#0"},"up":{"uv":[10.5,4.5,11,5],"texture":"#0"},"down":{"uv":[10.5,4.5,11,5],"texture":"#0"}}},{"from":[7.5,13,19],"to":[8.5,16,20],"rotation":{"angle":0,"axis":"y","origin":[14,22,25]},"faces":{"north":{"uv":[10.5,4.5,11,5],"texture":"#0"},"east":{"uv":[10.5,4.5,11,5],"texture":"#0"},"south":{"uv":[10.5,4.5,11,5],"texture":"#0"},"west":{"uv":[10.5,4.5,11,5],"texture":"#0"},"up":{"uv":[10.5,4.5,11,5],"texture":"#0"},"down":{"uv":[10.5,4.5,11,5],"texture":"#0"}}},{"from":[7.5,22,20],"to":[8.5,25,21],"rotation":{"angle":0,"axis":"y","origin":[14,31,26]},"faces":{"north":{"uv":[10.5,4.5,11,5],"texture":"#0"},"east":{"uv":[10.5,4.5,11,5],"texture":"#0"},"south":{"uv":[10.5,4.5,11,5],"texture":"#0"},"west":{"uv":[10.5,4.5,11,5],"texture":"#0"},"up":{"uv":[10.5,4.5,11,5],"texture":"#0"},"down":{"uv":[10.5,4.5,11,5],"texture":"#0"}}},{"from":[7.5,21,18],"to":[8.5,22,19],"rotation":{"angle":0,"axis":"y","origin":[14,28,24]},"faces":{"north":{"uv":[10.5,4.5,11,5],"texture":"#0"},"east":{"uv":[10.5,4.5,11,5],"texture":"#0"},"south":{"uv":[10.5,4.5,11,5],"texture":"#0"},"west":{"uv":[10.5,4.5,11,5],"texture":"#0"},"up":{"uv":[10.5,4.5,11,5],"texture":"#0"},"down":{"uv":[10.5,4.5,11,5],"texture":"#0"}}},{"from":[7.5,25,17],"to":[8.5,26,18],"rotation":{"angle":0,"axis":"y","origin":[14,32,23]},"faces":{"north":{"uv":[10.5,4.5,11,5],"texture":"#0"},"east":{"uv":[10.5,4.5,11,5],"texture":"#0"},"south":{"uv":[10.5,4.5,11,5],"texture":"#0"},"west":{"uv":[10.5,4.5,11,5],"texture":"#0"},"up":{"uv":[10.5,4.5,11,5],"texture":"#0"},"down":{"uv":[10.5,4.5,11,5],"texture":"#0"}}},{"from":[7.5,25,21],"to":[8.5,26,22],"rotation":{"angle":0,"axis":"y","origin":[14,32,27]},"faces":{"north":{"uv":[10.5,4.5,11,5],"texture":"#0"},"east":{"uv":[10.5,4.5,11,5],"texture":"#0"},"south":{"uv":[10.5,4.5,11,5],"texture":"#0"},"west":{"uv":[10.5,4.5,11,5],"texture":"#0"},"up":{"uv":[10.5,4.5,11,5],"texture":"#0"},"down":{"uv":[10.5,4.5,11,5],"texture":"#0"}}},{"from":[7.5,20,14],"to":[8.5,21,15],"rotation":{"angle":0,"axis":"y","origin":[14,27,20]},"faces":{"north":{"uv":[10.5,4.5,11,5],"texture":"#0"},"east":{"uv":[10.5,4.5,11,5],"texture":"#0"},"south":{"uv":[10.5,4.5,11,5],"texture":"#0"},"west":{"uv":[10.5,4.5,11,5],"texture":"#0"},"up":{"uv":[10.5,4.5,11,5],"texture":"#0"},"down":{"uv":[10.5,4.5,11,5],"texture":"#0"}}},{"from":[7.5,20,16],"to":[8.5,21,18],"rotation":{"angle":0,"axis":"y","origin":[14,27,23]},"faces":{"north":{"uv":[10.5,4.5,11,5],"texture":"#0"},"east":{"uv":[10.5,4.5,11,5],"texture":"#0"},"south":{"uv":[10.5,4.5,11,5],"texture":"#0"},"west":{"uv":[10.5,4.5,11,5],"texture":"#0"},"up":{"uv":[10.5,4.5,11,5],"texture":"#0"},"down":{"uv":[10.5,4.5,11,5],"texture":"#0"}}},{"from":[7.5,26,18],"to":[8.5,27,20],"rotation":{"angle":0,"axis":"y","origin":[14,33,25]},"faces":{"north":{"uv":[10.5,4.5,11,5],"texture":"#0"},"east":{"uv":[10.5,4.5,11,5],"texture":"#0"},"south":{"uv":[10.5,4.5,11,5],"texture":"#0"},"west":{"uv":[10.5,4.5,11,5],"texture":"#0"},"up":{"uv":[10.5,4.5,11,5],"texture":"#0"},"down":{"uv":[10.5,4.5,11,5],"texture":"#0"}}},{"from":[7.5,27,20],"to":[8.5,28,22],"rotation":{"angle":0,"axis":"y","origin":[14,34,27]},"faces":{"north":{"uv":[10.5,4.5,11,5],"texture":"#0"},"east":{"uv":[10.5,4.5,11,5],"texture":"#0"},"south":{"uv":[10.5,4.5,11,5],"texture":"#0"},"west":{"uv":[10.5,4.5,11,5],"texture":"#0"},"up":{"uv":[10.5,4.5,11,5],"texture":"#0"},"down":{"uv":[10.5,4.5,11,5],"texture":"#0"}}},{"from":[7.5,26,22],"to":[8.5,27,24],"rotation":{"angle":0,"axis":"y","origin":[14,33,29]},"faces":{"north":{"uv":[10.5,4.5,11,5],"texture":"#0"},"east":{"uv":[10.5,4.5,11,5],"texture":"#0"},"south":{"uv":[10.5,4.5,11,5],"texture":"#0"},"west":{"uv":[10.5,4.5,11,5],"texture":"#0"},"up":{"uv":[10.5,4.5,11,5],"texture":"#0"},"down":{"uv":[10.5,4.5,11,5],"texture":"#0"}}},{"from":[7.5,15,21],"to":[8.5,16,23],"rotation":{"angle":0,"axis":"y","origin":[14,22,28]},"faces":{"north":{"uv":[10.5,4.5,11,5],"texture":"#0"},"east":{"uv":[10.5,4.5,11,5],"texture":"#0"},"south":{"uv":[10.5,4.5,11,5],"texture":"#0"},"west":{"uv":[10.5,4.5,11,5],"texture":"#0"},"up":{"uv":[10.5,4.5,11,5],"texture":"#0"},"down":{"uv":[10.5,4.5,11,5],"texture":"#0"}}},{"from":[7.5,16,23],"to":[8.5,17,25],"rotation":{"angle":0,"axis":"y","origin":[14,23,30]},"faces":{"north":{"uv":[10.5,4.5,11,5],"texture":"#0"},"east":{"uv":[10.5,4.5,11,5],"texture":"#0"},"south":{"uv":[10.5,4.5,11,5],"texture":"#0"},"west":{"uv":[10.5,4.5,11,5],"texture":"#0"},"up":{"uv":[10.5,4.5,11,5],"texture":"#0"},"down":{"uv":[10.5,4.5,11,5],"texture":"#0"}}},{"from":[7.5,19,13],"to":[8.5,20,16],"rotation":{"angle":0,"axis":"y","origin":[14,26,21]},"faces":{"north":{"uv":[10.5,4.5,11,5],"texture":"#0"},"east":{"uv":[10.5,4.5,11,5],"texture":"#0"},"south":{"uv":[10.5,4.5,11,5],"texture":"#0"},"west":{"uv":[10.5,4.5,11,5],"texture":"#0"},"up":{"uv":[10.5,4.5,11,5],"texture":"#0"},"down":{"uv":[10.5,4.5,11,5],"texture":"#0"}}},{"from":[7.5,20,22],"to":[8.5,21,25],"rotation":{"angle":0,"axis":"y","origin":[14,27,30]},"faces":{"north":{"uv":[10.5,4.5,11,5],"texture":"#0"},"east":{"uv":[10.5,4.5,11,5],"texture":"#0"},"south":{"uv":[10.5,4.5,11,5],"texture":"#0"},"west":{"uv":[10.5,4.5,11,5],"texture":"#0"},"up":{"uv":[10.5,4.5,11,5],"texture":"#0"},"down":{"uv":[10.5,4.5,11,5],"texture":"#0"}}},{"from":[7.5,18,19],"to":[8.5,19,20],"rotation":{"angle":0,"axis":"y","origin":[14,25,25]},"faces":{"north":{"uv":[4,12,4.5,12.5],"texture":"#0"},"east":{"uv":[4,12,4.5,12.5],"texture":"#0"},"south":{"uv":[4,12,4.5,12.5],"texture":"#0"},"west":{"uv":[4,12,4.5,12.5],"texture":"#0"},"up":{"uv":[4,12,4.5,12.5],"texture":"#0"},"down":{"uv":[4,12,4.5,12.5],"texture":"#0"}}},{"from":[7.5,17,18],"to":[8.5,18,19],"rotation":{"angle":0,"axis":"y","origin":[14,24,24]},"faces":{"north":{"uv":[4,12,4.5,12.5],"texture":"#0"},"east":{"uv":[4,12,4.5,12.5],"texture":"#0"},"south":{"uv":[4,12,4.5,12.5],"texture":"#0"},"west":{"uv":[4,12,4.5,12.5],"texture":"#0"},"up":{"uv":[4,12,4.5,12.5],"texture":"#0"},"down":{"uv":[4,12,4.5,12.5],"texture":"#0"}}},{"from":[7.5,16,17],"to":[8.5,17,18],"rotation":{"angle":0,"axis":"y","origin":[14,23,23]},"faces":{"north":{"uv":[4,12,4.5,12.5],"texture":"#0"},"east":{"uv":[4,12,4.5,12.5],"texture":"#0"},"south":{"uv":[4,12,4.5,12.5],"texture":"#0"},"west":{"uv":[4,12,4.5,12.5],"texture":"#0"},"up":{"uv":[4,12,4.5,12.5],"texture":"#0"},"down":{"uv":[4,12,4.5,12.5],"texture":"#0"}}},{"from":[7.5,15,16],"to":[8.5,16,17],"rotation":{"angle":0,"axis":"y","origin":[14,22,22]},"faces":{"north":{"uv":[4,12,4.5,12.5],"texture":"#0"},"east":{"uv":[4,12,4.5,12.5],"texture":"#0"},"south":{"uv":[4,12,4.5,12.5],"texture":"#0"},"west":{"uv":[4,12,4.5,12.5],"texture":"#0"},"up":{"uv":[4,12,4.5,12.5],"texture":"#0"},"down":{"uv":[4,12,4.5,12.5],"texture":"#0"}}},{"from":[7.5,14,15],"to":[8.5,15,16],"rotation":{"angle":0,"axis":"y","origin":[14,21,21]},"faces":{"north":{"uv":[4,12,4.5,12.5],"texture":"#0"},"east":{"uv":[4,12,4.5,12.5],"texture":"#0"},"south":{"uv":[4,12,4.5,12.5],"texture":"#0"},"west":{"uv":[4,12,4.5,12.5],"texture":"#0"},"up":{"uv":[4,12,4.5,12.5],"texture":"#0"},"down":{"uv":[4,12,4.5,12.5],"texture":"#0"}}},{"from":[7.5,13,14],"to":[8.5,14,15],"rotation":{"angle":0,"axis":"y","origin":[14,20,20]},"faces":{"north":{"uv":[4,12,4.5,12.5],"texture":"#0"},"east":{"uv":[4,12,4.5,12.5],"texture":"#0"},"south":{"uv":[4,12,4.5,12.5],"texture":"#0"},"west":{"uv":[4,12,4.5,12.5],"texture":"#0"},"up":{"uv":[4,12,4.5,12.5],"texture":"#0"},"down":{"uv":[4,12,4.5,12.5],"texture":"#0"}}},{"from":[7.5,12,13],"to":[8.5,13,14],"rotation":{"angle":0,"axis":"y","origin":[14,19,19]},"faces":{"north":{"uv":[4,12,4.5,12.5],"texture":"#0"},"east":{"uv":[4,12,4.5,12.5],"texture":"#0"},"south":{"uv":[4,12,4.5,12.5],"texture":"#0"},"west":{"uv":[4,12,4.5,12.5],"texture":"#0"},"up":{"uv":[4,12,4.5,12.5],"texture":"#0"},"down":{"uv":[4,12,4.5,12.5],"texture":"#0"}}},{"from":[7.5,11,12],"to":[8.5,12,13],"rotation":{"angle":0,"axis":"y","origin":[14,18,18]},"faces":{"north":{"uv":[4,12,4.5,12.5],"texture":"#0"},"east":{"uv":[4,12,4.5,12.5],"texture":"#0"},"south":{"uv":[4,12,4.5,12.5],"texture":"#0"},"west":{"uv":[4,12,4.5,12.5],"texture":"#0"},"up":{"uv":[4,12,4.5,12.5],"texture":"#0"},"down":{"uv":[4,12,4.5,12.5],"texture":"#0"}}},{"from":[7.5,10,11],"to":[8.5,11,12],"rotation":{"angle":0,"axis":"y","origin":[14,17,17]},"faces":{"north":{"uv":[4,12,4.5,12.5],"texture":"#0"},"east":{"uv":[4,12,4.5,12.5],"texture":"#0"},"south":{"uv":[4,12,4.5,12.5],"texture":"#0"},"west":{"uv":[4,12,4.5,12.5],"texture":"#0"},"up":{"uv":[4,12,4.5,12.5],"texture":"#0"},"down":{"uv":[4,12,4.5,12.5],"texture":"#0"}}},{"from":[7.5,9,10],"to":[8.5,10,11],"rotation":{"angle":0,"axis":"y","origin":[14,16,16]},"faces":{"north":{"uv":[4,12,4.5,12.5],"texture":"#0"},"east":{"uv":[4,12,4.5,12.5],"texture":"#0"},"south":{"uv":[4,12,4.5,12.5],"texture":"#0"},"west":{"uv":[4,12,4.5,12.5],"texture":"#0"},"up":{"uv":[4,12,4.5,12.5],"texture":"#0"},"down":{"uv":[4,12,4.5,12.5],"texture":"#0"}}},{"from":[7.5,8,9],"to":[8.5,9,10],"rotation":{"angle":0,"axis":"y","origin":[14,15,15]},"faces":{"north":{"uv":[4,12,4.5,12.5],"texture":"#0"},"east":{"uv":[4,12,4.5,12.5],"texture":"#0"},"south":{"uv":[4,12,4.5,12.5],"texture":"#0"},"west":{"uv":[4,12,4.5,12.5],"texture":"#0"},"up":{"uv":[4,12,4.5,12.5],"texture":"#0"},"down":{"uv":[4,12,4.5,12.5],"texture":"#0"}}},{"from":[7.5,7,8],"to":[8.5,8,9],"rotation":{"angle":0,"axis":"y","origin":[14,14,14]},"faces":{"north":{"uv":[4,12,4.5,12.5],"texture":"#0"},"east":{"uv":[4,12,4.5,12.5],"texture":"#0"},"south":{"uv":[4,12,4.5,12.5],"texture":"#0"},"west":{"uv":[4,12,4.5,12.5],"texture":"#0"},"up":{"uv":[4,12,4.5,12.5],"texture":"#0"},"down":{"uv":[4,12,4.5,12.5],"texture":"#0"}}},{"from":[7.5,6,7],"to":[8.5,7,8],"rotation":{"angle":0,"axis":"y","origin":[14,13,13]},"faces":{"north":{"uv":[4,12,4.5,12.5],"texture":"#0"},"east":{"uv":[4,12,4.5,12.5],"texture":"#0"},"south":{"uv":[4,12,4.5,12.5],"texture":"#0"},"west":{"uv":[4,12,4.5,12.5],"texture":"#0"},"up":{"uv":[4,12,4.5,12.5],"texture":"#0"},"down":{"uv":[4,12,4.5,12.5],"texture":"#0"}}},{"from":[7.5,5,6],"to":[8.5,6,7],"rotation":{"angle":0,"axis":"y","origin":[14,12,12]},"faces":{"north":{"uv":[4,12,4.5,12.5],"texture":"#0"},"east":{"uv":[4,12,4.5,12.5],"texture":"#0"},"south":{"uv":[4,12,4.5,12.5],"texture":"#0"},"west":{"uv":[4,12,4.5,12.5],"texture":"#0"},"up":{"uv":[4,12,4.5,12.5],"texture":"#0"},"down":{"uv":[4,12,4.5,12.5],"texture":"#0"}}},{"from":[7.5,4,1],"to":[8.5,6,2],"rotation":{"angle":0,"axis":"y","origin":[14,12,8]},"faces":{"north":{"uv":[1,14.5,2,15],"texture":"#0"},"east":{"uv":[1,14.5,2,15],"texture":"#0"},"south":{"uv":[1,14.5,2,15],"texture":"#0"},"west":{"uv":[1,14.5,2,15],"texture":"#0"},"up":{"uv":[1,14.5,2,15],"texture":"#0"},"down":{"uv":[1,14.5,2,15],"texture":"#0"}}},{"from":[7.5,1,4],"to":[8.5,2,6],"rotation":{"angle":0,"axis":"y","origin":[14,9,11]},"faces":{"north":{"uv":[1,14.5,2,15],"texture":"#0"},"east":{"uv":[1,14.5,2,15],"texture":"#0"},"south":{"uv":[1,14.5,2,15],"texture":"#0"},"west":{"uv":[1,14.5,2,15],"texture":"#0"},"up":{"uv":[1,14.5,2,15],"texture":"#0"},"down":{"uv":[1,14.5,2,15],"texture":"#0"}}},{"from":[7.5,5,8],"to":[8.5,7,9],"rotation":{"angle":0,"axis":"y","origin":[14,14,15]},"faces":{"north":{"uv":[1,14.5,2,15],"texture":"#0"},"east":{"uv":[1,14.5,2,15],"texture":"#0"},"south":{"uv":[1,14.5,2,15],"texture":"#0"},"west":{"uv":[1,14.5,2,15],"texture":"#0"},"up":{"uv":[1,14.5,2,15],"texture":"#0"},"down":{"uv":[1,14.5,2,15],"texture":"#0"}}},{"from":[7.5,1,1],"to":[8.5,4,4],"rotation":{"angle":0,"axis":"y","origin":[14,9,9]},"faces":{"north":{"uv":[1,14.5,2,15],"texture":"#0"},"east":{"uv":[1,14.5,2,15],"texture":"#0"},"south":{"uv":[1,14.5,2,15],"texture":"#0"},"west":{"uv":[1,14.5,2,15],"texture":"#0"},"up":{"uv":[1,14.5,2,15],"texture":"#0"},"down":{"uv":[1,14.5,2,15],"texture":"#0"}}},{"from":[7.2,1,1],"to":[8.8,2,2],"rotation":{"angle":0,"axis":"y","origin":[14,8,8]},"faces":{"north":{"uv":[1.5,14,2,14.5],"texture":"#0"},"east":{"uv":[1.5,14,2,14.5],"texture":"#0"},"south":{"uv":[1.5,14,2,14.5],"texture":"#0"},"west":{"uv":[1.5,14,2,14.5],"texture":"#0"},"up":{"uv":[1.5,14,2,14.5],"texture":"#0"},"down":{"uv":[1.5,14,2,14.5],"texture":"#0"}}},{"from":[7.2,2,2],"to":[8.8,3,3],"rotation":{"angle":0,"axis":"y","origin":[14,9,9]},"faces":{"north":{"uv":[2,13.5,2.5,14],"texture":"#0"},"east":{"uv":[2,13.5,2.5,14],"texture":"#0"},"south":{"uv":[2,13.5,2.5,14],"texture":"#0"},"west":{"uv":[2,13.5,2.5,14],"texture":"#0"},"up":{"uv":[2,13.5,2.5,14],"texture":"#0"},"down":{"uv":[2,13.5,2.5,14],"texture":"#0"}}},{"from":[7.2,3,3],"to":[8.8,4,4],"rotation":{"angle":0,"axis":"y","origin":[14,10,10]},"faces":{"north":{"uv":[2,13.5,2.5,14],"texture":"#0"},"east":{"uv":[2,13.5,2.5,14],"texture":"#0"},"south":{"uv":[2,13.5,2.5,14],"texture":"#0"},"west":{"uv":[2,13.5,2.5,14],"texture":"#0"},"up":{"uv":[2,13.5,2.5,14],"texture":"#0"},"down":{"uv":[2,13.5,2.5,14],"texture":"#0"}}},{"from":[7.2,4,4],"to":[8.8,5,5],"rotation":{"angle":0,"axis":"y","origin":[14,11,11]},"faces":{"north":{"uv":[2,13.5,2.5,14],"texture":"#0"},"east":{"uv":[2,13.5,2.5,14],"texture":"#0"},"south":{"uv":[2,13.5,2.5,14],"texture":"#0"},"west":{"uv":[2,13.5,2.5,14],"texture":"#0"},"up":{"uv":[2,13.5,2.5,14],"texture":"#0"},"down":{"uv":[2,13.5,2.5,14],"texture":"#0"}}},{"from":[7.2,11,9],"to":[8.8,12,10],"rotation":{"angle":0,"axis":"y","origin":[14,18,16]},"faces":{"north":{"uv":[5.5,9,6,9.5],"texture":"#0"},"east":{"uv":[5.5,9,6,9.5],"texture":"#0"},"south":{"uv":[5.5,9,6,9.5],"texture":"#0"},"west":{"uv":[5.5,9,6,9.5],"texture":"#0"},"up":{"uv":[5.5,9,6,9.5],"texture":"#0"},"down":{"uv":[5.5,9,6,9.5],"texture":"#0"}}},{"from":[7.2,12,10],"to":[8.8,13,11],"rotation":{"angle":0,"axis":"y","origin":[14,19,17]},"faces":{"north":{"uv":[5.5,9,6,9.5],"texture":"#0"},"east":{"uv":[5.5,9,6,9.5],"texture":"#0"},"south":{"uv":[5.5,9,6,9.5],"texture":"#0"},"west":{"uv":[5.5,9,6,9.5],"texture":"#0"},"up":{"uv":[5.5,9,6,9.5],"texture":"#0"},"down":{"uv":[5.5,9,6,9.5],"texture":"#0"}}},{"from":[7.2,20,15],"to":[8.8,21,16],"rotation":{"angle":0,"axis":"y","origin":[14,27,22]},"faces":{"north":{"uv":[8.5,4.5,9,5],"texture":"#0"},"east":{"uv":[8.5,4.5,9,5],"texture":"#0"},"south":{"uv":[8.5,4.5,9,5],"texture":"#0"},"west":{"uv":[8.5,4.5,9,5],"texture":"#0"},"up":{"uv":[8.5,4.5,9,5],"texture":"#0"},"down":{"uv":[8.5,4.5,9,5],"texture":"#0"}}},{"from":[7.2,15,20],"to":[8.8,16,21],"rotation":{"angle":0,"axis":"y","origin":[14,22,27]},"faces":{"north":{"uv":[8.5,4.5,9,5],"texture":"#0"},"east":{"uv":[8.5,4.5,9,5],"texture":"#0"},"south":{"uv":[8.5,4.5,9,5],"texture":"#0"},"west":{"uv":[8.5,4.5,9,5],"texture":"#0"},"up":{"uv":[8.5,4.5,9,5],"texture":"#0"},"down":{"uv":[8.5,4.5,9,5],"texture":"#0"}}},{"from":[7.2,21,16],"to":[8.8,23,17],"rotation":{"angle":0,"axis":"y","origin":[14,29,23]},"faces":{"north":{"uv":[8.5,4.5,9,5],"texture":"#0"},"east":{"uv":[8.5,4.5,9,5],"texture":"#0"},"south":{"uv":[8.5,4.5,9,5],"texture":"#0"},"west":{"uv":[8.5,4.5,9,5],"texture":"#0"},"up":{"uv":[8.5,4.5,9,5],"texture":"#0"},"down":{"uv":[8.5,4.5,9,5],"texture":"#0"}}},{"from":[7.2,21,17],"to":[8.8,23,18],"rotation":{"angle":0,"axis":"y","origin":[14,29,24]},"faces":{"north":{"uv":[9.5,3.5,10,4.5],"texture":"#0"},"east":{"uv":[9.5,3.5,10,4.5],"texture":"#0"},"south":{"uv":[9.5,3.5,10,4.5],"texture":"#0"},"west":{"uv":[9.5,3.5,10,4.5],"texture":"#0"},"up":{"uv":[9.5,3.5,10,4.5],"texture":"#0"},"down":{"uv":[9.5,3.5,10,4.5],"texture":"#0"}}},{"from":[7.2,23,18],"to":[8.8,25,19],"rotation":{"angle":0,"axis":"y","origin":[14,31,25]},"faces":{"north":{"uv":[10,2.5,10.5,3.5],"texture":"#0"},"east":{"uv":[10,2.5,10.5,3.5],"texture":"#0"},"south":{"uv":[10,2.5,10.5,3.5],"texture":"#0"},"west":{"uv":[10,2.5,10.5,3.5],"texture":"#0"},"up":{"uv":[10,2.5,10.5,3.5],"texture":"#0"},"down":{"uv":[10,2.5,10.5,3.5],"texture":"#0"}}},{"from":[7.2,18,24],"to":[8.8,20,25],"rotation":{"angle":0,"axis":"y","origin":[14,26,31]},"faces":{"north":{"uv":[10,2.5,10.5,3.5],"texture":"#0"},"east":{"uv":[10,2.5,10.5,3.5],"texture":"#0"},"south":{"uv":[10,2.5,10.5,3.5],"texture":"#0"},"west":{"uv":[10,2.5,10.5,3.5],"texture":"#0"},"up":{"uv":[10,2.5,10.5,3.5],"texture":"#0"},"down":{"uv":[10,2.5,10.5,3.5],"texture":"#0"}}},{"from":[7.2,24,19],"to":[8.8,25,20],"rotation":{"angle":0,"axis":"y","origin":[14,31,26]},"faces":{"north":{"uv":[10,2.5,10.5,3.5],"texture":"#0"},"east":{"uv":[10,2.5,10.5,3.5],"texture":"#0"},"south":{"uv":[10,2.5,10.5,3.5],"texture":"#0"},"west":{"uv":[10,2.5,10.5,3.5],"texture":"#0"},"up":{"uv":[10,2.5,10.5,3.5],"texture":"#0"},"down":{"uv":[10,2.5,10.5,3.5],"texture":"#0"}}},{"from":[7.2,25,20],"to":[8.8,26,21],"rotation":{"angle":0,"axis":"y","origin":[14,32,27]},"faces":{"north":{"uv":[10,2.5,10.5,3.5],"texture":"#0"},"east":{"uv":[10,2.5,10.5,3.5],"texture":"#0"},"south":{"uv":[10,2.5,10.5,3.5],"texture":"#0"},"west":{"uv":[10,2.5,10.5,3.5],"texture":"#0"},"up":{"uv":[10,2.5,10.5,3.5],"texture":"#0"},"down":{"uv":[10,2.5,10.5,3.5],"texture":"#0"}}},{"from":[7.2,20,25],"to":[8.8,21,26],"rotation":{"angle":0,"axis":"y","origin":[14,27,32]},"faces":{"north":{"uv":[10,2.5,10.5,3.5],"texture":"#0"},"east":{"uv":[10,2.5,10.5,3.5],"texture":"#0"},"south":{"uv":[10,2.5,10.5,3.5],"texture":"#0"},"west":{"uv":[10,2.5,10.5,3.5],"texture":"#0"},"up":{"uv":[10,2.5,10.5,3.5],"texture":"#0"},"down":{"uv":[10,2.5,10.5,3.5],"texture":"#0"}}},{"from":[7.2,18,23],"to":[8.8,19,24],"rotation":{"angle":0,"axis":"y","origin":[14,25,30]},"faces":{"north":{"uv":[10,2.5,10.5,3.5],"texture":"#0"},"east":{"uv":[10,2.5,10.5,3.5],"texture":"#0"},"south":{"uv":[10,2.5,10.5,3.5],"texture":"#0"},"west":{"uv":[10,2.5,10.5,3.5],"texture":"#0"},"up":{"uv":[10,2.5,10.5,3.5],"texture":"#0"},"down":{"uv":[10,2.5,10.5,3.5],"texture":"#0"}}},{"from":[7.2,18,22],"to":[8.8,19,23],"rotation":{"angle":0,"axis":"y","origin":[14,25,29]},"faces":{"north":{"uv":[10,3.5,10.5,4],"texture":"#0"},"east":{"uv":[10,3.5,10.5,4],"texture":"#0"},"south":{"uv":[10,3.5,10.5,4],"texture":"#0"},"west":{"uv":[10,3.5,10.5,4],"texture":"#0"},"up":{"uv":[10,3.5,10.5,4],"texture":"#0"},"down":{"uv":[10,3.5,10.5,4],"texture":"#0"}}},{"from":[7.2,19,23],"to":[8.8,20,24],"rotation":{"angle":0,"axis":"y","origin":[14,26,30]},"faces":{"north":{"uv":[10,3.5,10.5,4],"texture":"#0"},"east":{"uv":[10,3.5,10.5,4],"texture":"#0"},"south":{"uv":[10,3.5,10.5,4],"texture":"#0"},"west":{"uv":[10,3.5,10.5,4],"texture":"#0"},"up":{"uv":[10,3.5,10.5,4],"texture":"#0"},"down":{"uv":[10,3.5,10.5,4],"texture":"#0"}}},{"from":[7.2,22,18],"to":[8.8,23,19],"rotation":{"angle":0,"axis":"y","origin":[14,29,25]},"faces":{"north":{"uv":[10,3.5,10.5,4],"texture":"#0"},"east":{"uv":[10,3.5,10.5,4],"texture":"#0"},"south":{"uv":[10,3.5,10.5,4],"texture":"#0"},"west":{"uv":[10,3.5,10.5,4],"texture":"#0"},"up":{"uv":[10,3.5,10.5,4],"texture":"#0"},"down":{"uv":[10,3.5,10.5,4],"texture":"#0"}}},{"from":[7.2,23,19],"to":[8.8,24,20],"rotation":{"angle":0,"axis":"y","origin":[14,30,26]},"faces":{"north":{"uv":[10,3.5,10.5,4],"texture":"#0"},"east":{"uv":[10,3.5,10.5,4],"texture":"#0"},"south":{"uv":[10,3.5,10.5,4],"texture":"#0"},"west":{"uv":[10,3.5,10.5,4],"texture":"#0"},"up":{"uv":[10,3.5,10.5,4],"texture":"#0"},"down":{"uv":[10,3.5,10.5,4],"texture":"#0"}}},{"from":[7.2,22,22],"to":[8.8,23,23],"rotation":{"angle":0,"axis":"y","origin":[14,29,29]},"faces":{"north":{"uv":[12,3.5,12.5,4],"texture":"#0"},"east":{"uv":[12,3.5,12.5,4],"texture":"#0"},"south":{"uv":[12,3.5,12.5,4],"texture":"#0"},"west":{"uv":[12,3.5,12.5,4],"texture":"#0"},"up":{"uv":[12,3.5,12.5,4],"texture":"#0"},"down":{"uv":[12,3.5,12.5,4],"texture":"#0"}}},{"from":[7.2,21,21],"to":[8.8,22,22],"rotation":{"angle":0,"axis":"y","origin":[14,28,28]},"faces":{"north":{"uv":[11.5,4,12,4.5],"texture":"#0"},"east":{"uv":[11.5,4,12,4.5],"texture":"#0"},"south":{"uv":[11.5,4,12,4.5],"texture":"#0"},"west":{"uv":[11.5,4,12,4.5],"texture":"#0"},"up":{"uv":[11.5,4,12,4.5],"texture":"#0"},"down":{"uv":[11.5,4,12,4.5],"texture":"#0"}}},{"from":[7.2,20,20],"to":[8.8,21,21],"rotation":{"angle":0,"axis":"y","origin":[14,27,27]},"faces":{"north":{"uv":[11.5,4,12,4.5],"texture":"#0"},"east":{"uv":[11.5,4,12,4.5],"texture":"#0"},"south":{"uv":[11.5,4,12,4.5],"texture":"#0"},"west":{"uv":[11.5,4,12,4.5],"texture":"#0"},"up":{"uv":[11.5,4,12,4.5],"texture":"#0"},"down":{"uv":[11.5,4,12,4.5],"texture":"#0"}}},{"from":[7.2,21,20],"to":[8.8,22,21],"rotation":{"angle":0,"axis":"y","origin":[14,28,27]},"faces":{"north":{"uv":[11,4,11.5,4.5],"texture":"#0"},"east":{"uv":[11,4,11.5,4.5],"texture":"#0"},"south":{"uv":[11,4,11.5,4.5],"texture":"#0"},"west":{"uv":[11,4,11.5,4.5],"texture":"#0"},"up":{"uv":[11,4,11.5,4.5],"texture":"#0"},"down":{"uv":[11,4,11.5,4.5],"texture":"#0"}}},{"from":[7.2,20,21],"to":[8.8,21,22],"rotation":{"angle":0,"axis":"y","origin":[14,27,28]},"faces":{"north":{"uv":[11,4,11.5,4.5],"texture":"#0"},"east":{"uv":[11,4,11.5,4.5],"texture":"#0"},"south":{"uv":[11,4,11.5,4.5],"texture":"#0"},"west":{"uv":[11,4,11.5,4.5],"texture":"#0"},"up":{"uv":[11,4,11.5,4.5],"texture":"#0"},"down":{"uv":[11,4,11.5,4.5],"texture":"#0"}}},{"from":[7.2,19,21],"to":[8.8,20,23],"rotation":{"angle":0,"axis":"y","origin":[14,26,28]},"faces":{"north":{"uv":[11.5,5,12,5.5],"texture":"#0"},"east":{"uv":[11.5,5,12,5.5],"texture":"#0"},"south":{"uv":[11.5,5,12,5.5],"texture":"#0"},"west":{"uv":[11.5,5,12,5.5],"texture":"#0"},"up":{"uv":[11.5,5,12,5.5],"texture":"#0"},"down":{"uv":[11.5,5,12,5.5],"texture":"#0"}}},{"from":[7.2,21,19],"to":[8.8,23,20],"rotation":{"angle":0,"axis":"y","origin":[14,28,26]},"faces":{"north":{"uv":[11.5,5,12,5.5],"texture":"#0"},"east":{"uv":[11.5,5,12,5.5],"texture":"#0"},"south":{"uv":[11.5,5,12,5.5],"texture":"#0"},"west":{"uv":[11.5,5,12,5.5],"texture":"#0"},"up":{"uv":[11.5,5,12,5.5],"texture":"#0"},"down":{"uv":[11.5,5,12,5.5],"texture":"#0"}}},{"from":[7.2,17,21],"to":[8.8,18,23],"rotation":{"angle":0,"axis":"y","origin":[14,24,29]},"faces":{"north":{"uv":[10,2.5,10.5,3.5],"texture":"#0"},"east":{"uv":[10,2.5,10.5,3.5],"texture":"#0"},"south":{"uv":[10,2.5,10.5,3.5],"texture":"#0"},"west":{"uv":[10,2.5,10.5,3.5],"texture":"#0"},"up":{"uv":[10,2.5,10.5,3.5],"texture":"#0"},"down":{"uv":[10,2.5,10.5,3.5],"texture":"#0"}}},{"from":[7.2,23,17],"to":[8.8,25,18],"rotation":{"angle":0,"axis":"y","origin":[14,31,24]},"faces":{"north":{"uv":[8.5,4.5,9,5],"texture":"#0"},"east":{"uv":[8.5,4.5,9,5],"texture":"#0"},"south":{"uv":[8.5,4.5,9,5],"texture":"#0"},"west":{"uv":[8.5,4.5,9,5],"texture":"#0"},"up":{"uv":[8.5,4.5,9,5],"texture":"#0"},"down":{"uv":[8.5,4.5,9,5],"texture":"#0"}}},{"from":[7.2,25,18],"to":[8.8,26,20],"rotation":{"angle":0,"axis":"y","origin":[14,32,25]},"faces":{"north":{"uv":[8.5,4.5,9,5],"texture":"#0"},"east":{"uv":[8.5,4.5,9,5],"texture":"#0"},"south":{"uv":[8.5,4.5,9,5],"texture":"#0"},"west":{"uv":[8.5,4.5,9,5],"texture":"#0"},"up":{"uv":[8.5,4.5,9,5],"texture":"#0"},"down":{"uv":[8.5,4.5,9,5],"texture":"#0"}}},{"from":[7.2,26,20],"to":[8.8,27,22],"rotation":{"angle":0,"axis":"y","origin":[14,33,27]},"faces":{"north":{"uv":[8.5,4.5,9,5],"texture":"#0"},"east":{"uv":[8.5,4.5,9,5],"texture":"#0"},"south":{"uv":[8.5,4.5,9,5],"texture":"#0"},"west":{"uv":[8.5,4.5,9,5],"texture":"#0"},"up":{"uv":[8.5,4.5,9,5],"texture":"#0"},"down":{"uv":[8.5,4.5,9,5],"texture":"#0"}}},{"from":[7.2,17,23],"to":[8.8,18,25],"rotation":{"angle":0,"axis":"y","origin":[14,24,30]},"faces":{"north":{"uv":[8.5,4.5,9,5],"texture":"#0"},"east":{"uv":[8.5,4.5,9,5],"texture":"#0"},"south":{"uv":[8.5,4.5,9,5],"texture":"#0"},"west":{"uv":[8.5,4.5,9,5],"texture":"#0"},"up":{"uv":[8.5,4.5,9,5],"texture":"#0"},"down":{"uv":[8.5,4.5,9,5],"texture":"#0"}}},{"from":[7.2,16,21],"to":[8.8,17,23],"rotation":{"angle":0,"axis":"y","origin":[14,23,28]},"faces":{"north":{"uv":[8.5,4.5,9,5],"texture":"#0"},"east":{"uv":[8.5,4.5,9,5],"texture":"#0"},"south":{"uv":[8.5,4.5,9,5],"texture":"#0"},"west":{"uv":[8.5,4.5,9,5],"texture":"#0"},"up":{"uv":[8.5,4.5,9,5],"texture":"#0"},"down":{"uv":[8.5,4.5,9,5],"texture":"#0"}}},{"from":[7.2,18,25],"to":[8.8,20,26],"rotation":{"angle":0,"axis":"y","origin":[14,26,32]},"faces":{"north":{"uv":[8.5,4.5,9,5],"texture":"#0"},"east":{"uv":[8.5,4.5,9,5],"texture":"#0"},"south":{"uv":[8.5,4.5,9,5],"texture":"#0"},"west":{"uv":[8.5,4.5,9,5],"texture":"#0"},"up":{"uv":[8.5,4.5,9,5],"texture":"#0"},"down":{"uv":[8.5,4.5,9,5],"texture":"#0"}}},{"from":[7.2,20,26],"to":[8.8,22,27],"rotation":{"angle":0,"axis":"y","origin":[14,28,33]},"faces":{"north":{"uv":[8.5,4.5,9,5],"texture":"#0"},"east":{"uv":[8.5,4.5,9,5],"texture":"#0"},"south":{"uv":[8.5,4.5,9,5],"texture":"#0"},"west":{"uv":[8.5,4.5,9,5],"texture":"#0"},"up":{"uv":[8.5,4.5,9,5],"texture":"#0"},"down":{"uv":[8.5,4.5,9,5],"texture":"#0"}}},{"from":[7.2,9,11],"to":[8.8,10,12],"rotation":{"angle":0,"axis":"y","origin":[14,16,18]},"faces":{"north":{"uv":[5.5,9,6,9.5],"texture":"#0"},"east":{"uv":[5.5,9,6,9.5],"texture":"#0"},"south":{"uv":[5.5,9,6,9.5],"texture":"#0"},"west":{"uv":[5.5,9,6,9.5],"texture":"#0"},"up":{"uv":[5.5,9,6,9.5],"texture":"#0"},"down":{"uv":[5.5,9,6,9.5],"texture":"#0"}}},{"from":[7.2,10,12],"to":[8.8,11,13],"rotation":{"angle":0,"axis":"y","origin":[14,17,19]},"faces":{"north":{"uv":[5.5,9,6,9.5],"texture":"#0"},"east":{"uv":[5.5,9,6,9.5],"texture":"#0"},"south":{"uv":[5.5,9,6,9.5],"texture":"#0"},"west":{"uv":[5.5,9,6,9.5],"texture":"#0"},"up":{"uv":[5.5,9,6,9.5],"texture":"#0"},"down":{"uv":[5.5,9,6,9.5],"texture":"#0"}}},{"from":[7.3,6,6],"to":[8.7,7,7],"rotation":{"angle":0,"axis":"y","origin":[14,13,13]},"faces":{"north":{"uv":[4,11.5,4.5,12],"texture":"#0"},"east":{"uv":[4,11.5,4.5,12],"texture":"#0"},"south":{"uv":[4,11.5,4.5,12],"texture":"#0"},"west":{"uv":[4,11.5,4.5,12],"texture":"#0"},"up":{"uv":[4,11.5,4.5,12],"texture":"#0"},"down":{"uv":[4,11.5,4.5,12],"texture":"#0"}}},{"from":[7.3,7,7],"to":[8.7,8,8],"rotation":{"angle":0,"axis":"y","origin":[14,14,14]},"faces":{"north":{"uv":[4.5,11,5,11.5],"texture":"#0"},"east":{"uv":[4.5,11,5,11.5],"texture":"#0"},"south":{"uv":[4.5,11,5,11.5],"texture":"#0"},"west":{"uv":[4.5,11,5,11.5],"texture":"#0"},"up":{"uv":[4.5,11,5,11.5],"texture":"#0"},"down":{"uv":[4.5,11,5,11.5],"texture":"#0"}}},{"from":[7.3,9,9],"to":[8.7,10,10],"rotation":{"angle":0,"axis":"y","origin":[14,16,16]},"faces":{"north":{"uv":[4.5,11,5,11.5],"texture":"#0"},"east":{"uv":[4.5,11,5,11.5],"texture":"#0"},"south":{"uv":[4.5,11,5,11.5],"texture":"#0"},"west":{"uv":[4.5,11,5,11.5],"texture":"#0"},"up":{"uv":[4.5,11,5,11.5],"texture":"#0"},"down":{"uv":[4.5,11,5,11.5],"texture":"#0"}}},{"from":[7.3,11,11],"to":[8.7,12,12],"rotation":{"angle":0,"axis":"y","origin":[14,18,18]},"faces":{"north":{"uv":[4.5,11,5,11.5],"texture":"#0"},"east":{"uv":[4.5,11,5,11.5],"texture":"#0"},"south":{"uv":[4.5,11,5,11.5],"texture":"#0"},"west":{"uv":[4.5,11,5,11.5],"texture":"#0"},"up":{"uv":[4.5,11,5,11.5],"texture":"#0"},"down":{"uv":[4.5,11,5,11.5],"texture":"#0"}}},{"from":[7.3,13,13],"to":[8.7,14,14],"rotation":{"angle":0,"axis":"y","origin":[14,20,20]},"faces":{"north":{"uv":[4.5,11,5,11.5],"texture":"#0"},"east":{"uv":[4.5,11,5,11.5],"texture":"#0"},"south":{"uv":[4.5,11,5,11.5],"texture":"#0"},"west":{"uv":[4.5,11,5,11.5],"texture":"#0"},"up":{"uv":[4.5,11,5,11.5],"texture":"#0"},"down":{"uv":[4.5,11,5,11.5],"texture":"#0"}}},{"from":[7.3,15,15],"to":[8.7,16,16],"rotation":{"angle":0,"axis":"y","origin":[14,22,22]},"faces":{"north":{"uv":[4.5,11,5,11.5],"texture":"#0"},"east":{"uv":[4.5,11,5,11.5],"texture":"#0"},"south":{"uv":[4.5,11,5,11.5],"texture":"#0"},"west":{"uv":[4.5,11,5,11.5],"texture":"#0"},"up":{"uv":[4.5,11,5,11.5],"texture":"#0"},"down":{"uv":[4.5,11,5,11.5],"texture":"#0"}}},{"from":[7.3,17,17],"to":[8.7,18,18],"rotation":{"angle":0,"axis":"y","origin":[14,24,24]},"faces":{"north":{"uv":[4.5,11,5,11.5],"texture":"#0"},"east":{"uv":[4.5,11,5,11.5],"texture":"#0"},"south":{"uv":[4.5,11,5,11.5],"texture":"#0"},"west":{"uv":[4.5,11,5,11.5],"texture":"#0"},"up":{"uv":[4.5,11,5,11.5],"texture":"#0"},"down":{"uv":[4.5,11,5,11.5],"texture":"#0"}}},{"from":[7.3,19,19],"to":[8.7,20,20],"rotation":{"angle":0,"axis":"y","origin":[14,26,26]},"faces":{"north":{"uv":[4.5,11,5,11.5],"texture":"#0"},"east":{"uv":[4.5,11,5,11.5],"texture":"#0"},"south":{"uv":[4.5,11,5,11.5],"texture":"#0"},"west":{"uv":[4.5,11,5,11.5],"texture":"#0"},"up":{"uv":[4.5,11,5,11.5],"texture":"#0"},"down":{"uv":[4.5,11,5,11.5],"texture":"#0"}}},{"from":[7.3,8,8],"to":[8.7,9,9],"rotation":{"angle":0,"axis":"y","origin":[14,15,15]},"faces":{"north":{"uv":[4,11.5,4.5,12],"texture":"#0"},"east":{"uv":[4,11.5,4.5,12],"texture":"#0"},"south":{"uv":[4,11.5,4.5,12],"texture":"#0"},"west":{"uv":[4,11.5,4.5,12],"texture":"#0"},"up":{"uv":[4,11.5,4.5,12],"texture":"#0"},"down":{"uv":[4,11.5,4.5,12],"texture":"#0"}}},{"from":[7.3,10,10],"to":[8.7,11,11],"rotation":{"angle":0,"axis":"y","origin":[14,17,17]},"faces":{"north":{"uv":[4,11.5,4.5,12],"texture":"#0"},"east":{"uv":[4,11.5,4.5,12],"texture":"#0"},"south":{"uv":[4,11.5,4.5,12],"texture":"#0"},"west":{"uv":[4,11.5,4.5,12],"texture":"#0"},"up":{"uv":[4,11.5,4.5,12],"texture":"#0"},"down":{"uv":[4,11.5,4.5,12],"texture":"#0"}}},{"from":[7.3,12,12],"to":[8.7,13,13],"rotation":{"angle":0,"axis":"y","origin":[14,19,19]},"faces":{"north":{"uv":[4,11.5,4.5,12],"texture":"#0"},"east":{"uv":[4,11.5,4.5,12],"texture":"#0"},"south":{"uv":[4,11.5,4.5,12],"texture":"#0"},"west":{"uv":[4,11.5,4.5,12],"texture":"#0"},"up":{"uv":[4,11.5,4.5,12],"texture":"#0"},"down":{"uv":[4,11.5,4.5,12],"texture":"#0"}}},{"from":[7.3,14,14],"to":[8.7,15,15],"rotation":{"angle":0,"axis":"y","origin":[14,21,21]},"faces":{"north":{"uv":[4,11.5,4.5,12],"texture":"#0"},"east":{"uv":[4,11.5,4.5,12],"texture":"#0"},"south":{"uv":[4,11.5,4.5,12],"texture":"#0"},"west":{"uv":[4,11.5,4.5,12],"texture":"#0"},"up":{"uv":[4,11.5,4.5,12],"texture":"#0"},"down":{"uv":[4,11.5,4.5,12],"texture":"#0"}}},{"from":[7.3,16,16],"to":[8.7,17,17],"rotation":{"angle":0,"axis":"y","origin":[14,23,23]},"faces":{"north":{"uv":[4,11.5,4.5,12],"texture":"#0"},"east":{"uv":[4,11.5,4.5,12],"texture":"#0"},"south":{"uv":[4,11.5,4.5,12],"texture":"#0"},"west":{"uv":[4,11.5,4.5,12],"texture":"#0"},"up":{"uv":[4,11.5,4.5,12],"texture":"#0"},"down":{"uv":[4,11.5,4.5,12],"texture":"#0"}}},{"from":[7.3,18,18],"to":[8.7,19,19],"rotation":{"angle":0,"axis":"y","origin":[14,25,25]},"faces":{"north":{"uv":[4,11.5,4.5,12],"texture":"#0"},"east":{"uv":[4,11.5,4.5,12],"texture":"#0"},"south":{"uv":[4,11.5,4.5,12],"texture":"#0"},"west":{"uv":[4,11.5,4.5,12],"texture":"#0"},"up":{"uv":[4,11.5,4.5,12],"texture":"#0"},"down":{"uv":[4,11.5,4.5,12],"texture":"#0"}}}]}