{"display":{"thirdperson_righthand":{"rotation":[-45,0,0],"translation":[0,-7,0]},"thirdperson_lefthand":{"rotation":[-45,0,0],"translation":[0,-7,0]},"firstperson_righthand":{"rotation":[-45,0,0],"translation":[0,-7,0]},"firstperson_lefthand":{"rotation":[-45,0,0],"translation":[0,-7,0]},"ground":{"scale":[0.6,0.6,0.6]},"gui":{"rotation":[0,90,0],"translation":[-3.25,-3.25,0],"scale":[0.6,0.6,0.6]},"fixed":{"rotation":[0,-90,0],"translation":[4.25,-4.25,0],"scale":[0.6,0.6,0.6]}},"gui_light":"front","texture_size":[32,32],"textures":{"0":"item/iron_hoe/2","particle":"item/iron_hoe/2"},"elements":[{"from":[7.5,0,0],"to":[8.5,1,1],"faces":{"north":{"uv":[0,15.5,0.5,16],"texture":"#0"},"east":{"uv":[0,15.5,0.5,16],"texture":"#0"},"south":{"uv":[0,15.5,0.5,16],"texture":"#0"},"west":{"uv":[0,15.5,0.5,16],"texture":"#0"},"up":{"uv":[0,15.5,0.5,16],"texture":"#0"},"down":{"uv":[0,15.5,0.5,16],"texture":"#0"}}},{"from":[7.5,1,0],"to":[8.5,2,1],"faces":{"north":{"uv":[0,15,0.5,15.5],"texture":"#0"},"east":{"uv":[0,15,0.5,15.5],"texture":"#0"},"south":{"uv":[0,15,0.5,15.5],"texture":"#0"},"west":{"uv":[0,15,0.5,15.5],"texture":"#0"},"up":{"uv":[0,15,0.5,15.5],"texture":"#0"},"down":{"uv":[0,15,0.5,15.5],"texture":"#0"}}},{"from":[7.5,2,0],"to":[8.5,3,1],"faces":{"north":{"uv":[0,14.5,0.5,15],"texture":"#0"},"east":{"uv":[0,14.5,0.5,15],"texture":"#0"},"south":{"uv":[0,14.5,0.5,15],"texture":"#0"},"west":{"uv":[0,14.5,0.5,15],"texture":"#0"},"up":{"uv":[0,14.5,0.5,15],"texture":"#0"},"down":{"uv":[0,14.5,0.5,15],"texture":"#0"}}},{"from":[7.5,0,1],"to":[8.5,1,2],"faces":{"north":{"uv":[0.5,15.5,1,16],"texture":"#0"},"east":{"uv":[0.5,15.5,1,16],"texture":"#0"},"south":{"uv":[0.5,15.5,1,16],"texture":"#0"},"west":{"uv":[0.5,15.5,1,16],"texture":"#0"},"up":{"uv":[0.5,15.5,1,16],"texture":"#0"},"down":{"uv":[0.5,15.5,1,16],"texture":"#0"}}},{"from":[7.2,1,1],"to":[8.8,2,2],"faces":{"north":{"uv":[0.5,15,1,15.5],"texture":"#0"},"east":{"uv":[0.5,15,1,15.5],"texture":"#0"},"south":{"uv":[0.5,15,1,15.5],"texture":"#0"},"west":{"uv":[0.5,15,1,15.5],"texture":"#0"},"up":{"uv":[0.5,15,1,15.5],"texture":"#0"},"down":{"uv":[0.5,15,1,15.5],"texture":"#0"}}},{"from":[7.2,2,1],"to":[8.8,3,2],"faces":{"north":{"uv":[0.5,14.5,1,15],"texture":"#0"},"east":{"uv":[0.5,14.5,1,15],"texture":"#0"},"south":{"uv":[0.5,14.5,1,15],"texture":"#0"},"west":{"uv":[0.5,14.5,1,15],"texture":"#0"},"up":{"uv":[0.5,14.5,1,15],"texture":"#0"},"down":{"uv":[0.5,14.5,1,15],"texture":"#0"}}},{"from":[7.5,3,1],"to":[8.5,4,2],"faces":{"north":{"uv":[0.5,14,1,14.5],"texture":"#0"},"east":{"uv":[0.5,14,1,14.5],"texture":"#0"},"south":{"uv":[0.5,14,1,14.5],"texture":"#0"},"west":{"uv":[0.5,14,1,14.5],"texture":"#0"},"up":{"uv":[0.5,14,1,14.5],"texture":"#0"},"down":{"uv":[0.5,14,1,14.5],"texture":"#0"}}},{"from":[7.5,0,2],"to":[8.5,1,3],"faces":{"north":{"uv":[1,15.5,1.5,16],"texture":"#0"},"east":{"uv":[1,15.5,1.5,16],"texture":"#0"},"south":{"uv":[1,15.5,1.5,16],"texture":"#0"},"west":{"uv":[1,15.5,1.5,16],"texture":"#0"},"up":{"uv":[1,15.5,1.5,16],"texture":"#0"},"down":{"uv":[1,15.5,1.5,16],"texture":"#0"}}},{"from":[7.2,1,2],"to":[8.8,2,3],"faces":{"north":{"uv":[1,15,1.5,15.5],"texture":"#0"},"east":{"uv":[1,15,1.5,15.5],"texture":"#0"},"south":{"uv":[1,15,1.5,15.5],"texture":"#0"},"west":{"uv":[1,15,1.5,15.5],"texture":"#0"},"up":{"uv":[1,15,1.5,15.5],"texture":"#0"},"down":{"uv":[1,15,1.5,15.5],"texture":"#0"}}},{"from":[7.5,1,3],"to":[8.5,2,4],"faces":{"north":{"uv":[1.5,15,2,15.5],"texture":"#0"},"east":{"uv":[1.5,15,2,15.5],"texture":"#0"},"south":{"uv":[1.5,15,2,15.5],"texture":"#0"},"west":{"uv":[1.5,15,2,15.5],"texture":"#0"},"up":{"uv":[1.5,15,2,15.5],"texture":"#0"},"down":{"uv":[1.5,15,2,15.5],"texture":"#0"}}},{"from":[7.2,2,2],"to":[8.8,3,3],"faces":{"north":{"uv":[1,14.5,1.5,15],"texture":"#0"},"east":{"uv":[1,14.5,1.5,15],"texture":"#0"},"south":{"uv":[1,14.5,1.5,15],"texture":"#0"},"west":{"uv":[1,14.5,1.5,15],"texture":"#0"},"up":{"uv":[1,14.5,1.5,15],"texture":"#0"},"down":{"uv":[1,14.5,1.5,15],"texture":"#0"}}},{"from":[7.5,2,3],"to":[8.5,3,4],"faces":{"north":{"uv":[1.5,14.5,2,15],"texture":"#0"},"east":{"uv":[1.5,14.5,2,15],"texture":"#0"},"south":{"uv":[1.5,14.5,2,15],"texture":"#0"},"west":{"uv":[1.5,14.5,2,15],"texture":"#0"},"up":{"uv":[1.5,14.5,2,15],"texture":"#0"},"down":{"uv":[1.5,14.5,2,15],"texture":"#0"}}},{"from":[7.5,3,4],"to":[8.5,4,5],"faces":{"north":{"uv":[2,14,2.5,14.5],"texture":"#0"},"east":{"uv":[2,14,2.5,14.5],"texture":"#0"},"south":{"uv":[2,14,2.5,14.5],"texture":"#0"},"west":{"uv":[2,14,2.5,14.5],"texture":"#0"},"up":{"uv":[2,14,2.5,14.5],"texture":"#0"},"down":{"uv":[2,14,2.5,14.5],"texture":"#0"}}},{"from":[7.5,4,5],"to":[8.5,5,6],"faces":{"north":{"uv":[2.5,13.5,3,14],"texture":"#0"},"east":{"uv":[2.5,13.5,3,14],"texture":"#0"},"south":{"uv":[2.5,13.5,3,14],"texture":"#0"},"west":{"uv":[2.5,13.5,3,14],"texture":"#0"},"up":{"uv":[2.5,13.5,3,14],"texture":"#0"},"down":{"uv":[2.5,13.5,3,14],"texture":"#0"}}},{"from":[7.5,5,6],"to":[8.5,6,7],"faces":{"north":{"uv":[3,13,3.5,13.5],"texture":"#0"},"east":{"uv":[3,13,3.5,13.5],"texture":"#0"},"south":{"uv":[3,13,3.5,13.5],"texture":"#0"},"west":{"uv":[3,13,3.5,13.5],"texture":"#0"},"up":{"uv":[3,13,3.5,13.5],"texture":"#0"},"down":{"uv":[3,13,3.5,13.5],"texture":"#0"}}},{"from":[7.5,6,7],"to":[8.5,7,8],"faces":{"north":{"uv":[3.5,12.5,4,13],"texture":"#0"},"east":{"uv":[3.5,12.5,4,13],"texture":"#0"},"south":{"uv":[3.5,12.5,4,13],"texture":"#0"},"west":{"uv":[3.5,12.5,4,13],"texture":"#0"},"up":{"uv":[3.5,12.5,4,13],"texture":"#0"},"down":{"uv":[3.5,12.5,4,13],"texture":"#0"}}},{"from":[7.5,7,8],"to":[8.5,8,9],"faces":{"north":{"uv":[4,12,4.5,12.5],"texture":"#0"},"east":{"uv":[4,12,4.5,12.5],"texture":"#0"},"south":{"uv":[4,12,4.5,12.5],"texture":"#0"},"west":{"uv":[4,12,4.5,12.5],"texture":"#0"},"up":{"uv":[4,12,4.5,12.5],"texture":"#0"},"down":{"uv":[4,12,4.5,12.5],"texture":"#0"}}},{"from":[7.5,8,9],"to":[8.5,9,10],"faces":{"north":{"uv":[4.5,11.5,5,12],"texture":"#0"},"east":{"uv":[4.5,11.5,5,12],"texture":"#0"},"south":{"uv":[4.5,11.5,5,12],"texture":"#0"},"west":{"uv":[4.5,11.5,5,12],"texture":"#0"},"up":{"uv":[4.5,11.5,5,12],"texture":"#0"},"down":{"uv":[4.5,11.5,5,12],"texture":"#0"}}},{"from":[7.5,9,10],"to":[8.5,10,11],"faces":{"north":{"uv":[5,11,5.5,11.5],"texture":"#0"},"east":{"uv":[5,11,5.5,11.5],"texture":"#0"},"south":{"uv":[5,11,5.5,11.5],"texture":"#0"},"west":{"uv":[5,11,5.5,11.5],"texture":"#0"},"up":{"uv":[5,11,5.5,11.5],"texture":"#0"},"down":{"uv":[5,11,5.5,11.5],"texture":"#0"}}},{"from":[7.5,10,11],"to":[8.5,11,12],"faces":{"north":{"uv":[5.5,10.5,6,11],"texture":"#0"},"east":{"uv":[5.5,10.5,6,11],"texture":"#0"},"south":{"uv":[5.5,10.5,6,11],"texture":"#0"},"west":{"uv":[5.5,10.5,6,11],"texture":"#0"},"up":{"uv":[5.5,10.5,6,11],"texture":"#0"},"down":{"uv":[5.5,10.5,6,11],"texture":"#0"}}},{"from":[7.5,11,12],"to":[8.5,12,13],"faces":{"north":{"uv":[6,10,6.5,10.5],"texture":"#0"},"east":{"uv":[6,10,6.5,10.5],"texture":"#0"},"south":{"uv":[6,10,6.5,10.5],"texture":"#0"},"west":{"uv":[6,10,6.5,10.5],"texture":"#0"},"up":{"uv":[6,10,6.5,10.5],"texture":"#0"},"down":{"uv":[6,10,6.5,10.5],"texture":"#0"}}},{"from":[7.5,12,13],"to":[8.5,13,14],"faces":{"north":{"uv":[6.5,9.5,7,10],"texture":"#0"},"east":{"uv":[6.5,9.5,7,10],"texture":"#0"},"south":{"uv":[6.5,9.5,7,10],"texture":"#0"},"west":{"uv":[6.5,9.5,7,10],"texture":"#0"},"up":{"uv":[6.5,9.5,7,10],"texture":"#0"},"down":{"uv":[6.5,9.5,7,10],"texture":"#0"}}},{"from":[7.5,13,14],"to":[8.5,14,15],"faces":{"north":{"uv":[7,9,7.5,9.5],"texture":"#0"},"east":{"uv":[7,9,7.5,9.5],"texture":"#0"},"south":{"uv":[7,9,7.5,9.5],"texture":"#0"},"west":{"uv":[7,9,7.5,9.5],"texture":"#0"},"up":{"uv":[7,9,7.5,9.5],"texture":"#0"},"down":{"uv":[7,9,7.5,9.5],"texture":"#0"}}},{"from":[7.5,15,15],"to":[8.5,16,16],"faces":{"north":{"uv":[7.5,8,8,8.5],"texture":"#0"},"east":{"uv":[7.5,8,8,8.5],"texture":"#0"},"south":{"uv":[7.5,8,8,8.5],"texture":"#0"},"west":{"uv":[7.5,8,8,8.5],"texture":"#0"},"up":{"uv":[7.5,8,8,8.5],"texture":"#0"},"down":{"uv":[7.5,8,8,8.5],"texture":"#0"}}},{"from":[7.3,3,3],"to":[8.7,4,4],"faces":{"north":{"uv":[1.5,14,2,14.5],"texture":"#0"},"east":{"uv":[1.5,14,2,14.5],"texture":"#0"},"south":{"uv":[1.5,14,2,14.5],"texture":"#0"},"west":{"uv":[1.5,14,2,14.5],"texture":"#0"},"up":{"uv":[1.5,14,2,14.5],"texture":"#0"},"down":{"uv":[1.5,14,2,14.5],"texture":"#0"}}},{"from":[7.3,4,4],"to":[8.7,5,5],"faces":{"north":{"uv":[2,13.5,2.5,14],"texture":"#0"},"east":{"uv":[2,13.5,2.5,14],"texture":"#0"},"south":{"uv":[2,13.5,2.5,14],"texture":"#0"},"west":{"uv":[2,13.5,2.5,14],"texture":"#0"},"up":{"uv":[2,13.5,2.5,14],"texture":"#0"},"down":{"uv":[2,13.5,2.5,14],"texture":"#0"}}},{"from":[7.3,5,5],"to":[8.7,6,6],"faces":{"north":{"uv":[2.5,13,3,13.5],"texture":"#0"},"east":{"uv":[2.5,13,3,13.5],"texture":"#0"},"south":{"uv":[2.5,13,3,13.5],"texture":"#0"},"west":{"uv":[2.5,13,3,13.5],"texture":"#0"},"up":{"uv":[2.5,13,3,13.5],"texture":"#0"},"down":{"uv":[2.5,13,3,13.5],"texture":"#0"}}},{"from":[7.3,6,6],"to":[8.7,7,7],"faces":{"north":{"uv":[3,12.5,3.5,13],"texture":"#0"},"east":{"uv":[3,12.5,3.5,13],"texture":"#0"},"south":{"uv":[3,12.5,3.5,13],"texture":"#0"},"west":{"uv":[3,12.5,3.5,13],"texture":"#0"},"up":{"uv":[3,12.5,3.5,13],"texture":"#0"},"down":{"uv":[3,12.5,3.5,13],"texture":"#0"}}},{"from":[7.3,7,7],"to":[8.7,8,8],"faces":{"north":{"uv":[3.5,12,4,12.5],"texture":"#0"},"east":{"uv":[3.5,12,4,12.5],"texture":"#0"},"south":{"uv":[3.5,12,4,12.5],"texture":"#0"},"west":{"uv":[3.5,12,4,12.5],"texture":"#0"},"up":{"uv":[3.5,12,4,12.5],"texture":"#0"},"down":{"uv":[3.5,12,4,12.5],"texture":"#0"}}},{"from":[7.3,8,8],"to":[8.7,9,9],"faces":{"north":{"uv":[4,11.5,4.5,12],"texture":"#0"},"east":{"uv":[4,11.5,4.5,12],"texture":"#0"},"south":{"uv":[4,11.5,4.5,12],"texture":"#0"},"west":{"uv":[4,11.5,4.5,12],"texture":"#0"},"up":{"uv":[4,11.5,4.5,12],"texture":"#0"},"down":{"uv":[4,11.5,4.5,12],"texture":"#0"}}},{"from":[7.3,9,9],"to":[8.7,10,10],"faces":{"north":{"uv":[4.5,11,5,11.5],"texture":"#0"},"east":{"uv":[4.5,11,5,11.5],"texture":"#0"},"south":{"uv":[4.5,11,5,11.5],"texture":"#0"},"west":{"uv":[4.5,11,5,11.5],"texture":"#0"},"up":{"uv":[4.5,11,5,11.5],"texture":"#0"},"down":{"uv":[4.5,11,5,11.5],"texture":"#0"}}},{"from":[7.3,10,10],"to":[8.7,11,11],"faces":{"north":{"uv":[5,10.5,5.5,11],"texture":"#0"},"east":{"uv":[5,10.5,5.5,11],"texture":"#0"},"south":{"uv":[5,10.5,5.5,11],"texture":"#0"},"west":{"uv":[5,10.5,5.5,11],"texture":"#0"},"up":{"uv":[5,10.5,5.5,11],"texture":"#0"},"down":{"uv":[5,10.5,5.5,11],"texture":"#0"}}},{"from":[7.3,11,11],"to":[8.7,12,12],"faces":{"north":{"uv":[5.5,10,6,10.5],"texture":"#0"},"east":{"uv":[5.5,10,6,10.5],"texture":"#0"},"south":{"uv":[5.5,10,6,10.5],"texture":"#0"},"west":{"uv":[5.5,10,6,10.5],"texture":"#0"},"up":{"uv":[5.5,10,6,10.5],"texture":"#0"},"down":{"uv":[5.5,10,6,10.5],"texture":"#0"}}},{"from":[7.3,12,12],"to":[8.7,13,13],"faces":{"north":{"uv":[6,9.5,6.5,10],"texture":"#0"},"east":{"uv":[6,9.5,6.5,10],"texture":"#0"},"south":{"uv":[6,9.5,6.5,10],"texture":"#0"},"west":{"uv":[6,9.5,6.5,10],"texture":"#0"},"up":{"uv":[6,9.5,6.5,10],"texture":"#0"},"down":{"uv":[6,9.5,6.5,10],"texture":"#0"}}},{"from":[7.3,13,13],"to":[8.7,14,14],"faces":{"north":{"uv":[6.5,9,7,9.5],"texture":"#0"},"east":{"uv":[6.5,9,7,9.5],"texture":"#0"},"south":{"uv":[6.5,9,7,9.5],"texture":"#0"},"west":{"uv":[6.5,9,7,9.5],"texture":"#0"},"up":{"uv":[6.5,9,7,9.5],"texture":"#0"},"down":{"uv":[6.5,9,7,9.5],"texture":"#0"}}},{"from":[7.5,14,14],"to":[8.5,15,15],"faces":{"north":{"uv":[7,8.5,7.5,9],"texture":"#0"},"east":{"uv":[7,8.5,7.5,9],"texture":"#0"},"south":{"uv":[7,8.5,7.5,9],"texture":"#0"},"west":{"uv":[7,8.5,7.5,9],"texture":"#0"},"up":{"uv":[7,8.5,7.5,9],"texture":"#0"},"down":{"uv":[7,8.5,7.5,9],"texture":"#0"}}},{"from":[7.3,16,15],"to":[8.7,17,16],"faces":{"north":{"uv":[7.5,7.5,8,8],"texture":"#0"},"east":{"uv":[7.5,7.5,8,8],"texture":"#0"},"south":{"uv":[7.5,7.5,8,8],"texture":"#0"},"west":{"uv":[7.5,7.5,8,8],"texture":"#0"},"up":{"uv":[7.5,7.5,8,8],"texture":"#0"},"down":{"uv":[7.5,7.5,8,8],"texture":"#0"}}},{"from":[7.5,4,3],"to":[8.5,5,4],"faces":{"north":{"uv":[1.5,13.5,2,14],"texture":"#0"},"east":{"uv":[1.5,13.5,2,14],"texture":"#0"},"south":{"uv":[1.5,13.5,2,14],"texture":"#0"},"west":{"uv":[1.5,13.5,2,14],"texture":"#0"},"up":{"uv":[1.5,13.5,2,14],"texture":"#0"},"down":{"uv":[1.5,13.5,2,14],"texture":"#0"}}},{"from":[7.5,5,4],"to":[8.5,6,5],"faces":{"north":{"uv":[2,13,2.5,13.5],"texture":"#0"},"east":{"uv":[2,13,2.5,13.5],"texture":"#0"},"south":{"uv":[2,13,2.5,13.5],"texture":"#0"},"west":{"uv":[2,13,2.5,13.5],"texture":"#0"},"up":{"uv":[2,13,2.5,13.5],"texture":"#0"},"down":{"uv":[2,13,2.5,13.5],"texture":"#0"}}},{"from":[7.5,6,5],"to":[8.5,7,6],"faces":{"north":{"uv":[2.5,12.5,3,13],"texture":"#0"},"east":{"uv":[2.5,12.5,3,13],"texture":"#0"},"south":{"uv":[2.5,12.5,3,13],"texture":"#0"},"west":{"uv":[2.5,12.5,3,13],"texture":"#0"},"up":{"uv":[2.5,12.5,3,13],"texture":"#0"},"down":{"uv":[2.5,12.5,3,13],"texture":"#0"}}},{"from":[7.5,7,6],"to":[8.5,8,7],"faces":{"north":{"uv":[3,12,3.5,12.5],"texture":"#0"},"east":{"uv":[3,12,3.5,12.5],"texture":"#0"},"south":{"uv":[3,12,3.5,12.5],"texture":"#0"},"west":{"uv":[3,12,3.5,12.5],"texture":"#0"},"up":{"uv":[3,12,3.5,12.5],"texture":"#0"},"down":{"uv":[3,12,3.5,12.5],"texture":"#0"}}},{"from":[7.5,8,7],"to":[8.5,9,8],"faces":{"north":{"uv":[3.5,11.5,4,12],"texture":"#0"},"east":{"uv":[3.5,11.5,4,12],"texture":"#0"},"south":{"uv":[3.5,11.5,4,12],"texture":"#0"},"west":{"uv":[3.5,11.5,4,12],"texture":"#0"},"up":{"uv":[3.5,11.5,4,12],"texture":"#0"},"down":{"uv":[3.5,11.5,4,12],"texture":"#0"}}},{"from":[7.5,9,8],"to":[8.5,10,9],"faces":{"north":{"uv":[4,11,4.5,11.5],"texture":"#0"},"east":{"uv":[4,11,4.5,11.5],"texture":"#0"},"south":{"uv":[4,11,4.5,11.5],"texture":"#0"},"west":{"uv":[4,11,4.5,11.5],"texture":"#0"},"up":{"uv":[4,11,4.5,11.5],"texture":"#0"},"down":{"uv":[4,11,4.5,11.5],"texture":"#0"}}},{"from":[7.5,10,9],"to":[8.5,11,10],"faces":{"north":{"uv":[4.5,10.5,5,11],"texture":"#0"},"east":{"uv":[4.5,10.5,5,11],"texture":"#0"},"south":{"uv":[4.5,10.5,5,11],"texture":"#0"},"west":{"uv":[4.5,10.5,5,11],"texture":"#0"},"up":{"uv":[4.5,10.5,5,11],"texture":"#0"},"down":{"uv":[4.5,10.5,5,11],"texture":"#0"}}},{"from":[7.5,11,10],"to":[8.5,12,11],"faces":{"north":{"uv":[5,10,5.5,10.5],"texture":"#0"},"east":{"uv":[5,10,5.5,10.5],"texture":"#0"},"south":{"uv":[5,10,5.5,10.5],"texture":"#0"},"west":{"uv":[5,10,5.5,10.5],"texture":"#0"},"up":{"uv":[5,10,5.5,10.5],"texture":"#0"},"down":{"uv":[5,10,5.5,10.5],"texture":"#0"}}},{"from":[7.5,12,11],"to":[8.5,13,12],"faces":{"north":{"uv":[5.5,9.5,6,10],"texture":"#0"},"east":{"uv":[5.5,9.5,6,10],"texture":"#0"},"south":{"uv":[5.5,9.5,6,10],"texture":"#0"},"west":{"uv":[5.5,9.5,6,10],"texture":"#0"},"up":{"uv":[5.5,9.5,6,10],"texture":"#0"},"down":{"uv":[5.5,9.5,6,10],"texture":"#0"}}},{"from":[7.5,13,12],"to":[8.5,14,13],"faces":{"north":{"uv":[6,9,6.5,9.5],"texture":"#0"},"east":{"uv":[6,9,6.5,9.5],"texture":"#0"},"south":{"uv":[6,9,6.5,9.5],"texture":"#0"},"west":{"uv":[6,9,6.5,9.5],"texture":"#0"},"up":{"uv":[6,9,6.5,9.5],"texture":"#0"},"down":{"uv":[6,9,6.5,9.5],"texture":"#0"}}},{"from":[7.3,14,13],"to":[8.7,15,14],"faces":{"north":{"uv":[6.5,8.5,7,9],"texture":"#0"},"east":{"uv":[6.5,8.5,7,9],"texture":"#0"},"south":{"uv":[6.5,8.5,7,9],"texture":"#0"},"west":{"uv":[6.5,8.5,7,9],"texture":"#0"},"up":{"uv":[6.5,8.5,7,9],"texture":"#0"},"down":{"uv":[6.5,8.5,7,9],"texture":"#0"}}},{"from":[7.5,15,13],"to":[8.5,16,14],"faces":{"north":{"uv":[6.5,8,7,8.5],"texture":"#0"},"east":{"uv":[6.5,8,7,8.5],"texture":"#0"},"south":{"uv":[6.5,8,7,8.5],"texture":"#0"},"west":{"uv":[6.5,8,7,8.5],"texture":"#0"},"up":{"uv":[6.5,8,7,8.5],"texture":"#0"},"down":{"uv":[6.5,8,7,8.5],"texture":"#0"}}},{"from":[7.3,15,14],"to":[8.7,16,15],"faces":{"north":{"uv":[7,8,7.5,8.5],"texture":"#0"},"east":{"uv":[7,8,7.5,8.5],"texture":"#0"},"south":{"uv":[7,8,7.5,8.5],"texture":"#0"},"west":{"uv":[7,8,7.5,8.5],"texture":"#0"},"up":{"uv":[7,8,7.5,8.5],"texture":"#0"},"down":{"uv":[7,8,7.5,8.5],"texture":"#0"}}},{"from":[7.5,16,14],"to":[8.5,17,15],"faces":{"north":{"uv":[7,7.5,7.5,8],"texture":"#0"},"east":{"uv":[7,7.5,7.5,8],"texture":"#0"},"south":{"uv":[7,7.5,7.5,8],"texture":"#0"},"west":{"uv":[7,7.5,7.5,8],"texture":"#0"},"up":{"uv":[7,7.5,7.5,8],"texture":"#0"},"down":{"uv":[7,7.5,7.5,8],"texture":"#0"}}},{"from":[7.5,17,14],"to":[8.5,18,15],"faces":{"north":{"uv":[7,7,7.5,7.5],"texture":"#0"},"east":{"uv":[7,7,7.5,7.5],"texture":"#0"},"south":{"uv":[7,7,7.5,7.5],"texture":"#0"},"west":{"uv":[7,7,7.5,7.5],"texture":"#0"},"up":{"uv":[7,7,7.5,7.5],"texture":"#0"},"down":{"uv":[7,7,7.5,7.5],"texture":"#0"}}},{"from":[7.5,18,14],"to":[8.5,19,15],"faces":{"north":{"uv":[7,6.5,7.5,7],"texture":"#0"},"east":{"uv":[7,6.5,7.5,7],"texture":"#0"},"south":{"uv":[7,6.5,7.5,7],"texture":"#0"},"west":{"uv":[7,6.5,7.5,7],"texture":"#0"},"up":{"uv":[7,6.5,7.5,7],"texture":"#0"},"down":{"uv":[7,6.5,7.5,7],"texture":"#0"}}},{"from":[7.3,17,15],"to":[8.7,18,16],"faces":{"north":{"uv":[7.5,7,8,7.5],"texture":"#0"},"east":{"uv":[7.5,7,8,7.5],"texture":"#0"},"south":{"uv":[7.5,7,8,7.5],"texture":"#0"},"west":{"uv":[7.5,7,8,7.5],"texture":"#0"},"up":{"uv":[7.5,7,8,7.5],"texture":"#0"},"down":{"uv":[7.5,7,8,7.5],"texture":"#0"}}},{"from":[7.3,18,15],"to":[8.7,19,16],"faces":{"north":{"uv":[7.5,6.5,8,7],"texture":"#0"},"east":{"uv":[7.5,6.5,8,7],"texture":"#0"},"south":{"uv":[7.5,6.5,8,7],"texture":"#0"},"west":{"uv":[7.5,6.5,8,7],"texture":"#0"},"up":{"uv":[7.5,6.5,8,7],"texture":"#0"},"down":{"uv":[7.5,6.5,8,7],"texture":"#0"}}},{"from":[7.5,18,16],"to":[8.5,19,17],"faces":{"north":{"uv":[8,6.5,8.5,7],"texture":"#0"},"east":{"uv":[8,6.5,8.5,7],"texture":"#0"},"south":{"uv":[8,6.5,8.5,7],"texture":"#0"},"west":{"uv":[8,6.5,8.5,7],"texture":"#0"},"up":{"uv":[8,6.5,8.5,7],"texture":"#0"},"down":{"uv":[8,6.5,8.5,7],"texture":"#0"}}},{"from":[7.5,18,17],"to":[8.5,19,18],"faces":{"north":{"uv":[8.5,6.5,9,7],"texture":"#0"},"east":{"uv":[8.5,6.5,9,7],"texture":"#0"},"south":{"uv":[8.5,6.5,9,7],"texture":"#0"},"west":{"uv":[8.5,6.5,9,7],"texture":"#0"},"up":{"uv":[8.5,6.5,9,7],"texture":"#0"},"down":{"uv":[8.5,6.5,9,7],"texture":"#0"}}},{"from":[7.5,18,18],"to":[8.5,19,19],"faces":{"north":{"uv":[9,6.5,9.5,7],"texture":"#0"},"east":{"uv":[9,6.5,9.5,7],"texture":"#0"},"south":{"uv":[9,6.5,9.5,7],"texture":"#0"},"west":{"uv":[9,6.5,9.5,7],"texture":"#0"},"up":{"uv":[9,6.5,9.5,7],"texture":"#0"},"down":{"uv":[9,6.5,9.5,7],"texture":"#0"}}},{"from":[7.3,19,19],"to":[8.7,20,20],"faces":{"north":{"uv":[9.5,6,10,6.5],"texture":"#0"},"east":{"uv":[9.5,6,10,6.5],"texture":"#0"},"south":{"uv":[9.5,6,10,6.5],"texture":"#0"},"west":{"uv":[9.5,6,10,6.5],"texture":"#0"},"up":{"uv":[9.5,6,10,6.5],"texture":"#0"},"down":{"uv":[9.5,6,10,6.5],"texture":"#0"}}},{"from":[7.3,19,20],"to":[8.7,20,21],"faces":{"north":{"uv":[10,6,10.5,6.5],"texture":"#0"},"east":{"uv":[10,6,10.5,6.5],"texture":"#0"},"south":{"uv":[10,6,10.5,6.5],"texture":"#0"},"west":{"uv":[10,6,10.5,6.5],"texture":"#0"},"up":{"uv":[10,6,10.5,6.5],"texture":"#0"},"down":{"uv":[10,6,10.5,6.5],"texture":"#0"}}},{"from":[7.5,19,21],"to":[8.5,20,22],"faces":{"north":{"uv":[10.5,6,11,6.5],"texture":"#0"},"east":{"uv":[10.5,6,11,6.5],"texture":"#0"},"south":{"uv":[10.5,6,11,6.5],"texture":"#0"},"west":{"uv":[10.5,6,11,6.5],"texture":"#0"},"up":{"uv":[10.5,6,11,6.5],"texture":"#0"},"down":{"uv":[10.5,6,11,6.5],"texture":"#0"}}},{"from":[7.3,19,22],"to":[8.7,20,23],"faces":{"north":{"uv":[11,6,11.5,6.5],"texture":"#0"},"east":{"uv":[11,6,11.5,6.5],"texture":"#0"},"south":{"uv":[11,6,11.5,6.5],"texture":"#0"},"west":{"uv":[11,6,11.5,6.5],"texture":"#0"},"up":{"uv":[11,6,11.5,6.5],"texture":"#0"},"down":{"uv":[11,6,11.5,6.5],"texture":"#0"}}},{"from":[7.3,20,23],"to":[8.7,21,24],"faces":{"north":{"uv":[11.5,5.5,12,6],"texture":"#0"},"east":{"uv":[11.5,5.5,12,6],"texture":"#0"},"south":{"uv":[11.5,5.5,12,6],"texture":"#0"},"west":{"uv":[11.5,5.5,12,6],"texture":"#0"},"up":{"uv":[11.5,5.5,12,6],"texture":"#0"},"down":{"uv":[11.5,5.5,12,6],"texture":"#0"}}},{"from":[7.3,20,24],"to":[8.7,21,25],"faces":{"north":{"uv":[12,5.5,12.5,6],"texture":"#0"},"east":{"uv":[12,5.5,12.5,6],"texture":"#0"},"south":{"uv":[12,5.5,12.5,6],"texture":"#0"},"west":{"uv":[12,5.5,12.5,6],"texture":"#0"},"up":{"uv":[12,5.5,12.5,6],"texture":"#0"},"down":{"uv":[12,5.5,12.5,6],"texture":"#0"}}},{"from":[7.3,20,25],"to":[8.7,21,26],"faces":{"north":{"uv":[12.5,5.5,13,6],"texture":"#0"},"east":{"uv":[12.5,5.5,13,6],"texture":"#0"},"south":{"uv":[12.5,5.5,13,6],"texture":"#0"},"west":{"uv":[12.5,5.5,13,6],"texture":"#0"},"up":{"uv":[12.5,5.5,13,6],"texture":"#0"},"down":{"uv":[12.5,5.5,13,6],"texture":"#0"}}},{"from":[7.2,20,26],"to":[8.8,21,27],"faces":{"north":{"uv":[13,5.5,13.5,6],"texture":"#0"},"east":{"uv":[13,5.5,13.5,6],"texture":"#0"},"south":{"uv":[13,5.5,13.5,6],"texture":"#0"},"west":{"uv":[13,5.5,13.5,6],"texture":"#0"},"up":{"uv":[13,5.5,13.5,6],"texture":"#0"},"down":{"uv":[13,5.5,13.5,6],"texture":"#0"}}},{"from":[7.2,19,26],"to":[8.8,20,27],"faces":{"north":{"uv":[13,6,13.5,6.5],"texture":"#0"},"east":{"uv":[13,6,13.5,6.5],"texture":"#0"},"south":{"uv":[13,6,13.5,6.5],"texture":"#0"},"west":{"uv":[13,6,13.5,6.5],"texture":"#0"},"up":{"uv":[13,6,13.5,6.5],"texture":"#0"},"down":{"uv":[13,6,13.5,6.5],"texture":"#0"}}},{"from":[7.2,20,27],"to":[8.8,21,28],"faces":{"north":{"uv":[13.5,5.5,14,6],"texture":"#0"},"east":{"uv":[13.5,5.5,14,6],"texture":"#0"},"south":{"uv":[13.5,5.5,14,6],"texture":"#0"},"west":{"uv":[13.5,5.5,14,6],"texture":"#0"},"up":{"uv":[13.5,5.5,14,6],"texture":"#0"},"down":{"uv":[13.5,5.5,14,6],"texture":"#0"}}},{"from":[7.5,19,27],"to":[8.5,20,28],"faces":{"north":{"uv":[13.5,6,14,6.5],"texture":"#0"},"east":{"uv":[13.5,6,14,6.5],"texture":"#0"},"south":{"uv":[13.5,6,14,6.5],"texture":"#0"},"west":{"uv":[13.5,6,14,6.5],"texture":"#0"},"up":{"uv":[13.5,6,14,6.5],"texture":"#0"},"down":{"uv":[13.5,6,14,6.5],"texture":"#0"}}},{"from":[7.3,18,27],"to":[8.7,19,28],"faces":{"north":{"uv":[13.5,6.5,14,7],"texture":"#0"},"east":{"uv":[13.5,6.5,14,7],"texture":"#0"},"south":{"uv":[13.5,6.5,14,7],"texture":"#0"},"west":{"uv":[13.5,6.5,14,7],"texture":"#0"},"up":{"uv":[13.5,6.5,14,7],"texture":"#0"},"down":{"uv":[13.5,6.5,14,7],"texture":"#0"}}},{"from":[7.2,20,28],"to":[8.8,21,29],"faces":{"north":{"uv":[14,5.5,14.5,6],"texture":"#0"},"east":{"uv":[14,5.5,14.5,6],"texture":"#0"},"south":{"uv":[14,5.5,14.5,6],"texture":"#0"},"west":{"uv":[14,5.5,14.5,6],"texture":"#0"},"up":{"uv":[14,5.5,14.5,6],"texture":"#0"},"down":{"uv":[14,5.5,14.5,6],"texture":"#0"}}},{"from":[7.3,19,28],"to":[8.7,20,29],"faces":{"north":{"uv":[14,6,14.5,6.5],"texture":"#0"},"east":{"uv":[14,6,14.5,6.5],"texture":"#0"},"south":{"uv":[14,6,14.5,6.5],"texture":"#0"},"west":{"uv":[14,6,14.5,6.5],"texture":"#0"},"up":{"uv":[14,6,14.5,6.5],"texture":"#0"},"down":{"uv":[14,6,14.5,6.5],"texture":"#0"}}},{"from":[7.5,20,29],"to":[8.5,21,30],"faces":{"north":{"uv":[14.5,5.5,15,6],"texture":"#0"},"east":{"uv":[14.5,5.5,15,6],"texture":"#0"},"south":{"uv":[14.5,5.5,15,6],"texture":"#0"},"west":{"uv":[14.5,5.5,15,6],"texture":"#0"},"up":{"uv":[14.5,5.5,15,6],"texture":"#0"},"down":{"uv":[14.5,5.5,15,6],"texture":"#0"}}},{"from":[7.5,21,30],"to":[8.5,22,31],"faces":{"north":{"uv":[15,5,15.5,5.5],"texture":"#0"},"east":{"uv":[15,5,15.5,5.5],"texture":"#0"},"south":{"uv":[15,5,15.5,5.5],"texture":"#0"},"west":{"uv":[15,5,15.5,5.5],"texture":"#0"},"up":{"uv":[15,5,15.5,5.5],"texture":"#0"},"down":{"uv":[15,5,15.5,5.5],"texture":"#0"}}},{"from":[7.5,22,31],"to":[8.5,23,32],"faces":{"north":{"uv":[15.5,4.5,16,5],"texture":"#0"},"east":{"uv":[15.5,4.5,16,5],"texture":"#0"},"south":{"uv":[15.5,4.5,16,5],"texture":"#0"},"west":{"uv":[15.5,4.5,16,5],"texture":"#0"},"up":{"uv":[15.5,4.5,16,5],"texture":"#0"},"down":{"uv":[15.5,4.5,16,5],"texture":"#0"}}},{"from":[7.5,19,15],"to":[8.5,20,16],"faces":{"north":{"uv":[7.5,6,8,6.5],"texture":"#0"},"east":{"uv":[7.5,6,8,6.5],"texture":"#0"},"south":{"uv":[7.5,6,8,6.5],"texture":"#0"},"west":{"uv":[7.5,6,8,6.5],"texture":"#0"},"up":{"uv":[7.5,6,8,6.5],"texture":"#0"},"down":{"uv":[7.5,6,8,6.5],"texture":"#0"}}},{"from":[7.3,19,16],"to":[8.7,20,17],"faces":{"north":{"uv":[8,6,8.5,6.5],"texture":"#0"},"east":{"uv":[8,6,8.5,6.5],"texture":"#0"},"south":{"uv":[8,6,8.5,6.5],"texture":"#0"},"west":{"uv":[8,6,8.5,6.5],"texture":"#0"},"up":{"uv":[8,6,8.5,6.5],"texture":"#0"},"down":{"uv":[8,6,8.5,6.5],"texture":"#0"}}},{"from":[7.3,19,17],"to":[8.7,20,18],"faces":{"north":{"uv":[8.5,6,9,6.5],"texture":"#0"},"east":{"uv":[8.5,6,9,6.5],"texture":"#0"},"south":{"uv":[8.5,6,9,6.5],"texture":"#0"},"west":{"uv":[8.5,6,9,6.5],"texture":"#0"},"up":{"uv":[8.5,6,9,6.5],"texture":"#0"},"down":{"uv":[8.5,6,9,6.5],"texture":"#0"}}},{"from":[7.3,19,18],"to":[8.7,20,19],"faces":{"north":{"uv":[9,6,9.5,6.5],"texture":"#0"},"east":{"uv":[9,6,9.5,6.5],"texture":"#0"},"south":{"uv":[9,6,9.5,6.5],"texture":"#0"},"west":{"uv":[9,6,9.5,6.5],"texture":"#0"},"up":{"uv":[9,6,9.5,6.5],"texture":"#0"},"down":{"uv":[9,6,9.5,6.5],"texture":"#0"}}},{"from":[7.5,20,19],"to":[8.5,21,20],"faces":{"north":{"uv":[9.5,5.5,10,6],"texture":"#0"},"east":{"uv":[9.5,5.5,10,6],"texture":"#0"},"south":{"uv":[9.5,5.5,10,6],"texture":"#0"},"west":{"uv":[9.5,5.5,10,6],"texture":"#0"},"up":{"uv":[9.5,5.5,10,6],"texture":"#0"},"down":{"uv":[9.5,5.5,10,6],"texture":"#0"}}},{"from":[7.5,20,20],"to":[8.5,21,21],"faces":{"north":{"uv":[10,5.5,10.5,6],"texture":"#0"},"east":{"uv":[10,5.5,10.5,6],"texture":"#0"},"south":{"uv":[10,5.5,10.5,6],"texture":"#0"},"west":{"uv":[10,5.5,10.5,6],"texture":"#0"},"up":{"uv":[10,5.5,10.5,6],"texture":"#0"},"down":{"uv":[10,5.5,10.5,6],"texture":"#0"}}},{"from":[7.3,20,21],"to":[8.7,21,22],"faces":{"north":{"uv":[10.5,5.5,11,6],"texture":"#0"},"east":{"uv":[10.5,5.5,11,6],"texture":"#0"},"south":{"uv":[10.5,5.5,11,6],"texture":"#0"},"west":{"uv":[10.5,5.5,11,6],"texture":"#0"},"up":{"uv":[10.5,5.5,11,6],"texture":"#0"},"down":{"uv":[10.5,5.5,11,6],"texture":"#0"}}},{"from":[7.5,21,21],"to":[8.5,22,22],"faces":{"north":{"uv":[10.5,5,11,5.5],"texture":"#0"},"east":{"uv":[10.5,5,11,5.5],"texture":"#0"},"south":{"uv":[10.5,5,11,5.5],"texture":"#0"},"west":{"uv":[10.5,5,11,5.5],"texture":"#0"},"up":{"uv":[10.5,5,11,5.5],"texture":"#0"},"down":{"uv":[10.5,5,11,5.5],"texture":"#0"}}},{"from":[7.5,22,21],"to":[8.5,23,22],"faces":{"north":{"uv":[10.5,4.5,11,5],"texture":"#0"},"east":{"uv":[10.5,4.5,11,5],"texture":"#0"},"south":{"uv":[10.5,4.5,11,5],"texture":"#0"},"west":{"uv":[10.5,4.5,11,5],"texture":"#0"},"up":{"uv":[10.5,4.5,11,5],"texture":"#0"},"down":{"uv":[10.5,4.5,11,5],"texture":"#0"}}},{"from":[7.5,23,21],"to":[8.5,24,22],"faces":{"north":{"uv":[10.5,4,11,4.5],"texture":"#0"},"east":{"uv":[10.5,4,11,4.5],"texture":"#0"},"south":{"uv":[10.5,4,11,4.5],"texture":"#0"},"west":{"uv":[10.5,4,11,4.5],"texture":"#0"},"up":{"uv":[10.5,4,11,4.5],"texture":"#0"},"down":{"uv":[10.5,4,11,4.5],"texture":"#0"}}},{"from":[7.5,23,20],"to":[8.5,24,21],"faces":{"north":{"uv":[10,4,10.5,4.5],"texture":"#0"},"east":{"uv":[10,4,10.5,4.5],"texture":"#0"},"south":{"uv":[10,4,10.5,4.5],"texture":"#0"},"west":{"uv":[10,4,10.5,4.5],"texture":"#0"},"up":{"uv":[10,4,10.5,4.5],"texture":"#0"},"down":{"uv":[10,4,10.5,4.5],"texture":"#0"}}},{"from":[7.5,23,19],"to":[8.5,24,20],"faces":{"north":{"uv":[9.5,4,10,4.5],"texture":"#0"},"east":{"uv":[9.5,4,10,4.5],"texture":"#0"},"south":{"uv":[9.5,4,10,4.5],"texture":"#0"},"west":{"uv":[9.5,4,10,4.5],"texture":"#0"},"up":{"uv":[9.5,4,10,4.5],"texture":"#0"},"down":{"uv":[9.5,4,10,4.5],"texture":"#0"}}},{"from":[7.5,22,19],"to":[8.5,23,20],"faces":{"north":{"uv":[9.5,4.5,10,5],"texture":"#0"},"east":{"uv":[9.5,4.5,10,5],"texture":"#0"},"south":{"uv":[9.5,4.5,10,5],"texture":"#0"},"west":{"uv":[9.5,4.5,10,5],"texture":"#0"},"up":{"uv":[9.5,4.5,10,5],"texture":"#0"},"down":{"uv":[9.5,4.5,10,5],"texture":"#0"}}},{"from":[7.5,24,21],"to":[8.5,25,22],"faces":{"north":{"uv":[10.5,3.5,11,4],"texture":"#0"},"east":{"uv":[10.5,3.5,11,4],"texture":"#0"},"south":{"uv":[10.5,3.5,11,4],"texture":"#0"},"west":{"uv":[10.5,3.5,11,4],"texture":"#0"},"up":{"uv":[10.5,3.5,11,4],"texture":"#0"},"down":{"uv":[10.5,3.5,11,4],"texture":"#0"}}},{"from":[7.2,24,20],"to":[8.8,25,21],"faces":{"north":{"uv":[10,3.5,10.5,4],"texture":"#0"},"east":{"uv":[10,3.5,10.5,4],"texture":"#0"},"south":{"uv":[10,3.5,10.5,4],"texture":"#0"},"west":{"uv":[10,3.5,10.5,4],"texture":"#0"},"up":{"uv":[10,3.5,10.5,4],"texture":"#0"},"down":{"uv":[10,3.5,10.5,4],"texture":"#0"}}},{"from":[7.2,24,19],"to":[8.8,25,20],"faces":{"north":{"uv":[9.5,3.5,10,4],"texture":"#0"},"east":{"uv":[9.5,3.5,10,4],"texture":"#0"},"south":{"uv":[9.5,3.5,10,4],"texture":"#0"},"west":{"uv":[9.5,3.5,10,4],"texture":"#0"},"up":{"uv":[9.5,3.5,10,4],"texture":"#0"},"down":{"uv":[9.5,3.5,10,4],"texture":"#0"}}},{"from":[7.5,24,18],"to":[8.5,25,19],"faces":{"north":{"uv":[9,3.5,9.5,4],"texture":"#0"},"east":{"uv":[9,3.5,9.5,4],"texture":"#0"},"south":{"uv":[9,3.5,9.5,4],"texture":"#0"},"west":{"uv":[9,3.5,9.5,4],"texture":"#0"},"up":{"uv":[9,3.5,9.5,4],"texture":"#0"},"down":{"uv":[9,3.5,9.5,4],"texture":"#0"}}},{"from":[7.5,24,17],"to":[8.5,25,18],"faces":{"north":{"uv":[8.5,3.5,9,4],"texture":"#0"},"east":{"uv":[8.5,3.5,9,4],"texture":"#0"},"south":{"uv":[8.5,3.5,9,4],"texture":"#0"},"west":{"uv":[8.5,3.5,9,4],"texture":"#0"},"up":{"uv":[8.5,3.5,9,4],"texture":"#0"},"down":{"uv":[8.5,3.5,9,4],"texture":"#0"}}},{"from":[7.5,23,17],"to":[8.5,24,18],"faces":{"north":{"uv":[8.5,4,9,4.5],"texture":"#0"},"east":{"uv":[8.5,4,9,4.5],"texture":"#0"},"south":{"uv":[8.5,4,9,4.5],"texture":"#0"},"west":{"uv":[8.5,4,9,4.5],"texture":"#0"},"up":{"uv":[8.5,4,9,4.5],"texture":"#0"},"down":{"uv":[8.5,4,9,4.5],"texture":"#0"}}},{"from":[7.2,25,21],"to":[8.8,26,22],"faces":{"north":{"uv":[10.5,3,11,3.5],"texture":"#0"},"east":{"uv":[10.5,3,11,3.5],"texture":"#0"},"south":{"uv":[10.5,3,11,3.5],"texture":"#0"},"west":{"uv":[10.5,3,11,3.5],"texture":"#0"},"up":{"uv":[10.5,3,11,3.5],"texture":"#0"},"down":{"uv":[10.5,3,11,3.5],"texture":"#0"}}},{"from":[7.2,25,20],"to":[8.8,26,21],"faces":{"north":{"uv":[10,3,10.5,3.5],"texture":"#0"},"east":{"uv":[10,3,10.5,3.5],"texture":"#0"},"south":{"uv":[10,3,10.5,3.5],"texture":"#0"},"west":{"uv":[10,3,10.5,3.5],"texture":"#0"},"up":{"uv":[10,3,10.5,3.5],"texture":"#0"},"down":{"uv":[10,3,10.5,3.5],"texture":"#0"}}},{"from":[7.2,25,19],"to":[8.8,26,20],"faces":{"north":{"uv":[9.5,3,10,3.5],"texture":"#0"},"east":{"uv":[9.5,3,10,3.5],"texture":"#0"},"south":{"uv":[9.5,3,10,3.5],"texture":"#0"},"west":{"uv":[9.5,3,10,3.5],"texture":"#0"},"up":{"uv":[9.5,3,10,3.5],"texture":"#0"},"down":{"uv":[9.5,3,10,3.5],"texture":"#0"}}},{"from":[7.2,25,18],"to":[8.8,26,19],"faces":{"north":{"uv":[9,3,9.5,3.5],"texture":"#0"},"east":{"uv":[9,3,9.5,3.5],"texture":"#0"},"south":{"uv":[9,3,9.5,3.5],"texture":"#0"},"west":{"uv":[9,3,9.5,3.5],"texture":"#0"},"up":{"uv":[9,3,9.5,3.5],"texture":"#0"},"down":{"uv":[9,3,9.5,3.5],"texture":"#0"}}},{"from":[7.5,25,17],"to":[8.5,26,18],"faces":{"north":{"uv":[8.5,3,9,3.5],"texture":"#0"},"east":{"uv":[8.5,3,9,3.5],"texture":"#0"},"south":{"uv":[8.5,3,9,3.5],"texture":"#0"},"west":{"uv":[8.5,3,9,3.5],"texture":"#0"},"up":{"uv":[8.5,3,9,3.5],"texture":"#0"},"down":{"uv":[8.5,3,9,3.5],"texture":"#0"}}},{"from":[7.3,26,21],"to":[8.7,27,22],"faces":{"north":{"uv":[10.5,2.5,11,3],"texture":"#0"},"east":{"uv":[10.5,2.5,11,3],"texture":"#0"},"south":{"uv":[10.5,2.5,11,3],"texture":"#0"},"west":{"uv":[10.5,2.5,11,3],"texture":"#0"},"up":{"uv":[10.5,2.5,11,3],"texture":"#0"},"down":{"uv":[10.5,2.5,11,3],"texture":"#0"}}},{"from":[7.3,27,21],"to":[8.7,28,22],"faces":{"north":{"uv":[10.5,2,11,2.5],"texture":"#0"},"east":{"uv":[10.5,2,11,2.5],"texture":"#0"},"south":{"uv":[10.5,2,11,2.5],"texture":"#0"},"west":{"uv":[10.5,2,11,2.5],"texture":"#0"},"up":{"uv":[10.5,2,11,2.5],"texture":"#0"},"down":{"uv":[10.5,2,11,2.5],"texture":"#0"}}},{"from":[7.5,28,21],"to":[8.5,29,22],"faces":{"north":{"uv":[10.5,1.5,11,2],"texture":"#0"},"east":{"uv":[10.5,1.5,11,2],"texture":"#0"},"south":{"uv":[10.5,1.5,11,2],"texture":"#0"},"west":{"uv":[10.5,1.5,11,2],"texture":"#0"},"up":{"uv":[10.5,1.5,11,2],"texture":"#0"},"down":{"uv":[10.5,1.5,11,2],"texture":"#0"}}},{"from":[7.2,26,20],"to":[8.8,27,21],"faces":{"north":{"uv":[10,2.5,10.5,3],"texture":"#0"},"east":{"uv":[10,2.5,10.5,3],"texture":"#0"},"south":{"uv":[10,2.5,10.5,3],"texture":"#0"},"west":{"uv":[10,2.5,10.5,3],"texture":"#0"},"up":{"uv":[10,2.5,10.5,3],"texture":"#0"},"down":{"uv":[10,2.5,10.5,3],"texture":"#0"}}},{"from":[7.2,27,20],"to":[8.8,28,21],"faces":{"north":{"uv":[10,2,10.5,2.5],"texture":"#0"},"east":{"uv":[10,2,10.5,2.5],"texture":"#0"},"south":{"uv":[10,2,10.5,2.5],"texture":"#0"},"west":{"uv":[10,2,10.5,2.5],"texture":"#0"},"up":{"uv":[10,2,10.5,2.5],"texture":"#0"},"down":{"uv":[10,2,10.5,2.5],"texture":"#0"}}},{"from":[7.3,28,20],"to":[8.7,29,21],"faces":{"north":{"uv":[10,1.5,10.5,2],"texture":"#0"},"east":{"uv":[10,1.5,10.5,2],"texture":"#0"},"south":{"uv":[10,1.5,10.5,2],"texture":"#0"},"west":{"uv":[10,1.5,10.5,2],"texture":"#0"},"up":{"uv":[10,1.5,10.5,2],"texture":"#0"},"down":{"uv":[10,1.5,10.5,2],"texture":"#0"}}},{"from":[7.3,28,19],"to":[8.7,29,20],"faces":{"north":{"uv":[9.5,1.5,10,2],"texture":"#0"},"east":{"uv":[9.5,1.5,10,2],"texture":"#0"},"south":{"uv":[9.5,1.5,10,2],"texture":"#0"},"west":{"uv":[9.5,1.5,10,2],"texture":"#0"},"up":{"uv":[9.5,1.5,10,2],"texture":"#0"},"down":{"uv":[9.5,1.5,10,2],"texture":"#0"}}},{"from":[7.2,28,18],"to":[8.8,29,19],"faces":{"north":{"uv":[9,1.5,9.5,2],"texture":"#0"},"east":{"uv":[9,1.5,9.5,2],"texture":"#0"},"south":{"uv":[9,1.5,9.5,2],"texture":"#0"},"west":{"uv":[9,1.5,9.5,2],"texture":"#0"},"up":{"uv":[9,1.5,9.5,2],"texture":"#0"},"down":{"uv":[9,1.5,9.5,2],"texture":"#0"}}},{"from":[7.3,29,18],"to":[8.7,30,19],"faces":{"north":{"uv":[9,1,9.5,1.5],"texture":"#0"},"east":{"uv":[9,1,9.5,1.5],"texture":"#0"},"south":{"uv":[9,1,9.5,1.5],"texture":"#0"},"west":{"uv":[9,1,9.5,1.5],"texture":"#0"},"up":{"uv":[9,1,9.5,1.5],"texture":"#0"},"down":{"uv":[9,1,9.5,1.5],"texture":"#0"}}},{"from":[7.2,28,17],"to":[8.8,29,18],"faces":{"north":{"uv":[8.5,1.5,9,2],"texture":"#0"},"east":{"uv":[8.5,1.5,9,2],"texture":"#0"},"south":{"uv":[8.5,1.5,9,2],"texture":"#0"},"west":{"uv":[8.5,1.5,9,2],"texture":"#0"},"up":{"uv":[8.5,1.5,9,2],"texture":"#0"},"down":{"uv":[8.5,1.5,9,2],"texture":"#0"}}},{"from":[7.3,29,17],"to":[8.7,30,18],"faces":{"north":{"uv":[8.5,1,9,1.5],"texture":"#0"},"east":{"uv":[8.5,1,9,1.5],"texture":"#0"},"south":{"uv":[8.5,1,9,1.5],"texture":"#0"},"west":{"uv":[8.5,1,9,1.5],"texture":"#0"},"up":{"uv":[8.5,1,9,1.5],"texture":"#0"},"down":{"uv":[8.5,1,9,1.5],"texture":"#0"}}},{"from":[7.2,28,16],"to":[8.8,29,17],"faces":{"north":{"uv":[8,1.5,8.5,2],"texture":"#0"},"east":{"uv":[8,1.5,8.5,2],"texture":"#0"},"south":{"uv":[8,1.5,8.5,2],"texture":"#0"},"west":{"uv":[8,1.5,8.5,2],"texture":"#0"},"up":{"uv":[8,1.5,8.5,2],"texture":"#0"},"down":{"uv":[8,1.5,8.5,2],"texture":"#0"}}},{"from":[7.2,28,15],"to":[8.8,29,16],"faces":{"north":{"uv":[7.5,1.5,8,2],"texture":"#0"},"east":{"uv":[7.5,1.5,8,2],"texture":"#0"},"south":{"uv":[7.5,1.5,8,2],"texture":"#0"},"west":{"uv":[7.5,1.5,8,2],"texture":"#0"},"up":{"uv":[7.5,1.5,8,2],"texture":"#0"},"down":{"uv":[7.5,1.5,8,2],"texture":"#0"}}},{"from":[7.3,28,14],"to":[8.7,29,15],"faces":{"north":{"uv":[7,1.5,7.5,2],"texture":"#0"},"east":{"uv":[7,1.5,7.5,2],"texture":"#0"},"south":{"uv":[7,1.5,7.5,2],"texture":"#0"},"west":{"uv":[7,1.5,7.5,2],"texture":"#0"},"up":{"uv":[7,1.5,7.5,2],"texture":"#0"},"down":{"uv":[7,1.5,7.5,2],"texture":"#0"}}},{"from":[7.3,28,13],"to":[8.7,29,14],"faces":{"north":{"uv":[6.5,1.5,7,2],"texture":"#0"},"east":{"uv":[6.5,1.5,7,2],"texture":"#0"},"south":{"uv":[6.5,1.5,7,2],"texture":"#0"},"west":{"uv":[6.5,1.5,7,2],"texture":"#0"},"up":{"uv":[6.5,1.5,7,2],"texture":"#0"},"down":{"uv":[6.5,1.5,7,2],"texture":"#0"}}},{"from":[7.2,28,12],"to":[8.8,29,13],"faces":{"north":{"uv":[6,1.5,6.5,2],"texture":"#0"},"east":{"uv":[6,1.5,6.5,2],"texture":"#0"},"south":{"uv":[6,1.5,6.5,2],"texture":"#0"},"west":{"uv":[6,1.5,6.5,2],"texture":"#0"},"up":{"uv":[6,1.5,6.5,2],"texture":"#0"},"down":{"uv":[6,1.5,6.5,2],"texture":"#0"}}},{"from":[7.3,29,12],"to":[8.7,30,13],"faces":{"north":{"uv":[6,1,6.5,1.5],"texture":"#0"},"east":{"uv":[6,1,6.5,1.5],"texture":"#0"},"south":{"uv":[6,1,6.5,1.5],"texture":"#0"},"west":{"uv":[6,1,6.5,1.5],"texture":"#0"},"up":{"uv":[6,1,6.5,1.5],"texture":"#0"},"down":{"uv":[6,1,6.5,1.5],"texture":"#0"}}},{"from":[7.2,28,11],"to":[8.8,29,12],"faces":{"north":{"uv":[5.5,1.5,6,2],"texture":"#0"},"east":{"uv":[5.5,1.5,6,2],"texture":"#0"},"south":{"uv":[5.5,1.5,6,2],"texture":"#0"},"west":{"uv":[5.5,1.5,6,2],"texture":"#0"},"up":{"uv":[5.5,1.5,6,2],"texture":"#0"},"down":{"uv":[5.5,1.5,6,2],"texture":"#0"}}},{"from":[7.2,29,11],"to":[8.8,30,12],"faces":{"north":{"uv":[5.5,1,6,1.5],"texture":"#0"},"east":{"uv":[5.5,1,6,1.5],"texture":"#0"},"south":{"uv":[5.5,1,6,1.5],"texture":"#0"},"west":{"uv":[5.5,1,6,1.5],"texture":"#0"},"up":{"uv":[5.5,1,6,1.5],"texture":"#0"},"down":{"uv":[5.5,1,6,1.5],"texture":"#0"}}},{"from":[7.3,30,11],"to":[8.7,31,12],"faces":{"north":{"uv":[5.5,0.5,6,1],"texture":"#0"},"east":{"uv":[5.5,0.5,6,1],"texture":"#0"},"south":{"uv":[5.5,0.5,6,1],"texture":"#0"},"west":{"uv":[5.5,0.5,6,1],"texture":"#0"},"up":{"uv":[5.5,0.5,6,1],"texture":"#0"},"down":{"uv":[5.5,0.5,6,1],"texture":"#0"}}},{"from":[7.5,28,10],"to":[8.5,29,11],"faces":{"north":{"uv":[5,1.5,5.5,2],"texture":"#0"},"east":{"uv":[5,1.5,5.5,2],"texture":"#0"},"south":{"uv":[5,1.5,5.5,2],"texture":"#0"},"west":{"uv":[5,1.5,5.5,2],"texture":"#0"},"up":{"uv":[5,1.5,5.5,2],"texture":"#0"},"down":{"uv":[5,1.5,5.5,2],"texture":"#0"}}},{"from":[7.5,29,10],"to":[8.5,30,11],"faces":{"north":{"uv":[5,1,5.5,1.5],"texture":"#0"},"east":{"uv":[5,1,5.5,1.5],"texture":"#0"},"south":{"uv":[5,1,5.5,1.5],"texture":"#0"},"west":{"uv":[5,1,5.5,1.5],"texture":"#0"},"up":{"uv":[5,1,5.5,1.5],"texture":"#0"},"down":{"uv":[5,1,5.5,1.5],"texture":"#0"}}},{"from":[7.3,29,16],"to":[8.7,30,17],"faces":{"north":{"uv":[8,1,8.5,1.5],"texture":"#0"},"east":{"uv":[8,1,8.5,1.5],"texture":"#0"},"south":{"uv":[8,1,8.5,1.5],"texture":"#0"},"west":{"uv":[8,1,8.5,1.5],"texture":"#0"},"up":{"uv":[8,1,8.5,1.5],"texture":"#0"},"down":{"uv":[8,1,8.5,1.5],"texture":"#0"}}},{"from":[7.5,29,15],"to":[8.5,30,16],"faces":{"north":{"uv":[7.5,1,8,1.5],"texture":"#0"},"east":{"uv":[7.5,1,8,1.5],"texture":"#0"},"south":{"uv":[7.5,1,8,1.5],"texture":"#0"},"west":{"uv":[7.5,1,8,1.5],"texture":"#0"},"up":{"uv":[7.5,1,8,1.5],"texture":"#0"},"down":{"uv":[7.5,1,8,1.5],"texture":"#0"}}},{"from":[7.2,26,19],"to":[8.8,27,20],"faces":{"north":{"uv":[9.5,2.5,10,3],"texture":"#0"},"east":{"uv":[9.5,2.5,10,3],"texture":"#0"},"south":{"uv":[9.5,2.5,10,3],"texture":"#0"},"west":{"uv":[9.5,2.5,10,3],"texture":"#0"},"up":{"uv":[9.5,2.5,10,3],"texture":"#0"},"down":{"uv":[9.5,2.5,10,3],"texture":"#0"}}},{"from":[7.2,27,19],"to":[8.8,28,20],"faces":{"north":{"uv":[9.5,2,10,2.5],"texture":"#0"},"east":{"uv":[9.5,2,10,2.5],"texture":"#0"},"south":{"uv":[9.5,2,10,2.5],"texture":"#0"},"west":{"uv":[9.5,2,10,2.5],"texture":"#0"},"up":{"uv":[9.5,2,10,2.5],"texture":"#0"},"down":{"uv":[9.5,2,10,2.5],"texture":"#0"}}},{"from":[7.2,26,18],"to":[8.8,27,19],"faces":{"north":{"uv":[9,2.5,9.5,3],"texture":"#0"},"east":{"uv":[9,2.5,9.5,3],"texture":"#0"},"south":{"uv":[9,2.5,9.5,3],"texture":"#0"},"west":{"uv":[9,2.5,9.5,3],"texture":"#0"},"up":{"uv":[9,2.5,9.5,3],"texture":"#0"},"down":{"uv":[9,2.5,9.5,3],"texture":"#0"}}},{"from":[7.3,26,17],"to":[8.7,27,18],"faces":{"north":{"uv":[8.5,2.5,9,3],"texture":"#0"},"east":{"uv":[8.5,2.5,9,3],"texture":"#0"},"south":{"uv":[8.5,2.5,9,3],"texture":"#0"},"west":{"uv":[8.5,2.5,9,3],"texture":"#0"},"up":{"uv":[8.5,2.5,9,3],"texture":"#0"},"down":{"uv":[8.5,2.5,9,3],"texture":"#0"}}},{"from":[7.5,27,18],"to":[8.5,28,19],"faces":{"north":{"uv":[9,2,9.5,2.5],"texture":"#0"},"east":{"uv":[9,2,9.5,2.5],"texture":"#0"},"south":{"uv":[9,2,9.5,2.5],"texture":"#0"},"west":{"uv":[9,2,9.5,2.5],"texture":"#0"},"up":{"uv":[9,2,9.5,2.5],"texture":"#0"},"down":{"uv":[9,2,9.5,2.5],"texture":"#0"}}},{"from":[7.2,27,17],"to":[8.8,28,18],"faces":{"north":{"uv":[8.5,2,9,2.5],"texture":"#0"},"east":{"uv":[8.5,2,9,2.5],"texture":"#0"},"south":{"uv":[8.5,2,9,2.5],"texture":"#0"},"west":{"uv":[8.5,2,9,2.5],"texture":"#0"},"up":{"uv":[8.5,2,9,2.5],"texture":"#0"},"down":{"uv":[8.5,2,9,2.5],"texture":"#0"}}},{"from":[7.2,27,16],"to":[8.8,28,17],"faces":{"north":{"uv":[8,2,8.5,2.5],"texture":"#0"},"east":{"uv":[8,2,8.5,2.5],"texture":"#0"},"south":{"uv":[8,2,8.5,2.5],"texture":"#0"},"west":{"uv":[8,2,8.5,2.5],"texture":"#0"},"up":{"uv":[8,2,8.5,2.5],"texture":"#0"},"down":{"uv":[8,2,8.5,2.5],"texture":"#0"}}},{"from":[7.3,26,16],"to":[8.7,27,17],"faces":{"north":{"uv":[8,2.5,8.5,3],"texture":"#0"},"east":{"uv":[8,2.5,8.5,3],"texture":"#0"},"south":{"uv":[8,2.5,8.5,3],"texture":"#0"},"west":{"uv":[8,2.5,8.5,3],"texture":"#0"},"up":{"uv":[8,2.5,8.5,3],"texture":"#0"},"down":{"uv":[8,2.5,8.5,3],"texture":"#0"}}},{"from":[7.5,25,16],"to":[8.5,26,17],"faces":{"north":{"uv":[8,3,8.5,3.5],"texture":"#0"},"east":{"uv":[8,3,8.5,3.5],"texture":"#0"},"south":{"uv":[8,3,8.5,3.5],"texture":"#0"},"west":{"uv":[8,3,8.5,3.5],"texture":"#0"},"up":{"uv":[8,3,8.5,3.5],"texture":"#0"},"down":{"uv":[8,3,8.5,3.5],"texture":"#0"}}},{"from":[7.2,27,15],"to":[8.8,28,16],"faces":{"north":{"uv":[7.5,2,8,2.5],"texture":"#0"},"east":{"uv":[7.5,2,8,2.5],"texture":"#0"},"south":{"uv":[7.5,2,8,2.5],"texture":"#0"},"west":{"uv":[7.5,2,8,2.5],"texture":"#0"},"up":{"uv":[7.5,2,8,2.5],"texture":"#0"},"down":{"uv":[7.5,2,8,2.5],"texture":"#0"}}},{"from":[7.5,26,15],"to":[8.5,27,16],"faces":{"north":{"uv":[7.5,2.5,8,3],"texture":"#0"},"east":{"uv":[7.5,2.5,8,3],"texture":"#0"},"south":{"uv":[7.5,2.5,8,3],"texture":"#0"},"west":{"uv":[7.5,2.5,8,3],"texture":"#0"},"up":{"uv":[7.5,2.5,8,3],"texture":"#0"},"down":{"uv":[7.5,2.5,8,3],"texture":"#0"}}},{"from":[7.2,27,14],"to":[8.8,28,15],"faces":{"north":{"uv":[7,2,7.5,2.5],"texture":"#0"},"east":{"uv":[7,2,7.5,2.5],"texture":"#0"},"south":{"uv":[7,2,7.5,2.5],"texture":"#0"},"west":{"uv":[7,2,7.5,2.5],"texture":"#0"},"up":{"uv":[7,2,7.5,2.5],"texture":"#0"},"down":{"uv":[7,2,7.5,2.5],"texture":"#0"}}},{"from":[7.3,26,14],"to":[8.7,27,15],"faces":{"north":{"uv":[7,2.5,7.5,3],"texture":"#0"},"east":{"uv":[7,2.5,7.5,3],"texture":"#0"},"south":{"uv":[7,2.5,7.5,3],"texture":"#0"},"west":{"uv":[7,2.5,7.5,3],"texture":"#0"},"up":{"uv":[7,2.5,7.5,3],"texture":"#0"},"down":{"uv":[7,2.5,7.5,3],"texture":"#0"}}},{"from":[7.2,27,13],"to":[8.8,28,14],"faces":{"north":{"uv":[6.5,2,7,2.5],"texture":"#0"},"east":{"uv":[6.5,2,7,2.5],"texture":"#0"},"south":{"uv":[6.5,2,7,2.5],"texture":"#0"},"west":{"uv":[6.5,2,7,2.5],"texture":"#0"},"up":{"uv":[6.5,2,7,2.5],"texture":"#0"},"down":{"uv":[6.5,2,7,2.5],"texture":"#0"}}},{"from":[7.2,26,13],"to":[8.8,27,14],"faces":{"north":{"uv":[6.5,2.5,7,3],"texture":"#0"},"east":{"uv":[6.5,2.5,7,3],"texture":"#0"},"south":{"uv":[6.5,2.5,7,3],"texture":"#0"},"west":{"uv":[6.5,2.5,7,3],"texture":"#0"},"up":{"uv":[6.5,2.5,7,3],"texture":"#0"},"down":{"uv":[6.5,2.5,7,3],"texture":"#0"}}},{"from":[7.5,25,13],"to":[8.5,26,14],"faces":{"north":{"uv":[6.5,3,7,3.5],"texture":"#0"},"east":{"uv":[6.5,3,7,3.5],"texture":"#0"},"south":{"uv":[6.5,3,7,3.5],"texture":"#0"},"west":{"uv":[6.5,3,7,3.5],"texture":"#0"},"up":{"uv":[6.5,3,7,3.5],"texture":"#0"},"down":{"uv":[6.5,3,7,3.5],"texture":"#0"}}},{"from":[7.2,27,12],"to":[8.8,28,13],"faces":{"north":{"uv":[6,2,6.5,2.5],"texture":"#0"},"east":{"uv":[6,2,6.5,2.5],"texture":"#0"},"south":{"uv":[6,2,6.5,2.5],"texture":"#0"},"west":{"uv":[6,2,6.5,2.5],"texture":"#0"},"up":{"uv":[6,2,6.5,2.5],"texture":"#0"},"down":{"uv":[6,2,6.5,2.5],"texture":"#0"}}},{"from":[7.2,26,12],"to":[8.8,27,13],"faces":{"north":{"uv":[6,2.5,6.5,3],"texture":"#0"},"east":{"uv":[6,2.5,6.5,3],"texture":"#0"},"south":{"uv":[6,2.5,6.5,3],"texture":"#0"},"west":{"uv":[6,2.5,6.5,3],"texture":"#0"},"up":{"uv":[6,2.5,6.5,3],"texture":"#0"},"down":{"uv":[6,2.5,6.5,3],"texture":"#0"}}},{"from":[7.5,25,12],"to":[8.5,26,13],"faces":{"north":{"uv":[6,3,6.5,3.5],"texture":"#0"},"east":{"uv":[6,3,6.5,3.5],"texture":"#0"},"south":{"uv":[6,3,6.5,3.5],"texture":"#0"},"west":{"uv":[6,3,6.5,3.5],"texture":"#0"},"up":{"uv":[6,3,6.5,3.5],"texture":"#0"},"down":{"uv":[6,3,6.5,3.5],"texture":"#0"}}},{"from":[7.3,27,11],"to":[8.7,28,12],"faces":{"north":{"uv":[5.5,2,6,2.5],"texture":"#0"},"east":{"uv":[5.5,2,6,2.5],"texture":"#0"},"south":{"uv":[5.5,2,6,2.5],"texture":"#0"},"west":{"uv":[5.5,2,6,2.5],"texture":"#0"},"up":{"uv":[5.5,2,6,2.5],"texture":"#0"},"down":{"uv":[5.5,2,6,2.5],"texture":"#0"}}},{"from":[7.5,26,11],"to":[8.5,27,12],"faces":{"north":{"uv":[5.5,2.5,6,3],"texture":"#0"},"east":{"uv":[5.5,2.5,6,3],"texture":"#0"},"south":{"uv":[5.5,2.5,6,3],"texture":"#0"},"west":{"uv":[5.5,2.5,6,3],"texture":"#0"},"up":{"uv":[5.5,2.5,6,3],"texture":"#0"},"down":{"uv":[5.5,2.5,6,3],"texture":"#0"}}},{"from":[7.5,27,10],"to":[8.5,28,11],"faces":{"north":{"uv":[5,2,5.5,2.5],"texture":"#0"},"east":{"uv":[5,2,5.5,2.5],"texture":"#0"},"south":{"uv":[5,2,5.5,2.5],"texture":"#0"},"west":{"uv":[5,2,5.5,2.5],"texture":"#0"},"up":{"uv":[5,2,5.5,2.5],"texture":"#0"},"down":{"uv":[5,2,5.5,2.5],"texture":"#0"}}},{"from":[7.5,20,22],"to":[8.5,21,23],"faces":{"north":{"uv":[11,5.5,11.5,6],"texture":"#0"},"east":{"uv":[11,5.5,11.5,6],"texture":"#0"},"south":{"uv":[11,5.5,11.5,6],"texture":"#0"},"west":{"uv":[11,5.5,11.5,6],"texture":"#0"},"up":{"uv":[11,5.5,11.5,6],"texture":"#0"},"down":{"uv":[11,5.5,11.5,6],"texture":"#0"}}},{"from":[7.3,21,22],"to":[8.7,22,23],"faces":{"north":{"uv":[11,5,11.5,5.5],"texture":"#0"},"east":{"uv":[11,5,11.5,5.5],"texture":"#0"},"south":{"uv":[11,5,11.5,5.5],"texture":"#0"},"west":{"uv":[11,5,11.5,5.5],"texture":"#0"},"up":{"uv":[11,5,11.5,5.5],"texture":"#0"},"down":{"uv":[11,5,11.5,5.5],"texture":"#0"}}},{"from":[7.5,22,22],"to":[8.5,23,23],"faces":{"north":{"uv":[11,4.5,11.5,5],"texture":"#0"},"east":{"uv":[11,4.5,11.5,5],"texture":"#0"},"south":{"uv":[11,4.5,11.5,5],"texture":"#0"},"west":{"uv":[11,4.5,11.5,5],"texture":"#0"},"up":{"uv":[11,4.5,11.5,5],"texture":"#0"},"down":{"uv":[11,4.5,11.5,5],"texture":"#0"}}},{"from":[7.2,23,22],"to":[8.8,24,23],"faces":{"north":{"uv":[11,4,11.5,4.5],"texture":"#0"},"east":{"uv":[11,4,11.5,4.5],"texture":"#0"},"south":{"uv":[11,4,11.5,4.5],"texture":"#0"},"west":{"uv":[11,4,11.5,4.5],"texture":"#0"},"up":{"uv":[11,4,11.5,4.5],"texture":"#0"},"down":{"uv":[11,4,11.5,4.5],"texture":"#0"}}},{"from":[7.2,24,22],"to":[8.8,25,23],"faces":{"north":{"uv":[11,3.5,11.5,4],"texture":"#0"},"east":{"uv":[11,3.5,11.5,4],"texture":"#0"},"south":{"uv":[11,3.5,11.5,4],"texture":"#0"},"west":{"uv":[11,3.5,11.5,4],"texture":"#0"},"up":{"uv":[11,3.5,11.5,4],"texture":"#0"},"down":{"uv":[11,3.5,11.5,4],"texture":"#0"}}},{"from":[7.3,25,22],"to":[8.7,26,23],"faces":{"north":{"uv":[11,3,11.5,3.5],"texture":"#0"},"east":{"uv":[11,3,11.5,3.5],"texture":"#0"},"south":{"uv":[11,3,11.5,3.5],"texture":"#0"},"west":{"uv":[11,3,11.5,3.5],"texture":"#0"},"up":{"uv":[11,3,11.5,3.5],"texture":"#0"},"down":{"uv":[11,3,11.5,3.5],"texture":"#0"}}},{"from":[7.3,26,22],"to":[8.7,27,23],"faces":{"north":{"uv":[11,2.5,11.5,3],"texture":"#0"},"east":{"uv":[11,2.5,11.5,3],"texture":"#0"},"south":{"uv":[11,2.5,11.5,3],"texture":"#0"},"west":{"uv":[11,2.5,11.5,3],"texture":"#0"},"up":{"uv":[11,2.5,11.5,3],"texture":"#0"},"down":{"uv":[11,2.5,11.5,3],"texture":"#0"}}},{"from":[7.5,21,23],"to":[8.5,22,24],"faces":{"north":{"uv":[11.5,5,12,5.5],"texture":"#0"},"east":{"uv":[11.5,5,12,5.5],"texture":"#0"},"south":{"uv":[11.5,5,12,5.5],"texture":"#0"},"west":{"uv":[11.5,5,12,5.5],"texture":"#0"},"up":{"uv":[11.5,5,12,5.5],"texture":"#0"},"down":{"uv":[11.5,5,12,5.5],"texture":"#0"}}},{"from":[7.3,21,24],"to":[8.7,22,25],"faces":{"north":{"uv":[12,5,12.5,5.5],"texture":"#0"},"east":{"uv":[12,5,12.5,5.5],"texture":"#0"},"south":{"uv":[12,5,12.5,5.5],"texture":"#0"},"west":{"uv":[12,5,12.5,5.5],"texture":"#0"},"up":{"uv":[12,5,12.5,5.5],"texture":"#0"},"down":{"uv":[12,5,12.5,5.5],"texture":"#0"}}},{"from":[7.2,21,25],"to":[8.8,22,26],"faces":{"north":{"uv":[12.5,5,13,5.5],"texture":"#0"},"east":{"uv":[12.5,5,13,5.5],"texture":"#0"},"south":{"uv":[12.5,5,13,5.5],"texture":"#0"},"west":{"uv":[12.5,5,13,5.5],"texture":"#0"},"up":{"uv":[12.5,5,13,5.5],"texture":"#0"},"down":{"uv":[12.5,5,13,5.5],"texture":"#0"}}},{"from":[7.2,21,26],"to":[8.8,22,27],"faces":{"north":{"uv":[13,5,13.5,5.5],"texture":"#0"},"east":{"uv":[13,5,13.5,5.5],"texture":"#0"},"south":{"uv":[13,5,13.5,5.5],"texture":"#0"},"west":{"uv":[13,5,13.5,5.5],"texture":"#0"},"up":{"uv":[13,5,13.5,5.5],"texture":"#0"},"down":{"uv":[13,5,13.5,5.5],"texture":"#0"}}},{"from":[7.2,21,27],"to":[8.8,22,28],"faces":{"north":{"uv":[13.5,5,14,5.5],"texture":"#0"},"east":{"uv":[13.5,5,14,5.5],"texture":"#0"},"south":{"uv":[13.5,5,14,5.5],"texture":"#0"},"west":{"uv":[13.5,5,14,5.5],"texture":"#0"},"up":{"uv":[13.5,5,14,5.5],"texture":"#0"},"down":{"uv":[13.5,5,14,5.5],"texture":"#0"}}},{"from":[7.2,21,28],"to":[8.8,22,29],"faces":{"north":{"uv":[14,5,14.5,5.5],"texture":"#0"},"east":{"uv":[14,5,14.5,5.5],"texture":"#0"},"south":{"uv":[14,5,14.5,5.5],"texture":"#0"},"west":{"uv":[14,5,14.5,5.5],"texture":"#0"},"up":{"uv":[14,5,14.5,5.5],"texture":"#0"},"down":{"uv":[14,5,14.5,5.5],"texture":"#0"}}},{"from":[7.2,21,29],"to":[8.8,22,30],"faces":{"north":{"uv":[14.5,5,15,5.5],"texture":"#0"},"east":{"uv":[14.5,5,15,5.5],"texture":"#0"},"south":{"uv":[14.5,5,15,5.5],"texture":"#0"},"west":{"uv":[14.5,5,15,5.5],"texture":"#0"},"up":{"uv":[14.5,5,15,5.5],"texture":"#0"},"down":{"uv":[14.5,5,15,5.5],"texture":"#0"}}},{"from":[7.2,22,30],"to":[8.8,23,31],"faces":{"north":{"uv":[15,4.5,15.5,5],"texture":"#0"},"east":{"uv":[15,4.5,15.5,5],"texture":"#0"},"south":{"uv":[15,4.5,15.5,5],"texture":"#0"},"west":{"uv":[15,4.5,15.5,5],"texture":"#0"},"up":{"uv":[15,4.5,15.5,5],"texture":"#0"},"down":{"uv":[15,4.5,15.5,5],"texture":"#0"}}},{"from":[7.3,23,31],"to":[8.7,24,32],"faces":{"north":{"uv":[15.5,4,16,4.5],"texture":"#0"},"east":{"uv":[15.5,4,16,4.5],"texture":"#0"},"south":{"uv":[15.5,4,16,4.5],"texture":"#0"},"west":{"uv":[15.5,4,16,4.5],"texture":"#0"},"up":{"uv":[15.5,4,16,4.5],"texture":"#0"},"down":{"uv":[15.5,4,16,4.5],"texture":"#0"}}},{"from":[7.5,22,23],"to":[8.5,23,24],"faces":{"north":{"uv":[11.5,4.5,12,5],"texture":"#0"},"east":{"uv":[11.5,4.5,12,5],"texture":"#0"},"south":{"uv":[11.5,4.5,12,5],"texture":"#0"},"west":{"uv":[11.5,4.5,12,5],"texture":"#0"},"up":{"uv":[11.5,4.5,12,5],"texture":"#0"},"down":{"uv":[11.5,4.5,12,5],"texture":"#0"}}},{"from":[7.2,23,23],"to":[8.8,24,24],"faces":{"north":{"uv":[11.5,4,12,4.5],"texture":"#0"},"east":{"uv":[11.5,4,12,4.5],"texture":"#0"},"south":{"uv":[11.5,4,12,4.5],"texture":"#0"},"west":{"uv":[11.5,4,12,4.5],"texture":"#0"},"up":{"uv":[11.5,4,12,4.5],"texture":"#0"},"down":{"uv":[11.5,4,12,4.5],"texture":"#0"}}},{"from":[7.2,24,23],"to":[8.8,25,24],"faces":{"north":{"uv":[11.5,3.5,12,4],"texture":"#0"},"east":{"uv":[11.5,3.5,12,4],"texture":"#0"},"south":{"uv":[11.5,3.5,12,4],"texture":"#0"},"west":{"uv":[11.5,3.5,12,4],"texture":"#0"},"up":{"uv":[11.5,3.5,12,4],"texture":"#0"},"down":{"uv":[11.5,3.5,12,4],"texture":"#0"}}},{"from":[7.5,25,23],"to":[8.5,26,24],"faces":{"north":{"uv":[11.5,3,12,3.5],"texture":"#0"},"east":{"uv":[11.5,3,12,3.5],"texture":"#0"},"south":{"uv":[11.5,3,12,3.5],"texture":"#0"},"west":{"uv":[11.5,3,12,3.5],"texture":"#0"},"up":{"uv":[11.5,3,12,3.5],"texture":"#0"},"down":{"uv":[11.5,3,12,3.5],"texture":"#0"}}},{"from":[7.5,26,23],"to":[8.5,27,24],"faces":{"north":{"uv":[11.5,2.5,12,3],"texture":"#0"},"east":{"uv":[11.5,2.5,12,3],"texture":"#0"},"south":{"uv":[11.5,2.5,12,3],"texture":"#0"},"west":{"uv":[11.5,2.5,12,3],"texture":"#0"},"up":{"uv":[11.5,2.5,12,3],"texture":"#0"},"down":{"uv":[11.5,2.5,12,3],"texture":"#0"}}},{"from":[7.3,22,24],"to":[8.7,23,25],"faces":{"north":{"uv":[12,4.5,12.5,5],"texture":"#0"},"east":{"uv":[12,4.5,12.5,5],"texture":"#0"},"south":{"uv":[12,4.5,12.5,5],"texture":"#0"},"west":{"uv":[12,4.5,12.5,5],"texture":"#0"},"up":{"uv":[12,4.5,12.5,5],"texture":"#0"},"down":{"uv":[12,4.5,12.5,5],"texture":"#0"}}},{"from":[7.2,23,24],"to":[8.8,24,25],"faces":{"north":{"uv":[12,4,12.5,4.5],"texture":"#0"},"east":{"uv":[12,4,12.5,4.5],"texture":"#0"},"south":{"uv":[12,4,12.5,4.5],"texture":"#0"},"west":{"uv":[12,4,12.5,4.5],"texture":"#0"},"up":{"uv":[12,4,12.5,4.5],"texture":"#0"},"down":{"uv":[12,4,12.5,4.5],"texture":"#0"}}},{"from":[7.2,24,24],"to":[8.8,25,25],"faces":{"north":{"uv":[12,3.5,12.5,4],"texture":"#0"},"east":{"uv":[12,3.5,12.5,4],"texture":"#0"},"south":{"uv":[12,3.5,12.5,4],"texture":"#0"},"west":{"uv":[12,3.5,12.5,4],"texture":"#0"},"up":{"uv":[12,3.5,12.5,4],"texture":"#0"},"down":{"uv":[12,3.5,12.5,4],"texture":"#0"}}},{"from":[7.3,25,24],"to":[8.7,26,25],"faces":{"north":{"uv":[12,3,12.5,3.5],"texture":"#0"},"east":{"uv":[12,3,12.5,3.5],"texture":"#0"},"south":{"uv":[12,3,12.5,3.5],"texture":"#0"},"west":{"uv":[12,3,12.5,3.5],"texture":"#0"},"up":{"uv":[12,3,12.5,3.5],"texture":"#0"},"down":{"uv":[12,3,12.5,3.5],"texture":"#0"}}},{"from":[7.2,22,25],"to":[8.8,23,26],"faces":{"north":{"uv":[12.5,4.5,13,5],"texture":"#0"},"east":{"uv":[12.5,4.5,13,5],"texture":"#0"},"south":{"uv":[12.5,4.5,13,5],"texture":"#0"},"west":{"uv":[12.5,4.5,13,5],"texture":"#0"},"up":{"uv":[12.5,4.5,13,5],"texture":"#0"},"down":{"uv":[12.5,4.5,13,5],"texture":"#0"}}},{"from":[7.3,23,25],"to":[8.7,24,26],"faces":{"north":{"uv":[12.5,4,13,4.5],"texture":"#0"},"east":{"uv":[12.5,4,13,4.5],"texture":"#0"},"south":{"uv":[12.5,4,13,4.5],"texture":"#0"},"west":{"uv":[12.5,4,13,4.5],"texture":"#0"},"up":{"uv":[12.5,4,13,4.5],"texture":"#0"},"down":{"uv":[12.5,4,13,4.5],"texture":"#0"}}},{"from":[7.2,24,25],"to":[8.8,25,26],"faces":{"north":{"uv":[12.5,3.5,13,4],"texture":"#0"},"east":{"uv":[12.5,3.5,13,4],"texture":"#0"},"south":{"uv":[12.5,3.5,13,4],"texture":"#0"},"west":{"uv":[12.5,3.5,13,4],"texture":"#0"},"up":{"uv":[12.5,3.5,13,4],"texture":"#0"},"down":{"uv":[12.5,3.5,13,4],"texture":"#0"}}},{"from":[7.3,25,25],"to":[8.7,26,26],"faces":{"north":{"uv":[12.5,3,13,3.5],"texture":"#0"},"east":{"uv":[12.5,3,13,3.5],"texture":"#0"},"south":{"uv":[12.5,3,13,3.5],"texture":"#0"},"west":{"uv":[12.5,3,13,3.5],"texture":"#0"},"up":{"uv":[12.5,3,13,3.5],"texture":"#0"},"down":{"uv":[12.5,3,13,3.5],"texture":"#0"}}},{"from":[7.2,22,26],"to":[8.8,23,27],"faces":{"north":{"uv":[13,4.5,13.5,5],"texture":"#0"},"east":{"uv":[13,4.5,13.5,5],"texture":"#0"},"south":{"uv":[13,4.5,13.5,5],"texture":"#0"},"west":{"uv":[13,4.5,13.5,5],"texture":"#0"},"up":{"uv":[13,4.5,13.5,5],"texture":"#0"},"down":{"uv":[13,4.5,13.5,5],"texture":"#0"}}},{"from":[7.3,23,26],"to":[8.7,24,27],"faces":{"north":{"uv":[13,4,13.5,4.5],"texture":"#0"},"east":{"uv":[13,4,13.5,4.5],"texture":"#0"},"south":{"uv":[13,4,13.5,4.5],"texture":"#0"},"west":{"uv":[13,4,13.5,4.5],"texture":"#0"},"up":{"uv":[13,4,13.5,4.5],"texture":"#0"},"down":{"uv":[13,4,13.5,4.5],"texture":"#0"}}},{"from":[7.3,24,26],"to":[8.7,25,27],"faces":{"north":{"uv":[13,3.5,13.5,4],"texture":"#0"},"east":{"uv":[13,3.5,13.5,4],"texture":"#0"},"south":{"uv":[13,3.5,13.5,4],"texture":"#0"},"west":{"uv":[13,3.5,13.5,4],"texture":"#0"},"up":{"uv":[13,3.5,13.5,4],"texture":"#0"},"down":{"uv":[13,3.5,13.5,4],"texture":"#0"}}},{"from":[7.5,25,26],"to":[8.5,26,27],"faces":{"north":{"uv":[13,3,13.5,3.5],"texture":"#0"},"east":{"uv":[13,3,13.5,3.5],"texture":"#0"},"south":{"uv":[13,3,13.5,3.5],"texture":"#0"},"west":{"uv":[13,3,13.5,3.5],"texture":"#0"},"up":{"uv":[13,3,13.5,3.5],"texture":"#0"},"down":{"uv":[13,3,13.5,3.5],"texture":"#0"}}},{"from":[7.5,22,27],"to":[8.5,23,28],"faces":{"north":{"uv":[13.5,4.5,14,5],"texture":"#0"},"east":{"uv":[13.5,4.5,14,5],"texture":"#0"},"south":{"uv":[13.5,4.5,14,5],"texture":"#0"},"west":{"uv":[13.5,4.5,14,5],"texture":"#0"},"up":{"uv":[13.5,4.5,14,5],"texture":"#0"},"down":{"uv":[13.5,4.5,14,5],"texture":"#0"}}},{"from":[7.3,23,27],"to":[8.7,24,28],"faces":{"north":{"uv":[13.5,4,14,4.5],"texture":"#0"},"east":{"uv":[13.5,4,14,4.5],"texture":"#0"},"south":{"uv":[13.5,4,14,4.5],"texture":"#0"},"west":{"uv":[13.5,4,14,4.5],"texture":"#0"},"up":{"uv":[13.5,4,14,4.5],"texture":"#0"},"down":{"uv":[13.5,4,14,4.5],"texture":"#0"}}},{"from":[7.2,22,28],"to":[8.8,23,29],"faces":{"north":{"uv":[14,4.5,14.5,5],"texture":"#0"},"east":{"uv":[14,4.5,14.5,5],"texture":"#0"},"south":{"uv":[14,4.5,14.5,5],"texture":"#0"},"west":{"uv":[14,4.5,14.5,5],"texture":"#0"},"up":{"uv":[14,4.5,14.5,5],"texture":"#0"},"down":{"uv":[14,4.5,14.5,5],"texture":"#0"}}},{"from":[7.2,22,29],"to":[8.8,23,30],"faces":{"north":{"uv":[14.5,4.5,15,5],"texture":"#0"},"east":{"uv":[14.5,4.5,15,5],"texture":"#0"},"south":{"uv":[14.5,4.5,15,5],"texture":"#0"},"west":{"uv":[14.5,4.5,15,5],"texture":"#0"},"up":{"uv":[14.5,4.5,15,5],"texture":"#0"},"down":{"uv":[14.5,4.5,15,5],"texture":"#0"}}},{"from":[7.2,23,30],"to":[8.8,24,31],"faces":{"north":{"uv":[15,4,15.5,4.5],"texture":"#0"},"east":{"uv":[15,4,15.5,4.5],"texture":"#0"},"south":{"uv":[15,4,15.5,4.5],"texture":"#0"},"west":{"uv":[15,4,15.5,4.5],"texture":"#0"},"up":{"uv":[15,4,15.5,4.5],"texture":"#0"},"down":{"uv":[15,4,15.5,4.5],"texture":"#0"}}},{"from":[7.2,23,29],"to":[8.8,24,30],"faces":{"north":{"uv":[14.5,4,15,4.5],"texture":"#0"},"east":{"uv":[14.5,4,15,4.5],"texture":"#0"},"south":{"uv":[14.5,4,15,4.5],"texture":"#0"},"west":{"uv":[14.5,4,15,4.5],"texture":"#0"},"up":{"uv":[14.5,4,15,4.5],"texture":"#0"},"down":{"uv":[14.5,4,15,4.5],"texture":"#0"}}},{"from":[7.3,23,28],"to":[8.7,24,29],"faces":{"north":{"uv":[14,4,14.5,4.5],"texture":"#0"},"east":{"uv":[14,4,14.5,4.5],"texture":"#0"},"south":{"uv":[14,4,14.5,4.5],"texture":"#0"},"west":{"uv":[14,4,14.5,4.5],"texture":"#0"},"up":{"uv":[14,4,14.5,4.5],"texture":"#0"},"down":{"uv":[14,4,14.5,4.5],"texture":"#0"}}},{"from":[7.2,24,31],"to":[8.8,25,32],"faces":{"north":{"uv":[15.5,3.5,16,4],"texture":"#0"},"east":{"uv":[15.5,3.5,16,4],"texture":"#0"},"south":{"uv":[15.5,3.5,16,4],"texture":"#0"},"west":{"uv":[15.5,3.5,16,4],"texture":"#0"},"up":{"uv":[15.5,3.5,16,4],"texture":"#0"},"down":{"uv":[15.5,3.5,16,4],"texture":"#0"}}},{"from":[7.2,24,30],"to":[8.8,25,31],"faces":{"north":{"uv":[15,3.5,15.5,4],"texture":"#0"},"east":{"uv":[15,3.5,15.5,4],"texture":"#0"},"south":{"uv":[15,3.5,15.5,4],"texture":"#0"},"west":{"uv":[15,3.5,15.5,4],"texture":"#0"},"up":{"uv":[15,3.5,15.5,4],"texture":"#0"},"down":{"uv":[15,3.5,15.5,4],"texture":"#0"}}},{"from":[7.5,24,29],"to":[8.5,25,30],"faces":{"north":{"uv":[14.5,3.5,15,4],"texture":"#0"},"east":{"uv":[14.5,3.5,15,4],"texture":"#0"},"south":{"uv":[14.5,3.5,15,4],"texture":"#0"},"west":{"uv":[14.5,3.5,15,4],"texture":"#0"},"up":{"uv":[14.5,3.5,15,4],"texture":"#0"},"down":{"uv":[14.5,3.5,15,4],"texture":"#0"}}},{"from":[7.3,25,31],"to":[8.7,26,32],"faces":{"north":{"uv":[15.5,3,16,3.5],"texture":"#0"},"east":{"uv":[15.5,3,16,3.5],"texture":"#0"},"south":{"uv":[15.5,3,16,3.5],"texture":"#0"},"west":{"uv":[15.5,3,16,3.5],"texture":"#0"},"up":{"uv":[15.5,3,16,3.5],"texture":"#0"},"down":{"uv":[15.5,3,16,3.5],"texture":"#0"}}},{"from":[7.3,25,30],"to":[8.7,26,31],"faces":{"north":{"uv":[15,3,15.5,3.5],"texture":"#0"},"east":{"uv":[15,3,15.5,3.5],"texture":"#0"},"south":{"uv":[15,3,15.5,3.5],"texture":"#0"},"west":{"uv":[15,3,15.5,3.5],"texture":"#0"},"up":{"uv":[15,3,15.5,3.5],"texture":"#0"},"down":{"uv":[15,3,15.5,3.5],"texture":"#0"}}},{"from":[7.5,26,30],"to":[8.5,27,31],"faces":{"north":{"uv":[15,2.5,15.5,3],"texture":"#0"},"east":{"uv":[15,2.5,15.5,3],"texture":"#0"},"south":{"uv":[15,2.5,15.5,3],"texture":"#0"},"west":{"uv":[15,2.5,15.5,3],"texture":"#0"},"up":{"uv":[15,2.5,15.5,3],"texture":"#0"},"down":{"uv":[15,2.5,15.5,3],"texture":"#0"}}},{"from":[7.5,20,16],"to":[8.5,21,17],"faces":{"north":{"uv":[8,5.5,8.5,6],"texture":"#0"},"east":{"uv":[8,5.5,8.5,6],"texture":"#0"},"south":{"uv":[8,5.5,8.5,6],"texture":"#0"},"west":{"uv":[8,5.5,8.5,6],"texture":"#0"},"up":{"uv":[8,5.5,8.5,6],"texture":"#0"},"down":{"uv":[8,5.5,8.5,6],"texture":"#0"}}},{"from":[7.5,20,17],"to":[8.5,21,18],"faces":{"north":{"uv":[8.5,5.5,9,6],"texture":"#0"},"east":{"uv":[8.5,5.5,9,6],"texture":"#0"},"south":{"uv":[8.5,5.5,9,6],"texture":"#0"},"west":{"uv":[8.5,5.5,9,6],"texture":"#0"},"up":{"uv":[8.5,5.5,9,6],"texture":"#0"},"down":{"uv":[8.5,5.5,9,6],"texture":"#0"}}},{"from":[7.5,20,18],"to":[8.5,21,19],"faces":{"north":{"uv":[9,5.5,9.5,6],"texture":"#0"},"east":{"uv":[9,5.5,9.5,6],"texture":"#0"},"south":{"uv":[9,5.5,9.5,6],"texture":"#0"},"west":{"uv":[9,5.5,9.5,6],"texture":"#0"},"up":{"uv":[9,5.5,9.5,6],"texture":"#0"},"down":{"uv":[9,5.5,9.5,6],"texture":"#0"}}},{"from":[7.5,3,2],"to":[8.5,4,3],"faces":{"north":{"uv":[1,14,1.5,14.5],"texture":"#0"},"east":{"uv":[1,14,1.5,14.5],"texture":"#0"},"south":{"uv":[1,14,1.5,14.5],"texture":"#0"},"west":{"uv":[1,14,1.5,14.5],"texture":"#0"},"up":{"uv":[1,14,1.5,14.5],"texture":"#0"},"down":{"uv":[1,14,1.5,14.5],"texture":"#0"}}}]}