{"display":{"thirdperson_righthand":{"rotation":[8.66,-67.58,45.12],"translation":[-7,-4.75,2.75]},"thirdperson_lefthand":{"rotation":[-167.47,79.68,122.43],"translation":[7.5,-3.5,-1.75]},"firstperson_righthand":{"rotation":[-125.07,-83.69,-88.3],"translation":[-5,0,0],"scale":[0.6,0.6,0.6]},"firstperson_lefthand":{"rotation":[23.6,78.61,-69.77],"translation":[6.25,0,0.5],"scale":[0.6,0.6,0.6]},"ground":{"translation":[-0.5,0,2],"scale":[0.3,0.3,0.3]},"gui":{"rotation":[180,0,180],"translation":[3.25,-4,0],"scale":[0.5,0.5,0.5]},"fixed":{"translation":[-2,-4,3.5],"scale":[0.5,0.5,0.5]}},"texture_size":[32,32],"textures":{"0":"item/iron_hoe/3","particle":"item/iron_hoe/3"},"elements":[{"from":[0,1,0],"to":[1,2,1],"faces":{"north":{"uv":[14.5,15,15,15.5],"texture":"#0"},"east":{"uv":[14.5,15,15,15.5],"texture":"#0"},"south":{"uv":[14.5,15,15,15.5],"texture":"#0"},"west":{"uv":[14.5,15,15,15.5],"texture":"#0"},"up":{"uv":[14.5,15,15,15.5],"texture":"#0"},"down":{"uv":[14.5,15,15,15.5],"texture":"#0"}}},{"from":[0,2,0],"to":[1,3,1],"faces":{"north":{"uv":[14.5,14.5,15,15],"texture":"#0"},"east":{"uv":[14.5,14.5,15,15],"texture":"#0"},"south":{"uv":[14.5,14.5,15,15],"texture":"#0"},"west":{"uv":[14.5,14.5,15,15],"texture":"#0"},"up":{"uv":[14.5,14.5,15,15],"texture":"#0"},"down":{"uv":[14.5,14.5,15,15],"texture":"#0"}}},{"from":[0,3,0],"to":[1,4,1],"faces":{"north":{"uv":[14.5,14,15,14.5],"texture":"#0"},"east":{"uv":[14.5,14,15,14.5],"texture":"#0"},"south":{"uv":[14.5,14,15,14.5],"texture":"#0"},"west":{"uv":[14.5,14,15,14.5],"texture":"#0"},"up":{"uv":[14.5,14,15,14.5],"texture":"#0"},"down":{"uv":[14.5,14,15,14.5],"texture":"#0"}}},{"from":[1,0,0],"to":[2,1,1],"faces":{"north":{"uv":[14,15.5,14.5,16],"texture":"#0"},"east":{"uv":[14,15.5,14.5,16],"texture":"#0"},"south":{"uv":[14,15.5,14.5,16],"texture":"#0"},"west":{"uv":[14,15.5,14.5,16],"texture":"#0"},"up":{"uv":[14,15.5,14.5,16],"texture":"#0"},"down":{"uv":[14,15.5,14.5,16],"texture":"#0"}}},{"from":[2,0,0],"to":[3,1,1],"faces":{"north":{"uv":[13.5,15.5,14,16],"texture":"#0"},"east":{"uv":[13.5,15.5,14,16],"texture":"#0"},"south":{"uv":[13.5,15.5,14,16],"texture":"#0"},"west":{"uv":[13.5,15.5,14,16],"texture":"#0"},"up":{"uv":[13.5,15.5,14,16],"texture":"#0"},"down":{"uv":[13.5,15.5,14,16],"texture":"#0"}}},{"from":[3,0,0],"to":[4,1,1],"faces":{"north":{"uv":[13,15.5,13.5,16],"texture":"#0"},"east":{"uv":[13,15.5,13.5,16],"texture":"#0"},"south":{"uv":[13,15.5,13.5,16],"texture":"#0"},"west":{"uv":[13,15.5,13.5,16],"texture":"#0"},"up":{"uv":[13,15.5,13.5,16],"texture":"#0"},"down":{"uv":[13,15.5,13.5,16],"texture":"#0"}}},{"from":[1,1,-0.2],"to":[2,2,1.2],"faces":{"north":{"uv":[14,15,14.5,15.5],"texture":"#0"},"east":{"uv":[14,15,14.5,15.5],"texture":"#0"},"south":{"uv":[14,15,14.5,15.5],"texture":"#0"},"west":{"uv":[14,15,14.5,15.5],"texture":"#0"},"up":{"uv":[14,15,14.5,15.5],"texture":"#0"},"down":{"uv":[14,15,14.5,15.5],"texture":"#0"}}},{"from":[2,1,0],"to":[3,2,1],"faces":{"north":{"uv":[13.5,15,14,15.5],"texture":"#0"},"east":{"uv":[13.5,15,14,15.5],"texture":"#0"},"south":{"uv":[13.5,15,14,15.5],"texture":"#0"},"west":{"uv":[13.5,15,14,15.5],"texture":"#0"},"up":{"uv":[13.5,15,14,15.5],"texture":"#0"},"down":{"uv":[13.5,15,14,15.5],"texture":"#0"}}},{"from":[1,2,0],"to":[2,3,1],"faces":{"north":{"uv":[14,14.5,14.5,15],"texture":"#0"},"east":{"uv":[14,14.5,14.5,15],"texture":"#0"},"south":{"uv":[14,14.5,14.5,15],"texture":"#0"},"west":{"uv":[14,14.5,14.5,15],"texture":"#0"},"up":{"uv":[14,14.5,14.5,15],"texture":"#0"},"down":{"uv":[14,14.5,14.5,15],"texture":"#0"}}},{"from":[2,2,-0.1],"to":[3,3,1.1],"faces":{"north":{"uv":[13.5,14.5,14,15],"texture":"#0"},"east":{"uv":[13.5,14.5,14,15],"texture":"#0"},"south":{"uv":[13.5,14.5,14,15],"texture":"#0"},"west":{"uv":[13.5,14.5,14,15],"texture":"#0"},"up":{"uv":[13.5,14.5,14,15],"texture":"#0"},"down":{"uv":[13.5,14.5,14,15],"texture":"#0"}}},{"from":[3,2,0],"to":[4,3,1],"faces":{"north":{"uv":[13,14.5,13.5,15],"texture":"#0"},"east":{"uv":[13,14.5,13.5,15],"texture":"#0"},"south":{"uv":[13,14.5,13.5,15],"texture":"#0"},"west":{"uv":[13,14.5,13.5,15],"texture":"#0"},"up":{"uv":[13,14.5,13.5,15],"texture":"#0"},"down":{"uv":[13,14.5,13.5,15],"texture":"#0"}}},{"from":[2,3,0],"to":[3,4,1],"faces":{"north":{"uv":[13.5,14,14,14.5],"texture":"#0"},"east":{"uv":[13.5,14,14,14.5],"texture":"#0"},"south":{"uv":[13.5,14,14,14.5],"texture":"#0"},"west":{"uv":[13.5,14,14,14.5],"texture":"#0"},"up":{"uv":[13.5,14,14,14.5],"texture":"#0"},"down":{"uv":[13.5,14,14,14.5],"texture":"#0"}}},{"from":[3,3,-0.1],"to":[4,4,1.1],"faces":{"north":{"uv":[13,14,13.5,14.5],"texture":"#0"},"east":{"uv":[13,14,13.5,14.5],"texture":"#0"},"south":{"uv":[13,14,13.5,14.5],"texture":"#0"},"west":{"uv":[13,14,13.5,14.5],"texture":"#0"},"up":{"uv":[13,14,13.5,14.5],"texture":"#0"},"down":{"uv":[13,14,13.5,14.5],"texture":"#0"}}},{"from":[3,4,0],"to":[4,5,1],"faces":{"north":{"uv":[13,13.5,13.5,14],"texture":"#0"},"east":{"uv":[13,13.5,13.5,14],"texture":"#0"},"south":{"uv":[13,13.5,13.5,14],"texture":"#0"},"west":{"uv":[13,13.5,13.5,14],"texture":"#0"},"up":{"uv":[13,13.5,13.5,14],"texture":"#0"},"down":{"uv":[13,13.5,13.5,14],"texture":"#0"}}},{"from":[4,4,-0.1],"to":[5,5,1.1],"faces":{"north":{"uv":[12.5,13.5,13,14],"texture":"#0"},"east":{"uv":[12.5,13.5,13,14],"texture":"#0"},"south":{"uv":[12.5,13.5,13,14],"texture":"#0"},"west":{"uv":[12.5,13.5,13,14],"texture":"#0"},"up":{"uv":[12.5,13.5,13,14],"texture":"#0"},"down":{"uv":[12.5,13.5,13,14],"texture":"#0"}}},{"from":[4,3,0],"to":[5,4,1],"faces":{"north":{"uv":[12.5,14,13,14.5],"texture":"#0"},"east":{"uv":[12.5,14,13,14.5],"texture":"#0"},"south":{"uv":[12.5,14,13,14.5],"texture":"#0"},"west":{"uv":[12.5,14,13,14.5],"texture":"#0"},"up":{"uv":[12.5,14,13,14.5],"texture":"#0"},"down":{"uv":[12.5,14,13,14.5],"texture":"#0"}}},{"from":[5,4,0],"to":[6,5,1],"faces":{"north":{"uv":[12,13.5,12.5,14],"texture":"#0"},"east":{"uv":[12,13.5,12.5,14],"texture":"#0"},"south":{"uv":[12,13.5,12.5,14],"texture":"#0"},"west":{"uv":[12,13.5,12.5,14],"texture":"#0"},"up":{"uv":[12,13.5,12.5,14],"texture":"#0"},"down":{"uv":[12,13.5,12.5,14],"texture":"#0"}}},{"from":[5,5,-0.1],"to":[6,6,1.1],"faces":{"north":{"uv":[12,13,12.5,13.5],"texture":"#0"},"east":{"uv":[12,13,12.5,13.5],"texture":"#0"},"south":{"uv":[12,13,12.5,13.5],"texture":"#0"},"west":{"uv":[12,13,12.5,13.5],"texture":"#0"},"up":{"uv":[12,13,12.5,13.5],"texture":"#0"},"down":{"uv":[12,13,12.5,13.5],"texture":"#0"}}},{"from":[4,5,0],"to":[5,6,1],"faces":{"north":{"uv":[12.5,13,13,13.5],"texture":"#0"},"east":{"uv":[12.5,13,13,13.5],"texture":"#0"},"south":{"uv":[12.5,13,13,13.5],"texture":"#0"},"west":{"uv":[12.5,13,13,13.5],"texture":"#0"},"up":{"uv":[12.5,13,13,13.5],"texture":"#0"},"down":{"uv":[12.5,13,13,13.5],"texture":"#0"}}},{"from":[5,6,0],"to":[6,7,1],"faces":{"north":{"uv":[12,12.5,12.5,13],"texture":"#0"},"east":{"uv":[12,12.5,12.5,13],"texture":"#0"},"south":{"uv":[12,12.5,12.5,13],"texture":"#0"},"west":{"uv":[12,12.5,12.5,13],"texture":"#0"},"up":{"uv":[12,12.5,12.5,13],"texture":"#0"},"down":{"uv":[12,12.5,12.5,13],"texture":"#0"}}},{"from":[6,6,-0.1],"to":[7,7,1.1],"faces":{"north":{"uv":[11.5,12.5,12,13],"texture":"#0"},"east":{"uv":[11.5,12.5,12,13],"texture":"#0"},"south":{"uv":[11.5,12.5,12,13],"texture":"#0"},"west":{"uv":[11.5,12.5,12,13],"texture":"#0"},"up":{"uv":[11.5,12.5,12,13],"texture":"#0"},"down":{"uv":[11.5,12.5,12,13],"texture":"#0"}}},{"from":[6,5,0],"to":[7,6,1],"faces":{"north":{"uv":[11.5,13,12,13.5],"texture":"#0"},"east":{"uv":[11.5,13,12,13.5],"texture":"#0"},"south":{"uv":[11.5,13,12,13.5],"texture":"#0"},"west":{"uv":[11.5,13,12,13.5],"texture":"#0"},"up":{"uv":[11.5,13,12,13.5],"texture":"#0"},"down":{"uv":[11.5,13,12,13.5],"texture":"#0"}}},{"from":[7,6,0],"to":[8,7,1],"faces":{"north":{"uv":[11,12.5,11.5,13],"texture":"#0"},"east":{"uv":[11,12.5,11.5,13],"texture":"#0"},"south":{"uv":[11,12.5,11.5,13],"texture":"#0"},"west":{"uv":[11,12.5,11.5,13],"texture":"#0"},"up":{"uv":[11,12.5,11.5,13],"texture":"#0"},"down":{"uv":[11,12.5,11.5,13],"texture":"#0"}}},{"from":[7,7,-0.1],"to":[8,8,1.1],"faces":{"north":{"uv":[11,12,11.5,12.5],"texture":"#0"},"east":{"uv":[11,12,11.5,12.5],"texture":"#0"},"south":{"uv":[11,12,11.5,12.5],"texture":"#0"},"west":{"uv":[11,12,11.5,12.5],"texture":"#0"},"up":{"uv":[11,12,11.5,12.5],"texture":"#0"},"down":{"uv":[11,12,11.5,12.5],"texture":"#0"}}},{"from":[6,7,0],"to":[7,8,1],"faces":{"north":{"uv":[11.5,12,12,12.5],"texture":"#0"},"east":{"uv":[11.5,12,12,12.5],"texture":"#0"},"south":{"uv":[11.5,12,12,12.5],"texture":"#0"},"west":{"uv":[11.5,12,12,12.5],"texture":"#0"},"up":{"uv":[11.5,12,12,12.5],"texture":"#0"},"down":{"uv":[11.5,12,12,12.5],"texture":"#0"}}},{"from":[8,7,0],"to":[9,8,1],"faces":{"north":{"uv":[10.5,12,11,12.5],"texture":"#0"},"east":{"uv":[10.5,12,11,12.5],"texture":"#0"},"south":{"uv":[10.5,12,11,12.5],"texture":"#0"},"west":{"uv":[10.5,12,11,12.5],"texture":"#0"},"up":{"uv":[10.5,12,11,12.5],"texture":"#0"},"down":{"uv":[10.5,12,11,12.5],"texture":"#0"}}},{"from":[8,8,-0.1],"to":[9,9,1.1],"faces":{"north":{"uv":[10.5,11.5,11,12],"texture":"#0"},"east":{"uv":[10.5,11.5,11,12],"texture":"#0"},"south":{"uv":[10.5,11.5,11,12],"texture":"#0"},"west":{"uv":[10.5,11.5,11,12],"texture":"#0"},"up":{"uv":[10.5,11.5,11,12],"texture":"#0"},"down":{"uv":[10.5,11.5,11,12],"texture":"#0"}}},{"from":[7,8,0],"to":[8,9,1],"faces":{"north":{"uv":[11,11.5,11.5,12],"texture":"#0"},"east":{"uv":[11,11.5,11.5,12],"texture":"#0"},"south":{"uv":[11,11.5,11.5,12],"texture":"#0"},"west":{"uv":[11,11.5,11.5,12],"texture":"#0"},"up":{"uv":[11,11.5,11.5,12],"texture":"#0"},"down":{"uv":[11,11.5,11.5,12],"texture":"#0"}}},{"from":[9,8,0],"to":[10,9,1],"faces":{"north":{"uv":[10,11.5,10.5,12],"texture":"#0"},"east":{"uv":[10,11.5,10.5,12],"texture":"#0"},"south":{"uv":[10,11.5,10.5,12],"texture":"#0"},"west":{"uv":[10,11.5,10.5,12],"texture":"#0"},"up":{"uv":[10,11.5,10.5,12],"texture":"#0"},"down":{"uv":[10,11.5,10.5,12],"texture":"#0"}}},{"from":[9,9,-0.1],"to":[10,10,1.1],"faces":{"north":{"uv":[10,11,10.5,11.5],"texture":"#0"},"east":{"uv":[10,11,10.5,11.5],"texture":"#0"},"south":{"uv":[10,11,10.5,11.5],"texture":"#0"},"west":{"uv":[10,11,10.5,11.5],"texture":"#0"},"up":{"uv":[10,11,10.5,11.5],"texture":"#0"},"down":{"uv":[10,11,10.5,11.5],"texture":"#0"}}},{"from":[8,9,0],"to":[9,10,1],"faces":{"north":{"uv":[10.5,11,11,11.5],"texture":"#0"},"east":{"uv":[10.5,11,11,11.5],"texture":"#0"},"south":{"uv":[10.5,11,11,11.5],"texture":"#0"},"west":{"uv":[10.5,11,11,11.5],"texture":"#0"},"up":{"uv":[10.5,11,11,11.5],"texture":"#0"},"down":{"uv":[10.5,11,11,11.5],"texture":"#0"}}},{"from":[10,9,0],"to":[11,10,1],"faces":{"north":{"uv":[9.5,11,10,11.5],"texture":"#0"},"east":{"uv":[9.5,11,10,11.5],"texture":"#0"},"south":{"uv":[9.5,11,10,11.5],"texture":"#0"},"west":{"uv":[9.5,11,10,11.5],"texture":"#0"},"up":{"uv":[9.5,11,10,11.5],"texture":"#0"},"down":{"uv":[9.5,11,10,11.5],"texture":"#0"}}},{"from":[10,10,-0.1],"to":[11,11,1.1],"faces":{"north":{"uv":[9.5,10.5,10,11],"texture":"#0"},"east":{"uv":[9.5,10.5,10,11],"texture":"#0"},"south":{"uv":[9.5,10.5,10,11],"texture":"#0"},"west":{"uv":[9.5,10.5,10,11],"texture":"#0"},"up":{"uv":[9.5,10.5,10,11],"texture":"#0"},"down":{"uv":[9.5,10.5,10,11],"texture":"#0"}}},{"from":[9,10,0],"to":[10,11,1],"faces":{"north":{"uv":[10,10.5,10.5,11],"texture":"#0"},"east":{"uv":[10,10.5,10.5,11],"texture":"#0"},"south":{"uv":[10,10.5,10.5,11],"texture":"#0"},"west":{"uv":[10,10.5,10.5,11],"texture":"#0"},"up":{"uv":[10,10.5,10.5,11],"texture":"#0"},"down":{"uv":[10,10.5,10.5,11],"texture":"#0"}}},{"from":[11,10,0],"to":[12,11,1],"faces":{"north":{"uv":[9,10.5,9.5,11],"texture":"#0"},"east":{"uv":[9,10.5,9.5,11],"texture":"#0"},"south":{"uv":[9,10.5,9.5,11],"texture":"#0"},"west":{"uv":[9,10.5,9.5,11],"texture":"#0"},"up":{"uv":[9,10.5,9.5,11],"texture":"#0"},"down":{"uv":[9,10.5,9.5,11],"texture":"#0"}}},{"from":[11,11,-0.1],"to":[12,12,1.1],"faces":{"north":{"uv":[9,10,9.5,10.5],"texture":"#0"},"east":{"uv":[9,10,9.5,10.5],"texture":"#0"},"south":{"uv":[9,10,9.5,10.5],"texture":"#0"},"west":{"uv":[9,10,9.5,10.5],"texture":"#0"},"up":{"uv":[9,10,9.5,10.5],"texture":"#0"},"down":{"uv":[9,10,9.5,10.5],"texture":"#0"}}},{"from":[10,11,0],"to":[11,12,1],"faces":{"north":{"uv":[9.5,10,10,10.5],"texture":"#0"},"east":{"uv":[9.5,10,10,10.5],"texture":"#0"},"south":{"uv":[9.5,10,10,10.5],"texture":"#0"},"west":{"uv":[9.5,10,10,10.5],"texture":"#0"},"up":{"uv":[9.5,10,10,10.5],"texture":"#0"},"down":{"uv":[9.5,10,10,10.5],"texture":"#0"}}},{"from":[11,12,0],"to":[12,13,1],"faces":{"north":{"uv":[9,9.5,9.5,10],"texture":"#0"},"east":{"uv":[9,9.5,9.5,10],"texture":"#0"},"south":{"uv":[9,9.5,9.5,10],"texture":"#0"},"west":{"uv":[9,9.5,9.5,10],"texture":"#0"},"up":{"uv":[9,9.5,9.5,10],"texture":"#0"},"down":{"uv":[9,9.5,9.5,10],"texture":"#0"}}},{"from":[12,12,-0.1],"to":[13,13,1.1],"faces":{"north":{"uv":[8.5,9.5,9,10],"texture":"#0"},"east":{"uv":[8.5,9.5,9,10],"texture":"#0"},"south":{"uv":[8.5,9.5,9,10],"texture":"#0"},"west":{"uv":[8.5,9.5,9,10],"texture":"#0"},"up":{"uv":[8.5,9.5,9,10],"texture":"#0"},"down":{"uv":[8.5,9.5,9,10],"texture":"#0"}}},{"from":[12,11,0],"to":[13,12,1],"faces":{"north":{"uv":[8.5,10,9,10.5],"texture":"#0"},"east":{"uv":[8.5,10,9,10.5],"texture":"#0"},"south":{"uv":[8.5,10,9,10.5],"texture":"#0"},"west":{"uv":[8.5,10,9,10.5],"texture":"#0"},"up":{"uv":[8.5,10,9,10.5],"texture":"#0"},"down":{"uv":[8.5,10,9,10.5],"texture":"#0"}}},{"from":[12,13,0],"to":[13,14,1],"faces":{"north":{"uv":[8.5,9,9,9.5],"texture":"#0"},"east":{"uv":[8.5,9,9,9.5],"texture":"#0"},"south":{"uv":[8.5,9,9,9.5],"texture":"#0"},"west":{"uv":[8.5,9,9,9.5],"texture":"#0"},"up":{"uv":[8.5,9,9,9.5],"texture":"#0"},"down":{"uv":[8.5,9,9,9.5],"texture":"#0"}}},{"from":[13,13,-0.1],"to":[14,14,1.1],"faces":{"north":{"uv":[8,9,8.5,9.5],"texture":"#0"},"east":{"uv":[8,9,8.5,9.5],"texture":"#0"},"south":{"uv":[8,9,8.5,9.5],"texture":"#0"},"west":{"uv":[8,9,8.5,9.5],"texture":"#0"},"up":{"uv":[8,9,8.5,9.5],"texture":"#0"},"down":{"uv":[8,9,8.5,9.5],"texture":"#0"}}},{"from":[13,12,0],"to":[14,13,1],"faces":{"north":{"uv":[8,9.5,8.5,10],"texture":"#0"},"east":{"uv":[8,9.5,8.5,10],"texture":"#0"},"south":{"uv":[8,9.5,8.5,10],"texture":"#0"},"west":{"uv":[8,9.5,8.5,10],"texture":"#0"},"up":{"uv":[8,9.5,8.5,10],"texture":"#0"},"down":{"uv":[8,9.5,8.5,10],"texture":"#0"}}},{"from":[14,13,0],"to":[15,14,1],"faces":{"north":{"uv":[7.5,9,8,9.5],"texture":"#0"},"east":{"uv":[7.5,9,8,9.5],"texture":"#0"},"south":{"uv":[7.5,9,8,9.5],"texture":"#0"},"west":{"uv":[7.5,9,8,9.5],"texture":"#0"},"up":{"uv":[7.5,9,8,9.5],"texture":"#0"},"down":{"uv":[7.5,9,8,9.5],"texture":"#0"}}},{"from":[14,14,-0.1],"to":[15,15,1.1],"faces":{"north":{"uv":[7.5,8.5,8,9],"texture":"#0"},"east":{"uv":[7.5,8.5,8,9],"texture":"#0"},"south":{"uv":[7.5,8.5,8,9],"texture":"#0"},"west":{"uv":[7.5,8.5,8,9],"texture":"#0"},"up":{"uv":[7.5,8.5,8,9],"texture":"#0"},"down":{"uv":[7.5,8.5,8,9],"texture":"#0"}}},{"from":[13,14,0],"to":[14,15,1],"faces":{"north":{"uv":[8,8.5,8.5,9],"texture":"#0"},"east":{"uv":[8,8.5,8.5,9],"texture":"#0"},"south":{"uv":[8,8.5,8.5,9],"texture":"#0"},"west":{"uv":[8,8.5,8.5,9],"texture":"#0"},"up":{"uv":[8,8.5,8.5,9],"texture":"#0"},"down":{"uv":[8,8.5,8.5,9],"texture":"#0"}}},{"from":[15,14,0],"to":[16,15,1],"faces":{"north":{"uv":[7,8.5,7.5,9],"texture":"#0"},"east":{"uv":[7,8.5,7.5,9],"texture":"#0"},"south":{"uv":[7,8.5,7.5,9],"texture":"#0"},"west":{"uv":[7,8.5,7.5,9],"texture":"#0"},"up":{"uv":[7,8.5,7.5,9],"texture":"#0"},"down":{"uv":[7,8.5,7.5,9],"texture":"#0"}}},{"from":[15,15,-0.1],"to":[16,16,1.1],"faces":{"north":{"uv":[7,8,7.5,8.5],"texture":"#0"},"east":{"uv":[7,8,7.5,8.5],"texture":"#0"},"south":{"uv":[7,8,7.5,8.5],"texture":"#0"},"west":{"uv":[7,8,7.5,8.5],"texture":"#0"},"up":{"uv":[7,8,7.5,8.5],"texture":"#0"},"down":{"uv":[7,8,7.5,8.5],"texture":"#0"}}},{"from":[14,15,0],"to":[15,16,1],"faces":{"north":{"uv":[7.5,8,8,8.5],"texture":"#0"},"east":{"uv":[7.5,8,8,8.5],"texture":"#0"},"south":{"uv":[7.5,8,8,8.5],"texture":"#0"},"west":{"uv":[7.5,8,8,8.5],"texture":"#0"},"up":{"uv":[7.5,8,8,8.5],"texture":"#0"},"down":{"uv":[7.5,8,8,8.5],"texture":"#0"}}},{"from":[16,16,-0.1],"to":[17,17,1.1],"faces":{"north":{"uv":[6.5,7.5,7,8],"texture":"#0"},"east":{"uv":[6.5,7.5,7,8],"texture":"#0"},"south":{"uv":[6.5,7.5,7,8],"texture":"#0"},"west":{"uv":[6.5,7.5,7,8],"texture":"#0"},"up":{"uv":[6.5,7.5,7,8],"texture":"#0"},"down":{"uv":[6.5,7.5,7,8],"texture":"#0"}}},{"from":[15,16,0],"to":[16,17,1],"faces":{"north":{"uv":[7,7.5,7.5,8],"texture":"#0"},"east":{"uv":[7,7.5,7.5,8],"texture":"#0"},"south":{"uv":[7,7.5,7.5,8],"texture":"#0"},"west":{"uv":[7,7.5,7.5,8],"texture":"#0"},"up":{"uv":[7,7.5,7.5,8],"texture":"#0"},"down":{"uv":[7,7.5,7.5,8],"texture":"#0"}}},{"from":[16,15,0],"to":[17,16,1],"faces":{"north":{"uv":[6.5,8,7,8.5],"texture":"#0"},"east":{"uv":[6.5,8,7,8.5],"texture":"#0"},"south":{"uv":[6.5,8,7,8.5],"texture":"#0"},"west":{"uv":[6.5,8,7,8.5],"texture":"#0"},"up":{"uv":[6.5,8,7,8.5],"texture":"#0"},"down":{"uv":[6.5,8,7,8.5],"texture":"#0"}}},{"from":[17,17,-0.1],"to":[18,18,1.1],"faces":{"north":{"uv":[6,7,6.5,7.5],"texture":"#0"},"east":{"uv":[6,7,6.5,7.5],"texture":"#0"},"south":{"uv":[6,7,6.5,7.5],"texture":"#0"},"west":{"uv":[6,7,6.5,7.5],"texture":"#0"},"up":{"uv":[6,7,6.5,7.5],"texture":"#0"},"down":{"uv":[6,7,6.5,7.5],"texture":"#0"}}},{"from":[16,17,0],"to":[17,18,1],"faces":{"north":{"uv":[6.5,7,7,7.5],"texture":"#0"},"east":{"uv":[6.5,7,7,7.5],"texture":"#0"},"south":{"uv":[6.5,7,7,7.5],"texture":"#0"},"west":{"uv":[6.5,7,7,7.5],"texture":"#0"},"up":{"uv":[6.5,7,7,7.5],"texture":"#0"},"down":{"uv":[6.5,7,7,7.5],"texture":"#0"}}},{"from":[17,16,0],"to":[18,17,1],"faces":{"north":{"uv":[6,7.5,6.5,8],"texture":"#0"},"east":{"uv":[6,7.5,6.5,8],"texture":"#0"},"south":{"uv":[6,7.5,6.5,8],"texture":"#0"},"west":{"uv":[6,7.5,6.5,8],"texture":"#0"},"up":{"uv":[6,7.5,6.5,8],"texture":"#0"},"down":{"uv":[6,7.5,6.5,8],"texture":"#0"}}},{"from":[5,3,0],"to":[6,4,1],"faces":{"north":{"uv":[12,14,12.5,14.5],"texture":"#0"},"east":{"uv":[12,14,12.5,14.5],"texture":"#0"},"south":{"uv":[12,14,12.5,14.5],"texture":"#0"},"west":{"uv":[12,14,12.5,14.5],"texture":"#0"},"up":{"uv":[12,14,12.5,14.5],"texture":"#0"},"down":{"uv":[12,14,12.5,14.5],"texture":"#0"}}},{"from":[5,2,0],"to":[6,3,1],"faces":{"north":{"uv":[12,14.5,12.5,15],"texture":"#0"},"east":{"uv":[12,14.5,12.5,15],"texture":"#0"},"south":{"uv":[12,14.5,12.5,15],"texture":"#0"},"west":{"uv":[12,14.5,12.5,15],"texture":"#0"},"up":{"uv":[12,14.5,12.5,15],"texture":"#0"},"down":{"uv":[12,14.5,12.5,15],"texture":"#0"}}},{"from":[7,5,0],"to":[8,6,1],"faces":{"north":{"uv":[11,13,11.5,13.5],"texture":"#0"},"east":{"uv":[11,13,11.5,13.5],"texture":"#0"},"south":{"uv":[11,13,11.5,13.5],"texture":"#0"},"west":{"uv":[11,13,11.5,13.5],"texture":"#0"},"up":{"uv":[11,13,11.5,13.5],"texture":"#0"},"down":{"uv":[11,13,11.5,13.5],"texture":"#0"}}},{"from":[7,4,0],"to":[8,5,1],"faces":{"north":{"uv":[11,13.5,11.5,14],"texture":"#0"},"east":{"uv":[11,13.5,11.5,14],"texture":"#0"},"south":{"uv":[11,13.5,11.5,14],"texture":"#0"},"west":{"uv":[11,13.5,11.5,14],"texture":"#0"},"up":{"uv":[11,13.5,11.5,14],"texture":"#0"},"down":{"uv":[11,13.5,11.5,14],"texture":"#0"}}},{"from":[3,5,0],"to":[4,6,1],"faces":{"north":{"uv":[13,13,13.5,13.5],"texture":"#0"},"east":{"uv":[13,13,13.5,13.5],"texture":"#0"},"south":{"uv":[13,13,13.5,13.5],"texture":"#0"},"west":{"uv":[13,13,13.5,13.5],"texture":"#0"},"up":{"uv":[13,13,13.5,13.5],"texture":"#0"},"down":{"uv":[13,13,13.5,13.5],"texture":"#0"}}},{"from":[2,5,0],"to":[3,6,1],"faces":{"north":{"uv":[13.5,13,14,13.5],"texture":"#0"},"east":{"uv":[13.5,13,14,13.5],"texture":"#0"},"south":{"uv":[13.5,13,14,13.5],"texture":"#0"},"west":{"uv":[13.5,13,14,13.5],"texture":"#0"},"up":{"uv":[13.5,13,14,13.5],"texture":"#0"},"down":{"uv":[13.5,13,14,13.5],"texture":"#0"}}},{"from":[5,7,0],"to":[6,8,1],"faces":{"north":{"uv":[12,12,12.5,12.5],"texture":"#0"},"east":{"uv":[12,12,12.5,12.5],"texture":"#0"},"south":{"uv":[12,12,12.5,12.5],"texture":"#0"},"west":{"uv":[12,12,12.5,12.5],"texture":"#0"},"up":{"uv":[12,12,12.5,12.5],"texture":"#0"},"down":{"uv":[12,12,12.5,12.5],"texture":"#0"}}},{"from":[4,7,0],"to":[5,8,1],"faces":{"north":{"uv":[12.5,12,13,12.5],"texture":"#0"},"east":{"uv":[12.5,12,13,12.5],"texture":"#0"},"south":{"uv":[12.5,12,13,12.5],"texture":"#0"},"west":{"uv":[12.5,12,13,12.5],"texture":"#0"},"up":{"uv":[12.5,12,13,12.5],"texture":"#0"},"down":{"uv":[12.5,12,13,12.5],"texture":"#0"}}},{"from":[18,18,-0.2],"to":[19,19,1.2],"faces":{"north":{"uv":[5.5,6.5,6,7],"texture":"#0"},"east":{"uv":[5.5,6.5,6,7],"texture":"#0"},"south":{"uv":[5.5,6.5,6,7],"texture":"#0"},"west":{"uv":[5.5,6.5,6,7],"texture":"#0"},"up":{"uv":[5.5,6.5,6,7],"texture":"#0"},"down":{"uv":[5.5,6.5,6,7],"texture":"#0"}}},{"from":[18,17,0],"to":[19,18,1],"faces":{"north":{"uv":[5.5,7,6,7.5],"texture":"#0"},"east":{"uv":[5.5,7,6,7.5],"texture":"#0"},"south":{"uv":[5.5,7,6,7.5],"texture":"#0"},"west":{"uv":[5.5,7,6,7.5],"texture":"#0"},"up":{"uv":[5.5,7,6,7.5],"texture":"#0"},"down":{"uv":[5.5,7,6,7.5],"texture":"#0"}}},{"from":[17,18,0],"to":[18,19,1],"faces":{"north":{"uv":[6,6.5,6.5,7],"texture":"#0"},"east":{"uv":[6,6.5,6.5,7],"texture":"#0"},"south":{"uv":[6,6.5,6.5,7],"texture":"#0"},"west":{"uv":[6,6.5,6.5,7],"texture":"#0"},"up":{"uv":[6,6.5,6.5,7],"texture":"#0"},"down":{"uv":[6,6.5,6.5,7],"texture":"#0"}}},{"from":[19,18,0],"to":[20,19,1],"faces":{"north":{"uv":[5,6.5,5.5,7],"texture":"#0"},"east":{"uv":[5,6.5,5.5,7],"texture":"#0"},"south":{"uv":[5,6.5,5.5,7],"texture":"#0"},"west":{"uv":[5,6.5,5.5,7],"texture":"#0"},"up":{"uv":[5,6.5,5.5,7],"texture":"#0"},"down":{"uv":[5,6.5,5.5,7],"texture":"#0"}}},{"from":[18,19,0],"to":[19,20,1],"faces":{"north":{"uv":[5.5,6,6,6.5],"texture":"#0"},"east":{"uv":[5.5,6,6,6.5],"texture":"#0"},"south":{"uv":[5.5,6,6,6.5],"texture":"#0"},"west":{"uv":[5.5,6,6,6.5],"texture":"#0"},"up":{"uv":[5.5,6,6,6.5],"texture":"#0"},"down":{"uv":[5.5,6,6,6.5],"texture":"#0"}}},{"from":[19,19,0],"to":[20,20,1],"faces":{"north":{"uv":[5,6,5.5,6.5],"texture":"#0"},"east":{"uv":[5,6,5.5,6.5],"texture":"#0"},"south":{"uv":[5,6,5.5,6.5],"texture":"#0"},"west":{"uv":[5,6,5.5,6.5],"texture":"#0"},"up":{"uv":[5,6,5.5,6.5],"texture":"#0"},"down":{"uv":[5,6,5.5,6.5],"texture":"#0"}}},{"from":[18,20,0],"to":[19,21,1],"faces":{"north":{"uv":[5.5,5.5,6,6],"texture":"#0"},"east":{"uv":[5.5,5.5,6,6],"texture":"#0"},"south":{"uv":[5.5,5.5,6,6],"texture":"#0"},"west":{"uv":[5.5,5.5,6,6],"texture":"#0"},"up":{"uv":[5.5,5.5,6,6],"texture":"#0"},"down":{"uv":[5.5,5.5,6,6],"texture":"#0"}}},{"from":[19,20,0],"to":[20,21,1],"faces":{"north":{"uv":[5,5.5,5.5,6],"texture":"#0"},"east":{"uv":[5,5.5,5.5,6],"texture":"#0"},"south":{"uv":[5,5.5,5.5,6],"texture":"#0"},"west":{"uv":[5,5.5,5.5,6],"texture":"#0"},"up":{"uv":[5,5.5,5.5,6],"texture":"#0"},"down":{"uv":[5,5.5,5.5,6],"texture":"#0"}}},{"from":[17,20,0],"to":[18,21,1],"faces":{"north":{"uv":[6,5.5,6.5,6],"texture":"#0"},"east":{"uv":[6,5.5,6.5,6],"texture":"#0"},"south":{"uv":[6,5.5,6.5,6],"texture":"#0"},"west":{"uv":[6,5.5,6.5,6],"texture":"#0"},"up":{"uv":[6,5.5,6.5,6],"texture":"#0"},"down":{"uv":[6,5.5,6.5,6],"texture":"#0"}}},{"from":[16,20,0],"to":[17,21,1],"faces":{"north":{"uv":[6.5,5.5,7,6],"texture":"#0"},"east":{"uv":[6.5,5.5,7,6],"texture":"#0"},"south":{"uv":[6.5,5.5,7,6],"texture":"#0"},"west":{"uv":[6.5,5.5,7,6],"texture":"#0"},"up":{"uv":[6.5,5.5,7,6],"texture":"#0"},"down":{"uv":[6.5,5.5,7,6],"texture":"#0"}}},{"from":[19,17,0],"to":[20,18,1],"faces":{"north":{"uv":[5,7,5.5,7.5],"texture":"#0"},"east":{"uv":[5,7,5.5,7.5],"texture":"#0"},"south":{"uv":[5,7,5.5,7.5],"texture":"#0"},"west":{"uv":[5,7,5.5,7.5],"texture":"#0"},"up":{"uv":[5,7,5.5,7.5],"texture":"#0"},"down":{"uv":[5,7,5.5,7.5],"texture":"#0"}}},{"from":[19,16,0],"to":[20,17,1],"faces":{"north":{"uv":[5,7.5,5.5,8],"texture":"#0"},"east":{"uv":[5,7.5,5.5,8],"texture":"#0"},"south":{"uv":[5,7.5,5.5,8],"texture":"#0"},"west":{"uv":[5,7.5,5.5,8],"texture":"#0"},"up":{"uv":[5,7.5,5.5,8],"texture":"#0"},"down":{"uv":[5,7.5,5.5,8],"texture":"#0"}}},{"from":[20,19,0],"to":[21,20,1],"faces":{"north":{"uv":[4.5,6,5,6.5],"texture":"#0"},"east":{"uv":[4.5,6,5,6.5],"texture":"#0"},"south":{"uv":[4.5,6,5,6.5],"texture":"#0"},"west":{"uv":[4.5,6,5,6.5],"texture":"#0"},"up":{"uv":[4.5,6,5,6.5],"texture":"#0"},"down":{"uv":[4.5,6,5,6.5],"texture":"#0"}}},{"from":[20,18,0],"to":[21,19,1],"faces":{"north":{"uv":[4.5,6.5,5,7],"texture":"#0"},"east":{"uv":[4.5,6.5,5,7],"texture":"#0"},"south":{"uv":[4.5,6.5,5,7],"texture":"#0"},"west":{"uv":[4.5,6.5,5,7],"texture":"#0"},"up":{"uv":[4.5,6.5,5,7],"texture":"#0"},"down":{"uv":[4.5,6.5,5,7],"texture":"#0"}}},{"from":[20,20,-0.2],"to":[21,21,1.2],"faces":{"north":{"uv":[4.5,5.5,5,6],"texture":"#0"},"east":{"uv":[4.5,5.5,5,6],"texture":"#0"},"south":{"uv":[4.5,5.5,5,6],"texture":"#0"},"west":{"uv":[4.5,5.5,5,6],"texture":"#0"},"up":{"uv":[4.5,5.5,5,6],"texture":"#0"},"down":{"uv":[4.5,5.5,5,6],"texture":"#0"}}},{"from":[21,19,0],"to":[22,20,1],"faces":{"north":{"uv":[4,6,4.5,6.5],"texture":"#0"},"east":{"uv":[4,6,4.5,6.5],"texture":"#0"},"south":{"uv":[4,6,4.5,6.5],"texture":"#0"},"west":{"uv":[4,6,4.5,6.5],"texture":"#0"},"up":{"uv":[4,6,4.5,6.5],"texture":"#0"},"down":{"uv":[4,6,4.5,6.5],"texture":"#0"}}},{"from":[21,18,0],"to":[22,19,1],"faces":{"north":{"uv":[4,6.5,4.5,7],"texture":"#0"},"east":{"uv":[4,6.5,4.5,7],"texture":"#0"},"south":{"uv":[4,6.5,4.5,7],"texture":"#0"},"west":{"uv":[4,6.5,4.5,7],"texture":"#0"},"up":{"uv":[4,6.5,4.5,7],"texture":"#0"},"down":{"uv":[4,6.5,4.5,7],"texture":"#0"}}},{"from":[22,19,0],"to":[23,20,1],"faces":{"north":{"uv":[3.5,6,4,6.5],"texture":"#0"},"east":{"uv":[3.5,6,4,6.5],"texture":"#0"},"south":{"uv":[3.5,6,4,6.5],"texture":"#0"},"west":{"uv":[3.5,6,4,6.5],"texture":"#0"},"up":{"uv":[3.5,6,4,6.5],"texture":"#0"},"down":{"uv":[3.5,6,4,6.5],"texture":"#0"}}},{"from":[23,18,0],"to":[24,19,1],"faces":{"north":{"uv":[3,6.5,3.5,7],"texture":"#0"},"east":{"uv":[3,6.5,3.5,7],"texture":"#0"},"south":{"uv":[3,6.5,3.5,7],"texture":"#0"},"west":{"uv":[3,6.5,3.5,7],"texture":"#0"},"up":{"uv":[3,6.5,3.5,7],"texture":"#0"},"down":{"uv":[3,6.5,3.5,7],"texture":"#0"}}},{"from":[22,17,0],"to":[23,18,1],"faces":{"north":{"uv":[3.5,7,4,7.5],"texture":"#0"},"east":{"uv":[3.5,7,4,7.5],"texture":"#0"},"south":{"uv":[3.5,7,4,7.5],"texture":"#0"},"west":{"uv":[3.5,7,4,7.5],"texture":"#0"},"up":{"uv":[3.5,7,4,7.5],"texture":"#0"},"down":{"uv":[3.5,7,4,7.5],"texture":"#0"}}},{"from":[22,18,0],"to":[23,19,1],"faces":{"north":{"uv":[3.5,6.5,4,7],"texture":"#0"},"east":{"uv":[3.5,6.5,4,7],"texture":"#0"},"south":{"uv":[3.5,6.5,4,7],"texture":"#0"},"west":{"uv":[3.5,6.5,4,7],"texture":"#0"},"up":{"uv":[3.5,6.5,4,7],"texture":"#0"},"down":{"uv":[3.5,6.5,4,7],"texture":"#0"}}},{"from":[23,17,0],"to":[24,18,1],"faces":{"north":{"uv":[3,7,3.5,7.5],"texture":"#0"},"east":{"uv":[3,7,3.5,7.5],"texture":"#0"},"south":{"uv":[3,7,3.5,7.5],"texture":"#0"},"west":{"uv":[3,7,3.5,7.5],"texture":"#0"},"up":{"uv":[3,7,3.5,7.5],"texture":"#0"},"down":{"uv":[3,7,3.5,7.5],"texture":"#0"}}},{"from":[24,17,0],"to":[25,18,1],"faces":{"north":{"uv":[2.5,7,3,7.5],"texture":"#0"},"east":{"uv":[2.5,7,3,7.5],"texture":"#0"},"south":{"uv":[2.5,7,3,7.5],"texture":"#0"},"west":{"uv":[2.5,7,3,7.5],"texture":"#0"},"up":{"uv":[2.5,7,3,7.5],"texture":"#0"},"down":{"uv":[2.5,7,3,7.5],"texture":"#0"}}},{"from":[24,16,0],"to":[25,17,1],"faces":{"north":{"uv":[2.5,7.5,3,8],"texture":"#0"},"east":{"uv":[2.5,7.5,3,8],"texture":"#0"},"south":{"uv":[2.5,7.5,3,8],"texture":"#0"},"west":{"uv":[2.5,7.5,3,8],"texture":"#0"},"up":{"uv":[2.5,7.5,3,8],"texture":"#0"},"down":{"uv":[2.5,7.5,3,8],"texture":"#0"}}},{"from":[25,16,0],"to":[26,17,1],"faces":{"north":{"uv":[2,7.5,2.5,8],"texture":"#0"},"east":{"uv":[2,7.5,2.5,8],"texture":"#0"},"south":{"uv":[2,7.5,2.5,8],"texture":"#0"},"west":{"uv":[2,7.5,2.5,8],"texture":"#0"},"up":{"uv":[2,7.5,2.5,8],"texture":"#0"},"down":{"uv":[2,7.5,2.5,8],"texture":"#0"}}},{"from":[25,17,0],"to":[26,18,1],"faces":{"north":{"uv":[2,7,2.5,7.5],"texture":"#0"},"east":{"uv":[2,7,2.5,7.5],"texture":"#0"},"south":{"uv":[2,7,2.5,7.5],"texture":"#0"},"west":{"uv":[2,7,2.5,7.5],"texture":"#0"},"up":{"uv":[2,7,2.5,7.5],"texture":"#0"},"down":{"uv":[2,7,2.5,7.5],"texture":"#0"}}},{"from":[26,16,-0.2],"to":[27,17,1.2],"faces":{"north":{"uv":[1.5,7.5,2,8],"texture":"#0"},"east":{"uv":[1.5,7.5,2,8],"texture":"#0"},"south":{"uv":[1.5,7.5,2,8],"texture":"#0"},"west":{"uv":[1.5,7.5,2,8],"texture":"#0"},"up":{"uv":[1.5,7.5,2,8],"texture":"#0"},"down":{"uv":[1.5,7.5,2,8],"texture":"#0"}}},{"from":[26,15,-0.2],"to":[27,16,1.2],"faces":{"north":{"uv":[1.5,8,2,8.5],"texture":"#0"},"east":{"uv":[1.5,8,2,8.5],"texture":"#0"},"south":{"uv":[1.5,8,2,8.5],"texture":"#0"},"west":{"uv":[1.5,8,2,8.5],"texture":"#0"},"up":{"uv":[1.5,8,2,8.5],"texture":"#0"},"down":{"uv":[1.5,8,2,8.5],"texture":"#0"}}},{"from":[25,14,-0.2],"to":[26,15,1.2],"faces":{"north":{"uv":[2,8.5,2.5,9],"texture":"#0"},"east":{"uv":[2,8.5,2.5,9],"texture":"#0"},"south":{"uv":[2,8.5,2.5,9],"texture":"#0"},"west":{"uv":[2,8.5,2.5,9],"texture":"#0"},"up":{"uv":[2,8.5,2.5,9],"texture":"#0"},"down":{"uv":[2,8.5,2.5,9],"texture":"#0"}}},{"from":[25,13,-0.2],"to":[26,14,1.2],"faces":{"north":{"uv":[2,9,2.5,9.5],"texture":"#0"},"east":{"uv":[2,9,2.5,9.5],"texture":"#0"},"south":{"uv":[2,9,2.5,9.5],"texture":"#0"},"west":{"uv":[2,9,2.5,9.5],"texture":"#0"},"up":{"uv":[2,9,2.5,9.5],"texture":"#0"},"down":{"uv":[2,9,2.5,9.5],"texture":"#0"}}},{"from":[26,17,-0.2],"to":[27,18,1.2],"faces":{"north":{"uv":[1.5,7,2,7.5],"texture":"#0"},"east":{"uv":[1.5,7,2,7.5],"texture":"#0"},"south":{"uv":[1.5,7,2,7.5],"texture":"#0"},"west":{"uv":[1.5,7,2,7.5],"texture":"#0"},"up":{"uv":[1.5,7,2,7.5],"texture":"#0"},"down":{"uv":[1.5,7,2,7.5],"texture":"#0"}}},{"from":[26,18,-0.2],"to":[27,19,1.2],"faces":{"north":{"uv":[1.5,6.5,2,7],"texture":"#0"},"east":{"uv":[1.5,6.5,2,7],"texture":"#0"},"south":{"uv":[1.5,6.5,2,7],"texture":"#0"},"west":{"uv":[1.5,6.5,2,7],"texture":"#0"},"up":{"uv":[1.5,6.5,2,7],"texture":"#0"},"down":{"uv":[1.5,6.5,2,7],"texture":"#0"}}},{"from":[25,18,-0.2],"to":[26,19,1.2],"faces":{"north":{"uv":[2,6.5,2.5,7],"texture":"#0"},"east":{"uv":[2,6.5,2.5,7],"texture":"#0"},"south":{"uv":[2,6.5,2.5,7],"texture":"#0"},"west":{"uv":[2,6.5,2.5,7],"texture":"#0"},"up":{"uv":[2,6.5,2.5,7],"texture":"#0"},"down":{"uv":[2,6.5,2.5,7],"texture":"#0"}}},{"from":[26,19,-0.2],"to":[27,20,1.2],"faces":{"north":{"uv":[1.5,6,2,6.5],"texture":"#0"},"east":{"uv":[1.5,6,2,6.5],"texture":"#0"},"south":{"uv":[1.5,6,2,6.5],"texture":"#0"},"west":{"uv":[1.5,6,2,6.5],"texture":"#0"},"up":{"uv":[1.5,6,2,6.5],"texture":"#0"},"down":{"uv":[1.5,6,2,6.5],"texture":"#0"}}},{"from":[25,19,-0.2],"to":[26,20,1.2],"faces":{"north":{"uv":[2,6,2.5,6.5],"texture":"#0"},"east":{"uv":[2,6,2.5,6.5],"texture":"#0"},"south":{"uv":[2,6,2.5,6.5],"texture":"#0"},"west":{"uv":[2,6,2.5,6.5],"texture":"#0"},"up":{"uv":[2,6,2.5,6.5],"texture":"#0"},"down":{"uv":[2,6,2.5,6.5],"texture":"#0"}}},{"from":[25,20,-0.2],"to":[26,21,1.2],"faces":{"north":{"uv":[2,5.5,2.5,6],"texture":"#0"},"east":{"uv":[2,5.5,2.5,6],"texture":"#0"},"south":{"uv":[2,5.5,2.5,6],"texture":"#0"},"west":{"uv":[2,5.5,2.5,6],"texture":"#0"},"up":{"uv":[2,5.5,2.5,6],"texture":"#0"},"down":{"uv":[2,5.5,2.5,6],"texture":"#0"}}},{"from":[25,21,-0.2],"to":[26,22,1.2],"faces":{"north":{"uv":[2,5,2.5,5.5],"texture":"#0"},"east":{"uv":[2,5,2.5,5.5],"texture":"#0"},"south":{"uv":[2,5,2.5,5.5],"texture":"#0"},"west":{"uv":[2,5,2.5,5.5],"texture":"#0"},"up":{"uv":[2,5,2.5,5.5],"texture":"#0"},"down":{"uv":[2,5,2.5,5.5],"texture":"#0"}}},{"from":[24,21,-0.2],"to":[25,22,1.2],"faces":{"north":{"uv":[2.5,5,3,5.5],"texture":"#0"},"east":{"uv":[2.5,5,3,5.5],"texture":"#0"},"south":{"uv":[2.5,5,3,5.5],"texture":"#0"},"west":{"uv":[2.5,5,3,5.5],"texture":"#0"},"up":{"uv":[2.5,5,3,5.5],"texture":"#0"},"down":{"uv":[2.5,5,3,5.5],"texture":"#0"}}},{"from":[24,22,-0.2],"to":[25,23,1.2],"faces":{"north":{"uv":[2.5,4.5,3,5],"texture":"#0"},"east":{"uv":[2.5,4.5,3,5],"texture":"#0"},"south":{"uv":[2.5,4.5,3,5],"texture":"#0"},"west":{"uv":[2.5,4.5,3,5],"texture":"#0"},"up":{"uv":[2.5,4.5,3,5],"texture":"#0"},"down":{"uv":[2.5,4.5,3,5],"texture":"#0"}}},{"from":[24,23,-0.2],"to":[25,24,1.2],"faces":{"north":{"uv":[2.5,4,3,4.5],"texture":"#0"},"east":{"uv":[2.5,4,3,4.5],"texture":"#0"},"south":{"uv":[2.5,4,3,4.5],"texture":"#0"},"west":{"uv":[2.5,4,3,4.5],"texture":"#0"},"up":{"uv":[2.5,4,3,4.5],"texture":"#0"},"down":{"uv":[2.5,4,3,4.5],"texture":"#0"}}},{"from":[23,23,-0.2],"to":[24,24,1.2],"faces":{"north":{"uv":[3,4,3.5,4.5],"texture":"#0"},"east":{"uv":[3,4,3.5,4.5],"texture":"#0"},"south":{"uv":[3,4,3.5,4.5],"texture":"#0"},"west":{"uv":[3,4,3.5,4.5],"texture":"#0"},"up":{"uv":[3,4,3.5,4.5],"texture":"#0"},"down":{"uv":[3,4,3.5,4.5],"texture":"#0"}}},{"from":[23,24,-0.2],"to":[24,25,1.2],"faces":{"north":{"uv":[3,3.5,3.5,4],"texture":"#0"},"east":{"uv":[3,3.5,3.5,4],"texture":"#0"},"south":{"uv":[3,3.5,3.5,4],"texture":"#0"},"west":{"uv":[3,3.5,3.5,4],"texture":"#0"},"up":{"uv":[3,3.5,3.5,4],"texture":"#0"},"down":{"uv":[3,3.5,3.5,4],"texture":"#0"}}},{"from":[23,25,-0.2],"to":[24,26,1.2],"faces":{"north":{"uv":[3,3,3.5,3.5],"texture":"#0"},"east":{"uv":[3,3,3.5,3.5],"texture":"#0"},"south":{"uv":[3,3,3.5,3.5],"texture":"#0"},"west":{"uv":[3,3,3.5,3.5],"texture":"#0"},"up":{"uv":[3,3,3.5,3.5],"texture":"#0"},"down":{"uv":[3,3,3.5,3.5],"texture":"#0"}}},{"from":[22,25,-0.2],"to":[23,26,1.2],"faces":{"north":{"uv":[3.5,3,4,3.5],"texture":"#0"},"east":{"uv":[3.5,3,4,3.5],"texture":"#0"},"south":{"uv":[3.5,3,4,3.5],"texture":"#0"},"west":{"uv":[3.5,3,4,3.5],"texture":"#0"},"up":{"uv":[3.5,3,4,3.5],"texture":"#0"},"down":{"uv":[3.5,3,4,3.5],"texture":"#0"}}},{"from":[22,26,-0.2],"to":[23,27,1.2],"faces":{"north":{"uv":[3.5,2.5,4,3],"texture":"#0"},"east":{"uv":[3.5,2.5,4,3],"texture":"#0"},"south":{"uv":[3.5,2.5,4,3],"texture":"#0"},"west":{"uv":[3.5,2.5,4,3],"texture":"#0"},"up":{"uv":[3.5,2.5,4,3],"texture":"#0"},"down":{"uv":[3.5,2.5,4,3],"texture":"#0"}}},{"from":[21,26,-0.2],"to":[22,27,1.2],"faces":{"north":{"uv":[4,2.5,4.5,3],"texture":"#0"},"east":{"uv":[4,2.5,4.5,3],"texture":"#0"},"south":{"uv":[4,2.5,4.5,3],"texture":"#0"},"west":{"uv":[4,2.5,4.5,3],"texture":"#0"},"up":{"uv":[4,2.5,4.5,3],"texture":"#0"},"down":{"uv":[4,2.5,4.5,3],"texture":"#0"}}},{"from":[21,27,-0.2],"to":[22,28,1.2],"faces":{"north":{"uv":[4,2,4.5,2.5],"texture":"#0"},"east":{"uv":[4,2,4.5,2.5],"texture":"#0"},"south":{"uv":[4,2,4.5,2.5],"texture":"#0"},"west":{"uv":[4,2,4.5,2.5],"texture":"#0"},"up":{"uv":[4,2,4.5,2.5],"texture":"#0"},"down":{"uv":[4,2,4.5,2.5],"texture":"#0"}}},{"from":[20,27,-0.2],"to":[21,28,1.2],"faces":{"north":{"uv":[4.5,2,5,2.5],"texture":"#0"},"east":{"uv":[4.5,2,5,2.5],"texture":"#0"},"south":{"uv":[4.5,2,5,2.5],"texture":"#0"},"west":{"uv":[4.5,2,5,2.5],"texture":"#0"},"up":{"uv":[4.5,2,5,2.5],"texture":"#0"},"down":{"uv":[4.5,2,5,2.5],"texture":"#0"}}},{"from":[19,28,-0.2],"to":[20,29,1.2],"faces":{"north":{"uv":[5,1.5,5.5,2],"texture":"#0"},"east":{"uv":[5,1.5,5.5,2],"texture":"#0"},"south":{"uv":[5,1.5,5.5,2],"texture":"#0"},"west":{"uv":[5,1.5,5.5,2],"texture":"#0"},"up":{"uv":[5,1.5,5.5,2],"texture":"#0"},"down":{"uv":[5,1.5,5.5,2],"texture":"#0"}}},{"from":[20,28,-0.2],"to":[21,29,1.2],"faces":{"north":{"uv":[4.5,1.5,5,2],"texture":"#0"},"east":{"uv":[4.5,1.5,5,2],"texture":"#0"},"south":{"uv":[4.5,1.5,5,2],"texture":"#0"},"west":{"uv":[4.5,1.5,5,2],"texture":"#0"},"up":{"uv":[4.5,1.5,5,2],"texture":"#0"},"down":{"uv":[4.5,1.5,5,2],"texture":"#0"}}},{"from":[18,28,-0.2],"to":[19,29,1.2],"faces":{"north":{"uv":[5.5,1.5,6,2],"texture":"#0"},"east":{"uv":[5.5,1.5,6,2],"texture":"#0"},"south":{"uv":[5.5,1.5,6,2],"texture":"#0"},"west":{"uv":[5.5,1.5,6,2],"texture":"#0"},"up":{"uv":[5.5,1.5,6,2],"texture":"#0"},"down":{"uv":[5.5,1.5,6,2],"texture":"#0"}}},{"from":[18,29,-0.2],"to":[19,30,1.2],"faces":{"north":{"uv":[5.5,1,6,1.5],"texture":"#0"},"east":{"uv":[5.5,1,6,1.5],"texture":"#0"},"south":{"uv":[5.5,1,6,1.5],"texture":"#0"},"west":{"uv":[5.5,1,6,1.5],"texture":"#0"},"up":{"uv":[5.5,1,6,1.5],"texture":"#0"},"down":{"uv":[5.5,1,6,1.5],"texture":"#0"}}},{"from":[17,29,-0.2],"to":[18,30,1.2],"faces":{"north":{"uv":[6,1,6.5,1.5],"texture":"#0"},"east":{"uv":[6,1,6.5,1.5],"texture":"#0"},"south":{"uv":[6,1,6.5,1.5],"texture":"#0"},"west":{"uv":[6,1,6.5,1.5],"texture":"#0"},"up":{"uv":[6,1,6.5,1.5],"texture":"#0"},"down":{"uv":[6,1,6.5,1.5],"texture":"#0"}}},{"from":[16,29,-0.2],"to":[17,30,1.2],"faces":{"north":{"uv":[6.5,1,7,1.5],"texture":"#0"},"east":{"uv":[6.5,1,7,1.5],"texture":"#0"},"south":{"uv":[6.5,1,7,1.5],"texture":"#0"},"west":{"uv":[6.5,1,7,1.5],"texture":"#0"},"up":{"uv":[6.5,1,7,1.5],"texture":"#0"},"down":{"uv":[6.5,1,7,1.5],"texture":"#0"}}},{"from":[16,30,-0.2],"to":[17,31,1.2],"faces":{"north":{"uv":[6.5,0.5,7,1],"texture":"#0"},"east":{"uv":[6.5,0.5,7,1],"texture":"#0"},"south":{"uv":[6.5,0.5,7,1],"texture":"#0"},"west":{"uv":[6.5,0.5,7,1],"texture":"#0"},"up":{"uv":[6.5,0.5,7,1],"texture":"#0"},"down":{"uv":[6.5,0.5,7,1],"texture":"#0"}}},{"from":[15,30,-0.2],"to":[16,31,1.2],"faces":{"north":{"uv":[7,0.5,7.5,1],"texture":"#0"},"east":{"uv":[7,0.5,7.5,1],"texture":"#0"},"south":{"uv":[7,0.5,7.5,1],"texture":"#0"},"west":{"uv":[7,0.5,7.5,1],"texture":"#0"},"up":{"uv":[7,0.5,7.5,1],"texture":"#0"},"down":{"uv":[7,0.5,7.5,1],"texture":"#0"}}},{"from":[14,30,-0.2],"to":[15,31,1.2],"faces":{"north":{"uv":[7.5,0.5,8,1],"texture":"#0"},"east":{"uv":[7.5,0.5,8,1],"texture":"#0"},"south":{"uv":[7.5,0.5,8,1],"texture":"#0"},"west":{"uv":[7.5,0.5,8,1],"texture":"#0"},"up":{"uv":[7.5,0.5,8,1],"texture":"#0"},"down":{"uv":[7.5,0.5,8,1],"texture":"#0"}}},{"from":[13,30,0],"to":[14,31,1],"faces":{"north":{"uv":[8,0.5,8.5,1],"texture":"#0"},"east":{"uv":[8,0.5,8.5,1],"texture":"#0"},"south":{"uv":[8,0.5,8.5,1],"texture":"#0"},"west":{"uv":[8,0.5,8.5,1],"texture":"#0"},"up":{"uv":[8,0.5,8.5,1],"texture":"#0"},"down":{"uv":[8,0.5,8.5,1],"texture":"#0"}}},{"from":[12,30,0],"to":[13,31,1],"faces":{"north":{"uv":[8.5,0.5,9,1],"texture":"#0"},"east":{"uv":[8.5,0.5,9,1],"texture":"#0"},"south":{"uv":[8.5,0.5,9,1],"texture":"#0"},"west":{"uv":[8.5,0.5,9,1],"texture":"#0"},"up":{"uv":[8.5,0.5,9,1],"texture":"#0"},"down":{"uv":[8.5,0.5,9,1],"texture":"#0"}}},{"from":[14,31,0],"to":[15,32,1],"faces":{"north":{"uv":[7.5,0,8,0.5],"texture":"#0"},"east":{"uv":[7.5,0,8,0.5],"texture":"#0"},"south":{"uv":[7.5,0,8,0.5],"texture":"#0"},"west":{"uv":[7.5,0,8,0.5],"texture":"#0"},"up":{"uv":[7.5,0,8,0.5],"texture":"#0"},"down":{"uv":[7.5,0,8,0.5],"texture":"#0"}}},{"from":[15,31,0],"to":[16,32,1],"faces":{"north":{"uv":[7,0,7.5,0.5],"texture":"#0"},"east":{"uv":[7,0,7.5,0.5],"texture":"#0"},"south":{"uv":[7,0,7.5,0.5],"texture":"#0"},"west":{"uv":[7,0,7.5,0.5],"texture":"#0"},"up":{"uv":[7,0,7.5,0.5],"texture":"#0"},"down":{"uv":[7,0,7.5,0.5],"texture":"#0"}}},{"from":[16,31,0],"to":[17,32,1],"faces":{"north":{"uv":[6.5,0,7,0.5],"texture":"#0"},"east":{"uv":[6.5,0,7,0.5],"texture":"#0"},"south":{"uv":[6.5,0,7,0.5],"texture":"#0"},"west":{"uv":[6.5,0,7,0.5],"texture":"#0"},"up":{"uv":[6.5,0,7,0.5],"texture":"#0"},"down":{"uv":[6.5,0,7,0.5],"texture":"#0"}}},{"from":[17,30,0],"to":[18,31,1],"faces":{"north":{"uv":[6,0.5,6.5,1],"texture":"#0"},"east":{"uv":[6,0.5,6.5,1],"texture":"#0"},"south":{"uv":[6,0.5,6.5,1],"texture":"#0"},"west":{"uv":[6,0.5,6.5,1],"texture":"#0"},"up":{"uv":[6,0.5,6.5,1],"texture":"#0"},"down":{"uv":[6,0.5,6.5,1],"texture":"#0"}}},{"from":[18,30,0],"to":[19,31,1],"faces":{"north":{"uv":[5.5,0.5,6,1],"texture":"#0"},"east":{"uv":[5.5,0.5,6,1],"texture":"#0"},"south":{"uv":[5.5,0.5,6,1],"texture":"#0"},"west":{"uv":[5.5,0.5,6,1],"texture":"#0"},"up":{"uv":[5.5,0.5,6,1],"texture":"#0"},"down":{"uv":[5.5,0.5,6,1],"texture":"#0"}}},{"from":[19,29,0],"to":[20,30,1],"faces":{"north":{"uv":[5,1,5.5,1.5],"texture":"#0"},"east":{"uv":[5,1,5.5,1.5],"texture":"#0"},"south":{"uv":[5,1,5.5,1.5],"texture":"#0"},"west":{"uv":[5,1,5.5,1.5],"texture":"#0"},"up":{"uv":[5,1,5.5,1.5],"texture":"#0"},"down":{"uv":[5,1,5.5,1.5],"texture":"#0"}}},{"from":[20,29,0],"to":[21,30,1],"faces":{"north":{"uv":[4.5,1,5,1.5],"texture":"#0"},"east":{"uv":[4.5,1,5,1.5],"texture":"#0"},"south":{"uv":[4.5,1,5,1.5],"texture":"#0"},"west":{"uv":[4.5,1,5,1.5],"texture":"#0"},"up":{"uv":[4.5,1,5,1.5],"texture":"#0"},"down":{"uv":[4.5,1,5,1.5],"texture":"#0"}}},{"from":[21,28,0],"to":[22,29,1],"faces":{"north":{"uv":[4,1.5,4.5,2],"texture":"#0"},"east":{"uv":[4,1.5,4.5,2],"texture":"#0"},"south":{"uv":[4,1.5,4.5,2],"texture":"#0"},"west":{"uv":[4,1.5,4.5,2],"texture":"#0"},"up":{"uv":[4,1.5,4.5,2],"texture":"#0"},"down":{"uv":[4,1.5,4.5,2],"texture":"#0"}}},{"from":[22,27,0],"to":[23,28,1],"faces":{"north":{"uv":[3.5,2,4,2.5],"texture":"#0"},"east":{"uv":[3.5,2,4,2.5],"texture":"#0"},"south":{"uv":[3.5,2,4,2.5],"texture":"#0"},"west":{"uv":[3.5,2,4,2.5],"texture":"#0"},"up":{"uv":[3.5,2,4,2.5],"texture":"#0"},"down":{"uv":[3.5,2,4,2.5],"texture":"#0"}}},{"from":[23,26,0],"to":[24,27,1],"faces":{"north":{"uv":[3,2.5,3.5,3],"texture":"#0"},"east":{"uv":[3,2.5,3.5,3],"texture":"#0"},"south":{"uv":[3,2.5,3.5,3],"texture":"#0"},"west":{"uv":[3,2.5,3.5,3],"texture":"#0"},"up":{"uv":[3,2.5,3.5,3],"texture":"#0"},"down":{"uv":[3,2.5,3.5,3],"texture":"#0"}}},{"from":[24,25,0],"to":[25,26,1],"faces":{"north":{"uv":[2.5,3,3,3.5],"texture":"#0"},"east":{"uv":[2.5,3,3,3.5],"texture":"#0"},"south":{"uv":[2.5,3,3,3.5],"texture":"#0"},"west":{"uv":[2.5,3,3,3.5],"texture":"#0"},"up":{"uv":[2.5,3,3,3.5],"texture":"#0"},"down":{"uv":[2.5,3,3,3.5],"texture":"#0"}}},{"from":[24,24,0],"to":[25,25,1],"faces":{"north":{"uv":[2.5,3.5,3,4],"texture":"#0"},"east":{"uv":[2.5,3.5,3,4],"texture":"#0"},"south":{"uv":[2.5,3.5,3,4],"texture":"#0"},"west":{"uv":[2.5,3.5,3,4],"texture":"#0"},"up":{"uv":[2.5,3.5,3,4],"texture":"#0"},"down":{"uv":[2.5,3.5,3,4],"texture":"#0"}}},{"from":[25,22,0],"to":[26,23,1],"faces":{"north":{"uv":[2,4.5,2.5,5],"texture":"#0"},"east":{"uv":[2,4.5,2.5,5],"texture":"#0"},"south":{"uv":[2,4.5,2.5,5],"texture":"#0"},"west":{"uv":[2,4.5,2.5,5],"texture":"#0"},"up":{"uv":[2,4.5,2.5,5],"texture":"#0"},"down":{"uv":[2,4.5,2.5,5],"texture":"#0"}}},{"from":[25,23,0],"to":[26,24,1],"faces":{"north":{"uv":[2,4,2.5,4.5],"texture":"#0"},"east":{"uv":[2,4,2.5,4.5],"texture":"#0"},"south":{"uv":[2,4,2.5,4.5],"texture":"#0"},"west":{"uv":[2,4,2.5,4.5],"texture":"#0"},"up":{"uv":[2,4,2.5,4.5],"texture":"#0"},"down":{"uv":[2,4,2.5,4.5],"texture":"#0"}}},{"from":[26,20,0],"to":[27,21,1],"faces":{"north":{"uv":[1.5,5.5,2,6],"texture":"#0"},"east":{"uv":[1.5,5.5,2,6],"texture":"#0"},"south":{"uv":[1.5,5.5,2,6],"texture":"#0"},"west":{"uv":[1.5,5.5,2,6],"texture":"#0"},"up":{"uv":[1.5,5.5,2,6],"texture":"#0"},"down":{"uv":[1.5,5.5,2,6],"texture":"#0"}}},{"from":[26,21,0],"to":[27,22,1],"faces":{"north":{"uv":[1.5,5,2,5.5],"texture":"#0"},"east":{"uv":[1.5,5,2,5.5],"texture":"#0"},"south":{"uv":[1.5,5,2,5.5],"texture":"#0"},"west":{"uv":[1.5,5,2,5.5],"texture":"#0"},"up":{"uv":[1.5,5,2,5.5],"texture":"#0"},"down":{"uv":[1.5,5,2,5.5],"texture":"#0"}}},{"from":[27,18,0],"to":[28,19,1],"faces":{"north":{"uv":[1,6.5,1.5,7],"texture":"#0"},"east":{"uv":[1,6.5,1.5,7],"texture":"#0"},"south":{"uv":[1,6.5,1.5,7],"texture":"#0"},"west":{"uv":[1,6.5,1.5,7],"texture":"#0"},"up":{"uv":[1,6.5,1.5,7],"texture":"#0"},"down":{"uv":[1,6.5,1.5,7],"texture":"#0"}}},{"from":[27,19,0],"to":[28,20,1],"faces":{"north":{"uv":[1,6,1.5,6.5],"texture":"#0"},"east":{"uv":[1,6,1.5,6.5],"texture":"#0"},"south":{"uv":[1,6,1.5,6.5],"texture":"#0"},"west":{"uv":[1,6,1.5,6.5],"texture":"#0"},"up":{"uv":[1,6,1.5,6.5],"texture":"#0"},"down":{"uv":[1,6,1.5,6.5],"texture":"#0"}}},{"from":[27,17,0],"to":[28,18,1],"faces":{"north":{"uv":[1,7,1.5,7.5],"texture":"#0"},"east":{"uv":[1,7,1.5,7.5],"texture":"#0"},"south":{"uv":[1,7,1.5,7.5],"texture":"#0"},"west":{"uv":[1,7,1.5,7.5],"texture":"#0"},"up":{"uv":[1,7,1.5,7.5],"texture":"#0"},"down":{"uv":[1,7,1.5,7.5],"texture":"#0"}}},{"from":[27,16,0],"to":[28,17,1],"faces":{"north":{"uv":[1,7.5,1.5,8],"texture":"#0"},"east":{"uv":[1,7.5,1.5,8],"texture":"#0"},"south":{"uv":[1,7.5,1.5,8],"texture":"#0"},"west":{"uv":[1,7.5,1.5,8],"texture":"#0"},"up":{"uv":[1,7.5,1.5,8],"texture":"#0"},"down":{"uv":[1,7.5,1.5,8],"texture":"#0"}}},{"from":[26,14,0],"to":[27,15,1],"faces":{"north":{"uv":[1.5,8.5,2,9],"texture":"#0"},"east":{"uv":[1.5,8.5,2,9],"texture":"#0"},"south":{"uv":[1.5,8.5,2,9],"texture":"#0"},"west":{"uv":[1.5,8.5,2,9],"texture":"#0"},"up":{"uv":[1.5,8.5,2,9],"texture":"#0"},"down":{"uv":[1.5,8.5,2,9],"texture":"#0"}}},{"from":[26,13,0],"to":[27,14,1],"faces":{"north":{"uv":[1.5,9,2,9.5],"texture":"#0"},"east":{"uv":[1.5,9,2,9.5],"texture":"#0"},"south":{"uv":[1.5,9,2,9.5],"texture":"#0"},"west":{"uv":[1.5,9,2,9.5],"texture":"#0"},"up":{"uv":[1.5,9,2,9.5],"texture":"#0"},"down":{"uv":[1.5,9,2,9.5],"texture":"#0"}}},{"from":[25,12,0],"to":[26,13,1],"faces":{"north":{"uv":[2,9.5,2.5,10],"texture":"#0"},"east":{"uv":[2,9.5,2.5,10],"texture":"#0"},"south":{"uv":[2,9.5,2.5,10],"texture":"#0"},"west":{"uv":[2,9.5,2.5,10],"texture":"#0"},"up":{"uv":[2,9.5,2.5,10],"texture":"#0"},"down":{"uv":[2,9.5,2.5,10],"texture":"#0"}}},{"from":[25,11,0],"to":[26,12,1],"faces":{"north":{"uv":[2,10,2.5,10.5],"texture":"#0"},"east":{"uv":[2,10,2.5,10.5],"texture":"#0"},"south":{"uv":[2,10,2.5,10.5],"texture":"#0"},"west":{"uv":[2,10,2.5,10.5],"texture":"#0"},"up":{"uv":[2,10,2.5,10.5],"texture":"#0"},"down":{"uv":[2,10,2.5,10.5],"texture":"#0"}}},{"from":[24,14,0],"to":[25,15,1],"faces":{"north":{"uv":[2.5,8.5,3,9],"texture":"#0"},"east":{"uv":[2.5,8.5,3,9],"texture":"#0"},"south":{"uv":[2.5,8.5,3,9],"texture":"#0"},"west":{"uv":[2.5,8.5,3,9],"texture":"#0"},"up":{"uv":[2.5,8.5,3,9],"texture":"#0"},"down":{"uv":[2.5,8.5,3,9],"texture":"#0"}}},{"from":[24,13,0],"to":[25,14,1],"faces":{"north":{"uv":[2.5,9,3,9.5],"texture":"#0"},"east":{"uv":[2.5,9,3,9.5],"texture":"#0"},"south":{"uv":[2.5,9,3,9.5],"texture":"#0"},"west":{"uv":[2.5,9,3,9.5],"texture":"#0"},"up":{"uv":[2.5,9,3,9.5],"texture":"#0"},"down":{"uv":[2.5,9,3,9.5],"texture":"#0"}}},{"from":[27,15,0],"to":[28,16,1],"faces":{"north":{"uv":[1,8,1.5,8.5],"texture":"#0"},"east":{"uv":[1,8,1.5,8.5],"texture":"#0"},"south":{"uv":[1,8,1.5,8.5],"texture":"#0"},"west":{"uv":[1,8,1.5,8.5],"texture":"#0"},"up":{"uv":[1,8,1.5,8.5],"texture":"#0"},"down":{"uv":[1,8,1.5,8.5],"texture":"#0"}}},{"from":[25,15,0],"to":[26,16,1],"faces":{"north":{"uv":[2,8,2.5,8.5],"texture":"#0"},"east":{"uv":[2,8,2.5,8.5],"texture":"#0"},"south":{"uv":[2,8,2.5,8.5],"texture":"#0"},"west":{"uv":[2,8,2.5,8.5],"texture":"#0"},"up":{"uv":[2,8,2.5,8.5],"texture":"#0"},"down":{"uv":[2,8,2.5,8.5],"texture":"#0"}}},{"from":[24,20,0],"to":[25,21,1],"faces":{"north":{"uv":[2.5,5.5,3,6],"texture":"#0"},"east":{"uv":[2.5,5.5,3,6],"texture":"#0"},"south":{"uv":[2.5,5.5,3,6],"texture":"#0"},"west":{"uv":[2.5,5.5,3,6],"texture":"#0"},"up":{"uv":[2.5,5.5,3,6],"texture":"#0"},"down":{"uv":[2.5,5.5,3,6],"texture":"#0"}}},{"from":[24,19,0],"to":[25,20,1],"faces":{"north":{"uv":[2.5,6,3,6.5],"texture":"#0"},"east":{"uv":[2.5,6,3,6.5],"texture":"#0"},"south":{"uv":[2.5,6,3,6.5],"texture":"#0"},"west":{"uv":[2.5,6,3,6.5],"texture":"#0"},"up":{"uv":[2.5,6,3,6.5],"texture":"#0"},"down":{"uv":[2.5,6,3,6.5],"texture":"#0"}}},{"from":[24,18,0],"to":[25,19,1],"faces":{"north":{"uv":[2.5,6.5,3,7],"texture":"#0"},"east":{"uv":[2.5,6.5,3,7],"texture":"#0"},"south":{"uv":[2.5,6.5,3,7],"texture":"#0"},"west":{"uv":[2.5,6.5,3,7],"texture":"#0"},"up":{"uv":[2.5,6.5,3,7],"texture":"#0"},"down":{"uv":[2.5,6.5,3,7],"texture":"#0"}}},{"from":[23,22,0],"to":[24,23,1],"faces":{"north":{"uv":[3,4.5,3.5,5],"texture":"#0"},"east":{"uv":[3,4.5,3.5,5],"texture":"#0"},"south":{"uv":[3,4.5,3.5,5],"texture":"#0"},"west":{"uv":[3,4.5,3.5,5],"texture":"#0"},"up":{"uv":[3,4.5,3.5,5],"texture":"#0"},"down":{"uv":[3,4.5,3.5,5],"texture":"#0"}}},{"from":[23,21,0],"to":[24,22,1],"faces":{"north":{"uv":[3,5,3.5,5.5],"texture":"#0"},"east":{"uv":[3,5,3.5,5.5],"texture":"#0"},"south":{"uv":[3,5,3.5,5.5],"texture":"#0"},"west":{"uv":[3,5,3.5,5.5],"texture":"#0"},"up":{"uv":[3,5,3.5,5.5],"texture":"#0"},"down":{"uv":[3,5,3.5,5.5],"texture":"#0"}}},{"from":[22,24,0],"to":[23,25,1],"faces":{"north":{"uv":[3.5,3.5,4,4],"texture":"#0"},"east":{"uv":[3.5,3.5,4,4],"texture":"#0"},"south":{"uv":[3.5,3.5,4,4],"texture":"#0"},"west":{"uv":[3.5,3.5,4,4],"texture":"#0"},"up":{"uv":[3.5,3.5,4,4],"texture":"#0"},"down":{"uv":[3.5,3.5,4,4],"texture":"#0"}}},{"from":[22,23,0],"to":[23,24,1],"faces":{"north":{"uv":[3.5,4,4,4.5],"texture":"#0"},"east":{"uv":[3.5,4,4,4.5],"texture":"#0"},"south":{"uv":[3.5,4,4,4.5],"texture":"#0"},"west":{"uv":[3.5,4,4,4.5],"texture":"#0"},"up":{"uv":[3.5,4,4,4.5],"texture":"#0"},"down":{"uv":[3.5,4,4,4.5],"texture":"#0"}}},{"from":[21,25,0],"to":[22,26,1],"faces":{"north":{"uv":[4,3,4.5,3.5],"texture":"#0"},"east":{"uv":[4,3,4.5,3.5],"texture":"#0"},"south":{"uv":[4,3,4.5,3.5],"texture":"#0"},"west":{"uv":[4,3,4.5,3.5],"texture":"#0"},"up":{"uv":[4,3,4.5,3.5],"texture":"#0"},"down":{"uv":[4,3,4.5,3.5],"texture":"#0"}}},{"from":[20,26,0],"to":[21,27,1],"faces":{"north":{"uv":[4.5,2.5,5,3],"texture":"#0"},"east":{"uv":[4.5,2.5,5,3],"texture":"#0"},"south":{"uv":[4.5,2.5,5,3],"texture":"#0"},"west":{"uv":[4.5,2.5,5,3],"texture":"#0"},"up":{"uv":[4.5,2.5,5,3],"texture":"#0"},"down":{"uv":[4.5,2.5,5,3],"texture":"#0"}}},{"from":[19,27,0],"to":[20,28,1],"faces":{"north":{"uv":[5,2,5.5,2.5],"texture":"#0"},"east":{"uv":[5,2,5.5,2.5],"texture":"#0"},"south":{"uv":[5,2,5.5,2.5],"texture":"#0"},"west":{"uv":[5,2,5.5,2.5],"texture":"#0"},"up":{"uv":[5,2,5.5,2.5],"texture":"#0"},"down":{"uv":[5,2,5.5,2.5],"texture":"#0"}}},{"from":[16,28,0],"to":[17,29,1],"faces":{"north":{"uv":[6.5,1.5,7,2],"texture":"#0"},"east":{"uv":[6.5,1.5,7,2],"texture":"#0"},"south":{"uv":[6.5,1.5,7,2],"texture":"#0"},"west":{"uv":[6.5,1.5,7,2],"texture":"#0"},"up":{"uv":[6.5,1.5,7,2],"texture":"#0"},"down":{"uv":[6.5,1.5,7,2],"texture":"#0"}}},{"from":[17,28,0],"to":[18,29,1],"faces":{"north":{"uv":[6,1.5,6.5,2],"texture":"#0"},"east":{"uv":[6,1.5,6.5,2],"texture":"#0"},"south":{"uv":[6,1.5,6.5,2],"texture":"#0"},"west":{"uv":[6,1.5,6.5,2],"texture":"#0"},"up":{"uv":[6,1.5,6.5,2],"texture":"#0"},"down":{"uv":[6,1.5,6.5,2],"texture":"#0"}}},{"from":[18,27,0],"to":[19,28,1],"faces":{"north":{"uv":[5.5,2,6,2.5],"texture":"#0"},"east":{"uv":[5.5,2,6,2.5],"texture":"#0"},"south":{"uv":[5.5,2,6,2.5],"texture":"#0"},"west":{"uv":[5.5,2,6,2.5],"texture":"#0"},"up":{"uv":[5.5,2,6,2.5],"texture":"#0"},"down":{"uv":[5.5,2,6,2.5],"texture":"#0"}}},{"from":[15,29,0],"to":[16,30,1],"faces":{"north":{"uv":[7,1,7.5,1.5],"texture":"#0"},"east":{"uv":[7,1,7.5,1.5],"texture":"#0"},"south":{"uv":[7,1,7.5,1.5],"texture":"#0"},"west":{"uv":[7,1,7.5,1.5],"texture":"#0"},"up":{"uv":[7,1,7.5,1.5],"texture":"#0"},"down":{"uv":[7,1,7.5,1.5],"texture":"#0"}}},{"from":[14,29,0],"to":[15,30,1],"faces":{"north":{"uv":[7.5,1,8,1.5],"texture":"#0"},"east":{"uv":[7.5,1,8,1.5],"texture":"#0"},"south":{"uv":[7.5,1,8,1.5],"texture":"#0"},"west":{"uv":[7.5,1,8,1.5],"texture":"#0"},"up":{"uv":[7.5,1,8,1.5],"texture":"#0"},"down":{"uv":[7.5,1,8,1.5],"texture":"#0"}}}]}