{"display":{"thirdperson_righthand":{"rotation":[-146.75,0,0],"translation":[0.25,-1.75,-5.5],"scale":[0.63867,0.75781,0.64063]},"thirdperson_lefthand":{"rotation":[-152.5,0,0],"translation":[0,-1.25,-3.75],"scale":[0.68555,0.67383,0.65625]},"firstperson_righthand":{"translation":[0,8.25,0]},"firstperson_lefthand":{"translation":[0,8.25,1.75]},"ground":{"translation":[0,2,0],"scale":[1.02734,0.88867,1]},"gui":{"rotation":[39.75,-38,0],"translation":[0,4.5,0],"scale":[0.78906,0.81055,0.82813]},"head":{"translation":[0,8.5,0]},"fixed":{"translation":[0,6.25,0]}},"textures":{"0":"item/flint/2","particle":"item/flint/2"},"elements":[{"from":[-1,0,-1],"to":[17,1.5,1],"faces":{"north":{"uv":[0,4.5,16,4.5],"texture":"#0"},"east":{"uv":[0,4.5,16,4.5],"texture":"#0"},"south":{"uv":[0,4.5,16,4.5],"texture":"#0"},"west":{"uv":[0,4.5,16,4.5],"texture":"#0"},"up":{"uv":[0,4.5,16,5.5],"texture":"#0"},"down":{"uv":[0,4.5,16,4.5],"texture":"#0"}}},{"from":[-1,0,15],"to":[17,1.5,17],"rotation":{"angle":0,"axis":"y","origin":[8,8,23]},"faces":{"north":{"uv":[0,4.5,16,5.5],"texture":"#0"},"east":{"uv":[0,4.5,16,5.5],"texture":"#0"},"south":{"uv":[0,4.5,16,5.5],"texture":"#0"},"west":{"uv":[0,4.5,16,5.5],"texture":"#0"},"up":{"uv":[0,4.5,16,5.5],"texture":"#0"},"down":{"uv":[0,4.5,16,5.5],"texture":"#0"}}},{"from":[15,0,1],"to":[17,1.5,15],"faces":{"north":{"uv":[0,4.5,16,5.5],"texture":"#0"},"east":{"uv":[0,4.5,16,5.5],"texture":"#0"},"south":{"uv":[0,4.5,16,5.5],"texture":"#0"},"west":{"uv":[0,4.5,16,5.5],"texture":"#0"},"up":{"uv":[0,4.5,16,5.5],"texture":"#0"},"down":{"uv":[0,4.5,16,5.5],"texture":"#0"}}},{"from":[-1,0,1],"to":[1,1.5,15],"rotation":{"angle":0,"axis":"y","origin":[-7,8,8]},"faces":{"north":{"uv":[0,4.5,16,5.5],"texture":"#0"},"east":{"uv":[0,4.5,16,5.5],"texture":"#0"},"south":{"uv":[0,4.5,16,5.5],"texture":"#0"},"west":{"uv":[0,4.5,16,5.5],"texture":"#0"},"up":{"uv":[0,4.5,16,5.5],"texture":"#0"},"down":{"uv":[0,4.5,16,5.5],"texture":"#0"}}},{"from":[1,0,1],"to":[2,7,15],"rotation":{"angle":0,"axis":"y","origin":[9,8,9]},"faces":{"north":{"uv":[5,1.5,6,2.5],"texture":"#0"},"east":{"uv":[5,1.5,6,2.5],"texture":"#0"},"south":{"uv":[5,1.5,6,2.5],"texture":"#0"},"west":{"uv":[5,1.5,6,2.5],"texture":"#0"},"up":{"uv":[5,1.5,6,2.5],"texture":"#0"},"down":{"uv":[5,1.5,6,2.5],"texture":"#0"}}},{"from":[14,0,1],"to":[15,7,15],"rotation":{"angle":0,"axis":"y","origin":[22,8,9]},"faces":{"north":{"uv":[5,1.5,6,2.5],"texture":"#0"},"east":{"uv":[5,1.5,6,2.5],"texture":"#0"},"south":{"uv":[5,1.5,6,2.5],"texture":"#0"},"west":{"uv":[5,1.5,6,2.5],"texture":"#0"},"up":{"uv":[5,1.5,6,2.5],"texture":"#0"},"down":{"uv":[5,1.5,6,2.5],"texture":"#0"}}},{"from":[2,0,14],"to":[14,7,15],"rotation":{"angle":0,"axis":"y","origin":[22,8,9]},"faces":{"north":{"uv":[5,1.5,6,2.5],"texture":"#0"},"east":{"uv":[5,1.5,6,2.5],"texture":"#0"},"south":{"uv":[5,1.5,6,2.5],"texture":"#0"},"west":{"uv":[5,1.5,6,2.5],"texture":"#0"},"up":{"uv":[5,1.5,6,2.5],"texture":"#0"},"down":{"uv":[5,1.5,6,2.5],"texture":"#0"}}},{"from":[2,0,1],"to":[14,7,2],"rotation":{"angle":0,"axis":"y","origin":[22,8,-4]},"faces":{"north":{"uv":[5,1.5,6,2.5],"texture":"#0"},"east":{"uv":[5,1.5,6,2.5],"texture":"#0"},"south":{"uv":[5,1.5,6,2.5],"texture":"#0"},"west":{"uv":[5,1.5,6,2.5],"texture":"#0"},"up":{"uv":[5,1.5,6,2.5],"texture":"#0"},"down":{"uv":[5,1.5,6,2.5],"texture":"#0"}}},{"from":[2,6,2],"to":[14,7,14],"rotation":{"angle":0,"axis":"y","origin":[10,14,10]},"faces":{"north":{"uv":[5,1,6,2],"texture":"#0"},"east":{"uv":[5,1,6,2],"texture":"#0"},"south":{"uv":[5,1,6,2],"texture":"#0"},"west":{"uv":[5,1,6,2],"texture":"#0"},"up":{"uv":[5,1,6,2],"texture":"#0"},"down":{"uv":[5,1,6,2],"texture":"#0"}}}]}