{"display":{"thirdperson_righthand":{"rotation":[69.71,-53.66,16.74],"translation":[0.75,-3,-0.75],"scale":[0.71094,0.56445,0.65039]},"thirdperson_lefthand":{"rotation":[-116.38,70.6,-161.41],"translation":[-2,0.25,-4.5],"scale":[0.71094,0.56445,0.65039]},"firstperson_righthand":{"rotation":[-23.29,51.01,-10.72],"translation":[0,-1.25,2.5],"scale":[0.6,0.6,0.6]},"firstperson_lefthand":{"rotation":[160.89,-50.68,-166.23],"translation":[0,-1,2.5],"scale":[0.6,0.6,0.6]},"ground":{"rotation":[18.05,-14.46,-27.21],"translation":[0,-2,0],"scale":[0.6,0.6,0.6]},"gui":{"rotation":[12.23,63.49,1.71],"translation":[1.75,-7.25,0]},"head":{"rotation":[0,-90,0],"translation":[0,-11.36,5],"scale":[1.65,1.65,1.65]},"fixed":{"rotation":[0,-90,0],"translation":[0,-16,11.5],"scale":[2,2,2]}},"texture_size":[64,64],"textures":{"0":"item/charcoal/1","particle":"item/charcoal/1"},"elements":[{"from":[0,19,3],"to":[1,20,4],"rotation":{"angle":0,"axis":"y","origin":[8,27,11]},"faces":{"north":{"uv":[1.5,2,2,2.5],"texture":"#0"},"east":{"uv":[1.5,2,2,2.5],"texture":"#0"},"south":{"uv":[1.5,2,2,2.5],"texture":"#0"},"west":{"uv":[1.5,2,2,2.5],"texture":"#0"},"up":{"uv":[1.5,2,2,2.5],"texture":"#0"},"down":{"uv":[1.5,2,2,2.5],"texture":"#0"}}},{"from":[0,19,6],"to":[1,21,7],"rotation":{"angle":0,"axis":"y","origin":[8,27,14]},"faces":{"north":{"uv":[3,1.5,3.5,2.5],"texture":"#0"},"east":{"uv":[3,1.5,3.5,2.5],"texture":"#0"},"south":{"uv":[3,1.5,3.5,2.5],"texture":"#0"},"west":{"uv":[3,1.5,3.5,2.5],"texture":"#0"},"up":{"uv":[3,1.5,3.5,2],"texture":"#0"},"down":{"uv":[3,1.5,3.5,2.5],"texture":"#0"}}},{"from":[0,19,9],"to":[1,21,10],"rotation":{"angle":0,"axis":"y","origin":[8,27,17]},"faces":{"north":{"uv":[4.5,1.5,5,2.5],"texture":"#0"},"east":{"uv":[4.5,1.5,5,2.5],"texture":"#0"},"south":{"uv":[4.5,1.5,5,2.5],"texture":"#0"},"west":{"uv":[4.5,1.5,5,2.5],"texture":"#0"},"up":{"uv":[4.5,1.5,5,2],"texture":"#0"},"down":{"uv":[4.5,1.5,5,2.5],"texture":"#0"}}},{"from":[0,19,7],"to":[1,23,9],"rotation":{"angle":0,"axis":"y","origin":[8,27,16]},"faces":{"north":{"uv":[3.5,0.5,4,2.5],"texture":"#0"},"east":{"uv":[3.5,0.5,4.5,2.5],"texture":"#0"},"south":{"uv":[4,0.5,4.5,2.5],"texture":"#0"},"west":{"uv":[3.5,0.5,4.5,2.5],"texture":"#0"},"up":{"uv":[3.5,0.5,4.5,1],"rotation":90,"texture":"#0"},"down":{"uv":[3.5,0.5,4.5,2.5],"texture":"#0"}}},{"from":[0,18,4],"to":[1,19,13],"rotation":{"angle":0,"axis":"y","origin":[8,26,11]},"faces":{"north":{"uv":[1.75,2.5,6.5,3],"texture":"#0"},"east":{"uv":[1.75,2.5,6.5,3],"texture":"#0"},"south":{"uv":[6,2.5,6.5,3],"texture":"#0"},"west":{"uv":[2,2.5,6.5,3],"texture":"#0"},"up":{"uv":[2,2.5,6.5,3],"rotation":90,"texture":"#0"},"down":{"uv":[2,2.5,6.5,3],"rotation":270,"texture":"#0"}}},{"from":[0,19,12],"to":[1,20,13],"rotation":{"angle":0,"axis":"y","origin":[8,27,20]},"faces":{"north":{"uv":[6,2,6.5,2.5],"texture":"#0"},"east":{"uv":[6,2,6.5,2.5],"texture":"#0"},"south":{"uv":[6,2,6.5,2.5],"texture":"#0"},"west":{"uv":[6,2,6.5,2.5],"texture":"#0"},"up":{"uv":[6,2,6.5,2.5],"texture":"#0"},"down":{"uv":[6,2,6.5,2.5],"texture":"#0"}}},{"from":[0,19,11],"to":[1,23,12],"rotation":{"angle":0,"axis":"y","origin":[8,27,19]},"faces":{"north":{"uv":[5.5,0.5,6,2.5],"texture":"#0"},"east":{"uv":[5.5,0.5,6,2.5],"texture":"#0"},"south":{"uv":[5.5,0.5,6,2.5],"texture":"#0"},"west":{"uv":[5.5,0.5,6,2.5],"texture":"#0"},"up":{"uv":[5.5,0.5,6,1],"texture":"#0"},"down":{"uv":[5.5,0.5,6,2.5],"texture":"#0"}}},{"from":[1,19,12],"to":[2,23,13],"rotation":{"angle":0,"axis":"y","origin":[9,27,20]},"faces":{"north":{"uv":[5.5,0.5,6,2.5],"texture":"#0"},"east":{"uv":[5.5,0.5,6,2.5],"texture":"#0"},"south":{"uv":[5.5,0.5,6,2.5],"texture":"#0"},"west":{"uv":[5.5,0.5,6,2.5],"texture":"#0"},"up":{"uv":[5.5,0.5,6,1],"texture":"#0"},"down":{"uv":[5.5,0.5,6,2.5],"texture":"#0"}}},{"from":[4,19,12],"to":[5,23,13],"rotation":{"angle":0,"axis":"y","origin":[12,27,20]},"faces":{"north":{"uv":[5.5,0.5,6,2.5],"texture":"#0"},"east":{"uv":[5.5,0.5,6,2.5],"texture":"#0"},"south":{"uv":[5.5,0.5,6,2.5],"texture":"#0"},"west":{"uv":[5.5,0.5,6,2.5],"texture":"#0"},"up":{"uv":[5.5,0.5,6,1],"texture":"#0"},"down":{"uv":[5.5,0.5,6,2.5],"texture":"#0"}}},{"from":[5,19,12],"to":[6,23,13],"rotation":{"angle":0,"axis":"y","origin":[13,27,20]},"faces":{"north":{"uv":[5.5,0.5,6,2.5],"texture":"#0"},"east":{"uv":[5.5,0.5,6,2.5],"texture":"#0"},"south":{"uv":[5.5,0.5,6,2.5],"texture":"#0"},"west":{"uv":[5.5,0.5,6,2.5],"texture":"#0"},"up":{"uv":[5.5,0.5,6,1],"texture":"#0"},"down":{"uv":[5.5,0.5,6,2.5],"texture":"#0"}}},{"from":[9,19,6],"to":[10,22,7],"rotation":{"angle":0,"axis":"y","origin":[17,27,14]},"faces":{"north":{"uv":[2,1.5,2.5,3],"texture":"#0"},"east":{"uv":[2,1.5,2.5,3],"texture":"#0"},"south":{"uv":[2,1.5,2.5,3],"texture":"#0"},"west":{"uv":[2,1.5,2.5,3],"texture":"#0"},"up":{"uv":[2,1.5,2.5,1.75],"texture":"#0"},"down":{"uv":[2,1.5,2.5,3],"texture":"#0"}}},{"from":[6,19,12],"to":[7,23,13],"rotation":{"angle":0,"axis":"y","origin":[14,27,20]},"faces":{"north":{"uv":[5.5,1,6,3],"texture":"#0"},"east":{"uv":[5.5,1,6,3],"texture":"#0"},"south":{"uv":[5.5,1,6,3],"texture":"#0"},"west":{"uv":[5.5,1,6,3],"texture":"#0"},"up":{"uv":[5.5,1,6,1.5],"texture":"#0"},"down":{"uv":[5.5,1,6,3],"texture":"#0"}}},{"from":[9,19,9],"to":[10,22,10],"rotation":{"angle":0,"axis":"y","origin":[17,27,17]},"faces":{"north":{"uv":[5.5,1.5,5.75,3],"texture":"#0"},"east":{"uv":[5.5,1.5,5.75,3],"texture":"#0"},"south":{"uv":[5.5,1.5,5.75,3],"texture":"#0"},"west":{"uv":[5.5,1.5,5.75,3],"texture":"#0"},"up":{"uv":[5.5,1.5,6,1.75],"texture":"#0"},"down":{"uv":[5.5,1.5,5.75,3],"texture":"#0"}}},{"from":[7,19,12],"to":[8,21,13],"rotation":{"angle":0,"axis":"y","origin":[15,27,20]},"faces":{"north":{"uv":[3,1.5,3.5,2.5],"texture":"#0"},"east":{"uv":[3,1.5,3.5,2.5],"texture":"#0"},"south":{"uv":[3,1.5,3.5,2.5],"texture":"#0"},"west":{"uv":[3,1.5,3.5,2.5],"texture":"#0"},"up":{"uv":[3,1.5,3.5,2],"texture":"#0"},"down":{"uv":[3,1.5,3.5,2.5],"texture":"#0"}}},{"from":[7,19,3],"to":[8,21,4],"rotation":{"angle":0,"axis":"y","origin":[15,27,11]},"faces":{"north":{"uv":[3,1.5,3.5,2.5],"texture":"#0"},"east":{"uv":[3,1.5,3.5,2.5],"texture":"#0"},"south":{"uv":[3,1.5,3.5,2.5],"texture":"#0"},"west":{"uv":[3,1.5,3.5,2.5],"texture":"#0"},"up":{"uv":[3,1.5,3.5,2],"texture":"#0"},"down":{"uv":[3,1.5,3.5,2.5],"texture":"#0"}}},{"from":[9,19,5],"to":[10,21,6],"rotation":{"angle":0,"axis":"y","origin":[17,27,13]},"faces":{"north":{"uv":[3,1.5,3.5,2.5],"texture":"#0"},"east":{"uv":[3,1.5,3.5,2.5],"texture":"#0"},"south":{"uv":[3,1.5,3.5,2.5],"texture":"#0"},"west":{"uv":[3,1.5,3.5,2.5],"texture":"#0"},"up":{"uv":[3,1.5,3.5,2],"texture":"#0"},"down":{"uv":[3,1.5,3.5,2.5],"texture":"#0"}}},{"from":[9,19,10],"to":[10,21,11],"rotation":{"angle":0,"axis":"y","origin":[17,27,18]},"faces":{"north":{"uv":[3,1.5,3.5,2.5],"texture":"#0"},"east":{"uv":[3,1.5,3.5,2.5],"texture":"#0"},"south":{"uv":[3,1.5,3.5,2.5],"texture":"#0"},"west":{"uv":[3,1.5,3.5,2.5],"texture":"#0"},"up":{"uv":[3,1.5,3.5,2],"texture":"#0"},"down":{"uv":[3,1.5,3.5,2.5],"texture":"#0"}}},{"from":[3,19,12],"to":[4,21,13],"rotation":{"angle":0,"axis":"y","origin":[11,27,20]},"faces":{"north":{"uv":[4.5,2,5,3],"texture":"#0"},"east":{"uv":[4.5,2,5,3],"texture":"#0"},"south":{"uv":[4.5,2,5,3],"texture":"#0"},"west":{"uv":[4.5,2,5,3],"texture":"#0"},"up":{"uv":[4.5,2,5,3],"texture":"#0"},"down":{"uv":[4.5,2,5,3],"texture":"#0"}}},{"from":[3,19,3],"to":[4,21,4],"rotation":{"angle":0,"axis":"y","origin":[11,27,11]},"faces":{"north":{"uv":[4.5,2,5,3],"texture":"#0"},"east":{"uv":[4.5,2,5,3],"texture":"#0"},"south":{"uv":[4.5,2,5,3],"texture":"#0"},"west":{"uv":[4.5,2,5,3],"texture":"#0"},"up":{"uv":[4.5,2,5,3],"texture":"#0"},"down":{"uv":[4.5,2,5,3],"texture":"#0"}}},{"from":[9,18,4],"to":[10,19,12],"rotation":{"angle":0,"axis":"y","origin":[2,26,5]},"faces":{"north":{"uv":[5.75,2.5,6.5,3],"texture":"#0"},"east":{"uv":[2,2.5,6,3],"texture":"#0"},"south":{"uv":[1.5,2.5,6.5,3],"texture":"#0"},"west":{"uv":[1.5,2.5,6.5,3],"texture":"#0"},"up":{"uv":[2,2.5,6.5,3],"rotation":270,"texture":"#0"},"down":{"uv":[5.5,1,6,3],"texture":"#0"}}},{"from":[0,19,4],"to":[1,23,5],"rotation":{"angle":0,"axis":"y","origin":[8,27,12]},"faces":{"north":{"uv":[2,0.5,2.5,2.5],"texture":"#0"},"east":{"uv":[2,0.5,2.5,2.5],"texture":"#0"},"south":{"uv":[2,0.5,2.5,2.5],"texture":"#0"},"west":{"uv":[2,0.5,2.5,2.5],"texture":"#0"},"up":{"uv":[2,0.5,2.5,1],"texture":"#0"},"down":{"uv":[2,0.5,2.5,2.5],"texture":"#0"}}},{"from":[1,19,3],"to":[2,23,4],"rotation":{"angle":0,"axis":"y","origin":[9,27,11]},"faces":{"north":{"uv":[2,0.5,2.5,2.5],"texture":"#0"},"east":{"uv":[2,0.5,2.5,2.5],"texture":"#0"},"south":{"uv":[2,0.5,2.5,2.5],"texture":"#0"},"west":{"uv":[2,0.5,2.5,2.5],"texture":"#0"},"up":{"uv":[2,0.5,2.5,1],"texture":"#0"},"down":{"uv":[2,0.5,2.5,2.5],"texture":"#0"}}},{"from":[4,19,3],"to":[5,23,4],"rotation":{"angle":0,"axis":"y","origin":[12,27,11]},"faces":{"north":{"uv":[2,0.5,2.5,2.5],"texture":"#0"},"east":{"uv":[2,0.5,2.5,2.5],"texture":"#0"},"south":{"uv":[2,0.5,2.5,2.5],"texture":"#0"},"west":{"uv":[2,0.5,2.5,2.5],"texture":"#0"},"up":{"uv":[2,0.5,2.5,1],"texture":"#0"},"down":{"uv":[2,0.5,2.5,2.5],"texture":"#0"}}},{"from":[5,19,3],"to":[6,23,4],"rotation":{"angle":0,"axis":"y","origin":[13,27,11]},"faces":{"north":{"uv":[5.5,1,6,3],"texture":"#0"},"east":{"uv":[5.5,1,6,3],"texture":"#0"},"south":{"uv":[5.5,1,6,3],"texture":"#0"},"west":{"uv":[5.5,1,6,3],"texture":"#0"},"up":{"uv":[5.5,1,6,1.5],"texture":"#0"},"down":{"uv":[5.5,1,6,3],"texture":"#0"}}},{"from":[6,19,3],"to":[7,23,4],"rotation":{"angle":0,"axis":"y","origin":[14,27,11]},"faces":{"north":{"uv":[2,0.5,2.5,2.5],"texture":"#0"},"east":{"uv":[2,0.5,2.5,2.5],"texture":"#0"},"south":{"uv":[2,0.5,2.5,2.5],"texture":"#0"},"west":{"uv":[2,0.5,2.5,2.5],"texture":"#0"},"up":{"uv":[2,0.5,2.5,1],"texture":"#0"},"down":{"uv":[2,0.5,2.5,2.5],"texture":"#0"}}},{"from":[9,19,7],"to":[10,23,8],"rotation":{"angle":0,"axis":"y","origin":[17,27,15]},"faces":{"north":{"uv":[2,0.5,2.5,2.5],"texture":"#0"},"east":{"uv":[2,0.5,2.5,2.5],"texture":"#0"},"south":{"uv":[2,0.5,2.5,2.5],"texture":"#0"},"west":{"uv":[2,0.5,2.5,2.5],"texture":"#0"},"up":{"uv":[2,0.5,2.5,1],"texture":"#0"},"down":{"uv":[2,0.5,2.5,2.5],"texture":"#0"}}},{"from":[9,19,8],"to":[10,23,9],"rotation":{"angle":0,"axis":"y","origin":[17,27,16]},"faces":{"north":{"uv":[5.5,0.5,6,2.5],"texture":"#0"},"east":{"uv":[5.5,0.5,6,2.5],"texture":"#0"},"south":{"uv":[5.5,0.5,6,2.5],"texture":"#0"},"west":{"uv":[5.5,0.5,6,2.5],"texture":"#0"},"up":{"uv":[5.5,0.5,6,1],"texture":"#0"},"down":{"uv":[5.5,0.5,6,2.5],"texture":"#0"}}},{"from":[1,18,12],"to":[10,19,13],"rotation":{"angle":0,"axis":"y","origin":[2,26,20]},"faces":{"north":{"uv":[1.5,2.5,6.5,3],"rotation":180,"texture":"#0"},"east":{"uv":[1.5,2.5,2,3],"rotation":180,"texture":"#0"},"south":{"uv":[1.5,2.5,6.5,3],"rotation":180,"texture":"#0"},"west":{"uv":[1.5,2.5,6.5,3],"rotation":180,"texture":"#0"},"up":{"uv":[1.5,2.5,6.5,3],"rotation":180,"texture":"#0"},"down":{"uv":[1.5,2.5,6.5,3],"rotation":180,"texture":"#0"}}},{"from":[0,18,3],"to":[10,19,4],"rotation":{"angle":0,"axis":"y","origin":[8,26,-4]},"faces":{"north":{"uv":[1.5,2.5,6.5,3],"rotation":180,"texture":"#0"},"east":{"uv":[6,2.5,6.5,3],"rotation":180,"texture":"#0"},"south":{"uv":[1.5,2.5,6.5,3],"rotation":180,"texture":"#0"},"west":{"uv":[1.5,2.5,2,3],"rotation":180,"texture":"#0"},"up":{"uv":[1.5,2.5,6.5,3],"rotation":180,"texture":"#0"},"down":{"uv":[1.5,2.5,6.5,3],"rotation":180,"texture":"#0"}}},{"from":[2,11,4],"to":[9,21,12],"faces":{"north":{"uv":[0,5.75,1.75,8.25],"texture":"#0"},"east":{"uv":[6,5.75,8,8.25],"texture":"#0"},"south":{"uv":[4.25,5.75,6,8.25],"texture":"#0"},"west":{"uv":[2.75,7,3,7.25],"texture":"#0"},"up":{"uv":[2,3.75,4,5.5],"rotation":90,"texture":"#0"},"down":{"uv":[4,3.75,6,5.5],"rotation":90,"texture":"#0"}}},{"from":[1,11,4],"to":[2,21,5],"faces":{"north":{"uv":[1.75,5.75,2,8.25],"texture":"#0"},"east":{"uv":[2,5.75,2.25,8.25],"texture":"#0"},"south":{"uv":[2,5.75,2.25,8.25],"texture":"#0"},"west":{"uv":[2,5.75,2.25,8.25],"texture":"#0"},"up":{"uv":[2,5.5,2.25,5.75],"texture":"#0"},"down":{"uv":[5.75,3.75,6,4],"texture":"#0"}}},{"from":[1,11,5],"to":[2,14,11],"faces":{"north":{"uv":[0,0,0.25,0.75],"texture":"#missing"},"east":{"uv":[0,0,1.5,0.75],"texture":"#missing"},"south":{"uv":[0,0,0.25,0.75],"texture":"#missing"},"west":{"uv":[2.25,7.5,3.75,8.25],"texture":"#0"},"up":{"uv":[2.75,7.25,3,7.5],"texture":"#0"},"down":{"uv":[5.75,4,6,5.5],"texture":"#0"}}},{"from":[1,11,11],"to":[2,21,12],"faces":{"north":{"uv":[3.75,5.75,4,8.25],"texture":"#0"},"east":{"uv":[3.75,5.75,4,8.25],"texture":"#0"},"south":{"uv":[4,5.75,4.25,8.25],"texture":"#0"},"west":{"uv":[3.75,5.75,4,8.25],"texture":"#0"},"up":{"uv":[3.75,5.5,4,5.75],"texture":"#0"},"down":{"uv":[4.25,5.5,4.5,5.75],"texture":"#0"}}},{"from":[1,17,5],"to":[2,21,11],"faces":{"north":{"uv":[0,0,0.25,1],"texture":"#missing"},"east":{"uv":[0,0,1.5,1],"texture":"#missing"},"south":{"uv":[0,0,0.25,1],"texture":"#missing"},"west":{"uv":[2.25,5.75,3.75,6.75],"texture":"#0"},"up":{"uv":[2.5,5.5,2.75,5.75],"texture":"#0"},"down":{"uv":[3.25,6.5,3.5,7],"texture":"#0"}}},{"from":[1,14,7],"to":[2,17,9],"faces":{"north":{"uv":[2.75,6.75,3,7.5],"texture":"#0"},"east":{"uv":[0,0,0.5,0.75],"texture":"#missing"},"south":{"uv":[3,6.75,3.25,7.5],"texture":"#0"},"west":{"uv":[2.75,6.75,3.25,7.5],"texture":"#0"},"up":{"uv":[0,0,0.25,0.5],"texture":"#missing"},"down":{"uv":[0,0,0.25,0.5],"texture":"#missing"}}},{"from":[1.05,13,5],"to":[2.05,17,11],"faces":{"north":{"uv":[0,0,0.25,0.75],"texture":"#missing"},"east":{"uv":[0,0,1.5,0.75],"texture":"#missing"},"south":{"uv":[0,0,0.25,0.75],"texture":"#missing"},"west":{"uv":[1.25,5,1.5,5.25],"texture":"#0"},"up":{"uv":[0,0,0.25,1.5],"texture":"#missing"},"down":{"uv":[0,0,0.25,1.5],"texture":"#missing"}}},{"from":[1,14.1,6],"to":[2,15.1,7],"faces":{"north":{"uv":[0.5,5,0.75,5.25],"texture":"#0"},"east":{"uv":[0.5,5,0.75,5.25],"texture":"#0"},"south":{"uv":[0.5,5,0.75,5.25],"texture":"#0"},"west":{"uv":[0.5,5,0.75,5.25],"texture":"#0"},"up":{"uv":[0.5,5,0.75,5.25],"texture":"#0"},"down":{"uv":[0.5,5,0.75,5.25],"texture":"#0"}}},{"from":[1,14.1,9],"to":[2,15.1,10],"faces":{"north":{"uv":[0.5,5,0.75,5.25],"texture":"#0"},"east":{"uv":[0.5,5,0.75,5.25],"texture":"#0"},"south":{"uv":[0.5,5,0.75,5.25],"texture":"#0"},"west":{"uv":[0.5,5,0.75,5.25],"texture":"#0"},"up":{"uv":[0.5,5,0.75,5.25],"texture":"#0"},"down":{"uv":[0.5,5,0.75,5.25],"texture":"#0"}}},{"from":[1,15.1,5],"to":[2,17,7],"faces":{"north":{"uv":[2.25,6.75,2.75,7],"texture":"#0"},"east":{"uv":[2.25,6.75,2.75,7],"texture":"#0"},"south":{"uv":[2.25,6.75,2.75,7],"texture":"#0"},"west":{"uv":[2.25,6.75,2.75,7],"texture":"#0"},"up":{"uv":[2.25,6.75,2.75,7],"texture":"#0"},"down":{"uv":[2.25,6.75,2.75,7],"texture":"#0"}}},{"from":[1,15.1,9],"to":[2,17,11],"faces":{"north":{"uv":[2.25,6.75,2.75,7],"texture":"#0"},"east":{"uv":[2.25,6.75,2.75,7],"texture":"#0"},"south":{"uv":[2.25,6.75,2.75,7],"texture":"#0"},"west":{"uv":[3.25,6.75,3.75,7],"texture":"#0"},"up":{"uv":[2.25,6.75,2.75,7],"texture":"#0"},"down":{"uv":[2.25,6.75,2.75,7],"texture":"#0"}}},{"from":[0.8,15.4,5],"to":[1.8,16.4,11],"faces":{"north":{"uv":[0.5,4.25,0.75,4.5],"texture":"#0"},"east":{"uv":[0.5,4.25,0.75,4.5],"texture":"#0"},"south":{"uv":[0.5,4.25,0.75,4.5],"texture":"#0"},"west":{"uv":[0.5,4.25,0.75,4.5],"texture":"#0"},"up":{"uv":[0.5,4.25,0.75,4.5],"texture":"#0"},"down":{"uv":[0.5,4.25,0.75,4.5],"texture":"#0"}}},{"from":[-1,10,7],"to":[1,14,9],"faces":{"north":{"uv":[6,4.25,6.5,5.25],"texture":"#0"},"east":{"uv":[7.5,4.25,8,5.25],"texture":"#0"},"south":{"uv":[7,4.25,7.5,5.25],"texture":"#0"},"west":{"uv":[6.5,4.25,7,5.25],"texture":"#0"},"up":{"uv":[6.5,3.75,7,4.25],"texture":"#0"},"down":{"uv":[7,3.75,7.5,4.25],"texture":"#0"}}}]}