{"display":{"thirdperson_righthand":{"rotation":[21.06,8.15,20.24],"translation":[-0.5,0,-1],"scale":[0.4,0.4,0.4]},"thirdperson_lefthand":{"rotation":[21.06,8.15,20.24],"translation":[-0.5,0,-1],"scale":[0.4,0.4,0.4]},"firstperson_righthand":{"rotation":[152.48,20.45,178.58],"translation":[2,4.5,-1.25],"scale":[0.6,0.6,0.6]},"firstperson_lefthand":{"rotation":[152.48,20.45,178.58],"translation":[2,4.5,-1.25],"scale":[0.6,0.6,0.6]},"ground":{"translation":[0,1.75,0],"scale":[0.6,0.6,0.6]},"gui":{"rotation":[180,0,180],"translation":[0,6,0],"scale":[1.5,1.5,1.5]},"head":{"translation":[0,6.45,0],"scale":[1.61,1.61,1.61]},"fixed":{"translation":[0,10,0],"scale":[2.5,2.5,1]}},"texture_size":[32,16],"textures":{"0":"item/charcoal/10","particle":"item/charcoal/10"},"elements":[{"from":[4,0,4],"to":[12,8,12],"faces":{"north":{"uv":[4,8,8,16],"texture":"#0"},"east":{"uv":[8,8,12,16],"texture":"#0"},"south":{"uv":[4,0,8,8],"texture":"#0"},"west":{"uv":[0,8,4,16],"texture":"#0"},"up":{"uv":[8,0,12,8],"texture":"#0"},"down":{"uv":[12,8,16,16],"texture":"#0"}}}]}