{"display":{"thirdperson_righthand":{"scale":[0.4,0.4,0.4]},"thirdperson_lefthand":{"scale":[0.4,0.4,0.4]},"firstperson_righthand":{"rotation":[159,35,-180],"translation":[-2.5,6.5,3.75],"scale":[0.4,0.4,0.4]},"firstperson_lefthand":{"rotation":[159,35,-180],"translation":[-2.5,6.5,3.75],"scale":[0.4,0.4,0.4]},"ground":{"translation":[0,6,0]},"gui":{"rotation":[180,0,180],"translation":[0,4.5,0],"scale":[1.5,1.5,0.1]},"head":{"translation":[0,6.5,0],"scale":[1.62,1.62,1.62]},"fixed":{"translation":[0,6,-0.25],"scale":[2,2,0.08]}},"texture_size":[32,32],"textures":{"0":"item/charcoal/7","particle":"item/charcoal/7"},"elements":[{"from":[11,0,4],"to":[12,10,5],"faces":{"north":{"uv":[4,4,4.5,9],"texture":"#0"},"east":{"uv":[3.5,4,4,9],"texture":"#0"},"south":{"uv":[0,0,4,5.5],"texture":"#missing"},"west":{"uv":[4,4,4.5,9],"texture":"#0"},"up":{"uv":[4,3.5,4.5,4],"rotation":180,"texture":"#0"},"down":{"uv":[8,0,8.5,0.5],"texture":"#0"}}},{"from":[4,0,5],"to":[12,10,12],"faces":{"north":{"uv":[4,4,8,9],"texture":"#0"},"east":{"uv":[0,4,3.5,9],"texture":"#0"},"south":{"uv":[12,4,16,9],"texture":"#0"},"west":{"uv":[8.5,4,12,9],"texture":"#0"},"up":{"uv":[4,0,8,3.5],"rotation":180,"texture":"#0"},"down":{"uv":[8,0.5,12,4],"rotation":180,"texture":"#0"}}},{"from":[4,0,4],"to":[5,10,5],"faces":{"north":{"uv":[7.5,4,8,9],"texture":"#0"},"east":{"uv":[7.5,4,8,9],"texture":"#0"},"south":{"uv":[0,0,0.5,5],"texture":"#missing"},"west":{"uv":[8,4,8.5,9],"texture":"#0"},"up":{"uv":[7.5,3.5,8,4],"texture":"#0"},"down":{"uv":[11.5,0,12,0.5],"texture":"#0"}}},{"from":[5,0,4],"to":[11,3,5],"faces":{"north":{"uv":[4.5,7.5,7.5,9],"texture":"#0"},"east":{"uv":[0,0,0.5,1.5],"texture":"#missing"},"south":{"uv":[0,0,3,1.5],"texture":"#missing"},"west":{"uv":[0,0,0.5,1.5],"texture":"#missing"},"up":{"uv":[4.5,7,7.5,7.5],"texture":"#0"},"down":{"uv":[8.5,0,11.5,0.5],"texture":"#0"}}},{"from":[7,3,4],"to":[9,6,5],"faces":{"north":{"uv":[5.5,6,6.5,7.5],"texture":"#0"},"east":{"uv":[5.5,6,6,7.5],"texture":"#0"},"south":{"uv":[0,0,1,1.5],"texture":"#missing"},"west":{"uv":[6,6,6.5,7.5],"texture":"#0"},"up":{"uv":[5.5,6,6.5,6.5],"texture":"#0"},"down":{"uv":[5.5,7,6.5,7.5],"texture":"#0"}}},{"from":[5,6,4],"to":[11,10,5],"faces":{"north":{"uv":[4.5,4,7.5,6],"texture":"#0"},"east":{"uv":[0,0,0.5,2],"texture":"#missing"},"south":{"uv":[0,0,3,2],"texture":"#missing"},"west":{"uv":[0,0,0.5,2],"texture":"#missing"},"up":{"uv":[4.5,3.5,7.5,4],"rotation":180,"texture":"#0"},"down":{"uv":[4.5,5.5,7.5,6],"rotation":180,"texture":"#0"}}},{"from":[7,-1,2],"to":[9,3,4],"faces":{"north":{"uv":[13,1,14,3],"texture":"#0"},"east":{"uv":[12,1,13,3],"texture":"#0"},"south":{"uv":[15,1,16,3],"texture":"#0"},"west":{"uv":[14,1,15,3],"texture":"#0"},"up":{"uv":[13,0,14,1],"texture":"#0"},"down":{"uv":[14,0,15,1],"texture":"#0"}}},{"from":[4.8,2.8,4.025],"to":[11.2,5.8,5],"faces":{"north":{"uv":[2.5,2.5,3,3],"texture":"#0"},"east":{"uv":[0,0,0.4875,1.75],"texture":"#missing"},"south":{"uv":[0,0,3.2,1.75],"texture":"#missing"},"west":{"uv":[0,0,0.4875,1.75],"texture":"#missing"},"up":{"uv":[0,0,3.2,0.4875],"texture":"#missing"},"down":{"uv":[0,0,3.2,0.4875],"texture":"#missing"}}},{"from":[5.9,3.7,4],"to":[6.9,4.7,5.025],"faces":{"north":{"uv":[1,2.5,1.5,3],"texture":"#0"},"east":{"uv":[1,2.5,1.5,3],"texture":"#0"},"south":{"uv":[1,2.5,1.5,3],"texture":"#0"},"west":{"uv":[1,2.5,1.5,3],"texture":"#0"},"up":{"uv":[1,2.5,1.5,3],"texture":"#0"},"down":{"uv":[1,2.5,1.5,3],"texture":"#0"}}},{"from":[5,5.2,4],"to":[7,6,5.025],"faces":{"north":{"uv":[6.5,6,7.5,6.5],"texture":"#0"},"east":{"uv":[6.5,6,7,6.5],"texture":"#0"},"south":{"uv":[6.5,6,7.5,6.5],"texture":"#0"},"west":{"uv":[7,6,7.5,6.5],"texture":"#0"},"up":{"uv":[6.5,6,7.5,6.5],"texture":"#0"},"down":{"uv":[6.5,6,7.5,6.5],"rotation":180,"texture":"#0"}}},{"from":[9.1,3.7,4],"to":[10.1,4.7,5.025],"faces":{"north":{"uv":[1,2.5,1.5,3],"texture":"#0"},"east":{"uv":[1,2.5,1.5,3],"texture":"#0"},"south":{"uv":[1,2.5,1.5,3],"texture":"#0"},"west":{"uv":[1,2.5,1.5,3],"texture":"#0"},"up":{"uv":[1,2.5,1.5,3],"texture":"#0"},"down":{"uv":[1,2.5,1.5,3],"texture":"#0"}}},{"from":[9,5.2,4],"to":[11,6,5.025],"faces":{"north":{"uv":[4.5,6,5.5,6.5],"texture":"#0"},"east":{"uv":[4.5,6,5.5,6.5],"texture":"#0"},"south":{"uv":[4.5,6,5.5,6.5],"texture":"#0"},"west":{"uv":[4.5,6,5.5,6.5],"texture":"#0"},"up":{"uv":[4.5,6,5.5,6.5],"texture":"#0"},"down":{"uv":[4.5,6,5.5,6.5],"texture":"#0"}}},{"from":[5,5.5,3.8],"to":[11,6.5,4.4],"faces":{"north":{"uv":[1,1.5,1.5,1],"texture":"#0"},"east":{"uv":[1,1.5,1.5,1],"texture":"#0"},"south":{"uv":[1,1.5,1.5,1],"texture":"#0"},"west":{"uv":[1,1.5,1.5,1],"texture":"#0"},"up":{"uv":[1,1.5,1.5,1],"texture":"#0"},"down":{"uv":[1,1.5,1.5,1],"texture":"#0"}}}]}