{"display":{"thirdperson_righthand":{"rotation":[45,4,-10],"translation":[0,0,-0.5],"scale":[0.5,0.5,0.5]},"thirdperson_lefthand":{"rotation":[35,26,0],"translation":[0,0,-1],"scale":[0.5,0.5,0.5]},"firstperson_righthand":{"rotation":[-7,141,-28],"translation":[-1.5,7,0]},"firstperson_lefthand":{"rotation":[-16,134,-21],"translation":[0,4.5,0]},"ground":{"translation":[0,4,0]},"gui":{"rotation":[-157.89,-24.2,178.77],"translation":[0.5,2.5,0],"scale":[1.4,1.4,1.4]},"head":{"rotation":[0,45,0],"translation":[0,8.5,0],"scale":[1.85,1.85,1.85]},"fixed":{"rotation":[0,45,1],"translation":[0,2.75,-2.25]}},"texture_size":[64,32],"textures":{"0":"item/charcoal/15","particle":"item/charcoal/15"},"elements":[{"from":[12.6,-5.3,7.1],"to":[17.6,-3.2,9],"rotation":{"angle":45,"axis":"z","origin":[0,0,0]},"faces":{"north":{"uv":[1.25,8,2.25,12.5],"rotation":270,"texture":"#0"},"east":{"uv":[1.25,8,2.25,10],"rotation":90,"texture":"#0"},"south":{"uv":[1.25,8,2.25,13],"rotation":90,"texture":"#0"},"west":{"uv":[1.25,8,2.25,10],"rotation":90,"texture":"#0"},"up":{"uv":[1.25,8,2.25,13],"rotation":90,"texture":"#0"},"down":{"uv":[1.25,8,2.25,13],"rotation":90,"texture":"#0"}}},{"from":[10,2.5,11],"to":[11,6.5,12],"rotation":{"angle":-45,"axis":"y","origin":[8,0,8]},"faces":{"north":{"uv":[2,0.5,2.25,2.5],"texture":"#0"},"east":{"uv":[0,0,0.25,2],"texture":"#missing"},"south":{"uv":[7.5,4.5,7.75,6.5],"texture":"#0"},"west":{"uv":[2,0.5,2.25,2.5],"texture":"#0"},"up":{"uv":[0,0,0.25,0.5],"texture":"#missing"},"down":{"uv":[0,0,0.25,0.5],"texture":"#missing"}}},{"from":[5,6.5,11],"to":[11,7.5,12],"rotation":{"angle":-45,"axis":"y","origin":[8,0,8]},"faces":{"north":{"uv":[0,0,0.75,0.5],"texture":"#missing"},"east":{"uv":[0,0,0.25,0.5],"texture":"#missing"},"south":{"uv":[6.25,4,7.75,4.5],"texture":"#0"},"west":{"uv":[2.25,0,2.5,0.5],"texture":"#0"},"up":{"uv":[2.25,0,3.75,0.5],"texture":"#0"},"down":{"uv":[2.75,0,3.5,0.5],"texture":"#0"}}},{"from":[4,3.5,5],"to":[5,7.5,11],"rotation":{"angle":-45,"axis":"y","origin":[8,0,8]},"faces":{"north":{"uv":[4,4,5.75,6],"texture":"#0"},"east":{"uv":[3.25,0,3.5,0.5],"texture":"#0"},"south":{"uv":[3.25,0,3.5,0.5],"texture":"#0"},"west":{"uv":[4.25,4,5.75,6],"texture":"#0"},"up":{"uv":[3.75,0.5,4,3.5],"texture":"#0"},"down":{"uv":[1,5.5,1.25,6],"texture":"#0"}}},{"from":[11,6.5,8],"to":[12,7.5,10],"rotation":{"angle":-45,"axis":"y","origin":[8,0,8]},"faces":{"north":{"uv":[0,0,0.25,0.5],"texture":"#missing"},"east":{"uv":[0.5,4,1,4.5],"texture":"#0"},"south":{"uv":[0,0,0.25,0.5],"texture":"#missing"},"west":{"uv":[0,0,0.5,0.5],"texture":"#missing"},"up":{"uv":[2,1,2.25,2],"texture":"#0"},"down":{"uv":[3.25,0,3.5,0.5],"texture":"#0"}}},{"from":[11,3.5,10],"to":[12,7.5,12],"rotation":{"angle":-45,"axis":"y","origin":[8,0,8]},"faces":{"north":{"uv":[2,0.5,2.25,2.5],"texture":"#0"},"east":{"uv":[0,4,0.5,6],"texture":"#0"},"south":{"uv":[7.75,4.5,8,6.5],"texture":"#0"},"west":{"uv":[3.5,1,4,2.5],"texture":"#0"},"up":{"uv":[2,0,2.25,1],"texture":"#0"},"down":{"uv":[0,0,0.25,1],"texture":"#missing"}}},{"from":[11,2.5,8],"to":[12,3.5,12],"rotation":{"angle":-45,"axis":"y","origin":[8,0,8]},"faces":{"north":{"uv":[0,5,0.25,5.5],"texture":"#0"},"east":{"uv":[0,6,1,6.5],"texture":"#0"},"south":{"uv":[7.75,6,8,6.5],"texture":"#0"},"west":{"uv":[2,1.5,2.25,2],"texture":"#0"},"up":{"uv":[1,5.5,1.25,6],"texture":"#0"},"down":{"uv":[3.75,0.5,4,2.5],"texture":"#0"}}},{"from":[11,3.5,5],"to":[12,7.5,8],"rotation":{"angle":-45,"axis":"y","origin":[8,0,8]},"faces":{"north":{"uv":[1.75,5,2,6],"texture":"#0"},"east":{"uv":[1,4,1.75,6],"texture":"#0"},"south":{"uv":[3.75,0.5,4,2.5],"texture":"#0"},"west":{"uv":[1,4.5,1.75,6],"texture":"#0"},"up":{"uv":[2,2,2.25,3.5],"texture":"#0"},"down":{"uv":[3.75,0.5,4,2],"texture":"#0"}}},{"from":[11,3.5,4],"to":[12,5.5,5],"rotation":{"angle":-45,"axis":"y","origin":[8,0,8]},"faces":{"north":{"uv":[2,5,2.25,6],"texture":"#0"},"east":{"uv":[1.75,5,2,6],"texture":"#0"},"south":{"uv":[0,0,0.25,1.85],"texture":"#missing"},"west":{"uv":[3.25,0,3.5,0.5],"texture":"#0"},"up":{"uv":[3.25,0,3.5,0.5],"texture":"#0"},"down":{"uv":[2.75,0,3,0.5],"texture":"#0"}}},{"from":[8,6.5,4],"to":[11,7.5,5],"rotation":{"angle":-45,"axis":"y","origin":[8,0,8]},"faces":{"north":{"uv":[2.25,4,3,4.5],"texture":"#0"},"east":{"uv":[2,2,2.25,2.5],"texture":"#0"},"south":{"uv":[0,0,0.75,0.5],"texture":"#missing"},"west":{"uv":[0,4,0.25,4.5],"texture":"#0"},"up":{"uv":[2.25,3.5,3,4],"texture":"#0"},"down":{"uv":[2.25,3.5,3,4],"texture":"#0"}}},{"from":[9,4.5,4],"to":[11,6.5,5],"rotation":{"angle":-45,"axis":"y","origin":[8,0,8]},"faces":{"north":{"uv":[2.25,4.5,2.75,5.5],"texture":"#0"},"east":{"uv":[3.25,0,3.5,0.5],"texture":"#0"},"south":{"uv":[3,0,3.25,0.5],"texture":"#0"},"west":{"uv":[2.5,4.5,2.75,5],"texture":"#0"},"up":{"uv":[0,0,0.25,0.5],"texture":"#missing"},"down":{"uv":[0,4,0.5,4.5],"texture":"#0"}}},{"from":[4,6.5,4],"to":[6,7.5,5],"rotation":{"angle":-45,"axis":"y","origin":[8,0,8]},"faces":{"north":{"uv":[3.5,4,4,4.45],"texture":"#0"},"east":{"uv":[0,0,0.25,0.45],"texture":"#missing"},"south":{"uv":[0,0,0.5,0.45],"texture":"#missing"},"west":{"uv":[3.75,4,4,4.45],"texture":"#0"},"up":{"uv":[3.5,3.5,4,4],"texture":"#0"},"down":{"uv":[0.25,4,0.5,4.5],"texture":"#0"}}},{"from":[4,3.5,4],"to":[5,6.5,5],"rotation":{"angle":-45,"axis":"y","origin":[8,0,8]},"faces":{"north":{"uv":[3.75,4.5,4,6],"texture":"#0"},"east":{"uv":[0,4,0.25,5.5],"texture":"#0"},"south":{"uv":[0,0,0.25,0.45],"texture":"#missing"},"west":{"uv":[4,4.5,4.25,6],"texture":"#0"},"up":{"uv":[0,0,0.25,0.5],"texture":"#missing"},"down":{"uv":[2,1.5,2.25,2],"texture":"#0"}}},{"from":[6,4.5,4],"to":[7,7.5,5],"rotation":{"angle":-45,"axis":"y","origin":[8,0,8]},"faces":{"north":{"uv":[3.25,4,3.5,5.5],"texture":"#0"},"east":{"uv":[1,4,1.25,4.5],"texture":"#0"},"south":{"uv":[0,4,0.25,4.5],"texture":"#0"},"west":{"uv":[2,1,2.25,2.5],"texture":"#0"},"up":{"uv":[3.25,3.5,3.5,4],"texture":"#0"},"down":{"uv":[2,1.5,2.25,2],"texture":"#0"}}},{"from":[11,5.5,8],"to":[12,6.5,9],"rotation":{"angle":-45,"axis":"y","origin":[8,0,8]},"faces":{"north":{"uv":[0,0,0.25,0.5],"texture":"#missing"},"east":{"uv":[0.75,4.5,1,5],"texture":"#0"},"south":{"uv":[0,5,0.25,5.5],"texture":"#0"},"west":{"uv":[0,5,0.25,5.5],"texture":"#0"},"up":{"uv":[0,0,0.25,0.5],"texture":"#missing"},"down":{"uv":[3.25,0,3.5,0.5],"texture":"#0"}}},{"from":[7,3.5,4],"to":[9,5.5,5],"rotation":{"angle":-45,"axis":"y","origin":[8,0,8]},"faces":{"north":{"uv":[2.75,5,3.25,6],"texture":"#0"},"east":{"uv":[2,0.5,2.25,2.5],"texture":"#0"},"south":{"uv":[2,2,2.25,2.5],"texture":"#0"},"west":{"uv":[2,0.5,2.25,2.5],"texture":"#0"},"up":{"uv":[2,2,2.25,2.5],"texture":"#0"},"down":{"uv":[2.75,6,3.25,6.5],"texture":"#0"}}},{"from":[4,2.5,8],"to":[5,3.5,12],"rotation":{"angle":-45,"axis":"y","origin":[8,0,8]},"faces":{"north":{"uv":[2,0.5,2.25,1],"texture":"#0"},"east":{"uv":[2.75,0,3.75,0.5],"texture":"#0"},"south":{"uv":[6,6,6.25,6.5],"texture":"#0"},"west":{"uv":[5,6,6,6.5],"texture":"#0"},"up":{"uv":[0,0,0.25,1.5],"texture":"#missing"},"down":{"uv":[2,0.5,2.25,2.5],"texture":"#0"}}},{"from":[4,3.5,11],"to":[5,6.5,12],"rotation":{"angle":-45,"axis":"y","origin":[8,0,8]},"faces":{"north":{"uv":[0,0,0.25,1.5],"texture":"#missing"},"east":{"uv":[0,0,0.25,1.5],"texture":"#missing"},"south":{"uv":[6,4.5,6.25,6],"texture":"#0"},"west":{"uv":[5.75,4.5,6,6],"texture":"#0"},"up":{"uv":[1,4,1.25,4.5],"texture":"#0"},"down":{"uv":[0,0,0.25,0.5],"texture":"#missing"}}},{"from":[5,2.5,11],"to":[8,6.5,12],"rotation":{"angle":-45,"axis":"y","origin":[8,0,8]},"faces":{"north":{"uv":[3.75,2.5,4,3],"texture":"#0"},"east":{"uv":[2,0,2.25,2.5],"texture":"#0"},"south":{"uv":[6.25,4.5,7,6.5],"texture":"#0"},"west":{"uv":[6,4.5,7,6.5],"texture":"#0"},"up":{"uv":[0,0,0.5,0.5],"texture":"#missing"},"down":{"uv":[0,0,0.5,0.5],"texture":"#missing"}}},{"from":[4,1.5,11],"to":[8,2.5,12],"rotation":{"angle":-45,"axis":"y","origin":[8,0,8]},"faces":{"north":{"uv":[2.5,0,3.5,0.5],"texture":"#0"},"east":{"uv":[0.25,4,0.5,4.5],"texture":"#0"},"south":{"uv":[6,6.5,7,7],"texture":"#0"},"west":{"uv":[5.75,6,6,6.5],"texture":"#0"},"up":{"uv":[0,0,0.25,0.5],"texture":"#missing"},"down":{"uv":[3.25,0,3.5,0.5],"texture":"#0"}}},{"from":[6,0.5,11],"to":[8,1.5,12],"rotation":{"angle":-45,"axis":"y","origin":[8,0,8]},"faces":{"north":{"uv":[2.5,0,3,0.5],"texture":"#0"},"east":{"uv":[0,5,0.25,5.5],"texture":"#0"},"south":{"uv":[6.5,7,7,7.5],"texture":"#0"},"west":{"uv":[2,1,2.25,1.5],"texture":"#0"},"up":{"uv":[0,0,0.25,0.5],"texture":"#missing"},"down":{"uv":[0,4.5,0.25,5],"texture":"#0"}}},{"from":[10,1.5,11],"to":[12,2.5,12],"rotation":{"angle":-45,"axis":"y","origin":[8,0,8]},"faces":{"north":{"uv":[2.25,0,2.75,0.5],"texture":"#0"},"east":{"uv":[0.25,4,0.5,4.5],"texture":"#0"},"south":{"uv":[7.5,6.5,8,7],"texture":"#0"},"west":{"uv":[3.25,0,3.5,0.5],"texture":"#0"},"up":{"uv":[0,0,0.5,0.5],"texture":"#missing"},"down":{"uv":[7.25,4,7.75,4.5],"texture":"#0"}}},{"from":[5,6.5,5],"to":[11,7.5,11],"rotation":{"angle":-45,"axis":"y","origin":[8,0,8]},"faces":{"north":{"uv":[2,0,2.25,0.5],"texture":"#0"},"east":{"uv":[0,0,1.5,0.5],"texture":"#missing"},"south":{"uv":[0,0,1.5,0.5],"texture":"#missing"},"west":{"uv":[0,0,1.5,0.5],"texture":"#missing"},"up":{"uv":[2.25,0.5,3.75,3.5],"texture":"#0"},"down":{"uv":[2,1.5,2.25,2],"texture":"#0"}}},{"from":[8.90896,4.26147,7.3],"to":[10.90896,10.26147,9.3],"rotation":{"angle":22.5,"axis":"z","origin":[8,0,8]},"faces":{"north":{"uv":[1.25,8,2.25,13],"texture":"#0"},"east":{"uv":[1.25,8,2.25,13],"texture":"#0"},"south":{"uv":[1.25,8,2.25,13],"texture":"#0"},"west":{"uv":[1.5,8,2.25,12.5],"texture":"#0"},"up":{"uv":[1.25,8,2.25,10],"texture":"#0"},"down":{"uv":[1.25,8,2.25,10],"texture":"#0"}}},{"from":[8.53853,1.39104,10.8],"to":[10.53853,3.39104,13.8],"rotation":{"angle":-45,"axis":"y","origin":[8,0,8]},"faces":{"north":{"uv":[1.75,8,2.25,9],"rotation":270,"texture":"#0"},"east":{"uv":[1.25,9.5,2,10.5],"rotation":90,"texture":"#0"},"south":{"uv":[1.75,8,2.25,9],"rotation":90,"texture":"#0"},"west":{"uv":[1.5,11.5,2.25,12.5],"rotation":90,"texture":"#0"},"up":{"uv":[1.25,9,2,10],"rotation":90,"texture":"#0"},"down":{"uv":[1.5,11,2.25,12],"rotation":90,"texture":"#0"}}},{"from":[8,5.5,4],"to":[9,6.5,5],"rotation":{"angle":-45,"axis":"y","origin":[8,0,8]},"faces":{"north":{"uv":[2.75,4.5,3,5],"texture":"#0"},"east":{"uv":[2.75,4.5,3,5],"texture":"#0"},"south":{"uv":[2.75,4.5,3,5],"texture":"#0"},"west":{"uv":[2.75,4.5,3,5],"texture":"#0"},"up":{"uv":[2.75,4.5,3,5],"texture":"#0"},"down":{"uv":[2.75,4.5,3,5],"texture":"#0"}}},{"from":[8,2.5,4],"to":[9,3.5,5],"rotation":{"angle":-45,"axis":"y","origin":[8,0,8]},"faces":{"north":{"uv":[2.75,6,3,6.5],"texture":"#0"},"east":{"uv":[2.75,6,3,6.5],"texture":"#0"},"south":{"uv":[2.75,6,3,6.5],"texture":"#0"},"west":{"uv":[2.75,6,3,6.5],"texture":"#0"},"up":{"uv":[2.75,6,3,6.5],"texture":"#0"},"down":{"uv":[2.75,6,3,6.5],"texture":"#0"}}}]}