{"display":{"thirdperson_righthand":{"rotation":[0,-45,0],"translation":[0,3,0],"scale":[0.4,0.4,0.4]},"thirdperson_lefthand":{"rotation":[0,135,0],"translation":[0,3,0],"scale":[0.4,0.4,0.4]},"firstperson_righthand":{"translation":[0,3,0],"scale":[0.4,0.4,0.4]},"firstperson_lefthand":{"translation":[1,3,0],"scale":[0.4,0.4,0.4]},"ground":{"translation":[0,6.5,0],"scale":[0.4,0.4,0.4]},"gui":{"rotation":[0,90,0],"translation":[0,4.25,0],"scale":[4,1.3,1.3]},"head":{"rotation":[0,-90,0],"translation":[0,7,0],"scale":[1.7,1.7,1.7]},"fixed":{"rotation":[0,-90,0],"translation":[0,3.5,0]}},"textures":{"0":"item/charcoal/3","particle":"item/charcoal/3"},"elements":[{"from":[4,0,4],"to":[12,10,12],"faces":{"north":{"uv":[0,4,4,9],"texture":"#0"},"east":{"uv":[12,4,16,9],"texture":"#0"},"south":{"uv":[8,4,12,9],"texture":"#0"},"west":{"uv":[4,4,8,9],"texture":"#0"},"up":{"uv":[4,0,8,4],"rotation":90,"texture":"#0"},"down":{"uv":[8,0,12,4],"rotation":180,"texture":"#0"}}},{"from":[2,-1,7],"to":[4,3,9],"rotation":{"angle":0,"axis":"y","origin":[10,7,15]},"faces":{"north":{"uv":[13,0,14,1],"texture":"#0"},"east":{"uv":[13,0,14,1],"texture":"#0"},"south":{"uv":[14,1.5,15,2.5],"texture":"#0"},"west":{"uv":[13,1,14,2],"texture":"#0"},"up":{"uv":[13,0,14,1],"texture":"#0"},"down":{"uv":[14,0,15,1],"texture":"#0"}}}],"gui_light":"front"}