{"display":{"thirdperson_righthand":{"rotation":[0,-45,0],"translation":[0,3,0],"scale":[0.4,0.4,0.4]},"thirdperson_lefthand":{"rotation":[0,135,0],"translation":[0,3,0],"scale":[0.4,0.4,0.4]},"firstperson_righthand":{"translation":[0,3,0],"scale":[0.4,0.4,0.4]},"firstperson_lefthand":{"translation":[1,3,0],"scale":[0.4,0.4,0.4]},"ground":{"translation":[0,6.5,0],"scale":[0.4,0.4,0.4]},"gui":{"rotation":[0,90,0],"translation":[0,4.25,0],"scale":[4,1.3,1.3]},"head":{"rotation":[0,-90,0],"translation":[0,7,0],"scale":[1.7,1.7,1.7]},"fixed":{"rotation":[0,-90,0],"translation":[0,3.5,0]}},"textures":{"0":"item/charcoal/4","particle":"item/charcoal/4"},"elements":[{"from":[4,0,4],"to":[12,10,12],"faces":{"north":{"uv":[0,4,4,9],"texture":"#0"},"east":{"uv":[12,4,16,9],"texture":"#0"},"south":{"uv":[8,4,12,9],"texture":"#0"},"west":{"uv":[4,4,8,9],"texture":"#0"},"up":{"uv":[4,0,8,4],"rotation":90,"texture":"#0"},"down":{"uv":[8,0,12,4],"rotation":180,"texture":"#0"}}},{"from":[2,-1,7],"to":[4,3,9],"rotation":{"angle":0,"axis":"y","origin":[10,7,15]},"faces":{"north":{"uv":[13,0,14,1],"texture":"#0"},"east":{"uv":[13,0,14,1],"texture":"#0"},"south":{"uv":[14,1.5,15,2.5],"texture":"#0"},"west":{"uv":[13,1,14,2],"texture":"#0"},"up":{"uv":[13,0,14,1],"texture":"#0"},"down":{"uv":[14,0,15,1],"texture":"#0"}}},{"from":[3.5,0,3.8],"to":[4.5,6,4.8],"faces":{"north":{"uv":[3.5,13,4,16],"texture":"#0"},"east":{"uv":[4,13.5,4.5,16],"texture":"#0"},"south":{"uv":[4,13,4.5,16],"texture":"#0"},"west":{"uv":[4,13,4.5,16],"texture":"#0"},"up":{"uv":[4,13,4.5,13.5],"texture":"#0"},"down":{"uv":[4,15.5,4.5,16],"texture":"#0"}}},{"from":[3.5,0,11.2],"to":[4.5,6,12.2],"faces":{"north":{"uv":[4,13,4.5,16],"texture":"#0"},"east":{"uv":[4,13.5,4.5,16],"texture":"#0"},"south":{"uv":[3.5,13,4,16],"texture":"#0"},"west":{"uv":[4,13,4.5,16],"texture":"#0"},"up":{"uv":[4,13,4.5,13.5],"texture":"#0"},"down":{"uv":[4,15.5,4.5,16],"texture":"#0"}}},{"from":[4.5,0,11.2],"to":[11.5,6,12.2],"faces":{"north":{"uv":[4,13,4.5,16],"texture":"#0"},"east":{"uv":[4,13.5,4.5,16],"texture":"#0"},"south":{"uv":[0.5,13,3.5,16],"rotation":90,"texture":"#0"},"west":{"uv":[4,13,4.5,16],"texture":"#0"},"up":{"uv":[4,13,4.5,13.5],"texture":"#0"},"down":{"uv":[0.5,15.5,3.5,16],"texture":"#0"}}},{"from":[4.5,0,3.8],"to":[11.5,6,4],"faces":{"north":{"uv":[8.5,13,11.5,16],"rotation":270,"texture":"#0"},"east":{"uv":[4,13.5,4.5,16],"texture":"#0"},"south":{"uv":[0.5,13,3.5,16],"texture":"#0"},"west":{"uv":[4,13,4.5,16],"texture":"#0"},"up":{"uv":[4,13,4.5,13.5],"texture":"#0"},"down":{"uv":[0.5,15.5,3.5,16],"texture":"#0"}}},{"from":[3.5,5,4.8],"to":[4.5,7,5.8],"faces":{"north":{"uv":[4.5,13,5,14],"texture":"#0"},"east":{"uv":[4.5,13,5,14],"texture":"#0"},"south":{"uv":[4.5,13,5,14],"texture":"#0"},"west":{"uv":[4.5,13,5,14],"texture":"#0"},"up":{"uv":[4.5,13,5,14],"texture":"#0"},"down":{"uv":[4.5,13,5,14],"texture":"#0"}}},{"from":[3.5,5,10.2],"to":[4.5,7,11.2],"faces":{"north":{"uv":[4.5,13,5,14],"texture":"#0"},"east":{"uv":[4.5,13,5,14],"texture":"#0"},"south":{"uv":[4.5,13,5,14],"texture":"#0"},"west":{"uv":[4.5,13,5,14],"texture":"#0"},"up":{"uv":[4.5,13,5,14],"texture":"#0"},"down":{"uv":[4.5,13,5,14],"texture":"#0"}}},{"from":[3.5,6,5.8],"to":[4.5,7,10.2],"faces":{"north":{"uv":[5,13,7,13.5],"texture":"#0"},"east":{"uv":[5,13,7,13.5],"texture":"#0"},"south":{"uv":[5,13,7,13.5],"texture":"#0"},"west":{"uv":[5,13,7,13.5],"texture":"#0"},"up":{"uv":[5,13,7,13.5],"rotation":90,"texture":"#0"},"down":{"uv":[5,13,7,13.5],"rotation":90,"texture":"#0"}}},{"from":[11.5,0,3.8],"to":[12.5,6,12.2],"faces":{"north":{"uv":[11.5,13,12,16],"texture":"#0"},"east":{"uv":[12,13,16,16],"texture":"#0"},"south":{"uv":[11.5,13,12,16],"texture":"#0"},"west":{"uv":[12,13,16,16],"texture":"#0"},"up":{"uv":[12,13,16,13.5],"rotation":90,"texture":"#0"},"down":{"uv":[12,15.5,16,16],"texture":"#0"}}}],"gui_light":"front"}