{"display":{"thirdperson_righthand":{"rotation":[44.75,0,0],"translation":[0,-0.5,-1.75],"scale":[0.6,0.6,0.6]},"thirdperson_lefthand":{"rotation":[44.75,0,0],"translation":[0,-0.5,-1.75],"scale":[0.6,0.6,0.6]},"firstperson_righthand":{"rotation":[-33.75,144.25,0],"translation":[3.5,1,-1.75],"scale":[0.6,0.6,0.6]},"firstperson_lefthand":{"rotation":[-33.75,144.25,0],"translation":[3.5,1,-1.75],"scale":[0.6,0.6,0.6]},"ground":{"translation":[0,-1.75,0],"scale":[0.5,0.5,0.5]},"gui":{"rotation":[16,161.75,0],"translation":[0,-2.75,0],"scale":[1.3,1.3,1.3]},"head":{"translation":[0,-1.49,0],"scale":[1.65,1.65,1.65]},"fixed":{"translation":[0,-2.5,5],"scale":[1.5,1.5,1.5]}},"texture_size":[32,32],"textures":{"0":"item/charcoal/8","particle":"item/charcoal/8"},"elements":[{"from":[5,7.8,4.025],"to":[11,11,4.9],"faces":{"north":{"uv":[1.5,2.5,2.5,3.5],"texture":"#0"},"east":{"uv":[1.5,2.5,2.5,3.5],"texture":"#0"},"south":{"uv":[1.5,2.5,2.5,3.5],"texture":"#0"},"west":{"uv":[1.5,2.5,2.5,3.5],"texture":"#0"},"up":{"uv":[1.5,2.5,2.5,3.5],"texture":"#0"},"down":{"uv":[1.5,2.5,2.5,3.5],"texture":"#0"}}},{"from":[4,5,4],"to":[12,8,5],"faces":{"north":{"uv":[4,7.5,8,9],"texture":"#0"},"east":{"uv":[3.5,7.5,4,9],"texture":"#0"},"south":{"uv":[0,0,4.5,0.5],"texture":"#missing"},"west":{"uv":[8,7.5,8.5,9],"texture":"#0"},"up":{"uv":[4,6,8,6.5],"texture":"#0"},"down":{"uv":[8,3.5,12,4],"texture":"#0"}}},{"from":[7,8,4],"to":[9,11,5],"faces":{"north":{"uv":[5.5,6,6.5,7],"texture":"#0"},"east":{"uv":[5.5,6,6.5,7],"texture":"#0"},"south":{"uv":[5.5,6,6.5,7],"texture":"#0"},"west":{"uv":[5.5,6,6.5,7],"texture":"#0"},"up":{"uv":[5.5,6,6.5,7],"texture":"#0"},"down":{"uv":[5.5,6,6.5,7],"texture":"#0"}}},{"from":[4,8,4],"to":[5,11,5],"faces":{"north":{"uv":[6,5.5,6.5,7],"texture":"#0"},"east":{"uv":[6,5.5,6.5,7],"texture":"#0"},"south":{"uv":[6,5.5,6.5,7],"texture":"#0"},"west":{"uv":[8,5.5,8.5,7],"texture":"#0"},"up":{"uv":[6,5.5,6.5,7],"texture":"#0"},"down":{"uv":[6,5.5,6.5,7],"texture":"#0"}}},{"from":[11,8,4],"to":[12,11,5],"faces":{"north":{"uv":[4,6,4.5,7.5],"texture":"#0"},"east":{"uv":[6,5.5,6.5,7],"texture":"#0"},"south":{"uv":[6,5.5,6.5,7],"texture":"#0"},"west":{"uv":[6,5.5,6.5,7],"texture":"#0"},"up":{"uv":[6,5.5,6.5,7],"texture":"#0"},"down":{"uv":[6,5.5,6.5,7],"texture":"#0"}}},{"from":[4,11,4],"to":[12,15,5],"faces":{"north":{"uv":[4,4,8,6],"texture":"#0"},"east":{"uv":[3.5,4,4,6.5],"texture":"#0"},"south":{"uv":[0,0,4,2.5],"texture":"#missing"},"west":{"uv":[8,4,8.5,6.5],"texture":"#0"},"up":{"uv":[4,3.5,8,4],"rotation":180,"texture":"#0"},"down":{"uv":[0,0,4,0.5],"texture":"#missing"}}},{"from":[5,10,4],"to":[7,11,5],"faces":{"north":{"uv":[6.5,6,7.5,6.5],"texture":"#0"},"east":{"uv":[5.5,6.5,6.5,7],"texture":"#0"},"south":{"uv":[5.5,6.5,6.5,7],"texture":"#0"},"west":{"uv":[5.5,6.5,6.5,7],"texture":"#0"},"up":{"uv":[5.5,6.5,6.5,7],"texture":"#0"},"down":{"uv":[5.5,6.5,6.5,7],"texture":"#0"}}},{"from":[9,10,4],"to":[11,11,5],"faces":{"north":{"uv":[4.5,6,6,6.5],"texture":"#0"},"east":{"uv":[5.5,6.5,6.5,7],"texture":"#0"},"south":{"uv":[5.5,6.5,6.5,7],"texture":"#0"},"west":{"uv":[5.5,6.5,6.5,7],"texture":"#0"},"up":{"uv":[5.5,6.5,6.5,7],"texture":"#0"},"down":{"uv":[5.5,6.5,6.5,7],"texture":"#0"}}},{"from":[7,4,2],"to":[9,8,4],"faces":{"north":{"uv":[13,1,14,3],"texture":"#0"},"east":{"uv":[15,1,16,3],"texture":"#0"},"south":{"uv":[12,1,13,3],"texture":"#0"},"west":{"uv":[14,1,15,3],"texture":"#0"},"up":{"uv":[13,0,14,1],"texture":"#0"},"down":{"uv":[14,0,15,1],"texture":"#0"}}},{"from":[5,10,3.8],"to":[11,11,4],"faces":{"north":{"uv":[1,1,1.5,1.5],"texture":"#0"},"east":{"uv":[1,1,1.5,1.5],"texture":"#0"},"south":{"uv":[1,1,1.5,1.5],"texture":"#0"},"west":{"uv":[1,1,1.5,1.5],"texture":"#0"},"up":{"uv":[1,1,1.5,1.5],"texture":"#0"},"down":{"uv":[1,1,1.5,1.5],"texture":"#0"}}},{"from":[4,5,5],"to":[12,15,12],"faces":{"north":{"uv":[0,0,0.5,5],"texture":"#missing"},"east":{"uv":[0,4,3.5,9],"texture":"#0"},"south":{"uv":[12,4,16,9],"texture":"#0"},"west":{"uv":[8.5,4,12,9],"texture":"#0"},"up":{"uv":[4,0,8,3.5],"rotation":180,"texture":"#0"},"down":{"uv":[8,0,12,3.5],"texture":"#0"}}},{"name":"Electricity1","from":[10,-6,9],"to":[10,1,13],"rotation":{"angle":45,"axis":"y","origin":[0,0,0]},"faces":{"north":{"uv":[2,9.5,2.5,13],"texture":"#0"},"east":{"uv":[0.5,9.5,2.5,13],"texture":"#0"},"south":{"uv":[0.5,9.5,1,13],"texture":"#0"},"west":{"uv":[0.5,9.5,2.5,13],"rotation":180,"texture":"#0"},"up":{"uv":[0.5,9.5,2.5,10],"rotation":270,"texture":"#0"},"down":{"uv":[0.5,12.5,2.5,13],"rotation":90,"texture":"#0"}}},{"name":"Electricity 2","from":[-3,11,4],"to":[1,17,4],"rotation":{"angle":45,"axis":"y","origin":[0,0,0]},"faces":{"north":{"uv":[6.5,9.5,8.5,12.5],"texture":"#0"},"east":{"uv":[9,15,9.5,15.5],"texture":"#0"},"south":{"uv":[6.5,9.5,8.5,12.5],"texture":"#0"},"west":{"uv":[9,15,9.5,15.5],"texture":"#0"},"up":{"uv":[9,15,9.5,15.5],"texture":"#0"},"down":{"uv":[9,15,9.5,15.5],"texture":"#0"}}},{"name":"Electricity 2a","from":[11,-11,16],"to":[15,-5,16],"rotation":{"angle":-22.5,"axis":"x","origin":[0,0,0]},"faces":{"north":{"uv":[6.5,9.5,8.5,12.5],"texture":"#0"},"east":{"uv":[9,15,9.5,15.5],"texture":"#0"},"south":{"uv":[6.5,9.5,8.5,12.5],"texture":"#0"},"west":{"uv":[9,15,9.5,15.5],"texture":"#0"},"up":{"uv":[9,15,9.5,15.5],"rotation":180,"texture":"#0"},"down":{"uv":[9,15,9.5,15.5],"rotation":180,"texture":"#0"}}},{"name":"Electricity3","from":[-10,-12,8],"to":[-10,-5,13],"rotation":{"angle":45,"axis":"y","origin":[0,0,0]},"faces":{"north":{"uv":[10,15.5,10.5,16],"texture":"#0"},"east":{"uv":[13,9.5,15.5,13],"texture":"#0"},"south":{"uv":[10,15.5,10.5,16],"texture":"#0"},"west":{"uv":[13,9.5,15.5,13],"texture":"#0"},"up":{"uv":[10,15.5,10.5,16],"rotation":270,"texture":"#0"},"down":{"uv":[10,15.5,10.5,16],"rotation":90,"texture":"#0"}}}]}