{"display":{"thirdperson_righthand":{"rotation":[45,62.5,0],"translation":[-0.75,2.25,2.5],"scale":[0.6,0.6,0.6]},"thirdperson_lefthand":{"rotation":[45,62.5,0],"translation":[-0.75,2.25,2.5],"scale":[0.6,0.6,0.6]},"firstperson_righthand":{"rotation":[0,45,0],"translation":[0,3,0]},"firstperson_lefthand":{"rotation":[0,45,0],"translation":[0,3,0]},"ground":{"scale":[0.6,0.6,0.6]},"gui":{"rotation":[0,90,0]},"fixed":{"rotation":[0,-90,0]}},"gui_light":"front","textures":{"0":"item/honey_bottle/1","particle":"item/honey_bottle/1"},"elements":[{"from":[7.5,0,5],"to":[8.5,9,12],"faces":{"north":{"uv":[5,6,6,15],"texture":"#0"},"east":{"uv":[5,6,12,15],"texture":"#0"},"south":{"uv":[11,6,12,15],"texture":"#0"},"west":{"uv":[5,6,12,15],"texture":"#0"},"up":{"uv":[5,6,12,7],"texture":"#0"},"down":{"uv":[5,14,12,15],"texture":"#0"}}},{"from":[7.5,9,6],"to":[8.5,10,11],"faces":{"north":{"uv":[6,5,11,6],"texture":"#0"},"east":{"uv":[6,5,11,6],"texture":"#0"},"south":{"uv":[6,5,11,6],"texture":"#0"},"west":{"uv":[6,5,11,6],"texture":"#0"},"up":{"uv":[6,5,11,6],"texture":"#0"},"down":{"uv":[6,5,11,6],"texture":"#0"}}},{"from":[7.5,13,4],"to":[8.5,14,7],"faces":{"north":{"uv":[4,1,5,2],"texture":"#0"},"east":{"uv":[4,1,7,2],"texture":"#0"},"south":{"uv":[6,1,7,2],"texture":"#0"},"west":{"uv":[4,1,7,2],"texture":"#0"},"up":{"uv":[4,1,7,2],"rotation":90,"texture":"#0"},"down":{"uv":[4,1,7,2],"rotation":90,"texture":"#0"}}},{"from":[7.5,10,7],"to":[8.5,13,8],"faces":{"north":{"uv":[7,2,8,5],"texture":"#0"},"east":{"uv":[7,2,8,5],"texture":"#0"},"south":{"uv":[7,2,8,5],"texture":"#0"},"west":{"uv":[7,2,8,5],"texture":"#0"},"up":{"uv":[7,2,8,3],"texture":"#0"},"down":{"uv":[7,2,8,5],"texture":"#0"}}}]}