{"display":{"thirdperson_righthand":{"translation":[0,1.5,-4]},"thirdperson_lefthand":{"translation":[0,1.5,-4]},"firstperson_righthand":{"translation":[3.5,0,0]},"firstperson_lefthand":{"translation":[4.5,0,0]},"gui":{"rotation":[0,90,0],"translation":[7,0,0]},"head":{"translation":[0,0,10],"scale":[2.5,2.5,2.5]},"fixed":{"rotation":[0,-90,0],"translation":[-4,0,0]}},"gui_light":"front","textures":{"0":"item/obsidian/4","particle":"item/obsidian/4"},"elements":[{"from":[6,1,8],"to":[8,3,16],"faces":{"north":{"uv":[0,6,4,10],"texture":"#0"},"east":{"uv":[0,0,4,16],"rotation":90,"texture":"#0"},"south":{"uv":[0,12,4,16],"texture":"#0"},"west":{"uv":[0,0,4,16],"rotation":270,"texture":"#0"},"up":{"uv":[0,0,4,16],"texture":"#0"},"down":{"uv":[0,0,4,16],"rotation":180,"texture":"#0"}}},{"from":[6,1,3],"to":[8,3,11],"faces":{"north":{"uv":[4,6,8,10],"texture":"#0"},"east":{"uv":[4,0,8,16],"rotation":90,"texture":"#0"},"south":{"uv":[4,12,8,16],"texture":"#0"},"west":{"uv":[4,0,8,16],"rotation":270,"texture":"#0"},"up":{"uv":[4,0,8,16],"texture":"#0"},"down":{"uv":[4,0,8,16],"rotation":180,"texture":"#0"}}},{"from":[6,1,-1],"to":[8,3,7],"faces":{"north":{"uv":[8,6,12,10],"texture":"#0"},"east":{"uv":[8,0,12,16],"rotation":90,"texture":"#0"},"south":{"uv":[8,12,12,16],"texture":"#0"},"west":{"uv":[8,0,12,16],"rotation":270,"texture":"#0"},"up":{"uv":[8,0,12,16],"texture":"#0"},"down":{"uv":[8,0,12,16],"rotation":180,"texture":"#0"}}},{"from":[6,1,5],"to":[8,3,13],"faces":{"north":{"uv":[12,6,16,10],"texture":"#0"},"east":{"uv":[12,0,16,16],"rotation":90,"texture":"#0"},"south":{"uv":[12,12,16,16],"texture":"#0"},"west":{"uv":[12,0,16,16],"rotation":270,"texture":"#0"},"up":{"uv":[12,0,16,16],"texture":"#0"},"down":{"uv":[12,0,16,16],"rotation":180,"texture":"#0"}}},{"from":[10,3,6],"to":[12,5,14],"faces":{"north":{"uv":[0,6,4,10],"texture":"#0"},"east":{"uv":[0,0,4,16],"rotation":90,"texture":"#0"},"south":{"uv":[0,12,4,16],"texture":"#0"},"west":{"uv":[0,0,4,16],"rotation":270,"texture":"#0"},"up":{"uv":[0,0,4,16],"texture":"#0"},"down":{"uv":[0,0,4,16],"rotation":180,"texture":"#0"}}},{"from":[10,3,1],"to":[12,5,9],"faces":{"north":{"uv":[4,6,8,10],"texture":"#0"},"east":{"uv":[4,0,8,16],"rotation":90,"texture":"#0"},"south":{"uv":[4,12,8,16],"texture":"#0"},"west":{"uv":[4,0,8,16],"rotation":270,"texture":"#0"},"up":{"uv":[4,0,8,16],"texture":"#0"},"down":{"uv":[4,0,8,16],"rotation":180,"texture":"#0"}}},{"from":[10,3,-3],"to":[12,5,5],"faces":{"north":{"uv":[8,6,12,10],"texture":"#0"},"east":{"uv":[8,0,12,16],"rotation":90,"texture":"#0"},"south":{"uv":[8,12,12,16],"texture":"#0"},"west":{"uv":[8,0,12,16],"rotation":270,"texture":"#0"},"up":{"uv":[8,0,12,16],"texture":"#0"},"down":{"uv":[8,0,12,16],"rotation":180,"texture":"#0"}}},{"from":[10,3,3],"to":[12,5,11],"faces":{"north":{"uv":[12,6,16,10],"texture":"#0"},"east":{"uv":[12,0,16,16],"rotation":90,"texture":"#0"},"south":{"uv":[12,12,16,16],"texture":"#0"},"west":{"uv":[12,0,16,16],"rotation":270,"texture":"#0"},"up":{"uv":[12,0,16,16],"texture":"#0"},"down":{"uv":[12,0,16,16],"rotation":180,"texture":"#0"}}},{"from":[12,0,9],"to":[14,2,17],"faces":{"north":{"uv":[0,6,4,10],"texture":"#0"},"east":{"uv":[0,0,4,16],"rotation":90,"texture":"#0"},"south":{"uv":[0,12,4,16],"texture":"#0"},"west":{"uv":[0,0,4,16],"rotation":270,"texture":"#0"},"up":{"uv":[0,0,4,16],"texture":"#0"},"down":{"uv":[0,0,4,16],"rotation":180,"texture":"#0"}}},{"from":[12,0,-1],"to":[14,2,7],"faces":{"north":{"uv":[4,6,8,10],"texture":"#0"},"east":{"uv":[4,0,8,16],"rotation":90,"texture":"#0"},"south":{"uv":[4,12,8,16],"texture":"#0"},"west":{"uv":[4,0,8,16],"rotation":270,"texture":"#0"},"up":{"uv":[4,0,8,16],"texture":"#0"},"down":{"uv":[4,0,8,16],"rotation":180,"texture":"#0"}}},{"from":[12,0,-3],"to":[14,2,5],"faces":{"north":{"uv":[8,6,12,10],"texture":"#0"},"east":{"uv":[8,0,12,16],"rotation":90,"texture":"#0"},"south":{"uv":[8,12,12,16],"texture":"#0"},"west":{"uv":[8,0,12,16],"rotation":270,"texture":"#0"},"up":{"uv":[8,0,12,16],"texture":"#0"},"down":{"uv":[8,0,12,16],"rotation":180,"texture":"#0"}}},{"from":[12,0,3],"to":[14,2,11],"faces":{"north":{"uv":[12,6,16,10],"texture":"#0"},"east":{"uv":[12,0,16,16],"rotation":90,"texture":"#0"},"south":{"uv":[12,12,16,16],"texture":"#0"},"west":{"uv":[12,0,16,16],"rotation":270,"texture":"#0"},"up":{"uv":[12,0,16,16],"texture":"#0"},"down":{"uv":[12,0,16,16],"rotation":180,"texture":"#0"}}},{"from":[4,7,7],"to":[6,9,15],"faces":{"north":{"uv":[0,6,4,10],"texture":"#0"},"east":{"uv":[0,0,4,16],"rotation":90,"texture":"#0"},"south":{"uv":[0,12,4,16],"texture":"#0"},"west":{"uv":[0,0,4,16],"rotation":270,"texture":"#0"},"up":{"uv":[0,0,4,16],"texture":"#0"},"down":{"uv":[0,0,4,16],"rotation":180,"texture":"#0"}}},{"from":[4,7,-2],"to":[6,9,6],"faces":{"north":{"uv":[4,6,8,10],"texture":"#0"},"east":{"uv":[4,0,8,16],"rotation":90,"texture":"#0"},"south":{"uv":[4,12,8,16],"texture":"#0"},"west":{"uv":[4,0,8,16],"rotation":270,"texture":"#0"},"up":{"uv":[4,0,8,16],"texture":"#0"},"down":{"uv":[4,0,8,16],"rotation":180,"texture":"#0"}}},{"from":[4,7,-6],"to":[6,9,2],"faces":{"north":{"uv":[8,6,12,10],"texture":"#0"},"east":{"uv":[8,0,12,16],"rotation":90,"texture":"#0"},"south":{"uv":[8,12,12,16],"texture":"#0"},"west":{"uv":[8,0,12,16],"rotation":270,"texture":"#0"},"up":{"uv":[8,0,12,16],"texture":"#0"},"down":{"uv":[8,0,12,16],"rotation":180,"texture":"#0"}}},{"from":[4,7,0],"to":[6,9,8],"faces":{"north":{"uv":[12,6,16,10],"texture":"#0"},"east":{"uv":[12,0,16,16],"rotation":90,"texture":"#0"},"south":{"uv":[12,12,16,16],"texture":"#0"},"west":{"uv":[12,0,16,16],"rotation":270,"texture":"#0"},"up":{"uv":[12,0,16,16],"texture":"#0"},"down":{"uv":[12,0,16,16],"rotation":180,"texture":"#0"}}},{"from":[8,7,10],"to":[10,9,18],"faces":{"north":{"uv":[0,6,4,10],"texture":"#0"},"east":{"uv":[0,0,4,16],"rotation":90,"texture":"#0"},"south":{"uv":[0,12,4,16],"texture":"#0"},"west":{"uv":[0,0,4,16],"rotation":270,"texture":"#0"},"up":{"uv":[0,0,4,16],"texture":"#0"},"down":{"uv":[0,0,4,16],"rotation":180,"texture":"#0"}}},{"from":[8,7,1],"to":[10,9,9],"faces":{"north":{"uv":[4,6,8,10],"texture":"#0"},"east":{"uv":[4,0,8,16],"rotation":90,"texture":"#0"},"south":{"uv":[4,12,8,16],"texture":"#0"},"west":{"uv":[4,0,8,16],"rotation":270,"texture":"#0"},"up":{"uv":[4,0,8,16],"texture":"#0"},"down":{"uv":[4,0,8,16],"rotation":180,"texture":"#0"}}},{"from":[8,7,-4],"to":[10,9,4],"faces":{"north":{"uv":[8,6,12,10],"texture":"#0"},"east":{"uv":[8,0,12,16],"rotation":90,"texture":"#0"},"south":{"uv":[8,12,12,16],"texture":"#0"},"west":{"uv":[8,0,12,16],"rotation":270,"texture":"#0"},"up":{"uv":[8,0,12,16],"texture":"#0"},"down":{"uv":[8,0,12,16],"rotation":180,"texture":"#0"}}},{"from":[8,7,4],"to":[10,9,12],"faces":{"north":{"uv":[12,6,16,10],"texture":"#0"},"east":{"uv":[12,0,16,16],"rotation":90,"texture":"#0"},"south":{"uv":[12,12,16,16],"texture":"#0"},"west":{"uv":[12,0,16,16],"rotation":270,"texture":"#0"},"up":{"uv":[12,0,16,16],"texture":"#0"},"down":{"uv":[12,0,16,16],"rotation":180,"texture":"#0"}}},{"from":[8,5,-4],"to":[10,7,4],"faces":{"north":{"uv":[0,6,4,10],"texture":"#0"},"east":{"uv":[0,0,4,16],"rotation":90,"texture":"#0"},"south":{"uv":[0,12,4,16],"texture":"#0"},"west":{"uv":[0,0,4,16],"rotation":270,"texture":"#0"},"up":{"uv":[0,0,4,16],"texture":"#0"},"down":{"uv":[0,0,4,16],"rotation":180,"texture":"#0"}}},{"from":[8,5,-15],"to":[10,7,-7],"faces":{"north":{"uv":[4,6,8,10],"texture":"#0"},"east":{"uv":[4,0,8,16],"rotation":90,"texture":"#0"},"south":{"uv":[4,12,8,16],"texture":"#0"},"west":{"uv":[4,0,8,16],"rotation":270,"texture":"#0"},"up":{"uv":[4,0,8,16],"texture":"#0"},"down":{"uv":[4,0,8,16],"rotation":180,"texture":"#0"}}},{"from":[8,5,-13],"to":[10,7,-5],"faces":{"north":{"uv":[8,6,12,10],"texture":"#0"},"east":{"uv":[8,0,12,16],"rotation":90,"texture":"#0"},"south":{"uv":[8,12,12,16],"texture":"#0"},"west":{"uv":[8,0,12,16],"rotation":270,"texture":"#0"},"up":{"uv":[8,0,12,16],"texture":"#0"},"down":{"uv":[8,0,12,16],"rotation":180,"texture":"#0"}}},{"from":[8,5,-7],"to":[10,7,1],"faces":{"north":{"uv":[12,6,16,10],"texture":"#0"},"east":{"uv":[12,0,16,16],"rotation":90,"texture":"#0"},"south":{"uv":[12,12,16,16],"texture":"#0"},"west":{"uv":[12,0,16,16],"rotation":270,"texture":"#0"},"up":{"uv":[12,0,16,16],"texture":"#0"},"down":{"uv":[12,0,16,16],"rotation":180,"texture":"#0"}}},{"from":[11,1,-9],"to":[13,3,-1],"faces":{"north":{"uv":[0,6,4,10],"texture":"#0"},"east":{"uv":[0,0,4,16],"rotation":90,"texture":"#0"},"south":{"uv":[0,12,4,16],"texture":"#0"},"west":{"uv":[0,0,4,16],"rotation":270,"texture":"#0"},"up":{"uv":[0,0,4,16],"texture":"#0"},"down":{"uv":[0,0,4,16],"rotation":180,"texture":"#0"}}},{"from":[11,1,-5],"to":[13,3,3],"faces":{"north":{"uv":[4,6,8,10],"texture":"#0"},"east":{"uv":[4,0,8,16],"rotation":90,"texture":"#0"},"south":{"uv":[4,12,8,16],"texture":"#0"},"west":{"uv":[4,0,8,16],"rotation":270,"texture":"#0"},"up":{"uv":[4,0,8,16],"texture":"#0"},"down":{"uv":[4,0,8,16],"rotation":180,"texture":"#0"}}},{"from":[11,1,-16],"to":[13,3,-8],"faces":{"north":{"uv":[8,6,12,10],"texture":"#0"},"east":{"uv":[8,0,12,16],"rotation":90,"texture":"#0"},"south":{"uv":[8,12,12,16],"texture":"#0"},"west":{"uv":[8,0,12,16],"rotation":270,"texture":"#0"},"up":{"uv":[8,0,12,16],"texture":"#0"},"down":{"uv":[8,0,12,16],"rotation":180,"texture":"#0"}}},{"from":[11,1,-10],"to":[13,3,-2],"faces":{"north":{"uv":[12,6,16,10],"texture":"#0"},"east":{"uv":[12,0,16,16],"rotation":90,"texture":"#0"},"south":{"uv":[12,12,16,16],"texture":"#0"},"west":{"uv":[12,0,16,16],"rotation":270,"texture":"#0"},"up":{"uv":[12,0,16,16],"texture":"#0"},"down":{"uv":[12,0,16,16],"rotation":180,"texture":"#0"}}},{"from":[5,1,-7],"to":[7,3,1],"faces":{"north":{"uv":[0,6,4,10],"texture":"#0"},"east":{"uv":[0,0,4,16],"rotation":90,"texture":"#0"},"south":{"uv":[0,12,4,16],"texture":"#0"},"west":{"uv":[0,0,4,16],"rotation":270,"texture":"#0"},"up":{"uv":[0,0,4,16],"texture":"#0"},"down":{"uv":[0,0,4,16],"rotation":180,"texture":"#0"}}},{"from":[5,1,-10],"to":[7,3,-2],"faces":{"north":{"uv":[4,6,8,10],"texture":"#0"},"east":{"uv":[4,0,8,16],"rotation":90,"texture":"#0"},"south":{"uv":[4,12,8,16],"texture":"#0"},"west":{"uv":[4,0,8,16],"rotation":270,"texture":"#0"},"up":{"uv":[4,0,8,16],"texture":"#0"},"down":{"uv":[4,0,8,16],"rotation":180,"texture":"#0"}}},{"from":[5,1,-14],"to":[7,3,-6],"faces":{"north":{"uv":[8,6,12,10],"texture":"#0"},"east":{"uv":[8,0,12,16],"rotation":90,"texture":"#0"},"south":{"uv":[8,12,12,16],"texture":"#0"},"west":{"uv":[8,0,12,16],"rotation":270,"texture":"#0"},"up":{"uv":[8,0,12,16],"texture":"#0"},"down":{"uv":[8,0,12,16],"rotation":180,"texture":"#0"}}},{"from":[5,1,-8],"to":[7,3,0],"faces":{"north":{"uv":[12,6,16,10],"texture":"#0"},"east":{"uv":[12,0,16,16],"rotation":90,"texture":"#0"},"south":{"uv":[12,12,16,16],"texture":"#0"},"west":{"uv":[12,0,16,16],"rotation":270,"texture":"#0"},"up":{"uv":[12,0,16,16],"texture":"#0"},"down":{"uv":[12,0,16,16],"rotation":180,"texture":"#0"}}},{"from":[8,10,0],"to":[10,12,8],"faces":{"north":{"uv":[0,6,4,10],"texture":"#0"},"east":{"uv":[0,0,4,16],"rotation":90,"texture":"#0"},"south":{"uv":[0,12,4,16],"texture":"#0"},"west":{"uv":[0,0,4,16],"rotation":270,"texture":"#0"},"up":{"uv":[0,0,4,16],"texture":"#0"},"down":{"uv":[0,0,4,16],"rotation":180,"texture":"#0"}}},{"from":[8,10,-7],"to":[10,12,1],"faces":{"north":{"uv":[4,6,8,10],"texture":"#0"},"east":{"uv":[4,0,8,16],"rotation":90,"texture":"#0"},"south":{"uv":[4,12,8,16],"texture":"#0"},"west":{"uv":[4,0,8,16],"rotation":270,"texture":"#0"},"up":{"uv":[4,0,8,16],"texture":"#0"},"down":{"uv":[4,0,8,16],"rotation":180,"texture":"#0"}}},{"from":[8,10,-11],"to":[10,12,-3],"faces":{"north":{"uv":[8,6,12,10],"texture":"#0"},"east":{"uv":[8,0,12,16],"rotation":90,"texture":"#0"},"south":{"uv":[8,12,12,16],"texture":"#0"},"west":{"uv":[8,0,12,16],"rotation":270,"texture":"#0"},"up":{"uv":[8,0,12,16],"texture":"#0"},"down":{"uv":[8,0,12,16],"rotation":180,"texture":"#0"}}},{"from":[8,10,-5],"to":[10,12,3],"faces":{"north":{"uv":[12,6,16,10],"texture":"#0"},"east":{"uv":[12,0,16,16],"rotation":90,"texture":"#0"},"south":{"uv":[12,12,16,16],"texture":"#0"},"west":{"uv":[12,0,16,16],"rotation":270,"texture":"#0"},"up":{"uv":[12,0,16,16],"texture":"#0"},"down":{"uv":[12,0,16,16],"rotation":180,"texture":"#0"}}}]}