{"display":{"thirdperson_righthand":{"rotation":[27.78,22.48,91.87],"translation":[-0.5,3.5,2],"scale":[0.25,0.25,0.25]},"thirdperson_lefthand":{"rotation":[27.78,22.48,91.87],"translation":[-0.5,3.5,2],"scale":[0.25,0.25,0.25]},"firstperson_righthand":{"rotation":[0,0,-82.75],"translation":[0.25,4.75,0],"scale":[0.3,0.3,0.3]},"firstperson_lefthand":{"rotation":[0,0,-82.75],"translation":[0.25,4.75,0],"scale":[0.3,0.3,0.3]},"ground":{"rotation":[2.31,-48.37,-89.4],"translation":[0,-1,0],"scale":[0.2,0.2,0.2]},"gui":{"rotation":[101.86,-83.43,164.99],"translation":[0.25,0,0],"scale":[0.6,0.6,0.6]},"head":{"translation":[0,-2.75,0],"scale":[1.6,1.6,1.6]},"fixed":{"translation":[0,0,17.5],"scale":[2.1,2.1,2.1]}},"texture_size":[32,32],"textures":{"0":"item/obsidian/5","particle":"item/obsidian/5"},"elements":[{"from":[0,0,0],"to":[16,16,16],"faces":{"north":{"uv":[0,0,8,8],"texture":"#0"},"east":{"uv":[0,0,8,8],"texture":"#0"},"south":{"uv":[0,0,8,8],"texture":"#0"},"west":{"uv":[0,0,8,8],"texture":"#0"},"up":{"uv":[0,0,8,8],"texture":"#0"},"down":{"uv":[0,0,8,8],"texture":"#0"}}},{"from":[0,0,0],"to":[16,16,16],"rotation":{"angle":-22.5,"axis":"x","origin":[8,8,8]},"faces":{"north":{"uv":[8,0,16,8],"texture":"#0"},"east":{"uv":[8,0,16,8],"texture":"#0"},"south":{"uv":[8,0,16,8],"texture":"#0"},"west":{"uv":[8,0,16,8],"texture":"#0"},"up":{"uv":[8,0,16,8],"texture":"#0"},"down":{"uv":[8,0,16,8],"texture":"#0"}}},{"from":[0,0,0],"to":[16,16,16],"rotation":{"angle":-45,"axis":"x","origin":[8,8,8]},"faces":{"north":{"uv":[0,8,8,16],"texture":"#0"},"east":{"uv":[0,8,8,16],"texture":"#0"},"south":{"uv":[0,8,8,16],"texture":"#0"},"west":{"uv":[0,8,8,16],"texture":"#0"},"up":{"uv":[0,8,8,16],"texture":"#0"},"down":{"uv":[0,8,8,16],"texture":"#0"}}},{"from":[0,0,0],"to":[16,16,16],"rotation":{"angle":22.5,"axis":"x","origin":[8,8,8]},"faces":{"north":{"uv":[8,8,16,16],"rotation":180,"texture":"#0"},"east":{"uv":[8,8,16,16],"rotation":90,"texture":"#0"},"south":{"uv":[8,8,16,16],"texture":"#0"},"west":{"uv":[8,8,16,16],"rotation":270,"texture":"#0"},"up":{"uv":[8,8,16,16],"texture":"#0"},"down":{"uv":[8,8,16,16],"rotation":180,"texture":"#0"}}}]}