{"display":{"thirdperson_righthand":{"rotation":[-0.24,-3.04,-7.42],"translation":[0,2.5,1.25],"scale":[0.2,0.2,0.2]},"thirdperson_lefthand":{"rotation":[-0.24,-3.04,-7.42],"translation":[0,2.5,1.25],"scale":[0.2,0.2,0.2]},"firstperson_righthand":{"translation":[3,0,0],"scale":[0.3,0.3,0.3]},"firstperson_lefthand":{"translation":[3,0,0],"scale":[0.3,0.3,0.3]},"ground":{"translation":[-0.25,0,0.75],"scale":[0.3,0.3,0.3]},"gui":{"rotation":[27.25,8.24,24.06],"translation":[0,-0.25,0],"scale":[0.4,0.4,0.4]},"head":{"translation":[0,-6,0],"scale":[1.6,1.6,1.6]},"fixed":{"translation":[0,0,18.25],"scale":[2.1,2.1,2.1]}},"texture_size":[64,64],"textures":{"0":"item/obsidian/7","particle":"item/obsidian/7"},"elements":[{"from":[15,0,0],"to":[31,16,16],"faces":{"north":{"uv":[0,0,4,4],"texture":"#0"},"east":{"uv":[0,0,4,4],"texture":"#0"},"south":{"uv":[0,0,4,4],"texture":"#0"},"west":{"uv":[0,0,4,4],"texture":"#0"},"up":{"uv":[0,0,4,4],"texture":"#0"},"down":{"uv":[0,0,4,4],"texture":"#0"}}},{"from":[1,6,6],"to":[15,10,10],"faces":{"north":{"uv":[0.25,0,3.75,1],"texture":"#0"},"east":{"uv":[0,0,1,1],"texture":"#0"},"south":{"uv":[0.25,1,3.75,2],"texture":"#0"},"west":{"uv":[3,0,4,1],"texture":"#0"},"up":{"uv":[0.25,3,3.75,4],"texture":"#0"},"down":{"uv":[0.25,2,3.75,3],"texture":"#0"}}},{"from":[-15,0,0],"to":[1,16,16],"faces":{"north":{"uv":[0,0,4,4],"texture":"#0"},"east":{"uv":[0,0,4,4],"texture":"#0"},"south":{"uv":[0,0,4,4],"texture":"#0"},"west":{"uv":[0,0,4,4],"texture":"#0"},"up":{"uv":[0,0,4,4],"texture":"#0"},"down":{"uv":[0,0,4,4],"texture":"#0"}}},{"from":[15,0,0],"to":[31,16,16],"rotation":{"angle":22.5,"axis":"y","origin":[8,0,7]},"faces":{"north":{"uv":[0,4,4,8],"texture":"#0"},"east":{"uv":[0,4,4,8],"texture":"#0"},"south":{"uv":[0,4,4,8],"texture":"#0"},"west":{"uv":[0,4,4,8],"texture":"#0"},"up":{"uv":[0,4,4,8],"texture":"#0"},"down":{"uv":[0,4,4,8],"texture":"#0"}}},{"from":[1,6,6],"to":[15,10,10],"rotation":{"angle":22.5,"axis":"y","origin":[8,0,7]},"faces":{"north":{"uv":[0.25,4,3.75,5],"texture":"#0"},"east":{"uv":[0,4,1,5],"texture":"#0"},"south":{"uv":[0.25,5,3.75,6],"texture":"#0"},"west":{"uv":[3,4,4,5],"texture":"#0"},"up":{"uv":[0.25,7,3.75,8],"texture":"#0"},"down":{"uv":[0.25,6,3.75,7],"texture":"#0"}}},{"from":[-15,0,0],"to":[1,16,16],"rotation":{"angle":22.5,"axis":"y","origin":[8,0,7]},"faces":{"north":{"uv":[0,4,4,8],"texture":"#0"},"east":{"uv":[0,4,4,8],"texture":"#0"},"south":{"uv":[0,4,4,8],"texture":"#0"},"west":{"uv":[0,4,4,8],"texture":"#0"},"up":{"uv":[0,4,4,8],"texture":"#0"},"down":{"uv":[0,4,4,8],"texture":"#0"}}},{"from":[15,0,0],"to":[31,16,16],"rotation":{"angle":45,"axis":"y","origin":[8,0,7]},"faces":{"north":{"uv":[0,8,4,12],"texture":"#0"},"east":{"uv":[0,8,4,12],"texture":"#0"},"south":{"uv":[0,8,4,12],"texture":"#0"},"west":{"uv":[0,8,4,12],"texture":"#0"},"up":{"uv":[0,8,4,12],"texture":"#0"},"down":{"uv":[0,8,4,12],"texture":"#0"}}},{"from":[1,6,6],"to":[15,10,10],"rotation":{"angle":45,"axis":"y","origin":[8,0,7]},"faces":{"north":{"uv":[0.25,8,3.75,9],"texture":"#0"},"east":{"uv":[0,8,1,9],"texture":"#0"},"south":{"uv":[0.25,9,3.75,10],"texture":"#0"},"west":{"uv":[3,8,4,9],"texture":"#0"},"up":{"uv":[0.25,11,3.75,12],"texture":"#0"},"down":{"uv":[0.25,10,3.75,11],"texture":"#0"}}},{"from":[-15,0,0],"to":[1,16,16],"rotation":{"angle":45,"axis":"y","origin":[8,0,7]},"faces":{"north":{"uv":[0,8,4,12],"texture":"#0"},"east":{"uv":[0,8,4,12],"texture":"#0"},"south":{"uv":[0,8,4,12],"texture":"#0"},"west":{"uv":[0,8,4,12],"texture":"#0"},"up":{"uv":[0,8,4,12],"texture":"#0"},"down":{"uv":[0,8,4,12],"texture":"#0"}}},{"from":[1,0,-16],"to":[17,16,0],"rotation":{"angle":-22.5,"axis":"y","origin":[8,0,7]},"faces":{"north":{"uv":[0,12,4,16],"texture":"#0"},"east":{"uv":[0,12,4,16],"texture":"#0"},"south":{"uv":[0,12,4,16],"texture":"#0"},"west":{"uv":[0,12,4,16],"texture":"#0"},"up":{"uv":[0,12,4,16],"rotation":270,"texture":"#0"},"down":{"uv":[0,12,4,16],"rotation":90,"texture":"#0"}}},{"from":[7,6,0],"to":[11,10,14],"rotation":{"angle":-22.5,"axis":"y","origin":[8,0,7]},"faces":{"north":{"uv":[0,12,1,13],"texture":"#0"},"east":{"uv":[0.25,13,3.75,14],"texture":"#0"},"south":{"uv":[3,12,4,13],"texture":"#0"},"west":{"uv":[0.25,12,3.75,13],"texture":"#0"},"up":{"uv":[0.25,15,3.75,16],"rotation":270,"texture":"#0"},"down":{"uv":[0.25,14,3.75,15],"rotation":90,"texture":"#0"}}},{"from":[1,0,14],"to":[17,16,30],"rotation":{"angle":-22.5,"axis":"y","origin":[8,0,7]},"faces":{"north":{"uv":[0,12,4,16],"texture":"#0"},"east":{"uv":[0,12,4,16],"texture":"#0"},"south":{"uv":[0,12,4,16],"texture":"#0"},"west":{"uv":[0,12,4,16],"texture":"#0"},"up":{"uv":[0,12,4,16],"rotation":270,"texture":"#0"},"down":{"uv":[0,12,4,16],"rotation":90,"texture":"#0"}}},{"from":[1,0,-16],"to":[17,16,0],"rotation":{"angle":0,"axis":"y","origin":[8,0,7]},"faces":{"north":{"uv":[4,0,8,4],"texture":"#0"},"east":{"uv":[4,0,8,4],"texture":"#0"},"south":{"uv":[4,0,8,4],"texture":"#0"},"west":{"uv":[4,0,8,4],"texture":"#0"},"up":{"uv":[4,0,8,4],"rotation":270,"texture":"#0"},"down":{"uv":[4,0,8,4],"rotation":90,"texture":"#0"}}},{"from":[7,6,0],"to":[11,10,14],"rotation":{"angle":0,"axis":"y","origin":[8,0,7]},"faces":{"north":{"uv":[4,0,5,1],"texture":"#0"},"east":{"uv":[4.25,1,7.75,2],"texture":"#0"},"south":{"uv":[7,0,8,1],"texture":"#0"},"west":{"uv":[4.25,0,7.75,1],"texture":"#0"},"up":{"uv":[4.25,3,7.75,4],"rotation":270,"texture":"#0"},"down":{"uv":[4.25,2,7.75,3],"rotation":90,"texture":"#0"}}},{"from":[1,0,14],"to":[17,16,30],"rotation":{"angle":0,"axis":"y","origin":[8,0,7]},"faces":{"north":{"uv":[4,0,8,4],"texture":"#0"},"east":{"uv":[4,0,8,4],"texture":"#0"},"south":{"uv":[4,0,8,4],"texture":"#0"},"west":{"uv":[4,0,8,4],"texture":"#0"},"up":{"uv":[4,0,8,4],"rotation":270,"texture":"#0"},"down":{"uv":[4,0,8,4],"rotation":90,"texture":"#0"}}},{"from":[1,0,-16],"to":[17,16,0],"rotation":{"angle":22.5,"axis":"y","origin":[8,0,7]},"faces":{"north":{"uv":[8,0,12,4],"texture":"#0"},"east":{"uv":[8,0,12,4],"texture":"#0"},"south":{"uv":[8,0,12,4],"texture":"#0"},"west":{"uv":[8,0,12,4],"texture":"#0"},"up":{"uv":[8,0,12,4],"rotation":270,"texture":"#0"},"down":{"uv":[8,0,12,4],"rotation":90,"texture":"#0"}}},{"from":[7,6,0],"to":[11,10,14],"rotation":{"angle":22.5,"axis":"y","origin":[8,0,7]},"faces":{"north":{"uv":[8,0,9,1],"texture":"#0"},"east":{"uv":[8.25,1,11.75,2],"texture":"#0"},"south":{"uv":[11,0,12,1],"texture":"#0"},"west":{"uv":[8.25,0,11.75,1],"texture":"#0"},"up":{"uv":[8.25,3,11.75,4],"rotation":270,"texture":"#0"},"down":{"uv":[8.25,2,11.75,3],"rotation":90,"texture":"#0"}}},{"from":[1,0,14],"to":[17,16,30],"rotation":{"angle":22.5,"axis":"y","origin":[8,0,7]},"faces":{"north":{"uv":[8,0,12,4],"texture":"#0"},"east":{"uv":[8,0,12,4],"texture":"#0"},"south":{"uv":[8,0,12,4],"texture":"#0"},"west":{"uv":[8,0,12,4],"texture":"#0"},"up":{"uv":[8,0,12,4],"rotation":270,"texture":"#0"},"down":{"uv":[8,0,12,4],"rotation":90,"texture":"#0"}}},{"from":[1,0,-16],"to":[17,16,0],"rotation":{"angle":45,"axis":"y","origin":[8,0,7]},"faces":{"north":{"uv":[12,0,16,4],"texture":"#0"},"east":{"uv":[12,0,16,4],"texture":"#0"},"south":{"uv":[12,0,16,4],"texture":"#0"},"west":{"uv":[12,0,16,4],"texture":"#0"},"up":{"uv":[12,0,16,4],"rotation":270,"texture":"#0"},"down":{"uv":[12,0,16,4],"rotation":90,"texture":"#0"}}},{"from":[7,6,0],"to":[11,10,14],"rotation":{"angle":45,"axis":"y","origin":[8,0,7]},"faces":{"north":{"uv":[12,0,13,1],"texture":"#0"},"east":{"uv":[12.25,1,15.75,2],"texture":"#0"},"south":{"uv":[15,0,16,1],"texture":"#0"},"west":{"uv":[12.25,0,15.75,1],"texture":"#0"},"up":{"uv":[12.25,3,15.75,4],"rotation":270,"texture":"#0"},"down":{"uv":[12.25,2,15.75,3],"rotation":90,"texture":"#0"}}},{"from":[1,0,14],"to":[17,16,30],"rotation":{"angle":45,"axis":"y","origin":[8,0,7]},"faces":{"north":{"uv":[12,0,16,4],"texture":"#0"},"east":{"uv":[12,0,16,4],"texture":"#0"},"south":{"uv":[12,0,16,4],"texture":"#0"},"west":{"uv":[12,0,16,4],"texture":"#0"},"up":{"uv":[12,0,16,4],"rotation":270,"texture":"#0"},"down":{"uv":[12,0,16,4],"rotation":90,"texture":"#0"}}},{"from":[-15,0,-2],"to":[1,16,14],"rotation":{"angle":-22.5,"axis":"y","origin":[8,0,7]},"faces":{"north":{"uv":[4,4,8,8],"texture":"#0"},"east":{"uv":[4,4,8,8],"texture":"#0"},"south":{"uv":[4,4,8,8],"texture":"#0"},"west":{"uv":[4,4,8,8],"texture":"#0"},"up":{"uv":[4,4,8,8],"rotation":180,"texture":"#0"},"down":{"uv":[4,4,8,8],"rotation":180,"texture":"#0"}}},{"from":[1,6,4],"to":[15,10,8],"rotation":{"angle":-22.5,"axis":"y","origin":[8,0,7]},"faces":{"north":{"uv":[4.25,5,7.75,6],"texture":"#0"},"east":{"uv":[7,4,8,5],"texture":"#0"},"south":{"uv":[4.25,4,7.75,5],"texture":"#0"},"west":{"uv":[4,4,5,5],"texture":"#0"},"up":{"uv":[4.25,7,7.75,8],"rotation":180,"texture":"#0"},"down":{"uv":[4.25,6,7.75,7],"rotation":180,"texture":"#0"}}},{"from":[15,0,-2],"to":[31,16,14],"rotation":{"angle":-22.5,"axis":"y","origin":[8,0,7]},"faces":{"north":{"uv":[4,4,8,8],"texture":"#0"},"east":{"uv":[4,4,8,8],"texture":"#0"},"south":{"uv":[4,4,8,8],"texture":"#0"},"west":{"uv":[4,4,8,8],"texture":"#0"},"up":{"uv":[4,4,8,8],"rotation":180,"texture":"#0"},"down":{"uv":[4,4,8,8],"rotation":180,"texture":"#0"}}}]}